2026-08-29 09:42:13,512 [INFO] Activator:176 - 


2026-08-29 09:42:13,528 [INFO] Activator:177 - !SESSION log4j initialized
2026-08-29 09:42:16,661 [INFO] LogOutputStream:77 - [STDOUT_REDIRECT] 
2026-08-29 09:42:17,613 [INFO] ApplicationProperties:184 - Using Application install path: C:\ST\STM32CubeIDE_1.19.0\STM32CubeIDE\plugins\com.st.stm32cube.common.mx_6.15.0.202507011659
2026-08-29 09:42:17,626 [INFO] DbMcusXml:78 - Set database path to: C:\ST\STM32CubeIDE_1.19.0\STM32CubeIDE\plugins\com.st.stm32cube.common.mx_6.15.0.202507011659\\db\/mcu/
2026-08-29 09:42:17,626 [INFO] ApiDb:274 - Set plugin database path to: C:\ST\STM32CubeIDE_1.19.0\STM32CubeIDE\plugins\com.st.stm32cube.common.mx_6.15.0.202507011659\\db\/plugins/boardmanager/
2026-08-29 09:42:17,627 [WARN] ApiDb:259 - Overriding images path with different value:  => C:\ST\STM32CubeIDE_1.19.0\STM32CubeIDE\plugins\com.st.stm32cube.common.mx_6.15.0.202507011659\\db\/plugins/mcufinder/images/
2026-08-29 09:42:17,631 [INFO] ApiDb:250 - Set database path to: C:\Users\student\.stmcufinder\plugins\mcufinder//mcu/
2026-08-29 09:42:17,632 [INFO] DbMcusAds:125 - Set database path to: C:\Users\student\.stmcufinder\plugins\mcufinder//mcu/
2026-08-29 09:42:17,633 [INFO] CrossReferenceDbSqlite:203 - Set database path to: C:\Users\student\.stmcufinder\plugins\mcufinder//mcu/cs/
2026-08-29 09:42:17,714 [INFO] RulesReader:64 - Compatibility file has been processed (317 Rules)
2026-08-29 09:42:17,764 [INFO] DbMcusXml:78 - Set database path to: C:\ST\STM32CubeIDE_1.19.0\STM32CubeIDE\plugins\com.st.stm32cube.common.mx_6.15.0.202507011659\\db\/mcu/
2026-08-29 09:42:17,764 [INFO] ApiDb:274 - Set plugin database path to: C:\ST\STM32CubeIDE_1.19.0\STM32CubeIDE\plugins\com.st.stm32cube.common.mx_6.15.0.202507011659\\db\/plugins/boardmanager/
2026-08-29 09:42:17,764 [INFO] ApiDb:261 - Set plugin images path to: C:\ST\STM32CubeIDE_1.19.0\STM32CubeIDE\plugins\com.st.stm32cube.common.mx_6.15.0.202507011659\\db\/plugins/mcufinder/images/
2026-08-29 09:42:17,764 [WARN] DbFile:41 - Overriding database path with different value: C:\Users\student\.stmcufinder\plugins\mcufinder/ => C:\Users\student\.stmcufinder\plugins\mcufinder
2026-08-29 09:42:17,764 [INFO] ApiDb:250 - Set database path to: C:\Users\student\.stmcufinder\plugins\mcufinder//mcu/
2026-08-29 09:42:17,764 [WARN] DbFile:41 - Overriding database path with different value: C:\Users\student\.stmcufinder\plugins\mcufinder/ => C:\Users\student\.stmcufinder\plugins\mcufinder
2026-08-29 09:42:17,764 [INFO] DbMcusAds:125 - Set database path to: C:\Users\student\.stmcufinder\plugins\mcufinder//mcu/
2026-08-29 09:42:17,765 [WARN] DbFile:41 - Overriding database path with different value: C:\Users\student\.stmcufinder\plugins\mcufinder/ => C:\Users\student\.stmcufinder\plugins\mcufinder
2026-08-29 09:42:17,765 [WARN] DbFile:41 - Overriding database path with different value: C:\Users\student\.stmcufinder\plugins\mcufinder/ => C:\Users\student\.stmcufinder\plugins\mcufinder
2026-08-29 09:42:17,765 [INFO] CrossReferenceDbSqlite:203 - Set database path to: C:\Users\student\.stmcufinder\plugins\mcufinder//mcu/cs/
2026-08-29 09:42:17,813 [INFO] MainPanel:274 - HeapMemory: 268435456
2026-08-29 09:42:17,885 [INFO] DbMcusXml:78 - Set database path to: C:\ST\STM32CubeIDE_1.19.0\STM32CubeIDE\plugins\com.st.stm32cube.common.mx_6.15.0.202507011659\\db\/mcu/
2026-08-29 09:42:17,886 [INFO] ApiDb:274 - Set plugin database path to: C:\ST\STM32CubeIDE_1.19.0\STM32CubeIDE\plugins\com.st.stm32cube.common.mx_6.15.0.202507011659\\db\/plugins/boardmanager/
2026-08-29 09:42:17,886 [INFO] ApiDb:261 - Set plugin images path to: C:\ST\STM32CubeIDE_1.19.0\STM32CubeIDE\plugins\com.st.stm32cube.common.mx_6.15.0.202507011659\\db\/plugins/mcufinder/images/
2026-08-29 09:42:17,886 [WARN] DbFile:41 - Overriding database path with different value: C:\Users\student\.stmcufinder\plugins\mcufinder/ => C:\Users\student\.stmcufinder\plugins\mcufinder
2026-08-29 09:42:17,886 [INFO] ApiDb:250 - Set database path to: C:\Users\student\.stmcufinder\plugins\mcufinder//mcu/
2026-08-29 09:42:17,886 [WARN] DbFile:41 - Overriding database path with different value: C:\Users\student\.stmcufinder\plugins\mcufinder/ => C:\Users\student\.stmcufinder\plugins\mcufinder
2026-08-29 09:42:17,886 [INFO] DbMcusAds:125 - Set database path to: C:\Users\student\.stmcufinder\plugins\mcufinder//mcu/
2026-08-29 09:42:17,886 [WARN] DbFile:41 - Overriding database path with different value: C:\Users\student\.stmcufinder\plugins\mcufinder/ => C:\Users\student\.stmcufinder\plugins\mcufinder
2026-08-29 09:42:17,886 [WARN] DbFile:41 - Overriding database path with different value: C:\Users\student\.stmcufinder\plugins\mcufinder/ => C:\Users\student\.stmcufinder\plugins\mcufinder
2026-08-29 09:42:17,886 [INFO] CrossReferenceDbSqlite:203 - Set database path to: C:\Users\student\.stmcufinder\plugins\mcufinder//mcu/cs/
2026-08-29 09:42:17,898 [INFO] ApplicationProperties:184 - Using Application install path: C:\ST\STM32CubeIDE_1.19.0\STM32CubeIDE\plugins\com.st.stm32cube.common.mx_6.15.0.202507011659
2026-08-29 09:42:17,899 [INFO] PluginManage:196 - Search for loadable plugins [exclusion list=, ]
2026-08-29 09:42:17,900 [INFO] PluginManage:310 - Check plugin analytics
2026-08-29 09:42:18,023 [INFO] AnalyticsPlugin:253 - Accepted Software Licenses: 
2026-08-29 09:42:18,023 [INFO] AnalyticsPlugin:255 - Accepted CMSIS Pack Licenses: 
2026-08-29 09:42:18,023 [INFO] AnalyticsPlugin:257 - Accepted Firmware Licenses: FW.L4.1.18.0
2026-08-29 09:42:18,025 [INFO] PluginManage:359 - Loaded plugin analytics (category:tool,tabindex:-1)
2026-08-29 09:42:18,025 [INFO] PluginManage:310 - Check plugin cadmodel
2026-08-29 09:42:18,029 [INFO] CADModel:105 - Init CAD model plugin
2026-08-29 09:42:18,029 [INFO] PluginManage:359 - Loaded plugin cadmodel (category:power,tabindex:5)
2026-08-29 09:42:18,029 [INFO] PluginManage:310 - Check plugin clock
2026-08-29 09:42:18,036 [INFO] PluginManage:359 - Loaded plugin clock (category:base,tabindex:2)
2026-08-29 09:42:18,036 [INFO] PluginManage:310 - Check plugin ddr
2026-08-29 09:42:18,039 [INFO] PluginManage:359 - Loaded plugin ddr (category:tool,tabindex:6)
2026-08-29 09:42:18,039 [INFO] PluginManage:310 - Check plugin filemanager
2026-08-29 09:42:18,150 [INFO] PluginManage:359 - Loaded plugin filemanager (category:base,tabindex:10)
2026-08-29 09:42:18,150 [INFO] PluginManage:310 - Check plugin ipmanager
2026-08-29 09:42:18,155 [INFO] PluginManage:359 - Loaded plugin ipmanager (category:base,tabindex:5)
2026-08-29 09:42:18,155 [INFO] PluginManage:310 - Check plugin lpbam
2026-08-29 09:42:18,163 [INFO] PluginManage:359 - Loaded plugin lpbam (category:base,tabindex:0)
2026-08-29 09:42:18,163 [INFO] PluginManage:310 - Check plugin memorymap
2026-08-29 09:42:18,173 [INFO] PluginManage:359 - Loaded plugin memorymap (category:base,tabindex:4)
2026-08-29 09:42:18,173 [INFO] PluginManage:310 - Check plugin pinoutandconfiguration
2026-08-29 09:42:18,179 [INFO] PluginManage:359 - Loaded plugin pinoutandconfiguration (category:base,tabindex:1)
2026-08-29 09:42:18,179 [INFO] PluginManage:310 - Check plugin pinoutconfig
2026-08-29 09:42:18,239 [WARN] SupportedApi:132 - Cannot load RTOS API schema: s4s-elt-must-match.1: The content of 'definitions' must match (annotation?, (simpleType | complexType)?, (unique | key | keyref)*)). A problem was found starting at: attribute.
2026-08-29 09:42:18,335 [INFO] PluginManage:359 - Loaded plugin pinoutconfig (category:base,tabindex:0)
2026-08-29 09:42:18,335 [INFO] PluginManage:310 - Check plugin power
2026-08-29 09:42:18,342 [INFO] PluginManage:359 - Loaded plugin power (category:power,tabindex:4)
2026-08-29 09:42:18,342 [INFO] PluginManage:310 - Check plugin projectmanager
2026-08-29 09:42:18,351 [INFO] PluginManage:359 - Loaded plugin projectmanager (category:projectmanager,tabindex:4)
2026-08-29 09:42:18,351 [INFO] PluginManage:310 - Check plugin rif
2026-08-29 09:42:18,360 [INFO] PluginManage:359 - Loaded plugin rif (category:base,tabindex:3)
2026-08-29 09:42:18,360 [INFO] PluginManage:310 - Check plugin thirdparty
2026-08-29 09:42:18,455 [INFO] PluginManage:359 - Loaded plugin thirdparty (category:base,tabindex:-1)
2026-08-29 09:42:18,455 [WARN] IntegrityCheckThread:84 - waiting for thirdparty lock release [integrity check]
2026-08-29 09:42:18,455 [INFO] PluginManage:310 - Check plugin tools
2026-08-29 09:42:18,455 [INFO] IntegrityCheckThread:86 - entering critical section [integrity check]
2026-08-29 09:42:18,455 [INFO] ThirdPartyUpdaterWithRetryManager:70 - Updater plugin not ready yet. [1/15]
2026-08-29 09:42:18,457 [INFO] PluginManage:359 - Loaded plugin tools (category:base,tabindex:7)
2026-08-29 09:42:18,457 [INFO] PluginManage:310 - Check plugin tutovideos
2026-08-29 09:42:18,613 [INFO] PluginManage:359 - Loaded plugin tutovideos (category:base,tabindex:-1)
2026-08-29 09:42:18,613 [INFO] PluginManage:310 - Check plugin updater
2026-08-29 09:42:18,630 [INFO] PluginManage:359 - Loaded plugin updater (category:base,tabindex:12)
2026-08-29 09:42:18,630 [INFO] PluginManage:310 - Check plugin userauth
2026-08-29 09:42:18,633 [INFO] UserAuth:118 - Init User Auth plugin
2026-08-29 09:42:18,633 [INFO] PluginManage:359 - Loaded plugin userauth (category:base,tabindex:14)
2026-08-29 09:42:18,634 [INFO] PluginManage:283 - PluginManage : Loaded plugins [18]
2026-08-29 09:42:18,799 [INFO] PinOutPanel:1589 - setPackage(No Configuration,No Configuration)
2026-08-29 09:42:18,860 [INFO] CADModel:165 - CPN selected for project level
2026-08-29 09:42:18,861 [INFO] CADModel:114 - Register for checkConnection events
2026-08-29 09:42:18,873 [INFO] IPUIPlugin:80 - create IPUIPlugin
2026-08-29 09:42:18,873 [INFO] PluginManager:220 - loadIPPluginJar : add adc
2026-08-29 09:42:18,876 [INFO] IPUIPlugin:80 - create IPUIPlugin
2026-08-29 09:42:18,876 [INFO] PluginManager:220 - loadIPPluginJar : add aes
2026-08-29 09:42:18,878 [INFO] IPUIPlugin:80 - create IPUIPlugin
2026-08-29 09:42:18,878 [INFO] PluginManager:220 - loadIPPluginJar : add can
2026-08-29 09:42:18,879 [INFO] IPUIPlugin:80 - create IPUIPlugin
2026-08-29 09:42:18,879 [INFO] PluginManager:220 - loadIPPluginJar : add comp
2026-08-29 09:42:18,881 [INFO] IPUIPlugin:80 - create IPUIPlugin
2026-08-29 09:42:18,881 [INFO] PluginManager:220 - loadIPPluginJar : add cryp
2026-08-29 09:42:18,883 [INFO] IPUIPlugin:80 - create IPUIPlugin
2026-08-29 09:42:18,883 [INFO] PluginManager:220 - loadIPPluginJar : add ddr_ctrl_phy
2026-08-29 09:42:18,885 [INFO] IPUIPlugin:80 - create IPUIPlugin
2026-08-29 09:42:18,885 [INFO] PluginManager:220 - loadIPPluginJar : add dfsdm
2026-08-29 09:42:18,888 [INFO] IPUIPlugin:80 - create IPUIPlugin
2026-08-29 09:42:18,889 [INFO] PluginManager:220 - loadIPPluginJar : add dma
2026-08-29 09:42:18,890 [INFO] IPUIPlugin:80 - create IPUIPlugin
2026-08-29 09:42:18,890 [INFO] PluginManager:220 - loadIPPluginJar : add dma3
2026-08-29 09:42:18,892 [INFO] IPUIPlugin:80 - create IPUIPlugin
2026-08-29 09:42:18,892 [INFO] PluginManager:220 - loadIPPluginJar : add extmemmanager
2026-08-29 09:42:18,893 [INFO] IPUIPlugin:80 - create IPUIPlugin
2026-08-29 09:42:18,894 [INFO] PluginManager:220 - loadIPPluginJar : add fatfs
2026-08-29 09:42:18,898 [INFO] IPUIPlugin:80 - create IPUIPlugin
2026-08-29 09:42:18,898 [INFO] PluginManager:220 - loadIPPluginJar : add fmc
2026-08-29 09:42:18,904 [INFO] IPUIPlugin:80 - create IPUIPlugin
2026-08-29 09:42:18,904 [INFO] PluginManager:220 - loadIPPluginJar : add freertos
2026-08-29 09:42:18,905 [INFO] IPUIPlugin:80 - create IPUIPlugin
2026-08-29 09:42:18,905 [INFO] PluginManager:220 - loadIPPluginJar : add genericplugin
2026-08-29 09:42:18,906 [INFO] IPUIPlugin:80 - create IPUIPlugin
2026-08-29 09:42:18,906 [INFO] PluginManager:220 - loadIPPluginJar : add gfxmmu
2026-08-29 09:42:18,909 [INFO] IPUIPlugin:80 - create IPUIPlugin
2026-08-29 09:42:18,909 [INFO] PluginManager:220 - loadIPPluginJar : add gic
2026-08-29 09:42:18,913 [INFO] IPUIPlugin:80 - create IPUIPlugin
2026-08-29 09:42:18,913 [INFO] PluginManager:220 - loadIPPluginJar : add gpio
2026-08-29 09:42:18,915 [INFO] IPUIPlugin:80 - create IPUIPlugin
2026-08-29 09:42:18,915 [INFO] PluginManager:220 - loadIPPluginJar : add gtzc
2026-08-29 09:42:18,917 [INFO] IPUIPlugin:80 - create IPUIPlugin
2026-08-29 09:42:18,917 [INFO] PluginManager:220 - loadIPPluginJar : add hash
2026-08-29 09:42:18,919 [INFO] IPUIPlugin:80 - create IPUIPlugin
2026-08-29 09:42:18,919 [INFO] PluginManager:220 - loadIPPluginJar : add i2c
2026-08-29 09:42:18,921 [INFO] IPUIPlugin:80 - create IPUIPlugin
2026-08-29 09:42:18,921 [INFO] PluginManager:220 - loadIPPluginJar : add i2s
2026-08-29 09:42:18,923 [INFO] IPUIPlugin:80 - create IPUIPlugin
2026-08-29 09:42:18,923 [INFO] PluginManager:220 - loadIPPluginJar : add i3c
2026-08-29 09:42:18,925 [INFO] IPUIPlugin:80 - create IPUIPlugin
2026-08-29 09:42:18,925 [INFO] PluginManager:220 - loadIPPluginJar : add ipddr
2026-08-29 09:42:18,930 [INFO] IPUIPlugin:80 - create IPUIPlugin
2026-08-29 09:42:18,930 [INFO] PluginManager:220 - loadIPPluginJar : add linkedlist
2026-08-29 09:42:18,933 [INFO] IPUIPlugin:80 - create IPUIPlugin
2026-08-29 09:42:18,933 [INFO] PluginManager:220 - loadIPPluginJar : add lorawan
2026-08-29 09:42:18,934 [INFO] IPUIPlugin:80 - create IPUIPlugin
2026-08-29 09:42:18,935 [INFO] PluginManager:220 - loadIPPluginJar : add ltdc
2026-08-29 09:42:18,939 [INFO] IPUIPlugin:80 - create IPUIPlugin
2026-08-29 09:42:18,939 [INFO] PluginManager:220 - loadIPPluginJar : add mdma
2026-08-29 09:42:18,942 [INFO] IPUIPlugin:80 - create IPUIPlugin
2026-08-29 09:42:18,942 [INFO] PluginManager:220 - loadIPPluginJar : add nvic
2026-08-29 09:42:18,945 [INFO] IPUIPlugin:80 - create IPUIPlugin
2026-08-29 09:42:18,945 [INFO] PluginManager:220 - loadIPPluginJar : add opamp
2026-08-29 09:42:18,947 [INFO] IPUIPlugin:80 - create IPUIPlugin
2026-08-29 09:42:18,947 [INFO] PluginManager:220 - loadIPPluginJar : add openamp
2026-08-29 09:42:18,949 [INFO] IPUIPlugin:80 - create IPUIPlugin
2026-08-29 09:42:18,950 [INFO] PluginManager:220 - loadIPPluginJar : add pdm2pcm
2026-08-29 09:42:18,954 [INFO] IPUIPlugin:80 - create IPUIPlugin
2026-08-29 09:42:18,956 [INFO] PluginManager:220 - loadIPPluginJar : add plateformsettings
2026-08-29 09:42:18,957 [INFO] IPUIPlugin:80 - create IPUIPlugin
2026-08-29 09:42:18,958 [INFO] PluginManager:220 - loadIPPluginJar : add quadspi
2026-08-29 09:42:18,959 [INFO] IPUIPlugin:80 - create IPUIPlugin
2026-08-29 09:42:18,959 [INFO] PluginManager:220 - loadIPPluginJar : add radio
2026-08-29 09:42:18,962 [INFO] IPUIPlugin:80 - create IPUIPlugin
2026-08-29 09:42:18,962 [INFO] PluginManager:220 - loadIPPluginJar : add resmgrutility
2026-08-29 09:42:18,964 [INFO] IPUIPlugin:80 - create IPUIPlugin
2026-08-29 09:42:18,964 [INFO] PluginManager:220 - loadIPPluginJar : add sai
2026-08-29 09:42:18,965 [INFO] IPUIPlugin:80 - create IPUIPlugin
2026-08-29 09:42:18,965 [INFO] PluginManager:220 - loadIPPluginJar : add spi
2026-08-29 09:42:18,969 [INFO] IPUIPlugin:80 - create IPUIPlugin
2026-08-29 09:42:18,969 [INFO] PluginManager:220 - loadIPPluginJar : add stm32_wpan
2026-08-29 09:42:18,970 [INFO] IPUIPlugin:80 - create IPUIPlugin
2026-08-29 09:42:18,970 [INFO] PluginManager:220 - loadIPPluginJar : add tim
2026-08-29 09:42:18,972 [INFO] IPUIPlugin:80 - create IPUIPlugin
2026-08-29 09:42:18,973 [INFO] PluginManager:220 - loadIPPluginJar : add touchsensing
2026-08-29 09:42:18,974 [INFO] IPUIPlugin:80 - create IPUIPlugin
2026-08-29 09:42:18,974 [INFO] PluginManager:220 - loadIPPluginJar : add tracer_emb
2026-08-29 09:42:18,975 [INFO] IPUIPlugin:80 - create IPUIPlugin
2026-08-29 09:42:18,975 [INFO] PluginManager:220 - loadIPPluginJar : add ts
2026-08-29 09:42:18,976 [INFO] IPUIPlugin:80 - create IPUIPlugin
2026-08-29 09:42:18,976 [INFO] PluginManager:220 - loadIPPluginJar : add tsc
2026-08-29 09:42:18,978 [INFO] IPUIPlugin:80 - create IPUIPlugin
2026-08-29 09:42:18,978 [INFO] PluginManager:220 - loadIPPluginJar : add ucpd
2026-08-29 09:42:18,980 [INFO] IPUIPlugin:80 - create IPUIPlugin
2026-08-29 09:42:18,980 [INFO] PluginManager:220 - loadIPPluginJar : add usart
2026-08-29 09:42:18,983 [INFO] IPUIPlugin:80 - create IPUIPlugin
2026-08-29 09:42:18,983 [INFO] PluginManager:220 - loadIPPluginJar : add usbx
2026-08-29 09:42:19,093 [FATAL] Updater:351 - Updater called before beeing initialized
2026-08-29 09:42:19,109 [INFO] RulesReader:64 - Compatibility file has been processed (317 Rules)
2026-08-29 09:42:19,115 [INFO] RulesReader:64 - Compatibility file has been processed (317 Rules)
2026-08-29 09:42:19,121 [INFO] CADModel:165 - CPN selected for project level
2026-08-29 09:42:19,121 [INFO] CADModel:114 - Register for checkConnection events
2026-08-29 09:42:19,121 [FATAL] Updater:351 - Updater called before beeing initialized
2026-08-29 09:42:19,121 [ERROR] CADModel:125 - Updater not yet initialized, retry later 
2026-08-29 09:42:19,214 [FATAL] Updater:351 - Updater called before beeing initialized
2026-08-29 09:42:19,215 [INFO] CADModel:165 - CPN selected for project level
2026-08-29 09:42:19,215 [INFO] CADModel:114 - Register for checkConnection events
2026-08-29 09:42:19,215 [FATAL] Updater:351 - Updater called before beeing initialized
2026-08-29 09:42:19,215 [ERROR] CADModel:125 - Updater not yet initialized, retry later 
2026-08-29 09:42:19,218 [FATAL] Updater:351 - Updater called before beeing initialized
2026-08-29 09:42:19,287 [FATAL] Updater:351 - Updater called before beeing initialized
2026-08-29 09:42:19,290 [INFO] DbMcusAds:53 - JSON generation date=Wed Jul 15 15:14:54 IST 2026 (1784108694001)
2026-08-29 09:42:19,290 [FATAL] Updater:351 - Updater called before beeing initialized
2026-08-29 09:42:19,315 [WARN] DetailPanel:346 - Failed to get advertising image, set to default
2026-08-29 09:42:19,392 [FATAL] Updater:351 - Updater called before beeing initialized
2026-08-29 09:42:19,393 [FATAL] Updater:351 - Updater called before beeing initialized
2026-08-29 09:42:19,393 [FATAL] Updater:351 - Updater called before beeing initialized
2026-08-29 09:42:19,394 [WARN] DetailPanel:346 - Failed to get advertising image, set to default
2026-08-29 09:42:19,394 [FATAL] Updater:351 - Updater called before beeing initialized
2026-08-29 09:42:19,427 [ERROR] Updater:1198 - MainUpdater not yet initialized. External WinMGr cannot be set.
2026-08-29 09:42:19,428 [INFO] Updater:1134 - Updater Version found : 6.15.0
2026-08-29 09:42:19,440 [INFO] ApplicationProperties:184 - Using Application install path: C:\ST\STM32CubeIDE_1.19.0\STM32CubeIDE\plugins\com.st.stm32cube.common.mx_6.15.0.202507011659
2026-08-29 09:42:21,006 [ERROR] LogOutputStream:75 - [STDERR_REDIRECT] Aug 29, 2026 9:42:21 AM java.util.prefs.WindowsPreferences <init>
2026-08-29 09:42:21,007 [ERROR] LogOutputStream:75 - [STDERR_REDIRECT] WARNING: Could not open/create prefs root node Software\JavaSoft\Prefs at root 0xffffffff80000002. Windows RegCreateKeyEx(...) returned error code 5.
2026-08-29 09:42:21,007 [ERROR] LogOutputStream:75 - [STDERR_REDIRECT] 
2026-08-29 09:42:21,245 [INFO] MainUpdater:2872 - connection check result : 10
2026-08-29 09:42:21,246 [INFO] MainUpdater:289 - Updater Check For Update Now.
2026-08-29 09:42:21,246 [INFO] MicroXplorer:498 - Change Database Version : DB.6.0.150
2026-08-29 09:42:21,251 [INFO] McuFinderGlobals:63 - Set McuFinder mode to 2 (CubeIDE integrated)
2026-08-29 09:42:21,252 [INFO] UserAuth:487 - Internet connection configuration mode: 1
2026-08-29 09:42:21,267 [INFO] JxBrowserEngine:152 - Initiate JxBrowser Engine with user profile folder
2026-08-29 09:42:21,399 [INFO] CheckServerUpdateThread:120 - End of CheckServer Thread
2026-08-29 09:42:21,635 [WARN] PackLoader:240 - Cannot read IP mode file for STMicroelectronics.X-CUBE-AZRTOS-H7.3.5.0
2026-08-29 09:42:21,642 [WARN] PackLoader:240 - Cannot read IP mode file for STMicroelectronics.FP-ATR-ASTRA1.2.0.3
2026-08-29 09:42:21,647 [ERROR] Engine:466 - C:\Users\student\.stm32cubemx\thirdparties\pdsc\STMicroelectronics.X-CUBE-SMBUS.2.1.1.pdsc: PDSC version is not supported
2026-08-29 09:42:21,658 [WARN] PackLoader:240 - Cannot read IP mode file for STMicroelectronics.X-CUBE-AZRTOS-F7.1.1.0
2026-08-29 09:42:21,665 [WARN] PackLoader:240 - Cannot read IP mode file for STMicroelectronics.X-CUBE-FREERTOS.1.6.0
2026-08-29 09:42:21,669 [WARN] PackLoader:240 - Cannot read IP mode file for STMicroelectronics.FP-SNS-MOTENV1.5.1.0
2026-08-29 09:42:21,685 [WARN] PackLoader:240 - Cannot read IP mode file for STMicroelectronics.X-CUBE-AZRTOS-H7RS.1.3.0
2026-08-29 09:42:21,693 [WARN] PackLoader:240 - Cannot read IP mode file for WES.I-CUBE-Cesium.1.4.0
2026-08-29 09:42:21,697 [WARN] PackLoader:240 - Cannot read IP mode file for STMicroelectronics.X-CUBE-DISPLAY.3.0.0
2026-08-29 09:42:21,704 [WARN] PackLoader:240 - Cannot read IP mode file for STMicroelectronics.X-CUBE-GNSS1.7.1.1
2026-08-29 09:42:21,708 [WARN] PackLoader:240 - Cannot read IP mode file for STMicroelectronics.FP-SNS-MOTENVWB1.1.5.0
2026-08-29 09:42:21,711 [WARN] PackLoader:240 - Cannot read IP mode file for STMicroelectronics.X-CUBE-NFC10.1.0.0
2026-08-29 09:42:21,715 [WARN] PackLoader:240 - Cannot read IP mode file for STMicroelectronics.X-CUBE-ST60.1.1.0
2026-08-29 09:42:21,719 [WARN] PackLoader:240 - Cannot read IP mode file for emotas.I-CUBE-CANOPEN.1.3.0
2026-08-29 09:42:21,722 [WARN] PackLoader:240 - Cannot read IP mode file for wolfSSL.I-CUBE-wolfSSL.5.9.2
2026-08-29 09:42:21,724 [ERROR] Engine:466 - C:\Users\student\.stm32cubemx\thirdparties\pdsc\STMicroelectronics.X-CUBE-WBA.1.1.0.pdsc: PDSC version is not supported
2026-08-29 09:42:21,728 [WARN] PackLoader:240 - Cannot read IP mode file for STMicroelectronics.FP-SNS-STBOX1.2.1.0
2026-08-29 09:42:21,732 [WARN] PackLoader:240 - Cannot read IP mode file for STMicroelectronics.FP-SNS-SMARTAG2.1.2.0
2026-08-29 09:42:21,735 [WARN] PackLoader:240 - Cannot read IP mode file for STMicroelectronics.FP-SNS-FLIGHT1.5.1.0
2026-08-29 09:42:21,740 [INFO] LogOutputStream:77 - [STDOUT_REDIRECT] 1 : Invalid condition id : UX_CORESTACK_Condition cause : null
2026-08-29 09:42:21,740 [INFO] LogOutputStream:77 - [STDOUT_REDIRECT] 1 : Invalid condition id : UX_CORESTACK_Condition cause : null
2026-08-29 09:42:21,741 [INFO] LogOutputStream:77 - [STDOUT_REDIRECT] 1 : Invalid condition id : UX_CORESTACK_Condition cause : null
2026-08-29 09:42:21,741 [INFO] LogOutputStream:77 - [STDOUT_REDIRECT] 1 : Invalid condition id : UX_CORESTACK_Condition cause : null
2026-08-29 09:42:21,742 [INFO] LogOutputStream:77 - [STDOUT_REDIRECT] 1 : Invalid condition id : UX_CORESTACK_Condition cause : null
2026-08-29 09:42:21,743 [WARN] PackLoader:240 - Cannot read IP mode file for STMicroelectronics.X-CUBE-AZRTOS-WL.2.0.0
2026-08-29 09:42:21,747 [WARN] PackLoader:240 - Cannot read IP mode file for STMicroelectronics.X-CUBE-BLE2.3.3.0
2026-08-29 09:42:21,766 [WARN] PackLoader:240 - Cannot read IP mode file for Infineon.AIROC-Wi-Fi-Bluetooth-STM32.1.8.0
2026-08-29 09:42:21,772 [WARN] PackLoader:240 - Cannot read IP mode file for STMicroelectronics.X-CUBE-NFC9.1.0.0
2026-08-29 09:42:21,775 [WARN] PackLoader:240 - Cannot read IP mode file for STMicroelectronics.X-CUBE-BLE1.7.1.0
2026-08-29 09:42:21,778 [WARN] PackLoader:240 - Cannot read IP mode file for wolfSSL.I-CUBE-wolfMQTT.1.19.2
2026-08-29 09:42:21,781 [WARN] PackLoader:240 - Cannot read IP mode file for STMicroelectronics.X-CUBE-EEPRMA1.5.2.0
2026-08-29 09:42:21,785 [WARN] PackLoader:240 - Cannot read IP mode file for STMicroelectronics.FP-SNS-STAIOTCFT.1.1.0
2026-08-29 09:42:21,792 [WARN] PackLoader:240 - Cannot read IP mode file for STMicroelectronics.X-CUBE-AZRTOS-G0.1.1.0
2026-08-29 09:42:21,796 [WARN] PackLoader:240 - Cannot read IP mode file for STMicroelectronics.X-CUBE-NFC4.3.0.0
2026-08-29 09:42:21,801 [WARN] PackLoader:240 - Cannot read IP mode file for EmbeddedOffice.I-CUBE-FS-RTOS.1.0.1
2026-08-29 09:42:21,804 [WARN] PackLoader:240 - Cannot read IP mode file for wolfSSL.I-CUBE-wolfTPM.3.8.0
2026-08-29 09:42:21,807 [WARN] PackLoader:240 - Cannot read IP mode file for STMicroelectronics.X-CUBE-TCPP.4.2.0
2026-08-29 09:42:21,811 [WARN] PackLoader:240 - Cannot read IP mode file for RealThread.X-CUBE-RT-Thread_Nano.4.1.1
2026-08-29 09:42:21,813 [WARN] PackLoader:240 - Cannot read IP mode file for STMicroelectronics.FP-ATR-SIGFOX1.3.2.0
2026-08-29 09:42:21,817 [WARN] PackLoader:240 - Cannot read IP mode file for ITTIA_DB.I-CUBE-ITTIADB.8.9.0
2026-08-29 09:42:21,820 [WARN] PackLoader:240 - Cannot read IP mode file for Cesanta.I-CUBE-Mongoose.7.21.7
2026-08-29 09:42:21,823 [WARN] PackLoader:240 - Cannot read IP mode file for STMicroelectronics.X-CUBE-NFC6.3.2.0
2026-08-29 09:42:21,827 [WARN] PackLoader:240 - Cannot read IP mode file for STMicroelectronics.X-CUBE-AI.10.2.1
2026-08-29 09:42:21,841 [WARN] PackLoader:240 - Cannot read IP mode file for SEGGER.I-CUBE-embOS.1.3.1
2026-08-29 09:42:21,858 [WARN] PackLoader:240 - Cannot read IP mode file for STMicroelectronics.X-CUBE-NFC13.1.0.0
2026-08-29 09:42:21,862 [WARN] PackLoader:240 - Cannot read IP mode file for STMicroelectronics.X-CUBE-PM33A1.1.0.0
2026-08-29 09:42:21,868 [WARN] PackLoader:240 - Cannot read IP mode file for STMicroelectronics.X-CUBE-AZRTOS-F4.1.1.0
2026-08-29 09:42:21,873 [WARN] PackLoader:240 - Cannot read IP mode file for STMicroelectronics.X-CUBE-ISPU.2.1.0
2026-08-29 09:42:21,879 [WARN] PackLoader:240 - Cannot read IP mode file for STMicroelectronics.X-CUBE-IPS.3.2.0
2026-08-29 09:42:21,885 [WARN] PackLoader:240 - Cannot read IP mode file for STMicroelectronics.eDS-WB_DPC_TT-BIDIR.2.1.1
2026-08-29 09:42:21,888 [WARN] PackLoader:240 - Cannot read IP mode file for STMicroelectronics.X-CUBE-NFC12.1.0.0
2026-08-29 09:42:21,895 [WARN] PackLoader:240 - Cannot read IP mode file for STMicroelectronics.X-CUBE-AZRTOS-L5.2.0.0
2026-08-29 09:42:21,900 [WARN] PackLoader:240 - Cannot read IP mode file for STMicroelectronics.X-CUBE-ALGOBUILD.1.5.0
2026-08-29 09:42:21,902 [WARN] PackLoader:240 - Cannot read IP mode file for STMicroelectronics.eDS-WB_DPC_VIENNA.1.2.0
2026-08-29 09:42:21,923 [WARN] PackLoader:240 - Cannot read IP mode file for STMicroelectronics.X-CUBE-MEMS1.13.0.0
2026-08-29 09:42:21,996 [WARN] PackLoader:240 - Cannot read IP mode file for STMicroelectronics.eDS-WB_DPC_3PH2L-BIDIR.1.1.1
2026-08-29 09:42:21,998 [ERROR] Engine:466 - C:\Users\student\.stm32cubemx\thirdparties\pdsc\STMicroelectronics.X-CUBE-ST67W61.1.3.0.pdsc: PDSC version is not supported
2026-08-29 09:42:22,001 [WARN] PackLoader:240 - Cannot read IP mode file for STMicroelectronics.X-CUBE-TOUCHGFX.4.26.1
2026-08-29 09:42:22,005 [WARN] PackLoader:240 - Cannot read IP mode file for STMicroelectronics.X-CUBE-DPower.1.3.0
2026-08-29 09:42:22,013 [WARN] ConditionMgr:438 - getConditionDescription Invalid condition id : LAN8742 Phy interface Condition cause : null
2026-08-29 09:42:22,013 [WARN] PackLoader:240 - Cannot read IP mode file for STMicroelectronics.X-CUBE-AZRTOS-L4.2.0.0
2026-08-29 09:42:22,014 [WARN] ConditionMgr:1044 - genDependencies : Invalid condition id : LAN8742 Phy interface Condition cause : null
2026-08-29 09:42:22,014 [WARN] ConditionMgr:1044 - genDependencies : Invalid condition id : LAN8742 Phy interface Condition cause : null
2026-08-29 09:42:22,014 [WARN] ConditionMgr:1044 - genDependencies : Invalid condition id : LAN8742 Phy interface Condition cause : null
2026-08-29 09:42:22,018 [WARN] PackLoader:240 - Cannot read IP mode file for STMicroelectronics.X-CUBE-SFXS2LP1.4.0.0
2026-08-29 09:42:22,021 [WARN] PackLoader:240 - Cannot read IP mode file for STMicroelectronics.X-CUBE-WB05N.2.1.0
2026-08-29 09:42:22,026 [WARN] ConditionMgr:438 - getConditionDescription Invalid condition id : UX DEVICE CLASS RTOS Condition cause : null
2026-08-29 09:42:22,027 [WARN] ConditionMgr:438 - getConditionDescription Invalid condition id : UX DEVICE CLASS RTOS Condition cause : null
2026-08-29 09:42:22,027 [WARN] PackLoader:240 - Cannot read IP mode file for STMicroelectronics.X-CUBE-AZRTOS-WB.2.0.0
2026-08-29 09:42:22,027 [WARN] ConditionMgr:1044 - genDependencies : Invalid condition id : UX DEVICE CLASS RTOS Condition cause : null
2026-08-29 09:42:22,027 [WARN] ConditionMgr:1044 - genDependencies : Invalid condition id : UX DEVICE CLASS RTOS Condition cause : null
2026-08-29 09:42:22,028 [WARN] ConditionMgr:1044 - genDependencies : Invalid condition id : UX DEVICE CLASS RTOS Condition cause : null
2026-08-29 09:42:22,028 [WARN] ConditionMgr:1044 - genDependencies : Invalid condition id : UX DEVICE CLASS RTOS Condition cause : null
2026-08-29 09:42:22,028 [WARN] ConditionMgr:1044 - genDependencies : Invalid condition id : UX DEVICE CLASS RTOS Condition cause : null
2026-08-29 09:42:22,031 [WARN] ConditionMgr:438 - getConditionDescription Invalid condition id : Cortex-A Device cause : null
2026-08-29 09:42:22,036 [WARN] ConditionMgr:1044 - genDependencies : Invalid condition id : Cortex-A Device cause : null
2026-08-29 09:42:22,036 [WARN] ConditionMgr:1044 - genDependencies : Invalid condition id : Cortex-A Device cause : null
2026-08-29 09:42:22,036 [WARN] ConditionMgr:1044 - genDependencies : Invalid condition id : Cortex-A Device cause : null
2026-08-29 09:42:22,040 [WARN] PackLoader:240 - Cannot read IP mode file for STMicroelectronics.X-CUBE-STSE01.2.0.0
2026-08-29 09:42:22,045 [WARN] PackLoader:240 - Cannot read IP mode file for STMicroelectronics.X-CUBE-SUBG2.5.0.0
2026-08-29 09:42:22,057 [WARN] PackLoader:240 - Cannot read IP mode file for STMicroelectronics.X-CUBE-AZRTOS-G4.2.0.0
2026-08-29 09:42:22,060 [WARN] PackLoader:240 - Cannot read IP mode file for wolfSSL.I-CUBE-wolfSSH.1.4.20
2026-08-29 09:42:22,063 [WARN] PackLoader:240 - Cannot read IP mode file for STMicroelectronics.X-CUBE-NFC7.2.0.0
2026-08-29 09:42:22,065 [ERROR] Engine:466 - C:\Users\student\.stm32cubemx\thirdparties\pdsc\STMicroelectronics.X-CUBE-BLEMGR.4.2.0.pdsc: PDSC version is not supported
2026-08-29 09:42:22,067 [WARN] PackLoader:240 - Cannot read IP mode file for STMicroelectronics.X-CUBE-ALS.1.0.2
2026-08-29 09:42:22,073 [WARN] PackLoader:240 - Cannot read IP mode file for STMicroelectronics.X-CUBE-TOF1.3.4.3
2026-08-29 09:42:22,078 [INFO] ThirdParty:978 - Integrity check success = true
2026-08-29 09:42:22,078 [INFO] IntegrityCheckThread:100 - exiting critical section [integrity check]
2026-08-29 09:42:22,078 [INFO] IntegrityCheckThread:103 - End integrity checks thread
2026-08-29 09:42:22,956 [INFO] WebApp:169 - Instantiating new browser for Auth
2026-08-29 09:42:23,433 [INFO] WebApp:463 - Apply proxy settings
2026-08-29 09:42:23,433 [INFO] WebApp:548 - Chromium requires no authentication
2026-08-29 09:42:23,440 [INFO] WebApp:491 - Direct internet connection detected
2026-08-29 09:42:23,460 [INFO] WebApp:900 - Register for checkConnection events
2026-08-29 09:42:23,460 [INFO] WebApp:463 - Apply proxy settings
2026-08-29 09:42:23,461 [INFO] WebApp:548 - Chromium requires no authentication
2026-08-29 09:42:23,461 [INFO] WebApp:491 - Direct internet connection detected
2026-08-29 09:42:23,597 [INFO] WebApp:225 - Starting web application
2026-08-29 09:42:23,597 [INFO] WebApp:593 - Web application path used C:\ST\STM32CubeIDE_1.19.0\STM32CubeIDE\plugins\com.st.stm32cube.common.mx_6.15.0.202507011659\db\plugins\mcufinder\reactClient1\index.html
2026-08-29 09:42:23,656 [INFO] UserAuth:487 - Internet connection configuration mode: 1
2026-08-29 09:42:23,722 [ERROR] LogOutputStream:75 - [STDERR_REDIRECT] [Fatal Error] :1:1: Premature end of file.
2026-08-29 09:42:23,723 [ERROR] LogOutputStream:75 - [STDERR_REDIRECT] 
2026-08-29 09:42:23,755 [INFO] WebApp:191 - Connection restablished
2026-08-29 09:42:24,700 [ERROR] LogOutputStream:75 - [STDERR_REDIRECT] [Fatal Error] :1:1: Premature end of file.
2026-08-29 09:42:24,700 [ERROR] LogOutputStream:75 - [STDERR_REDIRECT] 
2026-08-29 09:42:25,477 [INFO] McuFinderGlobals:63 - Set McuFinder mode to 2 (CubeIDE integrated)
2026-08-29 09:42:25,480 [INFO] MainUpdater:2872 - connection check result : 10
2026-08-29 09:42:25,482 [INFO] McuFinderGlobals:76 - Set McuFinderConnectedMode to true
2026-08-29 09:42:25,704 [ERROR] LogOutputStream:75 - [STDERR_REDIRECT] [Fatal Error] :1:1: Premature end of file.
2026-08-29 09:42:25,704 [ERROR] LogOutputStream:75 - [STDERR_REDIRECT] 
2026-08-29 09:42:25,827 [INFO] ServerAccessManage:452 - Complete download http(s) 200
2026-08-29 09:42:25,828 [INFO] ServerAccessManage:509 - Download File mcusAds.json._tmp_
2026-08-29 09:42:25,937 [INFO] LoadUrlFilesThread:156 - End of LoadUrlFiles Thread
2026-08-29 09:42:26,216 [INFO] ServerAccessManage:452 - Complete download http(s) 200
2026-08-29 09:42:26,216 [INFO] ServerAccessManage:509 - Download File cube-finder-db.zip
2026-08-29 09:42:26,703 [ERROR] LogOutputStream:75 - [STDERR_REDIRECT] [Fatal Error] :1:1: Premature end of file.
2026-08-29 09:42:26,703 [ERROR] LogOutputStream:75 - [STDERR_REDIRECT] 
2026-08-29 09:42:27,702 [ERROR] LogOutputStream:75 - [STDERR_REDIRECT] [Fatal Error] :1:1: Premature end of file.
2026-08-29 09:42:27,702 [ERROR] LogOutputStream:75 - [STDERR_REDIRECT] 
2026-08-29 09:42:28,702 [ERROR] LogOutputStream:75 - [STDERR_REDIRECT] [Fatal Error] :1:1: Premature end of file.
2026-08-29 09:42:28,702 [ERROR] LogOutputStream:75 - [STDERR_REDIRECT] 
2026-08-29 09:42:29,703 [ERROR] LogOutputStream:75 - [STDERR_REDIRECT] [Fatal Error] :1:1: Premature end of file.
2026-08-29 09:42:29,703 [ERROR] LogOutputStream:75 - [STDERR_REDIRECT] 
2026-08-29 09:42:30,700 [ERROR] LogOutputStream:75 - [STDERR_REDIRECT] [Fatal Error] :1:1: Premature end of file.
2026-08-29 09:42:30,700 [ERROR] LogOutputStream:75 - [STDERR_REDIRECT] 
2026-08-29 09:42:31,702 [ERROR] LogOutputStream:75 - [STDERR_REDIRECT] [Fatal Error] :1:1: Premature end of file.
2026-08-29 09:42:31,702 [ERROR] LogOutputStream:75 - [STDERR_REDIRECT] 
2026-08-29 09:42:32,703 [ERROR] LogOutputStream:75 - [STDERR_REDIRECT] [Fatal Error] :1:1: Premature end of file.
2026-08-29 09:42:32,704 [ERROR] LogOutputStream:75 - [STDERR_REDIRECT] 
2026-08-29 09:42:33,702 [ERROR] LogOutputStream:75 - [STDERR_REDIRECT] [Fatal Error] :1:1: Premature end of file.
2026-08-29 09:42:33,702 [ERROR] LogOutputStream:75 - [STDERR_REDIRECT] 
2026-08-29 09:42:34,703 [ERROR] LogOutputStream:75 - [STDERR_REDIRECT] [Fatal Error] :1:1: Premature end of file.
2026-08-29 09:42:34,703 [ERROR] LogOutputStream:75 - [STDERR_REDIRECT] 
2026-08-29 09:42:35,703 [ERROR] LogOutputStream:75 - [STDERR_REDIRECT] [Fatal Error] :1:1: Premature end of file.
2026-08-29 09:42:35,703 [ERROR] LogOutputStream:75 - [STDERR_REDIRECT] 
2026-08-29 09:42:36,704 [ERROR] LogOutputStream:75 - [STDERR_REDIRECT] [Fatal Error] :1:1: Premature end of file.
2026-08-29 09:42:36,704 [ERROR] LogOutputStream:75 - [STDERR_REDIRECT] 
2026-08-29 09:42:37,703 [ERROR] LogOutputStream:75 - [STDERR_REDIRECT] [Fatal Error] :1:1: Premature end of file.
2026-08-29 09:42:37,704 [ERROR] LogOutputStream:75 - [STDERR_REDIRECT] 
2026-08-29 09:42:38,703 [ERROR] LogOutputStream:75 - [STDERR_REDIRECT] [Fatal Error] :1:1: Premature end of file.
2026-08-29 09:42:38,703 [ERROR] LogOutputStream:75 - [STDERR_REDIRECT] 
2026-08-29 09:42:39,701 [ERROR] LogOutputStream:75 - [STDERR_REDIRECT] [Fatal Error] :1:1: Premature end of file.
2026-08-29 09:42:39,701 [ERROR] LogOutputStream:75 - [STDERR_REDIRECT] 
2026-08-29 09:42:40,704 [ERROR] LogOutputStream:75 - [STDERR_REDIRECT] [Fatal Error] :1:1: Premature end of file.
2026-08-29 09:42:40,704 [ERROR] LogOutputStream:75 - [STDERR_REDIRECT] 
2026-08-29 09:42:41,704 [ERROR] LogOutputStream:75 - [STDERR_REDIRECT] [Fatal Error] :1:1: Premature end of file.
2026-08-29 09:42:41,705 [ERROR] LogOutputStream:75 - [STDERR_REDIRECT] 
2026-08-29 09:42:42,703 [ERROR] LogOutputStream:75 - [STDERR_REDIRECT] [Fatal Error] :1:1: Premature end of file.
2026-08-29 09:42:42,703 [ERROR] LogOutputStream:75 - [STDERR_REDIRECT] 
2026-08-29 09:42:43,703 [ERROR] LogOutputStream:75 - [STDERR_REDIRECT] [Fatal Error] :1:1: Premature end of file.
2026-08-29 09:42:43,703 [ERROR] LogOutputStream:75 - [STDERR_REDIRECT] 
2026-08-29 09:42:44,713 [ERROR] LogOutputStream:75 - [STDERR_REDIRECT] [Fatal Error] :1:1: Premature end of file.
2026-08-29 09:42:44,713 [ERROR] LogOutputStream:75 - [STDERR_REDIRECT] 
2026-08-29 09:42:45,706 [ERROR] LogOutputStream:75 - [STDERR_REDIRECT] [Fatal Error] :1:1: Premature end of file.
2026-08-29 09:42:45,706 [ERROR] LogOutputStream:75 - [STDERR_REDIRECT] 
2026-08-29 09:42:46,702 [ERROR] LogOutputStream:75 - [STDERR_REDIRECT] [Fatal Error] :1:1: Premature end of file.
2026-08-29 09:42:46,702 [ERROR] LogOutputStream:75 - [STDERR_REDIRECT] 
2026-08-29 09:42:47,701 [ERROR] LogOutputStream:75 - [STDERR_REDIRECT] [Fatal Error] :1:1: Premature end of file.
2026-08-29 09:42:47,701 [ERROR] LogOutputStream:75 - [STDERR_REDIRECT] 
2026-08-29 09:42:48,704 [ERROR] LogOutputStream:75 - [STDERR_REDIRECT] [Fatal Error] :1:1: Premature end of file.
2026-08-29 09:42:48,704 [ERROR] LogOutputStream:75 - [STDERR_REDIRECT] 
2026-08-29 09:42:49,707 [ERROR] LogOutputStream:75 - [STDERR_REDIRECT] [Fatal Error] :1:1: Premature end of file.
2026-08-29 09:42:49,708 [ERROR] LogOutputStream:75 - [STDERR_REDIRECT] 
2026-08-29 09:42:50,703 [ERROR] LogOutputStream:75 - [STDERR_REDIRECT] [Fatal Error] :1:1: Premature end of file.
2026-08-29 09:42:50,703 [ERROR] LogOutputStream:75 - [STDERR_REDIRECT] 
2026-08-29 09:42:51,701 [ERROR] LogOutputStream:75 - [STDERR_REDIRECT] [Fatal Error] :1:1: Premature end of file.
2026-08-29 09:42:51,701 [ERROR] LogOutputStream:75 - [STDERR_REDIRECT] 
2026-08-29 09:42:52,702 [ERROR] LogOutputStream:75 - [STDERR_REDIRECT] [Fatal Error] :1:1: Premature end of file.
2026-08-29 09:42:52,703 [ERROR] LogOutputStream:75 - [STDERR_REDIRECT] 
2026-08-29 09:42:53,703 [ERROR] LogOutputStream:75 - [STDERR_REDIRECT] [Fatal Error] :1:1: Premature end of file.
2026-08-29 09:42:53,704 [ERROR] LogOutputStream:75 - [STDERR_REDIRECT] 
2026-08-29 09:42:54,702 [ERROR] LogOutputStream:75 - [STDERR_REDIRECT] [Fatal Error] :1:1: Premature end of file.
2026-08-29 09:42:54,702 [ERROR] LogOutputStream:75 - [STDERR_REDIRECT] 
2026-08-29 09:42:55,701 [ERROR] LogOutputStream:75 - [STDERR_REDIRECT] [Fatal Error] :1:1: Premature end of file.
2026-08-29 09:42:55,701 [ERROR] LogOutputStream:75 - [STDERR_REDIRECT] 
2026-08-29 09:42:56,704 [ERROR] LogOutputStream:75 - [STDERR_REDIRECT] [Fatal Error] :1:1: Premature end of file.
2026-08-29 09:42:56,704 [ERROR] LogOutputStream:75 - [STDERR_REDIRECT] 
2026-08-29 09:42:57,708 [ERROR] LogOutputStream:75 - [STDERR_REDIRECT] [Fatal Error] :1:1: Premature end of file.
2026-08-29 09:42:57,708 [ERROR] LogOutputStream:75 - [STDERR_REDIRECT] 
2026-08-29 09:42:58,703 [ERROR] LogOutputStream:75 - [STDERR_REDIRECT] [Fatal Error] :1:1: Premature end of file.
2026-08-29 09:42:58,703 [ERROR] LogOutputStream:75 - [STDERR_REDIRECT] 
2026-08-29 09:42:59,703 [ERROR] LogOutputStream:75 - [STDERR_REDIRECT] [Fatal Error] :1:1: Premature end of file.
2026-08-29 09:42:59,703 [ERROR] LogOutputStream:75 - [STDERR_REDIRECT] 
2026-08-29 09:43:00,704 [ERROR] LogOutputStream:75 - [STDERR_REDIRECT] [Fatal Error] :1:1: Premature end of file.
2026-08-29 09:43:00,704 [ERROR] LogOutputStream:75 - [STDERR_REDIRECT] 
2026-08-29 09:43:01,701 [ERROR] LogOutputStream:75 - [STDERR_REDIRECT] [Fatal Error] :1:1: Premature end of file.
2026-08-29 09:43:01,701 [ERROR] LogOutputStream:75 - [STDERR_REDIRECT] 
2026-08-29 09:43:02,703 [ERROR] LogOutputStream:75 - [STDERR_REDIRECT] [Fatal Error] :1:1: Premature end of file.
2026-08-29 09:43:02,703 [ERROR] LogOutputStream:75 - [STDERR_REDIRECT] 
2026-08-29 09:43:03,702 [ERROR] LogOutputStream:75 - [STDERR_REDIRECT] [Fatal Error] :1:1: Premature end of file.
2026-08-29 09:43:03,702 [ERROR] LogOutputStream:75 - [STDERR_REDIRECT] 
2026-08-29 09:43:04,704 [ERROR] LogOutputStream:75 - [STDERR_REDIRECT] [Fatal Error] :1:1: Premature end of file.
2026-08-29 09:43:04,704 [ERROR] LogOutputStream:75 - [STDERR_REDIRECT] 
2026-08-29 09:43:05,704 [ERROR] LogOutputStream:75 - [STDERR_REDIRECT] [Fatal Error] :1:1: Premature end of file.
2026-08-29 09:43:05,704 [ERROR] LogOutputStream:75 - [STDERR_REDIRECT] 
2026-08-29 09:43:06,702 [ERROR] LogOutputStream:75 - [STDERR_REDIRECT] [Fatal Error] :1:1: Premature end of file.
2026-08-29 09:43:06,702 [ERROR] LogOutputStream:75 - [STDERR_REDIRECT] 
2026-08-29 09:43:07,703 [ERROR] LogOutputStream:75 - [STDERR_REDIRECT] [Fatal Error] :1:1: Premature end of file.
2026-08-29 09:43:07,703 [ERROR] LogOutputStream:75 - [STDERR_REDIRECT] 
2026-08-29 09:43:08,702 [ERROR] LogOutputStream:75 - [STDERR_REDIRECT] [Fatal Error] :1:1: Premature end of file.
2026-08-29 09:43:08,702 [ERROR] LogOutputStream:75 - [STDERR_REDIRECT] 
2026-08-29 09:43:09,703 [ERROR] LogOutputStream:75 - [STDERR_REDIRECT] [Fatal Error] :1:1: Premature end of file.
2026-08-29 09:43:09,703 [ERROR] LogOutputStream:75 - [STDERR_REDIRECT] 
2026-08-29 09:43:10,703 [ERROR] LogOutputStream:75 - [STDERR_REDIRECT] [Fatal Error] :1:1: Premature end of file.
2026-08-29 09:43:10,703 [ERROR] LogOutputStream:75 - [STDERR_REDIRECT] 
2026-08-29 09:43:11,703 [ERROR] LogOutputStream:75 - [STDERR_REDIRECT] [Fatal Error] :1:1: Premature end of file.
2026-08-29 09:43:11,704 [ERROR] LogOutputStream:75 - [STDERR_REDIRECT] 
2026-08-29 09:43:12,703 [ERROR] LogOutputStream:75 - [STDERR_REDIRECT] [Fatal Error] :1:1: Premature end of file.
2026-08-29 09:43:12,704 [ERROR] LogOutputStream:75 - [STDERR_REDIRECT] 
2026-08-29 09:43:13,703 [ERROR] LogOutputStream:75 - [STDERR_REDIRECT] [Fatal Error] :1:1: Premature end of file.
2026-08-29 09:43:13,704 [ERROR] LogOutputStream:75 - [STDERR_REDIRECT] 
2026-08-29 09:43:14,700 [ERROR] LogOutputStream:75 - [STDERR_REDIRECT] [Fatal Error] :1:1: Premature end of file.
2026-08-29 09:43:14,700 [ERROR] LogOutputStream:75 - [STDERR_REDIRECT] 
2026-08-29 09:43:15,700 [ERROR] LogOutputStream:75 - [STDERR_REDIRECT] [Fatal Error] :1:1: Premature end of file.
2026-08-29 09:43:15,700 [ERROR] LogOutputStream:75 - [STDERR_REDIRECT] 
2026-08-29 09:43:16,703 [ERROR] LogOutputStream:75 - [STDERR_REDIRECT] [Fatal Error] :1:1: Premature end of file.
2026-08-29 09:43:16,703 [ERROR] LogOutputStream:75 - [STDERR_REDIRECT] 
2026-08-29 09:43:17,702 [ERROR] LogOutputStream:75 - [STDERR_REDIRECT] [Fatal Error] :1:1: Premature end of file.
2026-08-29 09:43:17,702 [ERROR] LogOutputStream:75 - [STDERR_REDIRECT] 
2026-08-29 09:43:18,702 [ERROR] LogOutputStream:75 - [STDERR_REDIRECT] [Fatal Error] :1:1: Premature end of file.
2026-08-29 09:43:18,702 [ERROR] LogOutputStream:75 - [STDERR_REDIRECT] 
2026-08-29 09:43:19,703 [ERROR] LogOutputStream:75 - [STDERR_REDIRECT] [Fatal Error] :1:1: Premature end of file.
2026-08-29 09:43:19,703 [ERROR] LogOutputStream:75 - [STDERR_REDIRECT] 
2026-08-29 09:43:20,701 [ERROR] LogOutputStream:75 - [STDERR_REDIRECT] [Fatal Error] :1:1: Premature end of file.
2026-08-29 09:43:20,701 [ERROR] LogOutputStream:75 - [STDERR_REDIRECT] 
2026-08-29 09:43:21,702 [ERROR] LogOutputStream:75 - [STDERR_REDIRECT] [Fatal Error] :1:1: Premature end of file.
2026-08-29 09:43:21,702 [ERROR] LogOutputStream:75 - [STDERR_REDIRECT] 
2026-08-29 09:43:22,704 [ERROR] LogOutputStream:75 - [STDERR_REDIRECT] [Fatal Error] :1:1: Premature end of file.
2026-08-29 09:43:22,704 [ERROR] LogOutputStream:75 - [STDERR_REDIRECT] 
2026-08-29 09:43:23,704 [ERROR] LogOutputStream:75 - [STDERR_REDIRECT] [Fatal Error] :1:1: Premature end of file.
2026-08-29 09:43:23,705 [ERROR] LogOutputStream:75 - [STDERR_REDIRECT] 
2026-08-29 09:43:24,704 [ERROR] LogOutputStream:75 - [STDERR_REDIRECT] [Fatal Error] :1:1: Premature end of file.
2026-08-29 09:43:24,704 [ERROR] LogOutputStream:75 - [STDERR_REDIRECT] 
2026-08-29 09:43:25,705 [ERROR] LogOutputStream:75 - [STDERR_REDIRECT] [Fatal Error] :1:1: Premature end of file.
2026-08-29 09:43:25,706 [ERROR] LogOutputStream:75 - [STDERR_REDIRECT] 
2026-08-29 09:43:26,704 [ERROR] LogOutputStream:75 - [STDERR_REDIRECT] [Fatal Error] :1:1: Premature end of file.
2026-08-29 09:43:26,704 [ERROR] LogOutputStream:75 - [STDERR_REDIRECT] 
2026-08-29 09:43:27,702 [ERROR] LogOutputStream:75 - [STDERR_REDIRECT] [Fatal Error] :1:1: Premature end of file.
2026-08-29 09:43:27,702 [ERROR] LogOutputStream:75 - [STDERR_REDIRECT] 
2026-08-29 09:43:28,702 [ERROR] LogOutputStream:75 - [STDERR_REDIRECT] [Fatal Error] :1:1: Premature end of file.
2026-08-29 09:43:28,702 [ERROR] LogOutputStream:75 - [STDERR_REDIRECT] 
2026-08-29 09:43:29,702 [ERROR] LogOutputStream:75 - [STDERR_REDIRECT] [Fatal Error] :1:1: Premature end of file.
2026-08-29 09:43:29,702 [ERROR] LogOutputStream:75 - [STDERR_REDIRECT] 
2026-08-29 09:43:30,735 [ERROR] LogOutputStream:75 - [STDERR_REDIRECT] [Fatal Error] :1:1: Premature end of file.
2026-08-29 09:43:30,736 [ERROR] LogOutputStream:75 - [STDERR_REDIRECT] 
2026-08-29 09:43:31,705 [ERROR] LogOutputStream:75 - [STDERR_REDIRECT] [Fatal Error] :1:1: Premature end of file.
2026-08-29 09:43:31,706 [ERROR] LogOutputStream:75 - [STDERR_REDIRECT] 
2026-08-29 09:43:32,711 [ERROR] LogOutputStream:75 - [STDERR_REDIRECT] [Fatal Error] :1:1: Premature end of file.
2026-08-29 09:43:32,711 [ERROR] LogOutputStream:75 - [STDERR_REDIRECT] 
2026-08-29 09:43:33,701 [ERROR] LogOutputStream:75 - [STDERR_REDIRECT] [Fatal Error] :1:1: Premature end of file.
2026-08-29 09:43:33,701 [ERROR] LogOutputStream:75 - [STDERR_REDIRECT] 
2026-08-29 09:43:34,703 [ERROR] LogOutputStream:75 - [STDERR_REDIRECT] [Fatal Error] :1:1: Premature end of file.
2026-08-29 09:43:34,703 [ERROR] LogOutputStream:75 - [STDERR_REDIRECT] 
2026-08-29 09:43:35,709 [ERROR] LogOutputStream:75 - [STDERR_REDIRECT] [Fatal Error] :1:1: Premature end of file.
2026-08-29 09:43:35,709 [ERROR] LogOutputStream:75 - [STDERR_REDIRECT] 
2026-08-29 09:43:36,703 [ERROR] LogOutputStream:75 - [STDERR_REDIRECT] [Fatal Error] :1:1: Premature end of file.
2026-08-29 09:43:36,704 [ERROR] LogOutputStream:75 - [STDERR_REDIRECT] 
2026-08-29 09:43:37,701 [ERROR] LogOutputStream:75 - [STDERR_REDIRECT] [Fatal Error] :1:1: Premature end of file.
2026-08-29 09:43:37,701 [ERROR] LogOutputStream:75 - [STDERR_REDIRECT] 
2026-08-29 09:43:38,703 [ERROR] LogOutputStream:75 - [STDERR_REDIRECT] [Fatal Error] :1:1: Premature end of file.
2026-08-29 09:43:38,703 [ERROR] LogOutputStream:75 - [STDERR_REDIRECT] 
2026-08-29 09:43:39,703 [ERROR] LogOutputStream:75 - [STDERR_REDIRECT] [Fatal Error] :1:1: Premature end of file.
2026-08-29 09:43:39,703 [ERROR] LogOutputStream:75 - [STDERR_REDIRECT] 
2026-08-29 09:43:40,702 [ERROR] LogOutputStream:75 - [STDERR_REDIRECT] [Fatal Error] :1:1: Premature end of file.
2026-08-29 09:43:40,702 [ERROR] LogOutputStream:75 - [STDERR_REDIRECT] 
2026-08-29 09:43:41,703 [ERROR] LogOutputStream:75 - [STDERR_REDIRECT] [Fatal Error] :1:1: Premature end of file.
2026-08-29 09:43:41,703 [ERROR] LogOutputStream:75 - [STDERR_REDIRECT] 
2026-08-29 09:43:42,703 [ERROR] LogOutputStream:75 - [STDERR_REDIRECT] [Fatal Error] :1:1: Premature end of file.
2026-08-29 09:43:42,703 [ERROR] LogOutputStream:75 - [STDERR_REDIRECT] 
2026-08-29 09:43:43,703 [ERROR] LogOutputStream:75 - [STDERR_REDIRECT] [Fatal Error] :1:1: Premature end of file.
2026-08-29 09:43:43,703 [ERROR] LogOutputStream:75 - [STDERR_REDIRECT] 
2026-08-29 09:43:44,705 [ERROR] LogOutputStream:75 - [STDERR_REDIRECT] [Fatal Error] :1:1: Premature end of file.
2026-08-29 09:43:44,706 [ERROR] LogOutputStream:75 - [STDERR_REDIRECT] 
2026-08-29 09:43:45,703 [ERROR] LogOutputStream:75 - [STDERR_REDIRECT] [Fatal Error] :1:1: Premature end of file.
2026-08-29 09:43:45,703 [ERROR] LogOutputStream:75 - [STDERR_REDIRECT] 
2026-08-29 09:43:46,702 [ERROR] LogOutputStream:75 - [STDERR_REDIRECT] [Fatal Error] :1:1: Premature end of file.
2026-08-29 09:43:46,702 [ERROR] LogOutputStream:75 - [STDERR_REDIRECT] 
2026-08-29 09:43:47,701 [ERROR] LogOutputStream:75 - [STDERR_REDIRECT] [Fatal Error] :1:1: Premature end of file.
2026-08-29 09:43:47,701 [ERROR] LogOutputStream:75 - [STDERR_REDIRECT] 
2026-08-29 09:43:48,703 [ERROR] LogOutputStream:75 - [STDERR_REDIRECT] [Fatal Error] :1:1: Premature end of file.
2026-08-29 09:43:48,703 [ERROR] LogOutputStream:75 - [STDERR_REDIRECT] 
2026-08-29 09:43:49,702 [ERROR] LogOutputStream:75 - [STDERR_REDIRECT] [Fatal Error] :1:1: Premature end of file.
2026-08-29 09:43:49,702 [ERROR] LogOutputStream:75 - [STDERR_REDIRECT] 
2026-08-29 09:43:50,704 [ERROR] LogOutputStream:75 - [STDERR_REDIRECT] [Fatal Error] :1:1: Premature end of file.
2026-08-29 09:43:50,704 [ERROR] LogOutputStream:75 - [STDERR_REDIRECT] 
2026-08-29 09:43:51,703 [ERROR] LogOutputStream:75 - [STDERR_REDIRECT] [Fatal Error] :1:1: Premature end of file.
2026-08-29 09:43:51,703 [ERROR] LogOutputStream:75 - [STDERR_REDIRECT] 
2026-08-29 09:43:52,705 [ERROR] LogOutputStream:75 - [STDERR_REDIRECT] [Fatal Error] :1:1: Premature end of file.
2026-08-29 09:43:52,705 [ERROR] LogOutputStream:75 - [STDERR_REDIRECT] 
2026-08-29 09:43:53,703 [ERROR] LogOutputStream:75 - [STDERR_REDIRECT] [Fatal Error] :1:1: Premature end of file.
2026-08-29 09:43:53,703 [ERROR] LogOutputStream:75 - [STDERR_REDIRECT] 
2026-08-29 09:43:54,702 [ERROR] LogOutputStream:75 - [STDERR_REDIRECT] [Fatal Error] :1:1: Premature end of file.
2026-08-29 09:43:54,702 [ERROR] LogOutputStream:75 - [STDERR_REDIRECT] 
2026-08-29 09:43:55,701 [ERROR] LogOutputStream:75 - [STDERR_REDIRECT] [Fatal Error] :1:1: Premature end of file.
2026-08-29 09:43:55,702 [ERROR] LogOutputStream:75 - [STDERR_REDIRECT] 
2026-08-29 09:43:56,703 [ERROR] LogOutputStream:75 - [STDERR_REDIRECT] [Fatal Error] :1:1: Premature end of file.
2026-08-29 09:43:56,703 [ERROR] LogOutputStream:75 - [STDERR_REDIRECT] 
2026-08-29 09:43:57,257 [INFO] FileExtend:248 - Unzip File : cube-finder-db.zip
2026-08-29 09:43:57,257 [INFO] FileExtend:263 - Standard Zip Deflate
2026-08-29 09:43:57,703 [ERROR] LogOutputStream:75 - [STDERR_REDIRECT] [Fatal Error] :1:1: Premature end of file.
2026-08-29 09:43:57,703 [ERROR] LogOutputStream:75 - [STDERR_REDIRECT] 
2026-08-29 09:43:57,716 [INFO] LoadUrlFilesThread:156 - End of LoadUrlFiles Thread
2026-08-29 09:43:58,702 [ERROR] LogOutputStream:75 - [STDERR_REDIRECT] [Fatal Error] :1:1: Premature end of file.
2026-08-29 09:43:58,702 [ERROR] LogOutputStream:75 - [STDERR_REDIRECT] 
2026-08-29 09:43:59,701 [ERROR] LogOutputStream:75 - [STDERR_REDIRECT] [Fatal Error] :1:1: Premature end of file.
2026-08-29 09:43:59,701 [ERROR] LogOutputStream:75 - [STDERR_REDIRECT] 
2026-08-29 09:44:00,702 [ERROR] LogOutputStream:75 - [STDERR_REDIRECT] [Fatal Error] :1:1: Premature end of file.
2026-08-29 09:44:00,702 [ERROR] LogOutputStream:75 - [STDERR_REDIRECT] 
2026-08-29 09:44:01,704 [ERROR] LogOutputStream:75 - [STDERR_REDIRECT] [Fatal Error] :1:1: Premature end of file.
2026-08-29 09:44:01,704 [ERROR] LogOutputStream:75 - [STDERR_REDIRECT] 
2026-08-29 09:44:02,704 [ERROR] LogOutputStream:75 - [STDERR_REDIRECT] [Fatal Error] :1:1: Premature end of file.
2026-08-29 09:44:02,704 [ERROR] LogOutputStream:75 - [STDERR_REDIRECT] 
2026-08-29 09:44:03,704 [ERROR] LogOutputStream:75 - [STDERR_REDIRECT] [Fatal Error] :1:1: Premature end of file.
2026-08-29 09:44:03,704 [ERROR] LogOutputStream:75 - [STDERR_REDIRECT] 
2026-08-29 09:44:04,703 [ERROR] LogOutputStream:75 - [STDERR_REDIRECT] [Fatal Error] :1:1: Premature end of file.
2026-08-29 09:44:04,703 [ERROR] LogOutputStream:75 - [STDERR_REDIRECT] 
2026-08-29 09:44:05,701 [ERROR] LogOutputStream:75 - [STDERR_REDIRECT] [Fatal Error] :1:1: Premature end of file.
2026-08-29 09:44:05,701 [ERROR] LogOutputStream:75 - [STDERR_REDIRECT] 
2026-08-29 09:44:06,704 [ERROR] LogOutputStream:75 - [STDERR_REDIRECT] [Fatal Error] :1:1: Premature end of file.
2026-08-29 09:44:06,704 [ERROR] LogOutputStream:75 - [STDERR_REDIRECT] 
2026-08-29 09:44:07,703 [ERROR] LogOutputStream:75 - [STDERR_REDIRECT] [Fatal Error] :1:1: Premature end of file.
2026-08-29 09:44:07,703 [ERROR] LogOutputStream:75 - [STDERR_REDIRECT] 
2026-08-29 09:44:08,702 [ERROR] LogOutputStream:75 - [STDERR_REDIRECT] [Fatal Error] :1:1: Premature end of file.
2026-08-29 09:44:08,702 [ERROR] LogOutputStream:75 - [STDERR_REDIRECT] 
2026-08-29 09:44:09,702 [ERROR] LogOutputStream:75 - [STDERR_REDIRECT] [Fatal Error] :1:1: Premature end of file.
2026-08-29 09:44:09,702 [ERROR] LogOutputStream:75 - [STDERR_REDIRECT] 
2026-08-29 09:44:10,702 [ERROR] LogOutputStream:75 - [STDERR_REDIRECT] [Fatal Error] :1:1: Premature end of file.
2026-08-29 09:44:10,702 [ERROR] LogOutputStream:75 - [STDERR_REDIRECT] 
2026-08-29 09:44:11,702 [ERROR] LogOutputStream:75 - [STDERR_REDIRECT] [Fatal Error] :1:1: Premature end of file.
2026-08-29 09:44:11,702 [ERROR] LogOutputStream:75 - [STDERR_REDIRECT] 
2026-08-29 09:44:12,703 [ERROR] LogOutputStream:75 - [STDERR_REDIRECT] [Fatal Error] :1:1: Premature end of file.
2026-08-29 09:44:12,704 [ERROR] LogOutputStream:75 - [STDERR_REDIRECT] 
2026-08-29 09:44:13,271 [ERROR] ServerAccessManage:1295 - Problem during Server Connection :  IO error Connection reset
2026-08-29 09:44:13,271 [ERROR] ServerAccessManage:740 - Problem during Server Connection :  : crdb.zip.
2026-08-29 09:44:13,702 [ERROR] LogOutputStream:75 - [STDERR_REDIRECT] [Fatal Error] :1:1: Premature end of file.
2026-08-29 09:44:13,702 [ERROR] LogOutputStream:75 - [STDERR_REDIRECT] 
2026-08-29 09:44:14,703 [ERROR] LogOutputStream:75 - [STDERR_REDIRECT] [Fatal Error] :1:1: Premature end of file.
2026-08-29 09:44:14,703 [ERROR] LogOutputStream:75 - [STDERR_REDIRECT] 
2026-08-29 09:44:15,702 [ERROR] LogOutputStream:75 - [STDERR_REDIRECT] [Fatal Error] :1:1: Premature end of file.
2026-08-29 09:44:15,702 [ERROR] LogOutputStream:75 - [STDERR_REDIRECT] 
2026-08-29 09:44:16,142 [INFO] LoadUrlFilesThread:156 - End of LoadUrlFiles Thread
2026-08-29 09:44:16,703 [ERROR] LogOutputStream:75 - [STDERR_REDIRECT] [Fatal Error] :1:1: Premature end of file.
2026-08-29 09:44:16,703 [ERROR] LogOutputStream:75 - [STDERR_REDIRECT] 
2026-08-29 09:44:17,095 [INFO] DbMcusAds:53 - JSON generation date=Wed Jul 15 15:14:54 IST 2026 (1784108694001)
2026-08-29 09:44:17,101 [ERROR] TargetSelectorAdapter:267 - Unable to refresh data
2026-08-29 09:44:17,316 [INFO] ApiDb:581 - Connected to CubeFinder SQLite database (C:\Users\student\.stmcufinder\plugins\mcufinder\mcu\cube-finder-db.db)
2026-08-29 09:44:17,373 [INFO] ApiDb:668 - CubeFinder database Data Model version=2.1
2026-08-29 09:44:17,373 [INFO] ApiDb:669 - CubeFinder database Configuration version=3.0.42
2026-08-29 09:44:17,373 [INFO] ApiDb:670 - CubeFinder database generation date=2026-08-04 (1785840812)
2026-08-29 09:44:17,373 [INFO] ApiDb:671 - CubeFinder database FW Pack versions=[FP-ATR-ASTRA1_V2.0.0, FP-SNS-FLIGHT1_V5.1.0, FP-SNS-MOTENV1_V5.1.0, FP-SNS-MOTENVWB1_V1.5.0, FP-SNS-SMARTAG2_V1.2.0, FP-SNS-STBOX1_V2.1.0, STM32Cube_FW_C0_V1.4.1, STM32Cube_FW_F4_V1.28.3, STM32Cube_FW_F7_V1.17.4, STM32Cube_FW_G0_V1.6.3, STM32Cube_FW_G4_V1.6.2, STM32Cube_FW_H5_V1.7.0, STM32Cube_FW_H7RS_V1.3.0, STM32Cube_FW_H7_V1.13.0, STM32Cube_FW_L0_V1.12.2, STM32Cube_FW_L4_V1.18.2, STM32Cube_FW_L5_V1.6.0, STM32Cube_FW_N6_V1.4.0, STM32Cube_FW_U0_V1.3.0, STM32Cube_FW_U3_V1.4.0, STM32Cube_FW_U5_V1.9.0, STM32Cube_FW_WB0_V1.5.0, STM32Cube_FW_WBA_V1.10.0, STM32Cube_FW_WB_V1.24.0, STM32Cube_FW_WL3_V1.5.0, STM32Cube_FW_WL_V1.6.0, X-CUBE-ALGOBUILD_V1.5.0, X-CUBE-ALS_V1.0.2, X-CUBE-AZRTOS-F4_V1.1.0, X-CUBE-AZRTOS-F7_V1.1.0, X-CUBE-AZRTOS-G0_V1.1.0, X-CUBE-AZRTOS-G4_V2.0.0, X-CUBE-AZRTOS-H7RS_V1.3.0, X-CUBE-AZRTOS-H7_V3.5.0, X-CUBE-AZRTOS-L4_V2.0.0, X-CUBE-AZRTOS-L5_V2.0.0, X-CUBE-AZRTOS-WB_V2.0.0, X-CUBE-AZRTOS-WL_V2.0.0, X-CUBE-BLE1_V7.1.0, X-CUBE-BLE2_V3.3.0, X-CUBE-BLEMGR_V4.2.0, X-CUBE-EEPRMA1_V5.2.0, X-CUBE-FREERTOS_V1.6.0, X-CUBE-GNSS1_V7.1.1, X-CUBE-MEMS1_V13.0.0, X-CUBE-NFC4_V3.0.0, X-CUBE-NFC7_V2.0.0, X-CUBE-SFXS2LP1_V4.0.0, X-CUBE-ST67W61_V1.3.0, X-CUBE-SUBG2_V5.0.0, X-CUBE-TOF1_V3.4.3]
2026-08-29 09:44:17,703 [ERROR] LogOutputStream:75 - [STDERR_REDIRECT] [Fatal Error] :1:1: Premature end of file.
2026-08-29 09:44:17,703 [ERROR] LogOutputStream:75 - [STDERR_REDIRECT] 
2026-08-29 09:44:18,702 [ERROR] LogOutputStream:75 - [STDERR_REDIRECT] [Fatal Error] :1:1: Premature end of file.
2026-08-29 09:44:18,702 [ERROR] LogOutputStream:75 - [STDERR_REDIRECT] 
2026-08-29 09:44:19,095 [INFO] ApiDb:240 - Found 880 in-development CPN: [B-G473E-ZEST1S, B-WB1M-WPAN1, B-WBA5M-WPAN, B-WL5M-SUBG1, NUCLEO-C031C6, NUCLEO-C051C8, NUCLEO-C071RB, NUCLEO-C092RC, NUCLEO-H503RB, NUCLEO-H533RE, NUCLEO-H563ZI, NUCLEO-H7S3L8, NUCLEO-N657X0-Q, NUCLEO-U031R8, NUCLEO-U083RC, NUCLEO-U385RG-Q, NUCLEO-U545RE-Q, NUCLEO-U5A5ZJ-Q, NUCLEO-WB05KZ, NUCLEO-WB07CC, NUCLEO-WB09KE, NUCLEO-WBA52CG, NUCLEO-WBA55CG, NUCLEO-WL33CC1, NUCLEO-WL33CC2, STEVAL-PROTEUS1, STEVAL-SMARTAG2, STEVAL-STWINBX1, STM320518-EVAL, STM32C0116-DK, STM32C011D6Y3TR, STM32C011D6Y6TR, STM32C011F4P3, STM32C011F4P6, STM32C011F4U3, STM32C011F4U6TR, STM32C011F6P3, STM32C011F6P6, STM32C011F6U3, STM32C011F6U6TR, STM32C011J4M3, STM32C011J4M6, STM32C011J6M3, STM32C011J6M6, STM32C0316-DK, STM32C031C4T3, STM32C031C4T6, STM32C031C4U3, STM32C031C4U6, STM32C031C6T3, STM32C031C6T6, STM32C031C6U3, STM32C031C6U6, STM32C031F4P3, STM32C031F4P6, STM32C031F6P3, STM32C031F6P6, STM32C031G4U3, STM32C031G4U6, STM32C031G6U3, STM32C031G6U6, STM32C031K4T3, STM32C031K4T6, STM32C031K4U3, STM32C031K4U6, STM32C031K6T3, STM32C031K6T6, STM32C031K6U3, STM32C031K6U6, STM32C051C6T6, STM32C051C6U6, STM32C051C8T6, STM32C051C8U6, STM32C051D8Y6TR, STM32C051F6P6, STM32C051F8P6, STM32C051G6U6, STM32C051G8U6, STM32C051K6T6, STM32C051K6U6, STM32C051K8T6, STM32C071C8T6, STM32C071C8T6N, STM32C071C8U6, STM32C071C8U6N, STM32C071CBT6, STM32C071CBT6N, STM32C071CBU6, STM32C071CBU6N, STM32C071F8P6, STM32C071F8P6N, STM32C071FBP6, STM32C071FBP6N, STM32C071FBY6TR, STM32C071G8U6, STM32C071G8U6N, STM32C071GBU6, STM32C071GBU6N, STM32C071K8T6, STM32C071K8T6N, STM32C071K8U6, STM32C071K8U6N, STM32C071KBT6, STM32C071KBT6N, STM32C071KBU6, STM32C071KBU6N, STM32C071R8T6, STM32C071R8T6N, STM32C071RBI6N, STM32C071RBT6, STM32C071RBT6N, STM32C091CBT6, STM32C091CBU6, STM32C091CCT6, STM32C091CCU6, STM32C091ECY6TR, STM32C091FBP6, STM32C091FCP6, STM32C091GBU6, STM32C091GCU6, STM32C091KBT6, STM32C091KBU6, STM32C091KCT6, STM32C091KCU6, STM32C091RBT6, STM32C091RCI6, STM32C091RCT6, STM32C092CBT6, STM32C092CBU6, STM32C092CCT6, STM32C092CCU6, STM32C092ECY6TR, STM32C092FBP6, STM32C092FCP6, STM32C092GBU6, STM32C092GCU6, STM32C092KBT6, STM32C092KBU6, STM32C092KCT6, STM32C092KCU6, STM32C092RBT6, STM32C092RCI6, STM32C092RCT6, STM32G071K8TXN, STM32G071K8UXN, STM32G081GBU6N, STM32G081KBT6N, STM32G081KBUXN, STM32G0B1CCT6N, STM32G0B1KCT6, STM32G0B1NEY6TR, STM32G0B1RCT6N, STM32G0C1CCT6, STM32G0C1CCT6N, STM32G0C1CCU6N, STM32G0C1CET6N, STM32G0C1CEU6N, STM32G0C1KCT6, STM32G0C1NEY6TR, STM32G0C1RCI6N, STM32G0C1RCT6N, STM32G0C1REI6N, STM32G0C1RET6N, STM32G0C1VCI6, STM32G0C1VEI6, STM32G411C6T3, STM32G411C6T6, STM32G411C6U3, STM32G411C6U6, STM32G411C8T3, STM32G411C8T6, STM32G411C8U3, STM32G411C8U6, STM32G411CBT3, STM32G411CBT6, STM32G411CBU3, STM32G411CBU6, STM32G411K6T3, STM32G411K6T6, STM32G411K6U3, STM32G411K6U6, STM32G411K8T3, STM32G411K8T6, STM32G411K8U3, STM32G411K8U6, STM32G411KBT3, STM32G411KBT6, STM32G411KBU3, STM32G411KBU6, STM32G411M6T3, STM32G411M6T6, STM32G411M8T3, STM32G411M8T6, STM32G411MBT3, STM32G411MBT6, STM32G411R6T3, STM32G411R6T6, STM32G411R8T3, STM32G411R8T6, STM32G411RBT3, STM32G411RBT6, STM32G414CBT3, STM32G414CBT6, STM32G414CBU3, STM32G414CBU6, STM32G414CCT3, STM32G414CCT6, STM32G414CCU3, STM32G414CCU6, STM32G414MBT3, STM32G414MBT6, STM32G414MCT3, STM32G414MCT6, STM32G414RBT3, STM32G414RBT6, STM32G414RCT3, STM32G414RCT6, STM32G414VBT3, STM32G414VBT6, STM32G414VCT3, STM32G414VCT6, STM32G431CBT3Z, STM32G431RBT3Z, STM32G471CCT6, STM32G471CCU6, STM32G471CET3, STM32G471CET6, STM32G471CEU3, STM32G471CEU6, STM32G471MCT6, STM32G471MET3, STM32G471MET6, STM32G471MEY6TR, STM32G471QCT6, STM32G471QET3, STM32G471RCT6, STM32G471RET3, STM32G471RET6, STM32G471VCH6, STM32G471VCI6, STM32G471VCT6, STM32G471VEH3, STM32G471VEH6, STM32G471VEI3, STM32G471VEI6, STM32G471VET3, STM32G471VET6, STM32G473QET3Z, STM32G473RET3Z, STM32G474CCT6, STM32G491RET3Z, STM32H503CBT6, STM32H503CBU6, STM32H503EBY6TR, STM32H503KBU6, STM32H503RBT6, STM32H523CCT6, STM32H523CCU6, STM32H523CET6, STM32H523CEU6, STM32H523HEY6TR, STM32H523RCT6, STM32H523RET6, STM32H523VCI6, STM32H523VCT6, STM32H523VEI6, STM32H523VET6, STM32H523ZCJ6, STM32H523ZCT6, STM32H523ZEJ6, STM32H523ZET6, STM32H533CET6, STM32H533CEU6, STM32H533HEY6TR, STM32H533RET6, STM32H533VEI6, STM32H533VET6, STM32H533ZEJ6, STM32H533ZET6, STM32H562AGI6, STM32H562AII6, STM32H562IGK6, STM32H562IGT6, STM32H562IIK6, STM32H562IIT6, STM32H562RGT6, STM32H562RGV6, STM32H562RIT6, STM32H562RIV6, STM32H562VGT6, STM32H562VIT6, STM32H562ZGT6, STM32H562ZIT6, STM32H563AGI6, STM32H563AII3Q, STM32H563AII6, STM32H563IGK6, STM32H563IGT6, STM32H563IIK3Q, STM32H563IIK6, STM32H563IIT3Q, STM32H563IIT6, STM32H563MIY3QTR, STM32H563RGT6, STM32H563RGV6, STM32H563RIT6, STM32H563RIV6, STM32H563VGT6, STM32H563VIT3Q, STM32H563VIT6, STM32H563ZGT6, STM32H563ZIT3Q, STM32H563ZIT6, STM32H573AII3Q, STM32H573AII6, STM32H573I-DK, STM32H573IIK3Q, STM32H573IIK6, STM32H573IIT3Q, STM32H573IIT6, STM32H573MIY3QTR, STM32H573RIT6, STM32H573RIV6, STM32H573VIT3Q, STM32H573VIT6, STM32H573ZIT3Q, STM32H573ZIT6, STM32H7R3A8I6, STM32H7R3I8K6, STM32H7R3I8T6, STM32H7R3L8H6, STM32H7R3L8H6H, STM32H7R3R8V6, STM32H7R3V8H6, STM32H7R3V8T6, STM32H7R3V8Y6TR, STM32H7R3Z8J6, STM32H7R3Z8T6, STM32H7R7A8I6, STM32H7R7I8K6, STM32H7R7I8T6, STM32H7R7L8H6, STM32H7R7L8H6H, STM32H7R7Z8J6, STM32H7S3A8I6, STM32H7S3I8K6, STM32H7S3I8T6, STM32H7S3L8H6, STM32H7S3L8H6H, STM32H7S3R8V6, STM32H7S3V8H6, STM32H7S3V8T6, STM32H7S3V8Y6TR, STM32H7S3Z8J6, STM32H7S3Z8T6, STM32H7S78-DK, STM32H7S7A8I6, STM32H7S7I8K6, STM32H7S7I8T6, STM32H7S7L8H6, STM32H7S7L8H6H, STM32H7S7Z8J6, STM32L4R5QGI6STR, STM32MP131AAE3, STM32MP131AAF3, STM32MP131AAG3, STM32MP131CAE3, STM32MP131CAF3, STM32MP131CAG3, STM32MP131DAE7, STM32MP131DAF7, STM32MP131DAG7, STM32MP131FAE7, STM32MP131FAF7, STM32MP131FAG7, STM32MP133AAE3, STM32MP133AAF3, STM32MP133AAG3, STM32MP133CAE3, STM32MP133CAF3, STM32MP133CAG3, STM32MP133DAE7, STM32MP133DAF7, STM32MP133DAG7, STM32MP133FAE7, STM32MP133FAF7, STM32MP133FAG7, STM32MP135AAE3, STM32MP135AAF3, STM32MP135AAG3, STM32MP135CAE3, STM32MP135CAF3, STM32MP135CAG3, STM32MP135DAE7, STM32MP135DAF7, STM32MP135DAG7, STM32MP135F-DK, STM32MP135FAE7, STM32MP135FAF7, STM32MP135FAF7T, STM32MP135FAF7U, STM32MP135FAG7, STM32MP211AAL3, STM32MP211AAM3, STM32MP211AAN3, STM32MP211AAO3, STM32MP211CAL3, STM32MP211CAM3, STM32MP211CAN3, STM32MP211CAO3, STM32MP211DAL3, STM32MP211DAM3, STM32MP211DAN3, STM32MP211DAO3, STM32MP211FAL3, STM32MP211FAM3, STM32MP211FAN3, STM32MP211FAO3, STM32MP213AAL3, STM32MP213AAM3, STM32MP213AAN3, STM32MP213AAO3, STM32MP213CAL3, STM32MP213CAM3, STM32MP213CAN3, STM32MP213CAO3, STM32MP213DAL3, STM32MP213DAM3, STM32MP213DAN3, STM32MP213DAO3, STM32MP213FAL3, STM32MP213FAM3, STM32MP213FAN3, STM32MP213FAO3, STM32MP215AAL3, STM32MP215AAM3, STM32MP215AAN3, STM32MP215AAO3, STM32MP215CAL3, STM32MP215CAM3, STM32MP215CAN3, STM32MP215CAO3, STM32MP215DAL3, STM32MP215DAM3, STM32MP215DAN3, STM32MP215DAO3, STM32MP215F-DK, STM32MP215FAL3, STM32MP215FAM3, STM32MP215FAN3, STM32MP215FAO3, STM32MP231AAJ3, STM32MP231AAK3, STM32MP231AAL3, STM32MP231CAJ3, STM32MP231CAK3, STM32MP231CAL3, STM32MP231DAJ3, STM32MP231DAK3, STM32MP231DAL3, STM32MP231FAJ3, STM32MP231FAK3, STM32MP231FAL3, STM32MP233AAJ3, STM32MP233AAK3, STM32MP233AAL3, STM32MP233CAJ3, STM32MP233CAK3, STM32MP233CAL3, STM32MP233DAJ3, STM32MP233DAK3, STM32MP233DAL3, STM32MP233FAJ3, STM32MP233FAK3, STM32MP233FAL3, STM32MP235AAJ3, STM32MP235AAK3, STM32MP235AAL3, STM32MP235CAJ3, STM32MP235CAK3, STM32MP235CAL3, STM32MP235DAJ3, STM32MP235DAK3, STM32MP235DAL3, STM32MP235FAJ3, STM32MP235FAK3, STM32MP235FAL3, STM32MP251AAI3, STM32MP251AAK3, STM32MP251AAL3, STM32MP251CAI3, STM32MP251CAK3, STM32MP251CAL3, STM32MP251DAI3, STM32MP251DAK3, STM32MP251DAL3, STM32MP251FAI3, STM32MP251FAK3, STM32MP251FAL3, STM32MP253AAI3, STM32MP253AAK3, STM32MP253AAL3, STM32MP253CAI3, STM32MP253CAK3, STM32MP253CAL3, STM32MP253DAI3, STM32MP253DAK3, STM32MP253DAL3, STM32MP253FAI3, STM32MP253FAK3, STM32MP253FAL3, STM32MP255AAI3, STM32MP255AAK3, STM32MP255AAL3, STM32MP255CAI3, STM32MP255CAK3, STM32MP255CAL3, STM32MP255DAI3, STM32MP255DAK3, STM32MP255DAL3, STM32MP255FAI3, STM32MP255FAK3, STM32MP255FAL3, STM32MP257AAI3, STM32MP257AAK3, STM32MP257AAL3, STM32MP257CAI3, STM32MP257CAK3, STM32MP257CAL3, STM32MP257DAI3, STM32MP257DAK3, STM32MP257DAL3, STM32MP257F-DK, STM32MP257F-EV1, STM32MP257FAI3, STM32MP257FAK3, STM32MP257FAL3, STM32N645A0H3Q, STM32N645B0H3Q, STM32N645I0H3Q, STM32N645L0H3Q, STM32N645X0H3Q, STM32N645Z0H3Q, STM32N647A0H3Q, STM32N647B0H3Q, STM32N647I0H3Q, STM32N647L0H3Q, STM32N647X0H3Q, STM32N647Z0H3Q, STM32N655A0H3Q, STM32N655B0H3Q, STM32N655I0H3Q, STM32N655L0H3Q, STM32N655X0H3Q, STM32N655Z0H3Q, STM32N6570-DK, STM32N657A0H3Q, STM32N657B0H3Q, STM32N657I0H3Q, STM32N657L0H3Q, STM32N657X0H3Q, STM32N657Z0H3Q, STM32U031C6T6, STM32U031C6U6, STM32U031C8T6, STM32U031C8U6, STM32U031F4P6, STM32U031F6P6, STM32U031F8P6, STM32U031G6Y6TR, STM32U031G8Y6TR, STM32U031K4U6, STM32U031K6U6, STM32U031K8U6, STM32U031R6I6, STM32U031R6T6, STM32U031R8I6, STM32U031R8T6, STM32U073C8T6, STM32U073C8U6, STM32U073CBT6, STM32U073CBU6, STM32U073CCT6, STM32U073CCU6, STM32U073H8Y6TR, STM32U073HBY6TR, STM32U073HCY6TR, STM32U073K8U6, STM32U073KBU6, STM32U073KCU6, STM32U073M8I6, STM32U073M8T6, STM32U073MBI6, STM32U073MBT6, STM32U073MCI6, STM32U073MCT6, STM32U073R8I6, STM32U073R8T6, STM32U073RBI6, STM32U073RBT6, STM32U073RCI6, STM32U073RCT6, STM32U083C-DK, STM32U083CCT6, STM32U083CCU6, STM32U083HCY6TR, STM32U083KCU6, STM32U083MCI6, STM32U083MCT6, STM32U083RCI6, STM32U083RCT6, STM32U375CET6, STM32U375CET6Q, STM32U375CEU6, STM32U375CEU6Q, STM32U375CEY6QTR, STM32U375CGT6, STM32U375CGT6Q, STM32U375CGU6, STM32U375CGU6Q, STM32U375CGY6QTR, STM32U375KEU6, STM32U375KGU6, STM32U375REI6, STM32U375REI6Q, STM32U375RET6, STM32U375RET6Q, STM32U375REY6GTR, STM32U375REY6QTR, STM32U375RGI6, STM32U375RGI6Q, STM32U375RGT6, STM32U375RGT6Q, STM32U375RGY6GTR, STM32U375RGY6QTR, STM32U375VEI6, STM32U375VEI6Q, STM32U375VET6, STM32U375VET6Q, STM32U375VGI6, STM32U375VGI6Q, STM32U375VGT6, STM32U375VGT6Q, STM32U385CGT6, STM32U385CGT6Q, STM32U385CGU6, STM32U385CGU6Q, STM32U385CGY6QTR, STM32U385KGU6, STM32U385RGI6, STM32U385RGI6Q, STM32U385RGT6, STM32U385RGT6Q, STM32U385RGY6GTR, STM32U385RGY6QTR, STM32U385VGI6, STM32U385VGI6Q, STM32U385VGT6, STM32U385VGT6Q, STM32U535CBT6, STM32U535CBT6Q, STM32U535CBU6, STM32U535CBU6Q, STM32U535CCT6, STM32U535CCT6Q, STM32U535CCU6, STM32U535CCU6Q, STM32U535CET6, STM32U535CET6Q, STM32U535CEU6, STM32U535CEU6Q, STM32U535JEY6QTR, STM32U535NCY6QTR, STM32U535NEY6QTR, STM32U535RBI6, STM32U535RBI6Q, STM32U535RBT6, STM32U535RBT6Q, STM32U535RCI6, STM32U535RCI6Q, STM32U535RCT6, STM32U535RCT6Q, STM32U535REI6, STM32U535REI6Q, STM32U535RET6, STM32U535RET6Q, STM32U535VCI6, STM32U535VCI6Q, STM32U535VCT6, STM32U535VCT6Q, STM32U535VEI6, STM32U535VEI6Q, STM32U535VET6, STM32U535VET6Q, STM32U545CET6, STM32U545CET6Q, STM32U545CEU6, STM32U545CEU6Q, STM32U545JEY6QTR, STM32U545NEY6QTR, STM32U545REI6, STM32U545REI6Q, STM32U545RET6, STM32U545RET6Q, STM32U545VEI6, STM32U545VEI6Q, STM32U545VET6, STM32U545VET6Q, STM32U595AIH6, STM32U595AIH6Q, STM32U595AJH6, STM32U595AJH6Q, STM32U595QII6, STM32U595QII6Q, STM32U595QJI6, STM32U595QJI6Q, STM32U595RIT6, STM32U595RIT6Q, STM32U595RJT6, STM32U595RJT6Q, STM32U595VIT6, STM32U595VIT6Q, STM32U595VJT6, STM32U595VJT6Q, STM32U595ZIT6, STM32U595ZIT6Q, STM32U595ZIY6QTR, STM32U595ZJT6, STM32U595ZJT6Q, STM32U595ZJY6QTR, STM32U599BJY6QTR, STM32U599NIH6Q, STM32U599NJH6Q, STM32U599VIT6Q, STM32U599VJT6, STM32U599VJT6Q, STM32U599ZIT6Q, STM32U599ZIY6QTR, STM32U599ZJT6Q, STM32U599ZJY6QTR, STM32U5A5AJH6, STM32U5A5AJH6Q, STM32U5A5QII3Q , STM32U5A5QJI6, STM32U5A5QJI6Q, STM32U5A5RJT6, STM32U5A5RJT6Q, STM32U5A5VJT6, STM32U5A5VJT6Q, STM32U5A5ZJT6, STM32U5A5ZJT6Q, STM32U5A5ZJY6QTR, STM32U5A9BJY6QTR, STM32U5A9J-DK, STM32U5A9NJH6Q, STM32U5A9VJT6Q, STM32U5A9ZJT6Q, STM32U5A9ZJY6QTR, STM32U5F7VIT6, STM32U5F7VIT6Q, STM32U5F7VJT6, STM32U5F7VJT6Q, STM32U5F9BJY6QTR, STM32U5F9NJH6Q, STM32U5F9VIT6Q, STM32U5F9VJT6Q, STM32U5F9ZIJ6QTR, STM32U5F9ZIT6Q, STM32U5F9ZJJ6QTR, STM32U5F9ZJT6Q, STM32U5G7VJT6, STM32U5G7VJT6Q, STM32U5G9BJY6QTR, STM32U5G9J-DK1, STM32U5G9J-DK2, STM32U5G9NJH6Q, STM32U5G9VJT6Q, STM32U5G9ZJJ6QTR, STM32U5G9ZJT6Q, STM32WB05KZV6TR, STM32WB05KZV7TR, STM32WB05TZF6TR, STM32WB05TZF7TR, STM32WB06CCF6TR, STM32WB06CCF7TR, STM32WB06CCV6TR, STM32WB06CCV7TR, STM32WB06KCV6TR, STM32WB06KCV7TR, STM32WB07CCF6TR, STM32WB07CCF7TR, STM32WB07CCV6TR, STM32WB07CCV7TR, STM32WB07KCV6TR, STM32WB07KCV7TR, STM32WB09KEV6TR, STM32WB09KEV7TR, STM32WB09TEF6TR, STM32WB09TEF7TR, STM32WB1MMCH6, STM32WBA50KGU6, STM32WBA50KGU6TR, STM32WBA52CEU6, STM32WBA52CEU6TR, STM32WBA52CEU7, STM32WBA52CEU7TR, STM32WBA52CGU6, STM32WBA52CGU6TR, STM32WBA52CGU6U, STM32WBA52CGU7, STM32WBA52CGU7TR, STM32WBA52KEU6, STM32WBA52KEU6TR, STM32WBA52KGU6, STM32WBA52KGU6TR, STM32WBA54CEU6, STM32WBA54CEU6TR, STM32WBA54CEU7, STM32WBA54CEU7TR, STM32WBA54CGU6, STM32WBA54CGU6TR, STM32WBA54CGU7, STM32WBA54CGU7TR, STM32WBA54KEU6, STM32WBA54KEU6TR, STM32WBA54KEU7, STM32WBA54KEU7TR, STM32WBA54KGU6, STM32WBA54KGU6TR, STM32WBA54KGU7, STM32WBA54KGU7TR, STM32WBA55CEU6, STM32WBA55CEU6TR, STM32WBA55CEU7, STM32WBA55CEU7TR, STM32WBA55CGU6, STM32WBA55CGU6TR, STM32WBA55CGU6U, STM32WBA55CGU7, STM32WBA55CGU7TR, STM32WBA55G-DK1, STM32WBA55HEF6, STM32WBA55HEF7, STM32WBA55HGF6, STM32WBA55HGF7, STM32WBA55UEI6, STM32WBA55UEI6TR, STM32WBA55UEI7, STM32WBA55UEI7TR, STM32WBA55UGI6, STM32WBA55UGI6TR, STM32WBA55UGI7, STM32WBA55UGI7TR, STM32WBA5MMGH6TR, STM32WBA62MGF6, STM32WBA62MIF6, STM32WBA65MGF7, STM32WBA65MIF6, STM32WBA65MIF7, STM32WL30K8V6, STM32WL30KBV6, STM32WL31C8V6, STM32WL31CBV6, STM32WL31K8V6, STM32WL31KBV6, STM32WL33C8V6, STM32WL33C8V6X, STM32WL33CBV6, STM32WL33CBV6X, STM32WL33CCV6, STM32WL33CCV6A, STM32WL33CCV6X, STM32WL33K8V7, STM32WL33K8V7X, STM32WL33KBV7 , STM32WL33KBV7X, STM32WL33KCV7, STM32WL33KCV7X, STM32WL5MOCH6, STM32WL5MOCH6TR]
2026-08-29 09:44:19,100 [INFO] DbMcus:218 - Found 5314 MCUs, 5126 are supported
2026-08-29 09:44:19,101 [INFO] ApiDb:423 - Load user favorites file C:\Users\student/.stm32cubeide/favorites.mcus.txt: 0 item(s)
2026-08-29 09:44:19,101 [INFO] ApiDb:427 - User favorites MCUs=[]
2026-08-29 09:44:19,101 [INFO] DbMcus:224 - Set 0 / 0 favorites MCUs
2026-08-29 09:44:19,359 [INFO] ApiDb:668 - CubeFinder database Data Model version=2.1
2026-08-29 09:44:19,360 [INFO] ApiDb:669 - CubeFinder database Configuration version=3.0.42
2026-08-29 09:44:19,360 [INFO] ApiDb:670 - CubeFinder database generation date=2026-08-04 (1785840812)
2026-08-29 09:44:19,360 [INFO] ApiDb:671 - CubeFinder database FW Pack versions=[FP-ATR-ASTRA1_V2.0.0, FP-SNS-FLIGHT1_V5.1.0, FP-SNS-MOTENV1_V5.1.0, FP-SNS-MOTENVWB1_V1.5.0, FP-SNS-SMARTAG2_V1.2.0, FP-SNS-STBOX1_V2.1.0, STM32Cube_FW_C0_V1.4.1, STM32Cube_FW_F4_V1.28.3, STM32Cube_FW_F7_V1.17.4, STM32Cube_FW_G0_V1.6.3, STM32Cube_FW_G4_V1.6.2, STM32Cube_FW_H5_V1.7.0, STM32Cube_FW_H7RS_V1.3.0, STM32Cube_FW_H7_V1.13.0, STM32Cube_FW_L0_V1.12.2, STM32Cube_FW_L4_V1.18.2, STM32Cube_FW_L5_V1.6.0, STM32Cube_FW_N6_V1.4.0, STM32Cube_FW_U0_V1.3.0, STM32Cube_FW_U3_V1.4.0, STM32Cube_FW_U5_V1.9.0, STM32Cube_FW_WB0_V1.5.0, STM32Cube_FW_WBA_V1.10.0, STM32Cube_FW_WB_V1.24.0, STM32Cube_FW_WL3_V1.5.0, STM32Cube_FW_WL_V1.6.0, X-CUBE-ALGOBUILD_V1.5.0, X-CUBE-ALS_V1.0.2, X-CUBE-AZRTOS-F4_V1.1.0, X-CUBE-AZRTOS-F7_V1.1.0, X-CUBE-AZRTOS-G0_V1.1.0, X-CUBE-AZRTOS-G4_V2.0.0, X-CUBE-AZRTOS-H7RS_V1.3.0, X-CUBE-AZRTOS-H7_V3.5.0, X-CUBE-AZRTOS-L4_V2.0.0, X-CUBE-AZRTOS-L5_V2.0.0, X-CUBE-AZRTOS-WB_V2.0.0, X-CUBE-AZRTOS-WL_V2.0.0, X-CUBE-BLE1_V7.1.0, X-CUBE-BLE2_V3.3.0, X-CUBE-BLEMGR_V4.2.0, X-CUBE-EEPRMA1_V5.2.0, X-CUBE-FREERTOS_V1.6.0, X-CUBE-GNSS1_V7.1.1, X-CUBE-MEMS1_V13.0.0, X-CUBE-NFC4_V3.0.0, X-CUBE-NFC7_V2.0.0, X-CUBE-SFXS2LP1_V4.0.0, X-CUBE-ST67W61_V1.3.0, X-CUBE-SUBG2_V5.0.0, X-CUBE-TOF1_V3.4.3]
2026-08-29 09:44:19,388 [INFO] DbBoardsSqlite:226 - include board P-NUCLEO-WB55-NUCLEO as a kit item of type 'Nucleo-64'
2026-08-29 09:44:19,389 [INFO] DbBoardsSqlite:226 - include board P-NUCLEO-WB55-USBDONGLE as a kit item of type 'Nucleo USB Dongle'
2026-08-29 09:44:19,389 [INFO] DbBoardsSqlite:226 - include board STEVAL-IDP005V1 as a kit item of type 'Evaluation Board'
2026-08-29 09:44:19,389 [INFO] DbBoardsSqlite:226 - include board STEVAL-IDP005V2 as a kit item of type 'Evaluation Board'
2026-08-29 09:44:19,433 [INFO] ApiDb:240 - Found 880 in-development CPN: [B-G473E-ZEST1S, B-WB1M-WPAN1, B-WBA5M-WPAN, B-WL5M-SUBG1, NUCLEO-C031C6, NUCLEO-C051C8, NUCLEO-C071RB, NUCLEO-C092RC, NUCLEO-H503RB, NUCLEO-H533RE, NUCLEO-H563ZI, NUCLEO-H7S3L8, NUCLEO-N657X0-Q, NUCLEO-U031R8, NUCLEO-U083RC, NUCLEO-U385RG-Q, NUCLEO-U545RE-Q, NUCLEO-U5A5ZJ-Q, NUCLEO-WB05KZ, NUCLEO-WB07CC, NUCLEO-WB09KE, NUCLEO-WBA52CG, NUCLEO-WBA55CG, NUCLEO-WL33CC1, NUCLEO-WL33CC2, STEVAL-PROTEUS1, STEVAL-SMARTAG2, STEVAL-STWINBX1, STM320518-EVAL, STM32C0116-DK, STM32C011D6Y3TR, STM32C011D6Y6TR, STM32C011F4P3, STM32C011F4P6, STM32C011F4U3, STM32C011F4U6TR, STM32C011F6P3, STM32C011F6P6, STM32C011F6U3, STM32C011F6U6TR, STM32C011J4M3, STM32C011J4M6, STM32C011J6M3, STM32C011J6M6, STM32C0316-DK, STM32C031C4T3, STM32C031C4T6, STM32C031C4U3, STM32C031C4U6, STM32C031C6T3, STM32C031C6T6, STM32C031C6U3, STM32C031C6U6, STM32C031F4P3, STM32C031F4P6, STM32C031F6P3, STM32C031F6P6, STM32C031G4U3, STM32C031G4U6, STM32C031G6U3, STM32C031G6U6, STM32C031K4T3, STM32C031K4T6, STM32C031K4U3, STM32C031K4U6, STM32C031K6T3, STM32C031K6T6, STM32C031K6U3, STM32C031K6U6, STM32C051C6T6, STM32C051C6U6, STM32C051C8T6, STM32C051C8U6, STM32C051D8Y6TR, STM32C051F6P6, STM32C051F8P6, STM32C051G6U6, STM32C051G8U6, STM32C051K6T6, STM32C051K6U6, STM32C051K8T6, STM32C071C8T6, STM32C071C8T6N, STM32C071C8U6, STM32C071C8U6N, STM32C071CBT6, STM32C071CBT6N, STM32C071CBU6, STM32C071CBU6N, STM32C071F8P6, STM32C071F8P6N, STM32C071FBP6, STM32C071FBP6N, STM32C071FBY6TR, STM32C071G8U6, STM32C071G8U6N, STM32C071GBU6, STM32C071GBU6N, STM32C071K8T6, STM32C071K8T6N, STM32C071K8U6, STM32C071K8U6N, STM32C071KBT6, STM32C071KBT6N, STM32C071KBU6, STM32C071KBU6N, STM32C071R8T6, STM32C071R8T6N, STM32C071RBI6N, STM32C071RBT6, STM32C071RBT6N, STM32C091CBT6, STM32C091CBU6, STM32C091CCT6, STM32C091CCU6, STM32C091ECY6TR, STM32C091FBP6, STM32C091FCP6, STM32C091GBU6, STM32C091GCU6, STM32C091KBT6, STM32C091KBU6, STM32C091KCT6, STM32C091KCU6, STM32C091RBT6, STM32C091RCI6, STM32C091RCT6, STM32C092CBT6, STM32C092CBU6, STM32C092CCT6, STM32C092CCU6, STM32C092ECY6TR, STM32C092FBP6, STM32C092FCP6, STM32C092GBU6, STM32C092GCU6, STM32C092KBT6, STM32C092KBU6, STM32C092KCT6, STM32C092KCU6, STM32C092RBT6, STM32C092RCI6, STM32C092RCT6, STM32G071K8TXN, STM32G071K8UXN, STM32G081GBU6N, STM32G081KBT6N, STM32G081KBUXN, STM32G0B1CCT6N, STM32G0B1KCT6, STM32G0B1NEY6TR, STM32G0B1RCT6N, STM32G0C1CCT6, STM32G0C1CCT6N, STM32G0C1CCU6N, STM32G0C1CET6N, STM32G0C1CEU6N, STM32G0C1KCT6, STM32G0C1NEY6TR, STM32G0C1RCI6N, STM32G0C1RCT6N, STM32G0C1REI6N, STM32G0C1RET6N, STM32G0C1VCI6, STM32G0C1VEI6, STM32G411C6T3, STM32G411C6T6, STM32G411C6U3, STM32G411C6U6, STM32G411C8T3, STM32G411C8T6, STM32G411C8U3, STM32G411C8U6, STM32G411CBT3, STM32G411CBT6, STM32G411CBU3, STM32G411CBU6, STM32G411K6T3, STM32G411K6T6, STM32G411K6U3, STM32G411K6U6, STM32G411K8T3, STM32G411K8T6, STM32G411K8U3, STM32G411K8U6, STM32G411KBT3, STM32G411KBT6, STM32G411KBU3, STM32G411KBU6, STM32G411M6T3, STM32G411M6T6, STM32G411M8T3, STM32G411M8T6, STM32G411MBT3, STM32G411MBT6, STM32G411R6T3, STM32G411R6T6, STM32G411R8T3, STM32G411R8T6, STM32G411RBT3, STM32G411RBT6, STM32G414CBT3, STM32G414CBT6, STM32G414CBU3, STM32G414CBU6, STM32G414CCT3, STM32G414CCT6, STM32G414CCU3, STM32G414CCU6, STM32G414MBT3, STM32G414MBT6, STM32G414MCT3, STM32G414MCT6, STM32G414RBT3, STM32G414RBT6, STM32G414RCT3, STM32G414RCT6, STM32G414VBT3, STM32G414VBT6, STM32G414VCT3, STM32G414VCT6, STM32G431CBT3Z, STM32G431RBT3Z, STM32G471CCT6, STM32G471CCU6, STM32G471CET3, STM32G471CET6, STM32G471CEU3, STM32G471CEU6, STM32G471MCT6, STM32G471MET3, STM32G471MET6, STM32G471MEY6TR, STM32G471QCT6, STM32G471QET3, STM32G471RCT6, STM32G471RET3, STM32G471RET6, STM32G471VCH6, STM32G471VCI6, STM32G471VCT6, STM32G471VEH3, STM32G471VEH6, STM32G471VEI3, STM32G471VEI6, STM32G471VET3, STM32G471VET6, STM32G473QET3Z, STM32G473RET3Z, STM32G474CCT6, STM32G491RET3Z, STM32H503CBT6, STM32H503CBU6, STM32H503EBY6TR, STM32H503KBU6, STM32H503RBT6, STM32H523CCT6, STM32H523CCU6, STM32H523CET6, STM32H523CEU6, STM32H523HEY6TR, STM32H523RCT6, STM32H523RET6, STM32H523VCI6, STM32H523VCT6, STM32H523VEI6, STM32H523VET6, STM32H523ZCJ6, STM32H523ZCT6, STM32H523ZEJ6, STM32H523ZET6, STM32H533CET6, STM32H533CEU6, STM32H533HEY6TR, STM32H533RET6, STM32H533VEI6, STM32H533VET6, STM32H533ZEJ6, STM32H533ZET6, STM32H562AGI6, STM32H562AII6, STM32H562IGK6, STM32H562IGT6, STM32H562IIK6, STM32H562IIT6, STM32H562RGT6, STM32H562RGV6, STM32H562RIT6, STM32H562RIV6, STM32H562VGT6, STM32H562VIT6, STM32H562ZGT6, STM32H562ZIT6, STM32H563AGI6, STM32H563AII3Q, STM32H563AII6, STM32H563IGK6, STM32H563IGT6, STM32H563IIK3Q, STM32H563IIK6, STM32H563IIT3Q, STM32H563IIT6, STM32H563MIY3QTR, STM32H563RGT6, STM32H563RGV6, STM32H563RIT6, STM32H563RIV6, STM32H563VGT6, STM32H563VIT3Q, STM32H563VIT6, STM32H563ZGT6, STM32H563ZIT3Q, STM32H563ZIT6, STM32H573AII3Q, STM32H573AII6, STM32H573I-DK, STM32H573IIK3Q, STM32H573IIK6, STM32H573IIT3Q, STM32H573IIT6, STM32H573MIY3QTR, STM32H573RIT6, STM32H573RIV6, STM32H573VIT3Q, STM32H573VIT6, STM32H573ZIT3Q, STM32H573ZIT6, STM32H7R3A8I6, STM32H7R3I8K6, STM32H7R3I8T6, STM32H7R3L8H6, STM32H7R3L8H6H, STM32H7R3R8V6, STM32H7R3V8H6, STM32H7R3V8T6, STM32H7R3V8Y6TR, STM32H7R3Z8J6, STM32H7R3Z8T6, STM32H7R7A8I6, STM32H7R7I8K6, STM32H7R7I8T6, STM32H7R7L8H6, STM32H7R7L8H6H, STM32H7R7Z8J6, STM32H7S3A8I6, STM32H7S3I8K6, STM32H7S3I8T6, STM32H7S3L8H6, STM32H7S3L8H6H, STM32H7S3R8V6, STM32H7S3V8H6, STM32H7S3V8T6, STM32H7S3V8Y6TR, STM32H7S3Z8J6, STM32H7S3Z8T6, STM32H7S78-DK, STM32H7S7A8I6, STM32H7S7I8K6, STM32H7S7I8T6, STM32H7S7L8H6, STM32H7S7L8H6H, STM32H7S7Z8J6, STM32L4R5QGI6STR, STM32MP131AAE3, STM32MP131AAF3, STM32MP131AAG3, STM32MP131CAE3, STM32MP131CAF3, STM32MP131CAG3, STM32MP131DAE7, STM32MP131DAF7, STM32MP131DAG7, STM32MP131FAE7, STM32MP131FAF7, STM32MP131FAG7, STM32MP133AAE3, STM32MP133AAF3, STM32MP133AAG3, STM32MP133CAE3, STM32MP133CAF3, STM32MP133CAG3, STM32MP133DAE7, STM32MP133DAF7, STM32MP133DAG7, STM32MP133FAE7, STM32MP133FAF7, STM32MP133FAG7, STM32MP135AAE3, STM32MP135AAF3, STM32MP135AAG3, STM32MP135CAE3, STM32MP135CAF3, STM32MP135CAG3, STM32MP135DAE7, STM32MP135DAF7, STM32MP135DAG7, STM32MP135F-DK, STM32MP135FAE7, STM32MP135FAF7, STM32MP135FAF7T, STM32MP135FAF7U, STM32MP135FAG7, STM32MP211AAL3, STM32MP211AAM3, STM32MP211AAN3, STM32MP211AAO3, STM32MP211CAL3, STM32MP211CAM3, STM32MP211CAN3, STM32MP211CAO3, STM32MP211DAL3, STM32MP211DAM3, STM32MP211DAN3, STM32MP211DAO3, STM32MP211FAL3, STM32MP211FAM3, STM32MP211FAN3, STM32MP211FAO3, STM32MP213AAL3, STM32MP213AAM3, STM32MP213AAN3, STM32MP213AAO3, STM32MP213CAL3, STM32MP213CAM3, STM32MP213CAN3, STM32MP213CAO3, STM32MP213DAL3, STM32MP213DAM3, STM32MP213DAN3, STM32MP213DAO3, STM32MP213FAL3, STM32MP213FAM3, STM32MP213FAN3, STM32MP213FAO3, STM32MP215AAL3, STM32MP215AAM3, STM32MP215AAN3, STM32MP215AAO3, STM32MP215CAL3, STM32MP215CAM3, STM32MP215CAN3, STM32MP215CAO3, STM32MP215DAL3, STM32MP215DAM3, STM32MP215DAN3, STM32MP215DAO3, STM32MP215F-DK, STM32MP215FAL3, STM32MP215FAM3, STM32MP215FAN3, STM32MP215FAO3, STM32MP231AAJ3, STM32MP231AAK3, STM32MP231AAL3, STM32MP231CAJ3, STM32MP231CAK3, STM32MP231CAL3, STM32MP231DAJ3, STM32MP231DAK3, STM32MP231DAL3, STM32MP231FAJ3, STM32MP231FAK3, STM32MP231FAL3, STM32MP233AAJ3, STM32MP233AAK3, STM32MP233AAL3, STM32MP233CAJ3, STM32MP233CAK3, STM32MP233CAL3, STM32MP233DAJ3, STM32MP233DAK3, STM32MP233DAL3, STM32MP233FAJ3, STM32MP233FAK3, STM32MP233FAL3, STM32MP235AAJ3, STM32MP235AAK3, STM32MP235AAL3, STM32MP235CAJ3, STM32MP235CAK3, STM32MP235CAL3, STM32MP235DAJ3, STM32MP235DAK3, STM32MP235DAL3, STM32MP235FAJ3, STM32MP235FAK3, STM32MP235FAL3, STM32MP251AAI3, STM32MP251AAK3, STM32MP251AAL3, STM32MP251CAI3, STM32MP251CAK3, STM32MP251CAL3, STM32MP251DAI3, STM32MP251DAK3, STM32MP251DAL3, STM32MP251FAI3, STM32MP251FAK3, STM32MP251FAL3, STM32MP253AAI3, STM32MP253AAK3, STM32MP253AAL3, STM32MP253CAI3, STM32MP253CAK3, STM32MP253CAL3, STM32MP253DAI3, STM32MP253DAK3, STM32MP253DAL3, STM32MP253FAI3, STM32MP253FAK3, STM32MP253FAL3, STM32MP255AAI3, STM32MP255AAK3, STM32MP255AAL3, STM32MP255CAI3, STM32MP255CAK3, STM32MP255CAL3, STM32MP255DAI3, STM32MP255DAK3, STM32MP255DAL3, STM32MP255FAI3, STM32MP255FAK3, STM32MP255FAL3, STM32MP257AAI3, STM32MP257AAK3, STM32MP257AAL3, STM32MP257CAI3, STM32MP257CAK3, STM32MP257CAL3, STM32MP257DAI3, STM32MP257DAK3, STM32MP257DAL3, STM32MP257F-DK, STM32MP257F-EV1, STM32MP257FAI3, STM32MP257FAK3, STM32MP257FAL3, STM32N645A0H3Q, STM32N645B0H3Q, STM32N645I0H3Q, STM32N645L0H3Q, STM32N645X0H3Q, STM32N645Z0H3Q, STM32N647A0H3Q, STM32N647B0H3Q, STM32N647I0H3Q, STM32N647L0H3Q, STM32N647X0H3Q, STM32N647Z0H3Q, STM32N655A0H3Q, STM32N655B0H3Q, STM32N655I0H3Q, STM32N655L0H3Q, STM32N655X0H3Q, STM32N655Z0H3Q, STM32N6570-DK, STM32N657A0H3Q, STM32N657B0H3Q, STM32N657I0H3Q, STM32N657L0H3Q, STM32N657X0H3Q, STM32N657Z0H3Q, STM32U031C6T6, STM32U031C6U6, STM32U031C8T6, STM32U031C8U6, STM32U031F4P6, STM32U031F6P6, STM32U031F8P6, STM32U031G6Y6TR, STM32U031G8Y6TR, STM32U031K4U6, STM32U031K6U6, STM32U031K8U6, STM32U031R6I6, STM32U031R6T6, STM32U031R8I6, STM32U031R8T6, STM32U073C8T6, STM32U073C8U6, STM32U073CBT6, STM32U073CBU6, STM32U073CCT6, STM32U073CCU6, STM32U073H8Y6TR, STM32U073HBY6TR, STM32U073HCY6TR, STM32U073K8U6, STM32U073KBU6, STM32U073KCU6, STM32U073M8I6, STM32U073M8T6, STM32U073MBI6, STM32U073MBT6, STM32U073MCI6, STM32U073MCT6, STM32U073R8I6, STM32U073R8T6, STM32U073RBI6, STM32U073RBT6, STM32U073RCI6, STM32U073RCT6, STM32U083C-DK, STM32U083CCT6, STM32U083CCU6, STM32U083HCY6TR, STM32U083KCU6, STM32U083MCI6, STM32U083MCT6, STM32U083RCI6, STM32U083RCT6, STM32U375CET6, STM32U375CET6Q, STM32U375CEU6, STM32U375CEU6Q, STM32U375CEY6QTR, STM32U375CGT6, STM32U375CGT6Q, STM32U375CGU6, STM32U375CGU6Q, STM32U375CGY6QTR, STM32U375KEU6, STM32U375KGU6, STM32U375REI6, STM32U375REI6Q, STM32U375RET6, STM32U375RET6Q, STM32U375REY6GTR, STM32U375REY6QTR, STM32U375RGI6, STM32U375RGI6Q, STM32U375RGT6, STM32U375RGT6Q, STM32U375RGY6GTR, STM32U375RGY6QTR, STM32U375VEI6, STM32U375VEI6Q, STM32U375VET6, STM32U375VET6Q, STM32U375VGI6, STM32U375VGI6Q, STM32U375VGT6, STM32U375VGT6Q, STM32U385CGT6, STM32U385CGT6Q, STM32U385CGU6, STM32U385CGU6Q, STM32U385CGY6QTR, STM32U385KGU6, STM32U385RGI6, STM32U385RGI6Q, STM32U385RGT6, STM32U385RGT6Q, STM32U385RGY6GTR, STM32U385RGY6QTR, STM32U385VGI6, STM32U385VGI6Q, STM32U385VGT6, STM32U385VGT6Q, STM32U535CBT6, STM32U535CBT6Q, STM32U535CBU6, STM32U535CBU6Q, STM32U535CCT6, STM32U535CCT6Q, STM32U535CCU6, STM32U535CCU6Q, STM32U535CET6, STM32U535CET6Q, STM32U535CEU6, STM32U535CEU6Q, STM32U535JEY6QTR, STM32U535NCY6QTR, STM32U535NEY6QTR, STM32U535RBI6, STM32U535RBI6Q, STM32U535RBT6, STM32U535RBT6Q, STM32U535RCI6, STM32U535RCI6Q, STM32U535RCT6, STM32U535RCT6Q, STM32U535REI6, STM32U535REI6Q, STM32U535RET6, STM32U535RET6Q, STM32U535VCI6, STM32U535VCI6Q, STM32U535VCT6, STM32U535VCT6Q, STM32U535VEI6, STM32U535VEI6Q, STM32U535VET6, STM32U535VET6Q, STM32U545CET6, STM32U545CET6Q, STM32U545CEU6, STM32U545CEU6Q, STM32U545JEY6QTR, STM32U545NEY6QTR, STM32U545REI6, STM32U545REI6Q, STM32U545RET6, STM32U545RET6Q, STM32U545VEI6, STM32U545VEI6Q, STM32U545VET6, STM32U545VET6Q, STM32U595AIH6, STM32U595AIH6Q, STM32U595AJH6, STM32U595AJH6Q, STM32U595QII6, STM32U595QII6Q, STM32U595QJI6, STM32U595QJI6Q, STM32U595RIT6, STM32U595RIT6Q, STM32U595RJT6, STM32U595RJT6Q, STM32U595VIT6, STM32U595VIT6Q, STM32U595VJT6, STM32U595VJT6Q, STM32U595ZIT6, STM32U595ZIT6Q, STM32U595ZIY6QTR, STM32U595ZJT6, STM32U595ZJT6Q, STM32U595ZJY6QTR, STM32U599BJY6QTR, STM32U599NIH6Q, STM32U599NJH6Q, STM32U599VIT6Q, STM32U599VJT6, STM32U599VJT6Q, STM32U599ZIT6Q, STM32U599ZIY6QTR, STM32U599ZJT6Q, STM32U599ZJY6QTR, STM32U5A5AJH6, STM32U5A5AJH6Q, STM32U5A5QII3Q , STM32U5A5QJI6, STM32U5A5QJI6Q, STM32U5A5RJT6, STM32U5A5RJT6Q, STM32U5A5VJT6, STM32U5A5VJT6Q, STM32U5A5ZJT6, STM32U5A5ZJT6Q, STM32U5A5ZJY6QTR, STM32U5A9BJY6QTR, STM32U5A9J-DK, STM32U5A9NJH6Q, STM32U5A9VJT6Q, STM32U5A9ZJT6Q, STM32U5A9ZJY6QTR, STM32U5F7VIT6, STM32U5F7VIT6Q, STM32U5F7VJT6, STM32U5F7VJT6Q, STM32U5F9BJY6QTR, STM32U5F9NJH6Q, STM32U5F9VIT6Q, STM32U5F9VJT6Q, STM32U5F9ZIJ6QTR, STM32U5F9ZIT6Q, STM32U5F9ZJJ6QTR, STM32U5F9ZJT6Q, STM32U5G7VJT6, STM32U5G7VJT6Q, STM32U5G9BJY6QTR, STM32U5G9J-DK1, STM32U5G9J-DK2, STM32U5G9NJH6Q, STM32U5G9VJT6Q, STM32U5G9ZJJ6QTR, STM32U5G9ZJT6Q, STM32WB05KZV6TR, STM32WB05KZV7TR, STM32WB05TZF6TR, STM32WB05TZF7TR, STM32WB06CCF6TR, STM32WB06CCF7TR, STM32WB06CCV6TR, STM32WB06CCV7TR, STM32WB06KCV6TR, STM32WB06KCV7TR, STM32WB07CCF6TR, STM32WB07CCF7TR, STM32WB07CCV6TR, STM32WB07CCV7TR, STM32WB07KCV6TR, STM32WB07KCV7TR, STM32WB09KEV6TR, STM32WB09KEV7TR, STM32WB09TEF6TR, STM32WB09TEF7TR, STM32WB1MMCH6, STM32WBA50KGU6, STM32WBA50KGU6TR, STM32WBA52CEU6, STM32WBA52CEU6TR, STM32WBA52CEU7, STM32WBA52CEU7TR, STM32WBA52CGU6, STM32WBA52CGU6TR, STM32WBA52CGU6U, STM32WBA52CGU7, STM32WBA52CGU7TR, STM32WBA52KEU6, STM32WBA52KEU6TR, STM32WBA52KGU6, STM32WBA52KGU6TR, STM32WBA54CEU6, STM32WBA54CEU6TR, STM32WBA54CEU7, STM32WBA54CEU7TR, STM32WBA54CGU6, STM32WBA54CGU6TR, STM32WBA54CGU7, STM32WBA54CGU7TR, STM32WBA54KEU6, STM32WBA54KEU6TR, STM32WBA54KEU7, STM32WBA54KEU7TR, STM32WBA54KGU6, STM32WBA54KGU6TR, STM32WBA54KGU7, STM32WBA54KGU7TR, STM32WBA55CEU6, STM32WBA55CEU6TR, STM32WBA55CEU7, STM32WBA55CEU7TR, STM32WBA55CGU6, STM32WBA55CGU6TR, STM32WBA55CGU6U, STM32WBA55CGU7, STM32WBA55CGU7TR, STM32WBA55G-DK1, STM32WBA55HEF6, STM32WBA55HEF7, STM32WBA55HGF6, STM32WBA55HGF7, STM32WBA55UEI6, STM32WBA55UEI6TR, STM32WBA55UEI7, STM32WBA55UEI7TR, STM32WBA55UGI6, STM32WBA55UGI6TR, STM32WBA55UGI7, STM32WBA55UGI7TR, STM32WBA5MMGH6TR, STM32WBA62MGF6, STM32WBA62MIF6, STM32WBA65MGF7, STM32WBA65MIF6, STM32WBA65MIF7, STM32WL30K8V6, STM32WL30KBV6, STM32WL31C8V6, STM32WL31CBV6, STM32WL31K8V6, STM32WL31KBV6, STM32WL33C8V6, STM32WL33C8V6X, STM32WL33CBV6, STM32WL33CBV6X, STM32WL33CCV6, STM32WL33CCV6A, STM32WL33CCV6X, STM32WL33K8V7, STM32WL33K8V7X, STM32WL33KBV7 , STM32WL33KBV7X, STM32WL33KCV7, STM32WL33KCV7X, STM32WL5MOCH6, STM32WL5MOCH6TR]
2026-08-29 09:44:19,536 [INFO] BoardInfo:889 - No configuration file found for board NUCLEO-H553ZG
2026-08-29 09:44:19,537 [INFO] DbBoards:161 - Board is not supported: NUCLEO-H553ZG
2026-08-29 09:44:19,539 [INFO] BoardInfo:889 - No configuration file found for board NUCLEO-H5E5ZJ
2026-08-29 09:44:19,539 [INFO] DbBoards:161 - Board is not supported: NUCLEO-H5E5ZJ
2026-08-29 09:44:19,582 [INFO] BoardInfo:889 - No configuration file found for board NUCLEO-U3C5ZI-Q
2026-08-29 09:44:19,582 [INFO] DbBoards:161 - Board is not supported: NUCLEO-U3C5ZI-Q
2026-08-29 09:44:19,593 [INFO] BoardInfo:889 - No configuration file found for board NUCLEO-WBA25CE1
2026-08-29 09:44:19,594 [INFO] DbBoards:161 - Board is not supported: NUCLEO-WBA25CE1
2026-08-29 09:44:19,601 [INFO] BoardInfo:889 - No configuration file found for board NUCLEO-WL3RKB1
2026-08-29 09:44:19,602 [INFO] DbBoards:161 - Board is not supported: NUCLEO-WL3RKB1
2026-08-29 09:44:19,603 [INFO] BoardInfo:889 - No configuration file found for board NUCLEO-WL3RKB2
2026-08-29 09:44:19,604 [INFO] DbBoards:161 - Board is not supported: NUCLEO-WL3RKB2
2026-08-29 09:44:19,609 [INFO] BoardInfo:889 - No configuration file found for board P-NUCLEO-WB55
2026-08-29 09:44:19,610 [INFO] DbBoards:161 - Kit is not supported: P-NUCLEO-WB55
2026-08-29 09:44:19,616 [INFO] BoardInfo:889 - No configuration file found for board STEVAL-BFA001V1B
2026-08-29 09:44:19,617 [INFO] DbBoards:161 - Kit is not supported: STEVAL-BFA001V1B
2026-08-29 09:44:19,617 [INFO] BoardInfo:889 - No configuration file found for board STEVAL-BFA001V2B
2026-08-29 09:44:19,618 [INFO] DbBoards:161 - Kit is not supported: STEVAL-BFA001V2B
2026-08-29 09:44:19,698 [INFO] BoardInfo:889 - No configuration file found for board STM32H5F5J-DK
2026-08-29 09:44:19,699 [INFO] DbBoards:161 - Board is not supported: STM32H5F5J-DK
2026-08-29 09:44:19,704 [ERROR] LogOutputStream:75 - [STDERR_REDIRECT] [Fatal Error] :1:1: Premature end of file.
2026-08-29 09:44:19,704 [ERROR] LogOutputStream:75 - [STDERR_REDIRECT] 
2026-08-29 09:44:19,758 [INFO] DbBoards:168 - Found 219 boards, 209 are supported
2026-08-29 09:44:19,758 [INFO] DbBoards:169 - Found 219 boards, 43 of them is supported for  Bsp
2026-08-29 09:44:19,761 [INFO] ApiDb:423 - Load user favorites file C:\Users\student/.stm32cubeide/favorites.boards.txt: 0 item(s)
2026-08-29 09:44:19,761 [INFO] ApiDb:427 - User favorites Boards=[]
2026-08-29 09:44:19,761 [INFO] DbBoards:198 - Set 0 / 0 favorites Boards
2026-08-29 09:44:19,761 [INFO] McuFinderGlobals:76 - Set McuFinderConnectedMode to true
2026-08-29 09:44:19,768 [INFO] MultiScanPanel:200 - Auto-refresh data requested => check proxy status ongoing
2026-08-29 09:44:19,770 [INFO] FinderPluginLoader:96 - Searching for filters in installed packs
2026-08-29 09:44:20,688 [INFO] LoadUrlFilesThread:185 - End of LoadServerUrlFiles without Thread
2026-08-29 09:44:20,709 [INFO] DetailPanel:341 - Set advertising image to C:/Users/student/STM32Cube/Repository/\en.stm32h5cubemxbanner.png
2026-08-29 09:44:20,711 [ERROR] LogOutputStream:75 - [STDERR_REDIRECT] [Fatal Error] :1:1: Premature end of file.
2026-08-29 09:44:20,711 [ERROR] LogOutputStream:75 - [STDERR_REDIRECT] 
2026-08-29 09:44:21,708 [ERROR] LogOutputStream:75 - [STDERR_REDIRECT] [Fatal Error] :1:1: Premature end of file.
2026-08-29 09:44:21,709 [ERROR] LogOutputStream:75 - [STDERR_REDIRECT] 
2026-08-29 09:44:22,704 [ERROR] LogOutputStream:75 - [STDERR_REDIRECT] [Fatal Error] :1:1: Premature end of file.
2026-08-29 09:44:22,704 [ERROR] LogOutputStream:75 - [STDERR_REDIRECT] 
2026-08-29 09:44:23,705 [ERROR] LogOutputStream:75 - [STDERR_REDIRECT] [Fatal Error] :1:1: Premature end of file.
2026-08-29 09:44:23,705 [ERROR] LogOutputStream:75 - [STDERR_REDIRECT] 
2026-08-29 09:44:24,702 [ERROR] LogOutputStream:75 - [STDERR_REDIRECT] [Fatal Error] :1:1: Premature end of file.
2026-08-29 09:44:24,702 [ERROR] LogOutputStream:75 - [STDERR_REDIRECT] 
2026-08-29 09:44:25,705 [ERROR] LogOutputStream:75 - [STDERR_REDIRECT] [Fatal Error] :1:1: Premature end of file.
2026-08-29 09:44:25,705 [ERROR] LogOutputStream:75 - [STDERR_REDIRECT] 
2026-08-29 09:44:26,620 [INFO] MultiScanPanel:200 - Auto-refresh data requested => check proxy status ongoing
2026-08-29 09:44:26,704 [ERROR] LogOutputStream:75 - [STDERR_REDIRECT] [Fatal Error] :1:1: Premature end of file.
2026-08-29 09:44:26,704 [ERROR] LogOutputStream:75 - [STDERR_REDIRECT] 
2026-08-29 09:44:26,707 [INFO] LoadUrlFilesThread:185 - End of LoadServerUrlFiles without Thread
2026-08-29 09:44:26,707 [INFO] DetailPanel:341 - Set advertising image to C:/Users/student/STM32Cube/Repository/\en.stm32h5cubemxbanner.png
2026-08-29 09:44:26,714 [INFO] DbBoards:642 - Loading board mini-images...
2026-08-29 09:44:26,990 [ERROR] DbBoards:659 - Image file not found for board NUCLEO-H553ZG: C:\Users\student\.stmcufinder\plugins\mcufinder//mcu//boards_images/NUCLEO-H553ZG.jpg
2026-08-29 09:44:27,708 [ERROR] LogOutputStream:75 - [STDERR_REDIRECT] [Fatal Error] :1:1: Premature end of file.
2026-08-29 09:44:27,708 [ERROR] LogOutputStream:75 - [STDERR_REDIRECT] 
2026-08-29 09:44:28,235 [INFO] DbBoards:665 - Loaded 218 board mini-images
2026-08-29 09:44:28,703 [ERROR] LogOutputStream:75 - [STDERR_REDIRECT] [Fatal Error] :1:1: Premature end of file.
2026-08-29 09:44:28,703 [ERROR] LogOutputStream:75 - [STDERR_REDIRECT] 
2026-08-29 09:44:29,702 [ERROR] LogOutputStream:75 - [STDERR_REDIRECT] [Fatal Error] :1:1: Premature end of file.
2026-08-29 09:44:29,702 [ERROR] LogOutputStream:75 - [STDERR_REDIRECT] 
2026-08-29 09:44:30,702 [ERROR] LogOutputStream:75 - [STDERR_REDIRECT] [Fatal Error] :1:1: Premature end of file.
2026-08-29 09:44:30,702 [ERROR] LogOutputStream:75 - [STDERR_REDIRECT] 
2026-08-29 09:44:31,704 [ERROR] LogOutputStream:75 - [STDERR_REDIRECT] [Fatal Error] :1:1: Premature end of file.
2026-08-29 09:44:31,704 [ERROR] LogOutputStream:75 - [STDERR_REDIRECT] 
2026-08-29 09:44:32,703 [ERROR] LogOutputStream:75 - [STDERR_REDIRECT] [Fatal Error] :1:1: Premature end of file.
2026-08-29 09:44:32,704 [ERROR] LogOutputStream:75 - [STDERR_REDIRECT] 
2026-08-29 09:44:33,701 [ERROR] LogOutputStream:75 - [STDERR_REDIRECT] [Fatal Error] :1:1: Premature end of file.
2026-08-29 09:44:33,702 [ERROR] LogOutputStream:75 - [STDERR_REDIRECT] 
2026-08-29 09:44:34,702 [ERROR] LogOutputStream:75 - [STDERR_REDIRECT] [Fatal Error] :1:1: Premature end of file.
2026-08-29 09:44:34,703 [ERROR] LogOutputStream:75 - [STDERR_REDIRECT] 
2026-08-29 09:44:35,702 [ERROR] LogOutputStream:75 - [STDERR_REDIRECT] [Fatal Error] :1:1: Premature end of file.
2026-08-29 09:44:35,702 [ERROR] LogOutputStream:75 - [STDERR_REDIRECT] 
2026-08-29 09:44:36,704 [ERROR] LogOutputStream:75 - [STDERR_REDIRECT] [Fatal Error] :1:1: Premature end of file.
2026-08-29 09:44:36,704 [ERROR] LogOutputStream:75 - [STDERR_REDIRECT] 
2026-08-29 09:44:37,702 [ERROR] LogOutputStream:75 - [STDERR_REDIRECT] [Fatal Error] :1:1: Premature end of file.
2026-08-29 09:44:37,702 [ERROR] LogOutputStream:75 - [STDERR_REDIRECT] 
2026-08-29 09:44:38,704 [ERROR] LogOutputStream:75 - [STDERR_REDIRECT] [Fatal Error] :1:1: Premature end of file.
2026-08-29 09:44:38,705 [ERROR] LogOutputStream:75 - [STDERR_REDIRECT] 
2026-08-29 09:44:39,704 [ERROR] LogOutputStream:75 - [STDERR_REDIRECT] [Fatal Error] :1:1: Premature end of file.
2026-08-29 09:44:39,705 [ERROR] LogOutputStream:75 - [STDERR_REDIRECT] 
2026-08-29 09:44:40,703 [ERROR] LogOutputStream:75 - [STDERR_REDIRECT] [Fatal Error] :1:1: Premature end of file.
2026-08-29 09:44:40,703 [ERROR] LogOutputStream:75 - [STDERR_REDIRECT] 
2026-08-29 09:44:41,702 [ERROR] LogOutputStream:75 - [STDERR_REDIRECT] [Fatal Error] :1:1: Premature end of file.
2026-08-29 09:44:41,702 [ERROR] LogOutputStream:75 - [STDERR_REDIRECT] 
2026-08-29 09:44:42,702 [ERROR] LogOutputStream:75 - [STDERR_REDIRECT] [Fatal Error] :1:1: Premature end of file.
2026-08-29 09:44:42,702 [ERROR] LogOutputStream:75 - [STDERR_REDIRECT] 
2026-08-29 09:44:43,703 [ERROR] LogOutputStream:75 - [STDERR_REDIRECT] [Fatal Error] :1:1: Premature end of file.
2026-08-29 09:44:43,703 [ERROR] LogOutputStream:75 - [STDERR_REDIRECT] 
2026-08-29 09:44:44,703 [ERROR] LogOutputStream:75 - [STDERR_REDIRECT] [Fatal Error] :1:1: Premature end of file.
2026-08-29 09:44:44,703 [ERROR] LogOutputStream:75 - [STDERR_REDIRECT] 
2026-08-29 09:44:45,703 [ERROR] LogOutputStream:75 - [STDERR_REDIRECT] [Fatal Error] :1:1: Premature end of file.
2026-08-29 09:44:45,703 [ERROR] LogOutputStream:75 - [STDERR_REDIRECT] 
2026-08-29 09:44:46,704 [ERROR] LogOutputStream:75 - [STDERR_REDIRECT] [Fatal Error] :1:1: Premature end of file.
2026-08-29 09:44:46,704 [ERROR] LogOutputStream:75 - [STDERR_REDIRECT] 
2026-08-29 09:44:47,703 [ERROR] LogOutputStream:75 - [STDERR_REDIRECT] [Fatal Error] :1:1: Premature end of file.
2026-08-29 09:44:47,703 [ERROR] LogOutputStream:75 - [STDERR_REDIRECT] 
2026-08-29 09:44:48,704 [ERROR] LogOutputStream:75 - [STDERR_REDIRECT] [Fatal Error] :1:1: Premature end of file.
2026-08-29 09:44:48,704 [ERROR] LogOutputStream:75 - [STDERR_REDIRECT] 
2026-08-29 09:44:49,702 [ERROR] LogOutputStream:75 - [STDERR_REDIRECT] [Fatal Error] :1:1: Premature end of file.
2026-08-29 09:44:49,702 [ERROR] LogOutputStream:75 - [STDERR_REDIRECT] 
2026-08-29 09:44:50,702 [ERROR] LogOutputStream:75 - [STDERR_REDIRECT] [Fatal Error] :1:1: Premature end of file.
2026-08-29 09:44:50,702 [ERROR] LogOutputStream:75 - [STDERR_REDIRECT] 
2026-08-29 09:44:51,702 [ERROR] LogOutputStream:75 - [STDERR_REDIRECT] [Fatal Error] :1:1: Premature end of file.
2026-08-29 09:44:51,702 [ERROR] LogOutputStream:75 - [STDERR_REDIRECT] 
2026-08-29 09:44:52,705 [ERROR] LogOutputStream:75 - [STDERR_REDIRECT] [Fatal Error] :1:1: Premature end of file.
2026-08-29 09:44:52,705 [ERROR] LogOutputStream:75 - [STDERR_REDIRECT] 
2026-08-29 09:44:53,702 [ERROR] LogOutputStream:75 - [STDERR_REDIRECT] [Fatal Error] :1:1: Premature end of file.
2026-08-29 09:44:53,702 [ERROR] LogOutputStream:75 - [STDERR_REDIRECT] 
2026-08-29 09:44:54,702 [ERROR] LogOutputStream:75 - [STDERR_REDIRECT] [Fatal Error] :1:1: Premature end of file.
2026-08-29 09:44:54,702 [ERROR] LogOutputStream:75 - [STDERR_REDIRECT] 
2026-08-29 09:44:55,703 [ERROR] LogOutputStream:75 - [STDERR_REDIRECT] [Fatal Error] :1:1: Premature end of file.
2026-08-29 09:44:55,703 [ERROR] LogOutputStream:75 - [STDERR_REDIRECT] 
2026-08-29 09:44:56,702 [ERROR] LogOutputStream:75 - [STDERR_REDIRECT] [Fatal Error] :1:1: Premature end of file.
2026-08-29 09:44:56,702 [ERROR] LogOutputStream:75 - [STDERR_REDIRECT] 
2026-08-29 09:44:57,702 [ERROR] LogOutputStream:75 - [STDERR_REDIRECT] [Fatal Error] :1:1: Premature end of file.
2026-08-29 09:44:57,702 [ERROR] LogOutputStream:75 - [STDERR_REDIRECT] 
2026-08-29 09:44:58,703 [ERROR] LogOutputStream:75 - [STDERR_REDIRECT] [Fatal Error] :1:1: Premature end of file.
2026-08-29 09:44:58,703 [ERROR] LogOutputStream:75 - [STDERR_REDIRECT] 
2026-08-29 09:44:59,702 [ERROR] LogOutputStream:75 - [STDERR_REDIRECT] [Fatal Error] :1:1: Premature end of file.
2026-08-29 09:44:59,702 [ERROR] LogOutputStream:75 - [STDERR_REDIRECT] 
2026-08-29 09:45:00,702 [ERROR] LogOutputStream:75 - [STDERR_REDIRECT] [Fatal Error] :1:1: Premature end of file.
2026-08-29 09:45:00,702 [ERROR] LogOutputStream:75 - [STDERR_REDIRECT] 
2026-08-29 09:45:01,702 [ERROR] LogOutputStream:75 - [STDERR_REDIRECT] [Fatal Error] :1:1: Premature end of file.
2026-08-29 09:45:01,702 [ERROR] LogOutputStream:75 - [STDERR_REDIRECT] 
2026-08-29 09:45:02,704 [ERROR] LogOutputStream:75 - [STDERR_REDIRECT] [Fatal Error] :1:1: Premature end of file.
2026-08-29 09:45:02,704 [ERROR] LogOutputStream:75 - [STDERR_REDIRECT] 
2026-08-29 09:45:03,704 [ERROR] LogOutputStream:75 - [STDERR_REDIRECT] [Fatal Error] :1:1: Premature end of file.
2026-08-29 09:45:03,704 [ERROR] LogOutputStream:75 - [STDERR_REDIRECT] 
2026-08-29 09:45:04,703 [ERROR] LogOutputStream:75 - [STDERR_REDIRECT] [Fatal Error] :1:1: Premature end of file.
2026-08-29 09:45:04,703 [ERROR] LogOutputStream:75 - [STDERR_REDIRECT] 
2026-08-29 09:45:05,200 [INFO] MainUpdater:2872 - connection check result : 10
2026-08-29 09:45:05,200 [INFO] MainUpdater:2872 - connection check result : 10
2026-08-29 09:45:05,211 [INFO] MicroXplorer:468 - Change Database Path : 
2026-08-29 09:45:05,211 [INFO] MicroXplorer:498 - Change Database Version : DB.6.0.150
2026-08-29 09:45:05,216 [WARN] ThirdParty:871 - waiting for thirdparty lock release [close project]
2026-08-29 09:45:05,216 [INFO] ThirdParty:873 - entering critical section [close project]
2026-08-29 09:45:05,217 [INFO] ThirdParty:883 - exiting critical section [close project]
2026-08-29 09:45:05,219 [INFO] PinOutPanel:1589 - setPackage(No Configuration,No Configuration)
2026-08-29 09:45:05,220 [INFO] UtilMem:75 - Begin LoadConfig() Used Memory: 968452760 Bytes (1073741824)
2026-08-29 09:45:05,224 [INFO] OpenFileManager:355 - Change cursor
2026-08-29 09:45:05,262 [INFO] ProjectFactory:514 - No CPN specified for board B-L4S5I-IOT01A => set CPN to STM32L4S5VIT6
2026-08-29 09:45:05,262 [INFO] Mcu:2029 - Initializing MCU STM32L4S5VITx STM32L4S5VITx STM32L4S5VIT6
2026-08-29 09:45:05,705 [ERROR] LogOutputStream:75 - [STDERR_REDIRECT] [Fatal Error] :1:1: Premature end of file.
2026-08-29 09:45:05,705 [ERROR] LogOutputStream:75 - [STDERR_REDIRECT] 
2026-08-29 09:45:06,628 [INFO] Context:786 - Trying to add GPIOservice into a context  which must be forbidden
2026-08-29 09:45:06,710 [ERROR] LogOutputStream:75 - [STDERR_REDIRECT] [Fatal Error] :1:1: Premature end of file.
2026-08-29 09:45:06,710 [ERROR] LogOutputStream:75 - [STDERR_REDIRECT] 
2026-08-29 09:45:06,961 [INFO] Rule:233 - rule 117617 - U5Cobra4M][GTZC] default value MPCBB3 and MPCBB5 - Not Secured memory - MPCBB1 is applicable
2026-08-29 09:45:06,962 [INFO] Rule:233 - rule 117617 - U5Cobra4M][GTZC] default value MPCBB3 and MPCBB5 - Not Secured memory - MPCBB1 is applicable
2026-08-29 09:45:06,962 [INFO] Rule:233 - rule 117617 - U5Cobra4M][GTZC] default value MPCBB3 and MPCBB5 - Not Secured memory - MPCBB2 is applicable
2026-08-29 09:45:06,962 [INFO] Rule:233 - rule 117617 - U5Cobra4M][GTZC] default value MPCBB3 and MPCBB5 - Not Secured memory - MPCBB2 is applicable
2026-08-29 09:45:06,962 [INFO] Rule:233 - rule 117617 - U5Cobra4M][GTZC] default value MPCBB3 and MPCBB5 - Not Secured memory - MPCBB3 is applicable
2026-08-29 09:45:06,962 [INFO] Rule:233 - rule 117617 - U5Cobra4M][GTZC] default value MPCBB3 and MPCBB5 - Not Secured memory - MPCBB3 is applicable
2026-08-29 09:45:06,962 [INFO] Rule:233 - rule 117617 - U5Cobra4M][GTZC] default value MPCBB3 and MPCBB5 - Not Secured memory - MPCBB4 is applicable
2026-08-29 09:45:06,962 [INFO] Rule:233 - rule 117617 - U5Cobra4M][GTZC] default value MPCBB3 and MPCBB5 - Not Secured memory - MPCBB4 is applicable
2026-08-29 09:45:06,962 [INFO] Rule:233 - rule 117617 - U5Cobra4M][GTZC] default value MPCBB3 and MPCBB5 - Secured memory - MPCBB1 is applicable
2026-08-29 09:45:06,962 [INFO] Rule:233 - rule 117617 - U5Cobra4M][GTZC] default value MPCBB3 and MPCBB5 - Secured memory - MPCBB2 is applicable
2026-08-29 09:45:06,962 [INFO] Rule:233 - rule 117617 - U5Cobra4M][GTZC] default value MPCBB3 and MPCBB5 - Secured memory - MPCBB3 is applicable
2026-08-29 09:45:06,962 [INFO] Rule:233 - rule 117617 - U5Cobra4M][GTZC] default value MPCBB3 and MPCBB5 - Secured memory - MPCBB4 is applicable
2026-08-29 09:45:06,962 [INFO] Rule:233 - rule 117617 - U5Cobra4M][GTZC] default value MPCBB3 and MPCBB5 - Privileged memory - MPCBB1 is applicable
2026-08-29 09:45:06,962 [INFO] Rule:233 - rule 117617 - U5Cobra4M][GTZC] default value MPCBB3 and MPCBB5 - Privileged memory - MPCBB2 is applicable
2026-08-29 09:45:06,962 [INFO] Rule:233 - rule 117617 - U5Cobra4M][GTZC] default value MPCBB3 and MPCBB5 - Privileged memory - MPCBB3 is applicable
2026-08-29 09:45:06,962 [INFO] Rule:233 - rule 117617 - U5Cobra4M][GTZC] default value MPCBB3 and MPCBB5 - Privileged memory - MPCBB4 is applicable
2026-08-29 09:45:06,962 [INFO] Rule:233 - rule 117617 - U5Cobra4M][GTZC] default value MPCBB3 and MPCBB5 - Not Privileged memory - MPCBB1 is applicable
2026-08-29 09:45:06,962 [INFO] Rule:233 - rule 117617 - U5Cobra4M][GTZC] default value MPCBB3 and MPCBB5 - Not Privileged memory - MPCBB2 is applicable
2026-08-29 09:45:06,962 [INFO] Rule:233 - rule 117617 - U5Cobra4M][GTZC] default value MPCBB3 and MPCBB5 - Not Privileged memory - MPCBB3 is applicable
2026-08-29 09:45:06,962 [INFO] Rule:233 - rule 117617 - U5Cobra4M][GTZC] default value MPCBB3 and MPCBB5 - Not Privileged memory - MPCBB4 is applicable
2026-08-29 09:45:06,962 [INFO] Rule:233 - rule 117617 - U5Cobra4M][GTZC] default value MPCBB3 and MPCBB5 - Privileged memory - MPCBB1 is applicable
2026-08-29 09:45:06,962 [INFO] Rule:233 - rule 117617 - U5Cobra4M][GTZC] default value MPCBB3 and MPCBB5 - Privileged memory - MPCBB2 is applicable
2026-08-29 09:45:06,962 [INFO] Rule:233 - rule 117617 - U5Cobra4M][GTZC] default value MPCBB3 and MPCBB5 - Privileged memory - MPCBB3 is applicable
2026-08-29 09:45:06,962 [INFO] Rule:233 - rule 117617 - U5Cobra4M][GTZC] default value MPCBB3 and MPCBB5 - Privileged memory - MPCBB4 is applicable
2026-08-29 09:45:06,962 [INFO] Rule:233 - rule 117617 - U5Cobra4M][GTZC] default value MPCBB3 and MPCBB5 - Privileged memory - MPCBB1 is applicable
2026-08-29 09:45:06,962 [INFO] Rule:233 - rule 117617 - U5Cobra4M][GTZC] default value MPCBB3 and MPCBB5 - Privileged memory - MPCBB2 is applicable
2026-08-29 09:45:06,962 [INFO] Rule:233 - rule 117617 - U5Cobra4M][GTZC] default value MPCBB3 and MPCBB5 - Privileged memory - MPCBB3 is applicable
2026-08-29 09:45:06,962 [INFO] Rule:233 - rule 117617 - U5Cobra4M][GTZC] default value MPCBB3 and MPCBB5 - Privileged memory - MPCBB4 is applicable
2026-08-29 09:45:06,962 [INFO] Rule:233 - rule 117617 - U5Cobra4M][GTZC] default value MPCBB3 and MPCBB5 - Not Privileged memory - MPCBB1 is applicable
2026-08-29 09:45:06,962 [INFO] Rule:233 - rule 117617 - U5Cobra4M][GTZC] default value MPCBB3 and MPCBB5 - Not Privileged memory - MPCBB2 is applicable
2026-08-29 09:45:06,962 [INFO] Rule:233 - rule 117617 - U5Cobra4M][GTZC] default value MPCBB3 and MPCBB5 - Not Privileged memory - MPCBB3 is applicable
2026-08-29 09:45:06,962 [INFO] Rule:233 - rule 117617 - U5Cobra4M][GTZC] default value MPCBB3 and MPCBB5 - Not Privileged memory - MPCBB4 is applicable
2026-08-29 09:45:06,962 [INFO] Rule:233 - rule 117617 - U5Cobra4M][GTZC] default value MPCBB3 and MPCBB5 - Privileged memory - MPCBB1 is applicable
2026-08-29 09:45:06,962 [INFO] Rule:233 - rule 117617 - U5Cobra4M][GTZC] default value MPCBB3 and MPCBB5 - Privileged memory - MPCBB2 is applicable
2026-08-29 09:45:06,962 [INFO] Rule:233 - rule 117617 - U5Cobra4M][GTZC] default value MPCBB3 and MPCBB5 - Privileged memory - MPCBB3 is applicable
2026-08-29 09:45:06,962 [INFO] Rule:233 - rule 117617 - U5Cobra4M][GTZC] default value MPCBB3 and MPCBB5 - Privileged memory - MPCBB4 is applicable
2026-08-29 09:45:06,962 [INFO] Rule:233 - rule WakeUp0 Mode is applicable
2026-08-29 09:45:06,962 [INFO] Rule:233 - rule WakeUp0 SIGNAL is applicable
2026-08-29 09:45:06,962 [INFO] Rule:233 - rule WakeUp1 Mode is applicable
2026-08-29 09:45:06,963 [INFO] Rule:233 - rule WakeUp1 SIGNAL is applicable
2026-08-29 09:45:06,963 [INFO] Rule:233 - rule WakeUp2 Mode is applicable
2026-08-29 09:45:06,963 [INFO] Rule:233 - rule WakeUp2 SIGNAL is applicable
2026-08-29 09:45:06,963 [INFO] Rule:233 - rule WakeUp4 Mode is applicable
2026-08-29 09:45:06,963 [INFO] Rule:233 - rule WakeUp4 SIGNAL is applicable
2026-08-29 09:45:06,963 [INFO] Rule:233 - rule WakeUp5 Mode is applicable
2026-08-29 09:45:06,963 [INFO] Rule:233 - rule WakeUp5 SIGNAL is applicable
2026-08-29 09:45:06,963 [INFO] Rule:233 - rule Change Default Value for LSE Drive Capability for WB family is applicable
2026-08-29 09:45:06,963 [INFO] Rule:233 - rule change FDCAN default value is applicable
2026-08-29 09:45:06,963 [INFO] Rule:233 - rule Adapt Old IOC before rework replace old CORTEX_M33/CORTEX_M55 attributes by the new one. is applicable
2026-08-29 09:45:06,963 [INFO] Rule:233 - rule Rename parametre of RCC RCC_APBDBG_DIV2 to RCC_TIMPRES_DIV2 is applicable
2026-08-29 09:45:06,963 [INFO] Rule:233 - rule Rename DIE493 pin PA10 [PA12] -> PA10 is applicable
2026-08-29 09:45:06,963 [INFO] Rule:233 - rule Rename DIE493 pin PA9 [PA11] -> PA9 is applicable
2026-08-29 09:45:06,963 [INFO] Rule:233 - rule Rename DIE492 PartNumber CPN STM32WBA5MJGHx -> STM32WBA5MMGHx is applicable
2026-08-29 09:45:06,963 [INFO] Rule:233 - rule Rename DIE492 PartNumber  Name STM32WBA5MJGHx -> STM32WBA5MMGHx is applicable
2026-08-29 09:45:06,963 [INFO] Rule:233 - rule Rename DIE492 PartNumber UserName STM32WBA5MJGHx -> STM32WBA5MMGHx is applicable
2026-08-29 09:45:06,963 [INFO] Rule:233 - rule Rename DIE492 PartNumber DeviceId STM32WBA5MJGHx -> STM32WBA5MMGHx is applicable
2026-08-29 09:45:06,963 [INFO] Rule:233 - rule Adapt Old IOC CSI. is applicable
2026-08-29 09:45:06,963 [INFO] Rule:233 - rule Adapt Old IOC DCMIPP. is applicable
2026-08-29 09:45:06,963 [INFO] Rule:233 - rule Adapt Old IOC DCMIPP Mode Parallel. is applicable
2026-08-29 09:45:06,963 [INFO] Rule:233 - rule Adapt Old IOC LTDC. is applicable
2026-08-29 09:45:06,963 [INFO] Rule:233 - rule Rename STM32MP2 RIF Peripheral LTDC RIF.RISUP.LTDC_L0L1.Privilege -> RIF.RISUP.LTDC_L1L2.Privilege is applicable
2026-08-29 09:45:06,963 [INFO] Rule:233 - rule Rename STM32MP2 RIF Peripheral LTDC RIF.RISUP.LTDC_L0L1.Privilege -> RIF.RISUP.LTDC_L1L2.Privilege is applicable
2026-08-29 09:45:06,963 [INFO] Rule:233 - rule Rename STM32MP2 RIF Peripheral LTDC RIF.RISUP.LTDC_L0L1.Lock -> RIF.RISUP.LTDC_L1L2.Lock is applicable
2026-08-29 09:45:06,963 [INFO] Rule:233 - rule Rename STM32MP2 RIF Peripheral LTDC RIF.RISUP.LTDC_L2.Lock -> RIF.RISUP.LTDC_L3.Lock is applicable
2026-08-29 09:45:06,963 [INFO] Rule:233 - rule Adapt the old IOC example for updating the SYS when it is misconfigured. is applicable
2026-08-29 09:45:06,963 [INFO] Rule:233 - rule Rename STM32C09 Mcu.Package LQFP64 -> LQFP48 is applicable
2026-08-29 09:45:06,963 [INFO] Rule:233 - rule Adapt the old IOC example for updating the SYS when it is misconfigured. is applicable
2026-08-29 09:45:06,963 [INFO] Rule:233 - rule Adapt the old IOC example for updating the SYS when it is misconfigured. is applicable
2026-08-29 09:45:06,967 [INFO] DbConfProperties:307 - Apply Compatibility (5/68 Rules)
2026-08-29 09:45:06,989 [INFO] ImportTextPane:234 - (OptionalMessage_ERROR) Pin84 (VP_RIF_VS_RIF1) cannot be retrieved for this MCU
2026-08-29 09:45:07,073 [INFO] RtosManager:558 - Registered RTOS mode: class=CMSIS, group=RTOS, mode=CMSIS_V1, owner=FREERTOS
2026-08-29 09:45:07,073 [INFO] RtosManager:558 - Registered RTOS mode: class=CMSIS, group=RTOS2, mode=CMSIS_V2, owner=FREERTOS
2026-08-29 09:45:07,073 [INFO] RtosManager:558 - Registered RTOS mode: class=RTOS, group=Core, mode=CMSIS_V1, owner=FREERTOS
2026-08-29 09:45:07,073 [INFO] RtosManager:558 - Registered RTOS mode: class=RTOS, group=Core, mode=CMSIS_V2, owner=FREERTOS
2026-08-29 09:45:07,074 [WARN] ModelIntegratedComponent:184 - Missing modes for component STMicroelectronics:FreeRTOS:0.0.1:STMicroelectronics:RTOS:FreeRTOS:Core:::10.2.0:
2026-08-29 09:45:07,136 [WARN] ModelIntegratedComponent:63 - No mode defined for component null
2026-08-29 09:45:07,136 [WARN] ModelIntegratedComponent:63 - No mode defined for component null
2026-08-29 09:45:07,136 [WARN] ModelIntegratedComponent:63 - No mode defined for component null
2026-08-29 09:45:07,136 [WARN] ModelIntegratedComponent:63 - No mode defined for component null
2026-08-29 09:45:07,136 [WARN] ModelIntegratedComponent:63 - No mode defined for component null
2026-08-29 09:45:07,136 [WARN] ModelIntegratedComponent:63 - No mode defined for component null
2026-08-29 09:45:07,136 [WARN] ModelIntegratedComponent:63 - No mode defined for component null
2026-08-29 09:45:07,136 [WARN] ModelIntegratedComponent:63 - No mode defined for component null
2026-08-29 09:45:07,136 [WARN] ModelIntegratedComponent:63 - No mode defined for component null
2026-08-29 09:45:07,136 [WARN] ModelIntegratedComponent:63 - No mode defined for component null
2026-08-29 09:45:07,136 [WARN] ModelIntegratedComponent:63 - No mode defined for component null
2026-08-29 09:45:07,136 [WARN] ModelIntegratedComponent:63 - No mode defined for component null
2026-08-29 09:45:07,136 [WARN] ModelIntegratedComponent:63 - No mode defined for component null
2026-08-29 09:45:07,136 [WARN] ModelIntegratedComponent:63 - No mode defined for component null
2026-08-29 09:45:07,136 [WARN] ModelIntegratedComponent:63 - No mode defined for component null
2026-08-29 09:45:07,136 [WARN] ModelIntegratedComponent:63 - No mode defined for component null
2026-08-29 09:45:07,136 [WARN] ModelIntegratedComponent:63 - No mode defined for component null
2026-08-29 09:45:07,136 [WARN] ModelIntegratedComponent:63 - No mode defined for component null
2026-08-29 09:45:07,136 [WARN] ModelIntegratedComponent:63 - No mode defined for component null
2026-08-29 09:45:07,136 [WARN] ModelIntegratedComponent:63 - No mode defined for component null
2026-08-29 09:45:07,136 [WARN] ModelIntegratedComponent:63 - No mode defined for component null
2026-08-29 09:45:07,136 [WARN] ModelIntegratedComponent:63 - No mode defined for component null
2026-08-29 09:45:07,136 [WARN] ModelIntegratedComponent:63 - No mode defined for component null
2026-08-29 09:45:07,136 [WARN] ModelIntegratedComponent:63 - No mode defined for component null
2026-08-29 09:45:07,136 [WARN] ModelIntegratedComponent:63 - No mode defined for component null
2026-08-29 09:45:07,136 [WARN] ModelIntegratedComponent:63 - No mode defined for component null
2026-08-29 09:45:07,136 [WARN] ModelIntegratedComponent:63 - No mode defined for component null
2026-08-29 09:45:07,136 [WARN] ModelIntegratedComponent:63 - No mode defined for component null
2026-08-29 09:45:07,136 [WARN] ModelIntegratedComponent:63 - No mode defined for component null
2026-08-29 09:45:07,136 [WARN] ModelIntegratedComponent:63 - No mode defined for component null
2026-08-29 09:45:07,136 [WARN] ModelIntegratedComponent:63 - No mode defined for component null
2026-08-29 09:45:07,136 [WARN] ModelIntegratedComponent:63 - No mode defined for component null
2026-08-29 09:45:07,136 [WARN] ModelIntegratedComponent:63 - No mode defined for component null
2026-08-29 09:45:07,136 [WARN] ModelIntegratedComponent:63 - No mode defined for component null
2026-08-29 09:45:07,136 [WARN] ModelIntegratedComponent:63 - No mode defined for component null
2026-08-29 09:45:07,136 [WARN] ModelPack:524 - Component already loaded: STMicroelectronics:HAL Drivers:0.0.0:STMicroelectronics:Device:STMicro_Driver:XSPI:HAL::0.0.1:HAL_XSPI
2026-08-29 09:45:07,164 [INFO] ThirdPartyModel:298 - Start build external matchings
2026-08-29 09:45:07,415 [INFO] ThirdPartyModel:316 - End build external matchings
2026-08-29 09:45:07,438 [WARN] IP:2250 - MaxTran not found: check if there is a RefParameter without a condition.
2026-08-29 09:45:07,438 [WARN] IP:2250 - Refresh not found: check if there is a RefParameter without a condition.
2026-08-29 09:45:07,439 [INFO] ImportTextPane:234 - (OptionalMessage_ERROR) IP (RCC) : Invalid parameter (FamilyName)
2026-08-29 09:45:07,630 [INFO] UtilMem:75 - End LoadConfig() Used Memory: 911469872 Bytes (1073741824)
2026-08-29 09:45:07,704 [ERROR] LogOutputStream:75 - [STDERR_REDIRECT] [Fatal Error] :1:1: Premature end of file.
2026-08-29 09:45:07,705 [ERROR] LogOutputStream:75 - [STDERR_REDIRECT] 
2026-08-29 09:45:07,708 [WARN] ThirdParty:833 - waiting for thirdparty lock release [change project]
2026-08-29 09:45:07,708 [INFO] ThirdParty:835 - entering critical section [change project]
2026-08-29 09:45:07,708 [INFO] ThirdParty:1030 - CMSIS Pack Vendor :STMicroelectronics X-CUBE-AZRTOS-H7 3.5.0
2026-08-29 09:45:07,708 [INFO] ThirdParty:1030 - CMSIS Pack Vendor :STMicroelectronics X-CUBE-PM33A1 1.0.0
2026-08-29 09:45:07,708 [INFO] ThirdParty:1030 - CMSIS Pack Vendor :STMicroelectronics USBPD 4.1
2026-08-29 09:45:07,708 [INFO] ThirdParty:1030 - CMSIS Pack Vendor :STMicroelectronics X-CUBE-NFC9 1.0.0
2026-08-29 09:45:07,708 [INFO] ThirdParty:1030 - CMSIS Pack Vendor :STMicroelectronics USB_HOST 2.0.0
2026-08-29 09:45:07,708 [INFO] ThirdParty:1030 - CMSIS Pack Vendor :STMicroelectronics FP-ATR-ASTRA1 2.0.3
2026-08-29 09:45:07,708 [INFO] ThirdParty:1030 - CMSIS Pack Vendor :STMicroelectronics X-CUBE-AZRTOS-F4 1.1.0
2026-08-29 09:45:07,708 [INFO] ThirdParty:1030 - CMSIS Pack Vendor :STMicroelectronics LIBJPEG 8.0.0
2026-08-29 09:45:07,708 [INFO] ThirdParty:1030 - CMSIS Pack Vendor :STMicroelectronics X-CUBE-BLE1 7.1.0
2026-08-29 09:45:07,708 [INFO] ThirdParty:1030 - CMSIS Pack Vendor :wolfSSL I-CUBE-wolfMQTT 1.19.2
2026-08-29 09:45:07,708 [INFO] ThirdParty:1030 - CMSIS Pack Vendor :STMicroelectronics USB_DEVICE 3.0.0
2026-08-29 09:45:07,708 [INFO] ThirdParty:1030 - CMSIS Pack Vendor :STMicroelectronics X-CUBE-ISPU 2.1.0
2026-08-29 09:45:07,709 [INFO] ThirdParty:1030 - CMSIS Pack Vendor :STMicroelectronics X-CUBE-EEPRMA1 5.2.0
2026-08-29 09:45:07,709 [INFO] ThirdParty:1030 - CMSIS Pack Vendor :STMicroelectronics X-CUBE-IPS 3.2.0
2026-08-29 09:45:07,709 [INFO] ThirdParty:1030 - CMSIS Pack Vendor :STMicroelectronics eDS-WB_DPC_TT-BIDIR 2.1.1
2026-08-29 09:45:07,709 [INFO] ThirdParty:1030 - CMSIS Pack Vendor :STMicroelectronics X-CUBE-AZRTOS-WB 2.0.0
2026-08-29 09:45:07,709 [INFO] ThirdParty:1030 - CMSIS Pack Vendor :STMicroelectronics X-CUBE-NFC12 1.0.0
2026-08-29 09:45:07,709 [INFO] ThirdParty:1030 - CMSIS Pack Vendor :STMicroelectronics X-CUBE-AZRTOS-F7 1.1.0
2026-08-29 09:45:07,709 [INFO] ThirdParty:1030 - CMSIS Pack Vendor :STMicroelectronics X-CUBE-AZRTOS-L5 2.0.0
2026-08-29 09:45:07,709 [INFO] ThirdParty:1030 - CMSIS Pack Vendor :STMicroelectronics USB_DEVICE 2.0.0
2026-08-29 09:45:07,709 [INFO] ThirdParty:1030 - CMSIS Pack Vendor :STMicroelectronics X-CUBE-FREERTOS 1.6.0
2026-08-29 09:45:07,709 [INFO] ThirdParty:1030 - CMSIS Pack Vendor :STMicroelectronics FP-SNS-STAIOTCFT 1.1.0
2026-08-29 09:45:07,709 [INFO] ThirdParty:1030 - CMSIS Pack Vendor :quantropi X-CUBE-qispace-sdk-base 2.1.0
2026-08-29 09:45:07,709 [INFO] ThirdParty:1030 - CMSIS Pack Vendor :STMicroelectronics X-CUBE-STSE01 2.0.0
2026-08-29 09:45:07,709 [INFO] ThirdParty:1030 - CMSIS Pack Vendor :STMicroelectronics X-CUBE-ALGOBUILD 1.5.0
2026-08-29 09:45:07,709 [INFO] ThirdParty:1030 - CMSIS Pack Vendor :STMicroelectronics FP-SNS-MOTENV1 5.1.0
2026-08-29 09:45:07,709 [INFO] ThirdParty:1030 - CMSIS Pack Vendor :STMicroelectronics FreeRTOS 0.0.1
2026-08-29 09:45:07,709 [INFO] ThirdParty:1030 - CMSIS Pack Vendor :STMicroelectronics X-CUBE-AZRTOS-H7RS 1.3.0
2026-08-29 09:45:07,709 [INFO] ThirdParty:1030 - CMSIS Pack Vendor :STMicroelectronics X-CUBE-AZRTOS-G0 1.1.0
2026-08-29 09:45:07,709 [INFO] ThirdParty:1030 - CMSIS Pack Vendor :STMicroelectronics X-CUBE-NFC4 3.0.0
2026-08-29 09:45:07,709 [INFO] ThirdParty:1030 - CMSIS Pack Vendor :STMicroelectronics X-CUBE-SUBG2 5.0.0
2026-08-29 09:45:07,709 [INFO] ThirdParty:1030 - CMSIS Pack Vendor :STMicroelectronics STM32_WPAN 1.0.0
2026-08-29 09:45:07,709 [INFO] ThirdParty:1030 - CMSIS Pack Vendor :STMicroelectronics eDS-WB_DPC_VIENNA 1.2.0
2026-08-29 09:45:07,709 [INFO] ThirdParty:1030 - CMSIS Pack Vendor :EmbeddedOffice I-CUBE-FS-RTOS 1.0.1
2026-08-29 09:45:07,709 [INFO] ThirdParty:1030 - CMSIS Pack Vendor :STMicroelectronics lwIP 2.0.3
2026-08-29 09:45:07,709 [INFO] ThirdParty:1030 - CMSIS Pack Vendor :WES I-CUBE-Cesium 1.4.0
2026-08-29 09:45:07,709 [INFO] ThirdParty:1030 - CMSIS Pack Vendor :STMicroelectronics X-CUBE-MEMS1 13.0.0
2026-08-29 09:45:07,709 [INFO] ThirdParty:1030 - CMSIS Pack Vendor :STMicroelectronics eDS-WB_DPC_3PH2L-BIDIR 1.1.1
2026-08-29 09:45:07,709 [INFO] ThirdParty:1030 - CMSIS Pack Vendor :STMicroelectronics USB_HOST 1.0.0
2026-08-29 09:45:07,709 [INFO] ThirdParty:1030 - CMSIS Pack Vendor :STMicroelectronics X-CUBE-AZRTOS-G4 2.0.0
2026-08-29 09:45:07,709 [INFO] ThirdParty:1030 - CMSIS Pack Vendor :STMicroelectronics PDM2PCM 3.1.0
2026-08-29 09:45:07,709 [INFO] ThirdParty:1030 - CMSIS Pack Vendor :STMicroelectronics PDM2PCM 3.3.0
2026-08-29 09:45:07,709 [INFO] ThirdParty:1030 - CMSIS Pack Vendor :wolfSSL I-CUBE-wolfTPM 3.8.0
2026-08-29 09:45:07,709 [INFO] ThirdParty:1030 - CMSIS Pack Vendor :STMicroelectronics X-CUBE-DISPLAY 3.0.0
2026-08-29 09:45:07,709 [INFO] ThirdParty:1030 - CMSIS Pack Vendor :wolfSSL I-CUBE-wolfSSH 1.4.20
2026-08-29 09:45:07,709 [INFO] ThirdParty:1030 - CMSIS Pack Vendor :STMicroelectronics X-CUBE-NFC7 2.0.0
2026-08-29 09:45:07,709 [INFO] ThirdParty:1030 - CMSIS Pack Vendor :STMicroelectronics X-CUBE-GNSS1 7.1.1
2026-08-29 09:45:07,709 [INFO] ThirdParty:1030 - CMSIS Pack Vendor :STMicroelectronics FP-SNS-MOTENVWB1 1.5.0
2026-08-29 09:45:07,709 [INFO] ThirdParty:1030 - CMSIS Pack Vendor :STMicroelectronics X-CUBE-TCPP 4.2.0
2026-08-29 09:45:07,709 [INFO] ThirdParty:1030 - CMSIS Pack Vendor :RealThread X-CUBE-RT-Thread_Nano 4.1.1
2026-08-29 09:45:07,709 [INFO] ThirdParty:1030 - CMSIS Pack Vendor :STMicroelectronics FP-ATR-SIGFOX1 3.2.0
2026-08-29 09:45:07,709 [INFO] ThirdParty:1030 - CMSIS Pack Vendor :STMicroelectronics X-CUBE-NFC10 1.0.0
2026-08-29 09:45:07,709 [INFO] ThirdParty:1030 - CMSIS Pack Vendor :STMicroelectronics HAL Drivers 0.0.0
2026-08-29 09:45:07,709 [INFO] ThirdParty:1030 - CMSIS Pack Vendor :STMicroelectronics MBEDTLS 2.16.2
2026-08-29 09:45:07,709 [INFO] ThirdParty:1030 - CMSIS Pack Vendor :STMicroelectronics X-CUBE-ST60 1.1.0
2026-08-29 09:45:07,709 [INFO] ThirdParty:1030 - CMSIS Pack Vendor :STMicroelectronics X-CUBE-ALS 1.0.2
2026-08-29 09:45:07,709 [INFO] ThirdParty:1030 - CMSIS Pack Vendor :emotas I-CUBE-CANOPEN 1.3.0
2026-08-29 09:45:07,709 [INFO] ThirdParty:1030 - CMSIS Pack Vendor :wolfSSL I-CUBE-wolfSSL 5.9.2
2026-08-29 09:45:07,709 [INFO] ThirdParty:1030 - CMSIS Pack Vendor :STMicroelectronics MBEDTLS 2.14.1
2026-08-29 09:45:07,709 [INFO] ThirdParty:1030 - CMSIS Pack Vendor :ITTIA_DB I-CUBE-ITTIADB 8.9.0
2026-08-29 09:45:07,709 [INFO] ThirdParty:1030 - CMSIS Pack Vendor :Cesanta I-CUBE-Mongoose 7.21.7
2026-08-29 09:45:07,709 [INFO] ThirdParty:1030 - CMSIS Pack Vendor :STMicroelectronics X-CUBE-TOUCHGFX 4.26.1
2026-08-29 09:45:07,709 [INFO] ThirdParty:1030 - CMSIS Pack Vendor :STMicroelectronics X-CUBE-NFC6 3.2.0
2026-08-29 09:45:07,709 [INFO] ThirdParty:1030 - CMSIS Pack Vendor :STMicroelectronics FP-SNS-STBOX1 2.1.0
2026-08-29 09:45:07,709 [INFO] ThirdParty:1030 - CMSIS Pack Vendor :STMicroelectronics X-CUBE-AI 10.2.1
2026-08-29 09:45:07,709 [INFO] ThirdParty:1030 - CMSIS Pack Vendor :STMicroelectronics ThreadX 1.0.0
2026-08-29 09:45:07,709 [INFO] ThirdParty:1030 - CMSIS Pack Vendor :STMicroelectronics FP-SNS-SMARTAG2 1.2.0
2026-08-29 09:45:07,709 [INFO] ThirdParty:1030 - CMSIS Pack Vendor :STMicroelectronics FP-SNS-FLIGHT1 5.1.0
2026-08-29 09:45:07,709 [INFO] ThirdParty:1030 - CMSIS Pack Vendor :STMicroelectronics X-CUBE-AZRTOS-WL 2.0.0
2026-08-29 09:45:07,709 [INFO] ThirdParty:1030 - CMSIS Pack Vendor :SEGGER I-CUBE-embOS 1.3.1
2026-08-29 09:45:07,709 [INFO] ThirdParty:1030 - CMSIS Pack Vendor :STMicroelectronics X-CUBE-DPower 1.3.0
2026-08-29 09:45:07,709 [INFO] ThirdParty:1030 - CMSIS Pack Vendor :STMicroelectronics USB_DEVICE 1.0.0
2026-08-29 09:45:07,709 [INFO] ThirdParty:1030 - CMSIS Pack Vendor :STMicroelectronics X-CUBE-AZRTOS-L4 2.0.0
2026-08-29 09:45:07,709 [INFO] ThirdParty:1030 - CMSIS Pack Vendor :STMicroelectronics ThreadX 0.0.2
2026-08-29 09:45:07,709 [INFO] ThirdParty:1030 - CMSIS Pack Vendor :STMicroelectronics lwIP 2.1.2
2026-08-29 09:45:07,709 [INFO] ThirdParty:1030 - CMSIS Pack Vendor :STMicroelectronics X-CUBE-SFXS2LP1 4.0.0
2026-08-29 09:45:07,709 [INFO] ThirdParty:1030 - CMSIS Pack Vendor :STMicroelectronics X-CUBE-BLE2 3.3.0
2026-08-29 09:45:07,709 [INFO] ThirdParty:1030 - CMSIS Pack Vendor :Avnet-IOTCONNECT X-CUBE-iotc-st67-sdk 1.0.0
2026-08-29 09:45:07,709 [INFO] ThirdParty:1030 - CMSIS Pack Vendor :STMicroelectronics X-CUBE-TOF1 3.4.3
2026-08-29 09:45:07,709 [INFO] ThirdParty:1030 - CMSIS Pack Vendor :Infineon AIROC-Wi-Fi-Bluetooth-STM32 1.8.0
2026-08-29 09:45:07,709 [INFO] ThirdParty:1030 - CMSIS Pack Vendor :STMicroelectronics X-CUBE-NFC13 1.0.0
2026-08-29 09:45:07,709 [INFO] ThirdParty:1030 - CMSIS Pack Vendor :STMicroelectronics PDM2PCM 3.2.0
2026-08-29 09:45:07,709 [INFO] ThirdParty:1030 - CMSIS Pack Vendor :STMicroelectronics X-CUBE-WB05N 2.1.0
2026-08-29 09:45:07,710 [INFO] ThirdParty:841 - exiting critical section [change project]
2026-08-29 09:45:07,990 [INFO] PinOutPanel:1589 - setPackage(No Configuration,No Configuration)
2026-08-29 09:45:07,992 [INFO] PinOutPanel:1589 - setPackage(STM32L4S5VITx,LQFP100)
2026-08-29 09:45:08,453 [INFO] UtilMem:75 - Before build in PCC Used Memory: 900937144 Bytes (1073741824)
2026-08-29 09:45:08,704 [ERROR] LogOutputStream:75 - [STDERR_REDIRECT] [Fatal Error] :1:1: Premature end of file.
2026-08-29 09:45:08,704 [ERROR] LogOutputStream:75 - [STDERR_REDIRECT] 
2026-08-29 09:45:09,100 [INFO] UtilMem:75 - After build in PCC Used Memory: 916286840 Bytes (1073741824)
2026-08-29 09:45:09,122 [INFO] IPUIPlugin:80 - create IPUIPlugin
2026-08-29 09:45:09,123 [INFO] IPUIPlugin:80 - create IPUIPlugin
2026-08-29 09:45:09,123 [INFO] IPUIPlugin:80 - create IPUIPlugin
2026-08-29 09:45:09,123 [INFO] IPUIPlugin:80 - create IPUIPlugin
2026-08-29 09:45:09,123 [INFO] IPUIPlugin:80 - create IPUIPlugin
2026-08-29 09:45:09,123 [INFO] IPUIPlugin:80 - create IPUIPlugin
2026-08-29 09:45:09,123 [INFO] IPUIPlugin:80 - create IPUIPlugin
2026-08-29 09:45:09,124 [INFO] IPUIPlugin:80 - create IPUIPlugin
2026-08-29 09:45:09,124 [INFO] IPUIPlugin:80 - create IPUIPlugin
2026-08-29 09:45:09,124 [INFO] IPUIPlugin:80 - create IPUIPlugin
2026-08-29 09:45:09,124 [INFO] IPUIPlugin:80 - create IPUIPlugin
2026-08-29 09:45:09,124 [INFO] IPUIPlugin:80 - create IPUIPlugin
2026-08-29 09:45:09,124 [INFO] IPUIPlugin:80 - create IPUIPlugin
2026-08-29 09:45:09,124 [INFO] IPUIPlugin:80 - create IPUIPlugin
2026-08-29 09:45:09,124 [INFO] IPUIPlugin:80 - create IPUIPlugin
2026-08-29 09:45:09,124 [INFO] IPUIPlugin:80 - create IPUIPlugin
2026-08-29 09:45:09,124 [INFO] IPUIPlugin:80 - create IPUIPlugin
2026-08-29 09:45:09,124 [INFO] IPUIPlugin:80 - create IPUIPlugin
2026-08-29 09:45:09,124 [INFO] IPUIPlugin:80 - create IPUIPlugin
2026-08-29 09:45:09,124 [INFO] IPUIPlugin:80 - create IPUIPlugin
2026-08-29 09:45:09,125 [INFO] IPUIPlugin:80 - create IPUIPlugin
2026-08-29 09:45:09,125 [INFO] IPUIPlugin:80 - create IPUIPlugin
2026-08-29 09:45:09,125 [INFO] IPUIPlugin:80 - create IPUIPlugin
2026-08-29 09:45:09,125 [INFO] IPUIPlugin:80 - create IPUIPlugin
2026-08-29 09:45:09,125 [INFO] IPUIPlugin:80 - create IPUIPlugin
2026-08-29 09:45:09,125 [INFO] IPUIPlugin:80 - create IPUIPlugin
2026-08-29 09:45:09,125 [INFO] IPUIPlugin:80 - create IPUIPlugin
2026-08-29 09:45:09,125 [INFO] IPUIPlugin:80 - create IPUIPlugin
2026-08-29 09:45:09,125 [INFO] IPUIPlugin:80 - create IPUIPlugin
2026-08-29 09:45:09,125 [INFO] IPUIPlugin:80 - create IPUIPlugin
2026-08-29 09:45:09,126 [INFO] IPUIPlugin:80 - create IPUIPlugin
2026-08-29 09:45:09,126 [INFO] IPUIPlugin:80 - create IPUIPlugin
2026-08-29 09:45:09,126 [INFO] IPUIPlugin:80 - create IPUIPlugin
2026-08-29 09:45:09,126 [INFO] IPUIPlugin:80 - create IPUIPlugin
2026-08-29 09:45:09,126 [INFO] IPUIPlugin:80 - create IPUIPlugin
2026-08-29 09:45:09,126 [INFO] IPUIPlugin:80 - create IPUIPlugin
2026-08-29 09:45:09,126 [INFO] IPUIPlugin:80 - create IPUIPlugin
2026-08-29 09:45:09,126 [INFO] IPUIPlugin:80 - create IPUIPlugin
2026-08-29 09:45:09,126 [INFO] IPUIPlugin:80 - create IPUIPlugin
2026-08-29 09:45:09,126 [INFO] IPUIPlugin:80 - create IPUIPlugin
2026-08-29 09:45:09,126 [INFO] IPUIPlugin:80 - create IPUIPlugin
2026-08-29 09:45:09,127 [INFO] IPUIPlugin:80 - create IPUIPlugin
2026-08-29 09:45:09,127 [INFO] IPUIPlugin:80 - create IPUIPlugin
2026-08-29 09:45:09,127 [INFO] IPUIPlugin:80 - create IPUIPlugin
2026-08-29 09:45:09,127 [INFO] IPUIPlugin:80 - create IPUIPlugin
2026-08-29 09:45:09,127 [INFO] IPUIPlugin:80 - create IPUIPlugin
2026-08-29 09:45:09,127 [INFO] IPUIPlugin:80 - create IPUIPlugin
2026-08-29 09:45:09,127 [INFO] IPUIPlugin:80 - create IPUIPlugin
2026-08-29 09:45:09,127 [INFO] IPUIPlugin:80 - create IPUIPlugin
2026-08-29 09:45:09,127 [INFO] IPUIPlugin:80 - create IPUIPlugin
2026-08-29 09:45:09,128 [INFO] IPUIPlugin:80 - create IPUIPlugin
2026-08-29 09:45:09,128 [INFO] IPUIPlugin:80 - create IPUIPlugin
2026-08-29 09:45:09,128 [INFO] IPUIPlugin:80 - create IPUIPlugin
2026-08-29 09:45:09,128 [INFO] IPUIPlugin:80 - create IPUIPlugin
2026-08-29 09:45:09,128 [INFO] IPUIPlugin:80 - create IPUIPlugin
2026-08-29 09:45:09,128 [INFO] IPUIPlugin:80 - create IPUIPlugin
2026-08-29 09:45:09,128 [INFO] IPUIPlugin:80 - create IPUIPlugin
2026-08-29 09:45:09,129 [INFO] IPUIPlugin:80 - create IPUIPlugin
2026-08-29 09:45:09,129 [INFO] IPUIPlugin:80 - create IPUIPlugin
2026-08-29 09:45:09,129 [INFO] IPUIPlugin:80 - create IPUIPlugin
2026-08-29 09:45:09,129 [INFO] IPUIPlugin:80 - create IPUIPlugin
2026-08-29 09:45:09,129 [INFO] IPUIPlugin:80 - create IPUIPlugin
2026-08-29 09:45:09,129 [INFO] IPUIPlugin:80 - create IPUIPlugin
2026-08-29 09:45:09,305 [INFO] CADModel:165 - CPN selected for project levelSTM32L4S5VIT6
2026-08-29 09:45:09,305 [INFO] CADModel:114 - Register for checkConnection events
2026-08-29 09:45:09,348 [INFO] OpenFileManager:386 - Restore cursor
2026-08-29 09:45:09,621 [WARN] IP:2250 - MaxTran not found: check if there is a RefParameter without a condition.
2026-08-29 09:45:09,621 [WARN] IP:2250 - Refresh not found: check if there is a RefParameter without a condition.
2026-08-29 09:45:09,621 [WARN] IP:2250 - MaxTran not found: check if there is a RefParameter without a condition.
2026-08-29 09:45:09,621 [WARN] IP:2250 - Refresh not found: check if there is a RefParameter without a condition.
2026-08-29 09:45:09,707 [ERROR] LogOutputStream:75 - [STDERR_REDIRECT] [Fatal Error] :1:1: Premature end of file.
2026-08-29 09:45:09,707 [ERROR] LogOutputStream:75 - [STDERR_REDIRECT] 
2026-08-29 09:45:10,182 [INFO] UtilMem:75 - End SaveConfig() Used Memory: 969867832 Bytes (1073741824)
2026-08-29 09:45:10,267 [INFO] UtilMem:75 - End SaveConfig() Used Memory: 988734256 Bytes (1073741824)
2026-08-29 09:45:10,586 [INFO] BlockDiagram:2775 - set Specific Code input for plugin: SPI
2026-08-29 09:45:10,586 [INFO] BlockDiagram:2775 - set Specific Code input for plugin: SPI
2026-08-29 09:45:10,586 [INFO] BlockDiagram:2775 - set Specific Code input for plugin: DFSDM
2026-08-29 09:45:10,586 [INFO] BlockDiagram:2775 - set Specific Code input for plugin: SYS
2026-08-29 09:45:10,586 [INFO] BlockDiagram:2775 - set Specific Code input for plugin: ADC
2026-08-29 09:45:10,586 [INFO] BlockDiagram:2775 - set Specific Code input for plugin: RCC
2026-08-29 09:45:10,586 [INFO] BlockDiagram:2775 - set Specific Code input for plugin: I2C
2026-08-29 09:45:10,586 [INFO] BlockDiagram:2775 - set Specific Code input for plugin: I2C
2026-08-29 09:45:10,586 [INFO] BlockDiagram:2775 - set Specific Code input for plugin: USB_OTG_FS
2026-08-29 09:45:10,586 [INFO] BlockDiagram:2775 - set Specific Code input for plugin: NVIC
2026-08-29 09:45:10,586 [INFO] BlockDiagram:2775 - set Specific Code input for plugin: USART
2026-08-29 09:45:10,586 [INFO] BlockDiagram:2775 - set Specific Code input for plugin: USART
2026-08-29 09:45:10,586 [INFO] BlockDiagram:2775 - set Specific Code input for plugin: USART
2026-08-29 09:45:10,586 [INFO] BlockDiagram:2775 - set Specific Code input for plugin: OCTOSPI
2026-08-29 09:45:10,586 [INFO] BlockDiagram:2775 - set Specific Code input for plugin: UART
2026-08-29 09:45:10,587 [INFO] BlockDiagram:2775 - set Specific Code input for plugin: GPIO
2026-08-29 09:45:10,587 [INFO] CodeGenerator:892 - code generatio: config db path: C:\ST\STM32CubeIDE_1.19.0\STM32CubeIDE\plugins\com.st.stm32cube.common.mx_6.15.0.202507011659\\db\
2026-08-29 09:45:10,617 [WARN] IP:2250 - MaxTran not found: check if there is a RefParameter without a condition.
2026-08-29 09:45:10,617 [WARN] IP:2250 - Refresh not found: check if there is a RefParameter without a condition.
2026-08-29 09:45:10,709 [ERROR] LogOutputStream:75 - [STDERR_REDIRECT] [Fatal Error] :1:1: Premature end of file.
2026-08-29 09:45:10,709 [ERROR] LogOutputStream:75 - [STDERR_REDIRECT] 
2026-08-29 09:45:10,778 [INFO] CodeEngine:265 - oldGeneratedFile, D:\tinyML_Workspace\TinyML\STM32\IMU_Inference\MXTmpFiles\license.tmp_save
2026-08-29 09:45:11,045 [INFO] CodeEngine:289 - Generated code: D:\tinyML_Workspace\TinyML\STM32\IMU_Inference\MXTmpFiles\license.tmp
2026-08-29 09:45:11,227 [INFO] CodeEngine:265 - oldGeneratedFile, D:\tinyML_Workspace\TinyML\STM32\IMU_Inference\MXTmpFiles\gpio.tmp_save
2026-08-29 09:45:11,322 [INFO] CodeEngine:289 - Generated code: D:\tinyML_Workspace\TinyML\STM32\IMU_Inference\MXTmpFiles\gpio.tmp
2026-08-29 09:45:11,711 [ERROR] LogOutputStream:75 - [STDERR_REDIRECT] [Fatal Error] :1:1: Premature end of file.
2026-08-29 09:45:11,711 [ERROR] LogOutputStream:75 - [STDERR_REDIRECT] 
2026-08-29 09:45:12,641 [WARN] IPConfigManager:103 - WARNING: Missing Config File for USB ip!!
2026-08-29 09:45:12,706 [ERROR] LogOutputStream:75 - [STDERR_REDIRECT] [Fatal Error] :1:1: Premature end of file.
2026-08-29 09:45:12,706 [ERROR] LogOutputStream:75 - [STDERR_REDIRECT] 
2026-08-29 09:45:12,736 [WARN] IPConfigManager:3238 - Warning: the RefConfig PWREx_EnableUSBVoltageDetector is not available in your config.xml file
2026-08-29 09:45:12,755 [INFO] CodeEngine:265 - oldGeneratedFile, D:\tinyML_Workspace\TinyML\STM32\IMU_Inference\Core\Src\stm32l4xx_it.c_save
2026-08-29 09:45:12,861 [INFO] CodeEngine:289 - Generated code: D:\tinyML_Workspace\TinyML\STM32\IMU_Inference\Core\Src\stm32l4xx_it.c
2026-08-29 09:45:12,865 [INFO] CodeEngine:265 - oldGeneratedFile, D:\tinyML_Workspace\TinyML\STM32\IMU_Inference\Core\Inc\stm32l4xx_it.h_save
2026-08-29 09:45:12,909 [INFO] CodeEngine:289 - Generated code: D:\tinyML_Workspace\TinyML\STM32\IMU_Inference\Core\Inc\stm32l4xx_it.h
2026-08-29 09:45:12,919 [INFO] CodeEngine:265 - oldGeneratedFile, D:\tinyML_Workspace\TinyML\STM32\IMU_Inference\Core\Src\stm32l4xx_hal_msp.c_save
2026-08-29 09:45:13,021 [INFO] CodeEngine:289 - Generated code: D:\tinyML_Workspace\TinyML\STM32\IMU_Inference\Core\Src\stm32l4xx_hal_msp.c
2026-08-29 09:45:13,025 [INFO] CodeEngine:265 - oldGeneratedFile, D:\tinyML_Workspace\TinyML\STM32\IMU_Inference\MXTmpFiles\system.tmp_save
2026-08-29 09:45:13,068 [INFO] CodeEngine:289 - Generated code: D:\tinyML_Workspace\TinyML\STM32\IMU_Inference\MXTmpFiles\system.tmp
2026-08-29 09:45:13,076 [INFO] CodeEngine:321 - oldGeneratedFile, D:\tinyML_Workspace\TinyML\STM32\IMU_Inference\Core\Inc\stm32l4xx_hal_conf.h_save
2026-08-29 09:45:13,121 [INFO] CodeEngine:345 - Generated code: D:\tinyML_Workspace\TinyML\STM32\IMU_Inference\Core\Inc\stm32l4xx_hal_conf.h
2026-08-29 09:45:13,150 [INFO] ApiDbMcu:532 - Load IP Config File for ADC1
2026-08-29 09:45:13,158 [INFO] ApiDbMcu:532 - Load IP Config File for DFSDM1
2026-08-29 09:45:13,161 [INFO] ApiDbMcu:532 - Load IP Config File for I2C1
2026-08-29 09:45:13,163 [INFO] ApiDbMcu:532 - Load IP Config File for I2C2
2026-08-29 09:45:13,165 [INFO] ApiDbMcu:532 - Load IP Config File for OCTOSPI1
2026-08-29 09:45:13,167 [INFO] ApiDbMcu:532 - Load IP Config File for SPI1
2026-08-29 09:45:13,168 [INFO] ApiDbMcu:532 - Load IP Config File for SPI3
2026-08-29 09:45:13,176 [INFO] ApiDbMcu:532 - Load IP Config File for UART4
2026-08-29 09:45:13,182 [INFO] ApiDbMcu:532 - Load IP Config File for USART1
2026-08-29 09:45:13,188 [INFO] ApiDbMcu:532 - Load IP Config File for USART2
2026-08-29 09:45:13,196 [INFO] ApiDbMcu:532 - Load IP Config File for USART3
2026-08-29 09:45:13,197 [ERROR] ApiDbMcu:560 - Cannot parse USB_OTG_FS_Config file : file do not exist
2026-08-29 09:45:13,197 [ERROR] ApiDbMcu:560 - Cannot parse USB_OTG_FS_Config file : file do not exist
2026-08-29 09:45:13,199 [INFO] ApiDbMcu:532 - Load IP Config File for RCC
2026-08-29 09:45:13,201 [WARN] IPConfigManager:3811 - IP not found : USB_OTG
2026-08-29 09:45:13,202 [WARN] CodeGenerator:4259 - IP not found : null
2026-08-29 09:45:13,207 [INFO] CodeEngine:265 - oldGeneratedFile, D:\tinyML_Workspace\TinyML\STM32\IMU_Inference\Core\Inc\main.h_save
2026-08-29 09:45:13,266 [INFO] CodeEngine:289 - Generated code: D:\tinyML_Workspace\TinyML\STM32\IMU_Inference\Core\Inc\main.h
2026-08-29 09:45:13,269 [INFO] CodeEngine:265 - oldGeneratedFile, D:\tinyML_Workspace\TinyML\STM32\IMU_Inference\Core\Src\main.c_save
2026-08-29 09:45:13,367 [INFO] CodeEngine:289 - Generated code: D:\tinyML_Workspace\TinyML\STM32\IMU_Inference\Core\Src\main.c
2026-08-29 09:45:13,657 [INFO] ProjectBuilder:3606 - Time for Copy HAL[1] : 143mS.
2026-08-29 09:45:13,662 [INFO] ProjectBuilder:5216 - Project Generator version: 4.7.0-B52
2026-08-29 09:45:13,706 [ERROR] LogOutputStream:75 - [STDERR_REDIRECT] [Fatal Error] :1:1: Premature end of file.
2026-08-29 09:45:13,707 [ERROR] LogOutputStream:75 - [STDERR_REDIRECT] 
2026-08-29 09:45:13,729 [INFO] ConfigFileManager:1595 - The Die is : DIE470
2026-08-29 09:45:13,735 [INFO] ApiDbMcu:532 - Load IP Config File for FATFS
2026-08-29 09:45:13,739 [INFO] ApiDbMcu:532 - Load IP Config File for FREERTOS
2026-08-29 09:45:13,750 [INFO] ApiDbMcu:532 - Load IP Config File for TOUCHSENSING
2026-08-29 09:45:13,754 [INFO] ApiDbMcu:532 - Load IP Config File for USB_DEVICE
2026-08-29 09:45:13,758 [INFO] ApiDbMcu:532 - Load IP Config File for USB_HOST
2026-08-29 09:45:14,009 [INFO] LogOutputStream:77 - [STDOUT_REDIRECT] 
2026-08-29 09:45:14,700 [ERROR] LogOutputStream:75 - [STDERR_REDIRECT] [Fatal Error] :1:1: Premature end of file.
2026-08-29 09:45:14,700 [ERROR] LogOutputStream:75 - [STDERR_REDIRECT] 
2026-08-29 09:45:15,461 [INFO] ProjectBuilder:5496 - Time for Generating toolchain IDE Files: 1799mS.
2026-08-29 09:45:15,462 [INFO] ProjectBuilder:3463 - Time for Copy CMSIS : 1mS.
2026-08-29 09:45:15,463 [INFO] ProjectBuilder:3463 - Time for Copy CMSIS : 1mS.
2026-08-29 09:45:15,719 [ERROR] LogOutputStream:75 - [STDERR_REDIRECT] [Fatal Error] :1:1: Premature end of file.
2026-08-29 09:45:15,720 [ERROR] LogOutputStream:75 - [STDERR_REDIRECT] 
2026-08-29 09:45:16,321 [INFO] McuFinderGlobals:76 - Set McuFinderConnectedMode to true
2026-08-29 09:45:16,325 [INFO] ApiDb:448 - Save user favorites file C:\Users\student/.stm32cubeide/favorites.mcus.txt: 0 item(s)
2026-08-29 09:45:16,325 [INFO] ApiDb:452 - User favorites MCUs=[]
2026-08-29 09:45:16,326 [INFO] ApiDb:448 - Save user favorites file C:\Users\student/.stm32cubeide/favorites.boards.txt: 0 item(s)
2026-08-29 09:45:16,327 [INFO] ApiDb:452 - User favorites Boards=[]
2026-08-29 09:45:16,711 [ERROR] LogOutputStream:75 - [STDERR_REDIRECT] [Fatal Error] :1:1: Premature end of file.
2026-08-29 09:45:16,711 [ERROR] LogOutputStream:75 - [STDERR_REDIRECT] 
2026-08-29 09:45:17,706 [ERROR] LogOutputStream:75 - [STDERR_REDIRECT] [Fatal Error] :1:1: Premature end of file.
2026-08-29 09:45:17,706 [ERROR] LogOutputStream:75 - [STDERR_REDIRECT] 
2026-08-29 09:45:18,701 [ERROR] LogOutputStream:75 - [STDERR_REDIRECT] [Fatal Error] :1:1: Premature end of file.
2026-08-29 09:45:18,701 [ERROR] LogOutputStream:75 - [STDERR_REDIRECT] 
2026-08-29 09:45:19,702 [ERROR] LogOutputStream:75 - [STDERR_REDIRECT] [Fatal Error] :1:1: Premature end of file.
2026-08-29 09:45:19,702 [ERROR] LogOutputStream:75 - [STDERR_REDIRECT] 
2026-08-29 09:45:20,701 [ERROR] LogOutputStream:75 - [STDERR_REDIRECT] [Fatal Error] :1:1: Premature end of file.
2026-08-29 09:45:20,702 [ERROR] LogOutputStream:75 - [STDERR_REDIRECT] 
2026-08-29 09:45:21,703 [ERROR] LogOutputStream:75 - [STDERR_REDIRECT] [Fatal Error] :1:1: Premature end of file.
2026-08-29 09:45:21,703 [ERROR] LogOutputStream:75 - [STDERR_REDIRECT] 
2026-08-29 09:45:22,712 [ERROR] LogOutputStream:75 - [STDERR_REDIRECT] [Fatal Error] :1:1: Premature end of file.
2026-08-29 09:45:22,713 [ERROR] LogOutputStream:75 - [STDERR_REDIRECT] 
2026-08-29 09:45:23,704 [ERROR] LogOutputStream:75 - [STDERR_REDIRECT] [Fatal Error] :1:1: Premature end of file.
2026-08-29 09:45:23,705 [ERROR] LogOutputStream:75 - [STDERR_REDIRECT] 
2026-08-29 09:45:24,704 [ERROR] LogOutputStream:75 - [STDERR_REDIRECT] [Fatal Error] :1:1: Premature end of file.
2026-08-29 09:45:24,705 [ERROR] LogOutputStream:75 - [STDERR_REDIRECT] 
2026-08-29 09:45:25,702 [ERROR] LogOutputStream:75 - [STDERR_REDIRECT] [Fatal Error] :1:1: Premature end of file.
2026-08-29 09:45:25,702 [ERROR] LogOutputStream:75 - [STDERR_REDIRECT] 
2026-08-29 09:45:26,707 [ERROR] LogOutputStream:75 - [STDERR_REDIRECT] [Fatal Error] :1:1: Premature end of file.
2026-08-29 09:45:26,708 [ERROR] LogOutputStream:75 - [STDERR_REDIRECT] 
2026-08-29 09:45:27,702 [ERROR] LogOutputStream:75 - [STDERR_REDIRECT] [Fatal Error] :1:1: Premature end of file.
2026-08-29 09:45:27,703 [ERROR] LogOutputStream:75 - [STDERR_REDIRECT] 
2026-08-29 09:45:28,704 [ERROR] LogOutputStream:75 - [STDERR_REDIRECT] [Fatal Error] :1:1: Premature end of file.
2026-08-29 09:45:28,705 [ERROR] LogOutputStream:75 - [STDERR_REDIRECT] 
2026-08-29 09:45:29,704 [ERROR] LogOutputStream:75 - [STDERR_REDIRECT] [Fatal Error] :1:1: Premature end of file.
2026-08-29 09:45:29,705 [ERROR] LogOutputStream:75 - [STDERR_REDIRECT] 
2026-08-29 09:45:30,704 [ERROR] LogOutputStream:75 - [STDERR_REDIRECT] [Fatal Error] :1:1: Premature end of file.
2026-08-29 09:45:30,704 [ERROR] LogOutputStream:75 - [STDERR_REDIRECT] 
2026-08-29 09:45:31,708 [ERROR] LogOutputStream:75 - [STDERR_REDIRECT] [Fatal Error] :1:1: Premature end of file.
2026-08-29 09:45:31,709 [ERROR] LogOutputStream:75 - [STDERR_REDIRECT] 
2026-08-29 09:45:32,705 [ERROR] LogOutputStream:75 - [STDERR_REDIRECT] [Fatal Error] :1:1: Premature end of file.
2026-08-29 09:45:32,706 [ERROR] LogOutputStream:75 - [STDERR_REDIRECT] 
2026-08-29 09:45:33,705 [ERROR] LogOutputStream:75 - [STDERR_REDIRECT] [Fatal Error] :1:1: Premature end of file.
2026-08-29 09:45:33,705 [ERROR] LogOutputStream:75 - [STDERR_REDIRECT] 
2026-08-29 09:45:34,703 [ERROR] LogOutputStream:75 - [STDERR_REDIRECT] [Fatal Error] :1:1: Premature end of file.
2026-08-29 09:45:34,703 [ERROR] LogOutputStream:75 - [STDERR_REDIRECT] 
2026-08-29 09:45:35,705 [ERROR] LogOutputStream:75 - [STDERR_REDIRECT] [Fatal Error] :1:1: Premature end of file.
2026-08-29 09:45:35,705 [ERROR] LogOutputStream:75 - [STDERR_REDIRECT] 
2026-08-29 09:45:36,704 [ERROR] LogOutputStream:75 - [STDERR_REDIRECT] [Fatal Error] :1:1: Premature end of file.
2026-08-29 09:45:36,704 [ERROR] LogOutputStream:75 - [STDERR_REDIRECT] 
2026-08-29 09:45:37,700 [ERROR] LogOutputStream:75 - [STDERR_REDIRECT] [Fatal Error] :1:1: Premature end of file.
2026-08-29 09:45:37,700 [ERROR] LogOutputStream:75 - [STDERR_REDIRECT] 
2026-08-29 09:45:38,704 [ERROR] LogOutputStream:75 - [STDERR_REDIRECT] [Fatal Error] :1:1: Premature end of file.
2026-08-29 09:45:38,705 [ERROR] LogOutputStream:75 - [STDERR_REDIRECT] 
2026-08-29 09:45:39,706 [ERROR] LogOutputStream:75 - [STDERR_REDIRECT] [Fatal Error] :1:1: Premature end of file.
2026-08-29 09:45:39,707 [ERROR] LogOutputStream:75 - [STDERR_REDIRECT] 
2026-08-29 09:45:40,705 [ERROR] LogOutputStream:75 - [STDERR_REDIRECT] [Fatal Error] :1:1: Premature end of file.
2026-08-29 09:45:40,705 [ERROR] LogOutputStream:75 - [STDERR_REDIRECT] 
2026-08-29 09:45:41,704 [ERROR] LogOutputStream:75 - [STDERR_REDIRECT] [Fatal Error] :1:1: Premature end of file.
2026-08-29 09:45:41,704 [ERROR] LogOutputStream:75 - [STDERR_REDIRECT] 
2026-08-29 09:45:42,704 [ERROR] LogOutputStream:75 - [STDERR_REDIRECT] [Fatal Error] :1:1: Premature end of file.
2026-08-29 09:45:42,704 [ERROR] LogOutputStream:75 - [STDERR_REDIRECT] 
2026-08-29 09:45:43,704 [ERROR] LogOutputStream:75 - [STDERR_REDIRECT] [Fatal Error] :1:1: Premature end of file.
2026-08-29 09:45:43,705 [ERROR] LogOutputStream:75 - [STDERR_REDIRECT] 
2026-08-29 09:45:44,705 [ERROR] LogOutputStream:75 - [STDERR_REDIRECT] [Fatal Error] :1:1: Premature end of file.
2026-08-29 09:45:44,705 [ERROR] LogOutputStream:75 - [STDERR_REDIRECT] 
2026-08-29 09:45:45,705 [ERROR] LogOutputStream:75 - [STDERR_REDIRECT] [Fatal Error] :1:1: Premature end of file.
2026-08-29 09:45:45,705 [ERROR] LogOutputStream:75 - [STDERR_REDIRECT] 
2026-08-29 09:45:46,704 [ERROR] LogOutputStream:75 - [STDERR_REDIRECT] [Fatal Error] :1:1: Premature end of file.
2026-08-29 09:45:46,705 [ERROR] LogOutputStream:75 - [STDERR_REDIRECT] 
2026-08-29 09:45:47,702 [ERROR] LogOutputStream:75 - [STDERR_REDIRECT] [Fatal Error] :1:1: Premature end of file.
2026-08-29 09:45:47,703 [ERROR] LogOutputStream:75 - [STDERR_REDIRECT] 
2026-08-29 09:45:48,702 [ERROR] LogOutputStream:75 - [STDERR_REDIRECT] [Fatal Error] :1:1: Premature end of file.
2026-08-29 09:45:48,702 [ERROR] LogOutputStream:75 - [STDERR_REDIRECT] 
2026-08-29 09:45:49,702 [ERROR] LogOutputStream:75 - [STDERR_REDIRECT] [Fatal Error] :1:1: Premature end of file.
2026-08-29 09:45:49,702 [ERROR] LogOutputStream:75 - [STDERR_REDIRECT] 
2026-08-29 09:45:50,703 [ERROR] LogOutputStream:75 - [STDERR_REDIRECT] [Fatal Error] :1:1: Premature end of file.
2026-08-29 09:45:50,703 [ERROR] LogOutputStream:75 - [STDERR_REDIRECT] 
2026-08-29 09:45:51,702 [ERROR] LogOutputStream:75 - [STDERR_REDIRECT] [Fatal Error] :1:1: Premature end of file.
2026-08-29 09:45:51,702 [ERROR] LogOutputStream:75 - [STDERR_REDIRECT] 
2026-08-29 09:45:52,702 [ERROR] LogOutputStream:75 - [STDERR_REDIRECT] [Fatal Error] :1:1: Premature end of file.
2026-08-29 09:45:52,703 [ERROR] LogOutputStream:75 - [STDERR_REDIRECT] 
2026-08-29 09:45:53,704 [ERROR] LogOutputStream:75 - [STDERR_REDIRECT] [Fatal Error] :1:1: Premature end of file.
2026-08-29 09:45:53,705 [ERROR] LogOutputStream:75 - [STDERR_REDIRECT] 
2026-08-29 09:45:54,701 [ERROR] LogOutputStream:75 - [STDERR_REDIRECT] [Fatal Error] :1:1: Premature end of file.
2026-08-29 09:45:54,701 [ERROR] LogOutputStream:75 - [STDERR_REDIRECT] 
2026-08-29 09:45:55,701 [ERROR] LogOutputStream:75 - [STDERR_REDIRECT] [Fatal Error] :1:1: Premature end of file.
2026-08-29 09:45:55,701 [ERROR] LogOutputStream:75 - [STDERR_REDIRECT] 
2026-08-29 09:45:56,701 [ERROR] LogOutputStream:75 - [STDERR_REDIRECT] [Fatal Error] :1:1: Premature end of file.
2026-08-29 09:45:56,702 [ERROR] LogOutputStream:75 - [STDERR_REDIRECT] 
2026-08-29 09:45:57,703 [ERROR] LogOutputStream:75 - [STDERR_REDIRECT] [Fatal Error] :1:1: Premature end of file.
2026-08-29 09:45:57,703 [ERROR] LogOutputStream:75 - [STDERR_REDIRECT] 
2026-08-29 09:45:58,702 [ERROR] LogOutputStream:75 - [STDERR_REDIRECT] [Fatal Error] :1:1: Premature end of file.
2026-08-29 09:45:58,703 [ERROR] LogOutputStream:75 - [STDERR_REDIRECT] 
2026-08-29 09:45:59,704 [ERROR] LogOutputStream:75 - [STDERR_REDIRECT] [Fatal Error] :1:1: Premature end of file.
2026-08-29 09:45:59,704 [ERROR] LogOutputStream:75 - [STDERR_REDIRECT] 
2026-08-29 09:46:00,706 [ERROR] LogOutputStream:75 - [STDERR_REDIRECT] [Fatal Error] :1:1: Premature end of file.
2026-08-29 09:46:00,706 [ERROR] LogOutputStream:75 - [STDERR_REDIRECT] 
2026-08-29 09:46:01,707 [ERROR] LogOutputStream:75 - [STDERR_REDIRECT] [Fatal Error] :1:1: Premature end of file.
2026-08-29 09:46:01,707 [ERROR] LogOutputStream:75 - [STDERR_REDIRECT] 
2026-08-29 09:46:02,703 [ERROR] LogOutputStream:75 - [STDERR_REDIRECT] [Fatal Error] :1:1: Premature end of file.
2026-08-29 09:46:02,703 [ERROR] LogOutputStream:75 - [STDERR_REDIRECT] 
2026-08-29 09:46:03,705 [ERROR] LogOutputStream:75 - [STDERR_REDIRECT] [Fatal Error] :1:1: Premature end of file.
2026-08-29 09:46:03,705 [ERROR] LogOutputStream:75 - [STDERR_REDIRECT] 
2026-08-29 09:46:04,702 [ERROR] LogOutputStream:75 - [STDERR_REDIRECT] [Fatal Error] :1:1: Premature end of file.
2026-08-29 09:46:04,702 [ERROR] LogOutputStream:75 - [STDERR_REDIRECT] 
2026-08-29 09:46:05,703 [ERROR] LogOutputStream:75 - [STDERR_REDIRECT] [Fatal Error] :1:1: Premature end of file.
2026-08-29 09:46:05,703 [ERROR] LogOutputStream:75 - [STDERR_REDIRECT] 
2026-08-29 09:46:06,705 [ERROR] LogOutputStream:75 - [STDERR_REDIRECT] [Fatal Error] :1:1: Premature end of file.
2026-08-29 09:46:06,705 [ERROR] LogOutputStream:75 - [STDERR_REDIRECT] 
2026-08-29 09:46:07,705 [ERROR] LogOutputStream:75 - [STDERR_REDIRECT] [Fatal Error] :1:1: Premature end of file.
2026-08-29 09:46:07,705 [ERROR] LogOutputStream:75 - [STDERR_REDIRECT] 
2026-08-29 09:46:08,704 [ERROR] LogOutputStream:75 - [STDERR_REDIRECT] [Fatal Error] :1:1: Premature end of file.
2026-08-29 09:46:08,705 [ERROR] LogOutputStream:75 - [STDERR_REDIRECT] 
2026-08-29 09:46:09,706 [ERROR] LogOutputStream:75 - [STDERR_REDIRECT] [Fatal Error] :1:1: Premature end of file.
2026-08-29 09:46:09,706 [ERROR] LogOutputStream:75 - [STDERR_REDIRECT] 
2026-08-29 09:46:10,704 [ERROR] LogOutputStream:75 - [STDERR_REDIRECT] [Fatal Error] :1:1: Premature end of file.
2026-08-29 09:46:10,704 [ERROR] LogOutputStream:75 - [STDERR_REDIRECT] 
2026-08-29 09:46:11,704 [ERROR] LogOutputStream:75 - [STDERR_REDIRECT] [Fatal Error] :1:1: Premature end of file.
2026-08-29 09:46:11,705 [ERROR] LogOutputStream:75 - [STDERR_REDIRECT] 
2026-08-29 09:46:12,705 [ERROR] LogOutputStream:75 - [STDERR_REDIRECT] [Fatal Error] :1:1: Premature end of file.
2026-08-29 09:46:12,705 [ERROR] LogOutputStream:75 - [STDERR_REDIRECT] 
2026-08-29 09:46:13,706 [ERROR] LogOutputStream:75 - [STDERR_REDIRECT] [Fatal Error] :1:1: Premature end of file.
2026-08-29 09:46:13,707 [ERROR] LogOutputStream:75 - [STDERR_REDIRECT] 
2026-08-29 09:46:14,703 [ERROR] LogOutputStream:75 - [STDERR_REDIRECT] [Fatal Error] :1:1: Premature end of file.
2026-08-29 09:46:14,703 [ERROR] LogOutputStream:75 - [STDERR_REDIRECT] 
2026-08-29 09:46:15,707 [ERROR] LogOutputStream:75 - [STDERR_REDIRECT] [Fatal Error] :1:1: Premature end of file.
2026-08-29 09:46:15,707 [ERROR] LogOutputStream:75 - [STDERR_REDIRECT] 
2026-08-29 09:46:16,703 [ERROR] LogOutputStream:75 - [STDERR_REDIRECT] [Fatal Error] :1:1: Premature end of file.
2026-08-29 09:46:16,703 [ERROR] LogOutputStream:75 - [STDERR_REDIRECT] 
2026-08-29 09:46:17,706 [ERROR] LogOutputStream:75 - [STDERR_REDIRECT] [Fatal Error] :1:1: Premature end of file.
2026-08-29 09:46:17,706 [ERROR] LogOutputStream:75 - [STDERR_REDIRECT] 
2026-08-29 09:46:18,705 [ERROR] LogOutputStream:75 - [STDERR_REDIRECT] [Fatal Error] :1:1: Premature end of file.
2026-08-29 09:46:18,705 [ERROR] LogOutputStream:75 - [STDERR_REDIRECT] 
2026-08-29 09:46:19,702 [ERROR] LogOutputStream:75 - [STDERR_REDIRECT] [Fatal Error] :1:1: Premature end of file.
2026-08-29 09:46:19,702 [ERROR] LogOutputStream:75 - [STDERR_REDIRECT] 
2026-08-29 09:46:20,705 [ERROR] LogOutputStream:75 - [STDERR_REDIRECT] [Fatal Error] :1:1: Premature end of file.
2026-08-29 09:46:20,705 [ERROR] LogOutputStream:75 - [STDERR_REDIRECT] 
2026-08-29 09:46:21,704 [ERROR] LogOutputStream:75 - [STDERR_REDIRECT] [Fatal Error] :1:1: Premature end of file.
2026-08-29 09:46:21,705 [ERROR] LogOutputStream:75 - [STDERR_REDIRECT] 
2026-08-29 09:46:22,703 [ERROR] LogOutputStream:75 - [STDERR_REDIRECT] [Fatal Error] :1:1: Premature end of file.
2026-08-29 09:46:22,703 [ERROR] LogOutputStream:75 - [STDERR_REDIRECT] 
2026-08-29 09:46:23,702 [ERROR] LogOutputStream:75 - [STDERR_REDIRECT] [Fatal Error] :1:1: Premature end of file.
2026-08-29 09:46:23,703 [ERROR] LogOutputStream:75 - [STDERR_REDIRECT] 
2026-08-29 09:46:24,701 [ERROR] LogOutputStream:75 - [STDERR_REDIRECT] [Fatal Error] :1:1: Premature end of file.
2026-08-29 09:46:24,701 [ERROR] LogOutputStream:75 - [STDERR_REDIRECT] 
2026-08-29 09:46:25,703 [ERROR] LogOutputStream:75 - [STDERR_REDIRECT] [Fatal Error] :1:1: Premature end of file.
2026-08-29 09:46:25,704 [ERROR] LogOutputStream:75 - [STDERR_REDIRECT] 
2026-08-29 09:46:26,702 [ERROR] LogOutputStream:75 - [STDERR_REDIRECT] [Fatal Error] :1:1: Premature end of file.
2026-08-29 09:46:26,702 [ERROR] LogOutputStream:75 - [STDERR_REDIRECT] 
2026-08-29 09:46:27,703 [ERROR] LogOutputStream:75 - [STDERR_REDIRECT] [Fatal Error] :1:1: Premature end of file.
2026-08-29 09:46:27,704 [ERROR] LogOutputStream:75 - [STDERR_REDIRECT] 
2026-08-29 09:46:27,942 [INFO] I2cTimingTraitement:330 - 0x30A175AB
2026-08-29 09:46:28,705 [ERROR] LogOutputStream:75 - [STDERR_REDIRECT] [Fatal Error] :1:1: Premature end of file.
2026-08-29 09:46:28,705 [ERROR] LogOutputStream:75 - [STDERR_REDIRECT] 
2026-08-29 09:46:29,705 [ERROR] LogOutputStream:75 - [STDERR_REDIRECT] [Fatal Error] :1:1: Premature end of file.
2026-08-29 09:46:29,705 [ERROR] LogOutputStream:75 - [STDERR_REDIRECT] 
2026-08-29 09:46:30,704 [ERROR] LogOutputStream:75 - [STDERR_REDIRECT] [Fatal Error] :1:1: Premature end of file.
2026-08-29 09:46:30,704 [ERROR] LogOutputStream:75 - [STDERR_REDIRECT] 
2026-08-29 09:46:31,704 [ERROR] LogOutputStream:75 - [STDERR_REDIRECT] [Fatal Error] :1:1: Premature end of file.
2026-08-29 09:46:31,705 [ERROR] LogOutputStream:75 - [STDERR_REDIRECT] 
2026-08-29 09:46:32,702 [ERROR] LogOutputStream:75 - [STDERR_REDIRECT] [Fatal Error] :1:1: Premature end of file.
2026-08-29 09:46:32,702 [ERROR] LogOutputStream:75 - [STDERR_REDIRECT] 
2026-08-29 09:46:33,704 [ERROR] LogOutputStream:75 - [STDERR_REDIRECT] [Fatal Error] :1:1: Premature end of file.
2026-08-29 09:46:33,704 [ERROR] LogOutputStream:75 - [STDERR_REDIRECT] 
2026-08-29 09:46:34,703 [ERROR] LogOutputStream:75 - [STDERR_REDIRECT] [Fatal Error] :1:1: Premature end of file.
2026-08-29 09:46:34,703 [ERROR] LogOutputStream:75 - [STDERR_REDIRECT] 
2026-08-29 09:46:35,704 [ERROR] LogOutputStream:75 - [STDERR_REDIRECT] [Fatal Error] :1:1: Premature end of file.
2026-08-29 09:46:35,704 [ERROR] LogOutputStream:75 - [STDERR_REDIRECT] 
2026-08-29 09:46:36,704 [ERROR] LogOutputStream:75 - [STDERR_REDIRECT] [Fatal Error] :1:1: Premature end of file.
2026-08-29 09:46:36,704 [ERROR] LogOutputStream:75 - [STDERR_REDIRECT] 
2026-08-29 09:46:37,702 [ERROR] LogOutputStream:75 - [STDERR_REDIRECT] [Fatal Error] :1:1: Premature end of file.
2026-08-29 09:46:37,702 [ERROR] LogOutputStream:75 - [STDERR_REDIRECT] 
2026-08-29 09:46:38,701 [ERROR] LogOutputStream:75 - [STDERR_REDIRECT] [Fatal Error] :1:1: Premature end of file.
2026-08-29 09:46:38,701 [ERROR] LogOutputStream:75 - [STDERR_REDIRECT] 
2026-08-29 09:46:39,702 [ERROR] LogOutputStream:75 - [STDERR_REDIRECT] [Fatal Error] :1:1: Premature end of file.
2026-08-29 09:46:39,702 [ERROR] LogOutputStream:75 - [STDERR_REDIRECT] 
2026-08-29 09:46:40,703 [ERROR] LogOutputStream:75 - [STDERR_REDIRECT] [Fatal Error] :1:1: Premature end of file.
2026-08-29 09:46:40,703 [ERROR] LogOutputStream:75 - [STDERR_REDIRECT] 
2026-08-29 09:46:41,702 [ERROR] LogOutputStream:75 - [STDERR_REDIRECT] [Fatal Error] :1:1: Premature end of file.
2026-08-29 09:46:41,702 [ERROR] LogOutputStream:75 - [STDERR_REDIRECT] 
2026-08-29 09:46:42,703 [ERROR] LogOutputStream:75 - [STDERR_REDIRECT] [Fatal Error] :1:1: Premature end of file.
2026-08-29 09:46:42,703 [ERROR] LogOutputStream:75 - [STDERR_REDIRECT] 
2026-08-29 09:46:43,703 [ERROR] LogOutputStream:75 - [STDERR_REDIRECT] [Fatal Error] :1:1: Premature end of file.
2026-08-29 09:46:43,703 [ERROR] LogOutputStream:75 - [STDERR_REDIRECT] 
2026-08-29 09:46:44,702 [ERROR] LogOutputStream:75 - [STDERR_REDIRECT] [Fatal Error] :1:1: Premature end of file.
2026-08-29 09:46:44,703 [ERROR] LogOutputStream:75 - [STDERR_REDIRECT] 
2026-08-29 09:46:45,702 [ERROR] LogOutputStream:75 - [STDERR_REDIRECT] [Fatal Error] :1:1: Premature end of file.
2026-08-29 09:46:45,702 [ERROR] LogOutputStream:75 - [STDERR_REDIRECT] 
2026-08-29 09:46:46,703 [ERROR] LogOutputStream:75 - [STDERR_REDIRECT] [Fatal Error] :1:1: Premature end of file.
2026-08-29 09:46:46,703 [ERROR] LogOutputStream:75 - [STDERR_REDIRECT] 
2026-08-29 09:46:47,702 [ERROR] LogOutputStream:75 - [STDERR_REDIRECT] [Fatal Error] :1:1: Premature end of file.
2026-08-29 09:46:47,702 [ERROR] LogOutputStream:75 - [STDERR_REDIRECT] 
2026-08-29 09:46:48,702 [ERROR] LogOutputStream:75 - [STDERR_REDIRECT] [Fatal Error] :1:1: Premature end of file.
2026-08-29 09:46:48,702 [ERROR] LogOutputStream:75 - [STDERR_REDIRECT] 
2026-08-29 09:46:49,702 [ERROR] LogOutputStream:75 - [STDERR_REDIRECT] [Fatal Error] :1:1: Premature end of file.
2026-08-29 09:46:49,702 [ERROR] LogOutputStream:75 - [STDERR_REDIRECT] 
2026-08-29 09:46:50,704 [ERROR] LogOutputStream:75 - [STDERR_REDIRECT] [Fatal Error] :1:1: Premature end of file.
2026-08-29 09:46:50,704 [ERROR] LogOutputStream:75 - [STDERR_REDIRECT] 
2026-08-29 09:46:51,704 [ERROR] LogOutputStream:75 - [STDERR_REDIRECT] [Fatal Error] :1:1: Premature end of file.
2026-08-29 09:46:51,704 [ERROR] LogOutputStream:75 - [STDERR_REDIRECT] 
2026-08-29 09:46:52,702 [ERROR] LogOutputStream:75 - [STDERR_REDIRECT] [Fatal Error] :1:1: Premature end of file.
2026-08-29 09:46:52,702 [ERROR] LogOutputStream:75 - [STDERR_REDIRECT] 
2026-08-29 09:46:53,701 [ERROR] LogOutputStream:75 - [STDERR_REDIRECT] [Fatal Error] :1:1: Premature end of file.
2026-08-29 09:46:53,701 [ERROR] LogOutputStream:75 - [STDERR_REDIRECT] 
2026-08-29 09:46:54,703 [ERROR] LogOutputStream:75 - [STDERR_REDIRECT] [Fatal Error] :1:1: Premature end of file.
2026-08-29 09:46:54,703 [ERROR] LogOutputStream:75 - [STDERR_REDIRECT] 
2026-08-29 09:46:55,705 [ERROR] LogOutputStream:75 - [STDERR_REDIRECT] [Fatal Error] :1:1: Premature end of file.
2026-08-29 09:46:55,705 [ERROR] LogOutputStream:75 - [STDERR_REDIRECT] 
2026-08-29 09:46:56,703 [ERROR] LogOutputStream:75 - [STDERR_REDIRECT] [Fatal Error] :1:1: Premature end of file.
2026-08-29 09:46:56,703 [ERROR] LogOutputStream:75 - [STDERR_REDIRECT] 
2026-08-29 09:46:57,703 [ERROR] LogOutputStream:75 - [STDERR_REDIRECT] [Fatal Error] :1:1: Premature end of file.
2026-08-29 09:46:57,703 [ERROR] LogOutputStream:75 - [STDERR_REDIRECT] 
2026-08-29 09:46:58,702 [ERROR] LogOutputStream:75 - [STDERR_REDIRECT] [Fatal Error] :1:1: Premature end of file.
2026-08-29 09:46:58,702 [ERROR] LogOutputStream:75 - [STDERR_REDIRECT] 
2026-08-29 09:46:59,704 [ERROR] LogOutputStream:75 - [STDERR_REDIRECT] [Fatal Error] :1:1: Premature end of file.
2026-08-29 09:46:59,704 [ERROR] LogOutputStream:75 - [STDERR_REDIRECT] 
2026-08-29 09:47:00,702 [ERROR] LogOutputStream:75 - [STDERR_REDIRECT] [Fatal Error] :1:1: Premature end of file.
2026-08-29 09:47:00,702 [ERROR] LogOutputStream:75 - [STDERR_REDIRECT] 
2026-08-29 09:47:01,702 [ERROR] LogOutputStream:75 - [STDERR_REDIRECT] [Fatal Error] :1:1: Premature end of file.
2026-08-29 09:47:01,703 [ERROR] LogOutputStream:75 - [STDERR_REDIRECT] 
2026-08-29 09:47:02,701 [ERROR] LogOutputStream:75 - [STDERR_REDIRECT] [Fatal Error] :1:1: Premature end of file.
2026-08-29 09:47:02,701 [ERROR] LogOutputStream:75 - [STDERR_REDIRECT] 
2026-08-29 09:47:03,704 [ERROR] LogOutputStream:75 - [STDERR_REDIRECT] [Fatal Error] :1:1: Premature end of file.
2026-08-29 09:47:03,705 [ERROR] LogOutputStream:75 - [STDERR_REDIRECT] 
2026-08-29 09:47:04,701 [ERROR] LogOutputStream:75 - [STDERR_REDIRECT] [Fatal Error] :1:1: Premature end of file.
2026-08-29 09:47:04,701 [ERROR] LogOutputStream:75 - [STDERR_REDIRECT] 
2026-08-29 09:47:05,703 [ERROR] LogOutputStream:75 - [STDERR_REDIRECT] [Fatal Error] :1:1: Premature end of file.
2026-08-29 09:47:05,703 [ERROR] LogOutputStream:75 - [STDERR_REDIRECT] 
2026-08-29 09:47:06,701 [ERROR] LogOutputStream:75 - [STDERR_REDIRECT] [Fatal Error] :1:1: Premature end of file.
2026-08-29 09:47:06,701 [ERROR] LogOutputStream:75 - [STDERR_REDIRECT] 
2026-08-29 09:47:07,703 [ERROR] LogOutputStream:75 - [STDERR_REDIRECT] [Fatal Error] :1:1: Premature end of file.
2026-08-29 09:47:07,703 [ERROR] LogOutputStream:75 - [STDERR_REDIRECT] 
2026-08-29 09:47:08,702 [ERROR] LogOutputStream:75 - [STDERR_REDIRECT] [Fatal Error] :1:1: Premature end of file.
2026-08-29 09:47:08,702 [ERROR] LogOutputStream:75 - [STDERR_REDIRECT] 
2026-08-29 09:47:09,702 [ERROR] LogOutputStream:75 - [STDERR_REDIRECT] [Fatal Error] :1:1: Premature end of file.
2026-08-29 09:47:09,702 [ERROR] LogOutputStream:75 - [STDERR_REDIRECT] 
2026-08-29 09:47:10,701 [ERROR] LogOutputStream:75 - [STDERR_REDIRECT] [Fatal Error] :1:1: Premature end of file.
2026-08-29 09:47:10,701 [ERROR] LogOutputStream:75 - [STDERR_REDIRECT] 
2026-08-29 09:47:11,704 [ERROR] LogOutputStream:75 - [STDERR_REDIRECT] [Fatal Error] :1:1: Premature end of file.
2026-08-29 09:47:11,704 [ERROR] LogOutputStream:75 - [STDERR_REDIRECT] 
2026-08-29 09:47:12,706 [ERROR] LogOutputStream:75 - [STDERR_REDIRECT] [Fatal Error] :1:1: Premature end of file.
2026-08-29 09:47:12,706 [ERROR] LogOutputStream:75 - [STDERR_REDIRECT] 
2026-08-29 09:47:13,703 [ERROR] LogOutputStream:75 - [STDERR_REDIRECT] [Fatal Error] :1:1: Premature end of file.
2026-08-29 09:47:13,703 [ERROR] LogOutputStream:75 - [STDERR_REDIRECT] 
2026-08-29 09:47:14,702 [ERROR] LogOutputStream:75 - [STDERR_REDIRECT] [Fatal Error] :1:1: Premature end of file.
2026-08-29 09:47:14,702 [ERROR] LogOutputStream:75 - [STDERR_REDIRECT] 
2026-08-29 09:47:15,704 [ERROR] LogOutputStream:75 - [STDERR_REDIRECT] [Fatal Error] :1:1: Premature end of file.
2026-08-29 09:47:15,704 [ERROR] LogOutputStream:75 - [STDERR_REDIRECT] 
2026-08-29 09:47:16,704 [ERROR] LogOutputStream:75 - [STDERR_REDIRECT] [Fatal Error] :1:1: Premature end of file.
2026-08-29 09:47:16,704 [ERROR] LogOutputStream:75 - [STDERR_REDIRECT] 
2026-08-29 09:47:17,702 [ERROR] LogOutputStream:75 - [STDERR_REDIRECT] [Fatal Error] :1:1: Premature end of file.
2026-08-29 09:47:17,702 [ERROR] LogOutputStream:75 - [STDERR_REDIRECT] 
2026-08-29 09:47:18,701 [ERROR] LogOutputStream:75 - [STDERR_REDIRECT] [Fatal Error] :1:1: Premature end of file.
2026-08-29 09:47:18,701 [ERROR] LogOutputStream:75 - [STDERR_REDIRECT] 
2026-08-29 09:47:19,701 [ERROR] LogOutputStream:75 - [STDERR_REDIRECT] [Fatal Error] :1:1: Premature end of file.
2026-08-29 09:47:19,701 [ERROR] LogOutputStream:75 - [STDERR_REDIRECT] 
2026-08-29 09:47:20,702 [ERROR] LogOutputStream:75 - [STDERR_REDIRECT] [Fatal Error] :1:1: Premature end of file.
2026-08-29 09:47:20,702 [ERROR] LogOutputStream:75 - [STDERR_REDIRECT] 
2026-08-29 09:47:21,701 [ERROR] LogOutputStream:75 - [STDERR_REDIRECT] [Fatal Error] :1:1: Premature end of file.
2026-08-29 09:47:21,701 [ERROR] LogOutputStream:75 - [STDERR_REDIRECT] 
2026-08-29 09:47:22,703 [ERROR] LogOutputStream:75 - [STDERR_REDIRECT] [Fatal Error] :1:1: Premature end of file.
2026-08-29 09:47:22,703 [ERROR] LogOutputStream:75 - [STDERR_REDIRECT] 
2026-08-29 09:47:23,702 [ERROR] LogOutputStream:75 - [STDERR_REDIRECT] [Fatal Error] :1:1: Premature end of file.
2026-08-29 09:47:23,703 [ERROR] LogOutputStream:75 - [STDERR_REDIRECT] 
2026-08-29 09:47:24,703 [ERROR] LogOutputStream:75 - [STDERR_REDIRECT] [Fatal Error] :1:1: Premature end of file.
2026-08-29 09:47:24,703 [ERROR] LogOutputStream:75 - [STDERR_REDIRECT] 
2026-08-29 09:47:25,703 [ERROR] LogOutputStream:75 - [STDERR_REDIRECT] [Fatal Error] :1:1: Premature end of file.
2026-08-29 09:47:25,703 [ERROR] LogOutputStream:75 - [STDERR_REDIRECT] 
2026-08-29 09:47:26,702 [ERROR] LogOutputStream:75 - [STDERR_REDIRECT] [Fatal Error] :1:1: Premature end of file.
2026-08-29 09:47:26,702 [ERROR] LogOutputStream:75 - [STDERR_REDIRECT] 
2026-08-29 09:47:27,704 [ERROR] LogOutputStream:75 - [STDERR_REDIRECT] [Fatal Error] :1:1: Premature end of file.
2026-08-29 09:47:27,704 [ERROR] LogOutputStream:75 - [STDERR_REDIRECT] 
2026-08-29 09:47:28,702 [ERROR] LogOutputStream:75 - [STDERR_REDIRECT] [Fatal Error] :1:1: Premature end of file.
2026-08-29 09:47:28,702 [ERROR] LogOutputStream:75 - [STDERR_REDIRECT] 
2026-08-29 09:47:29,701 [ERROR] LogOutputStream:75 - [STDERR_REDIRECT] [Fatal Error] :1:1: Premature end of file.
2026-08-29 09:47:29,701 [ERROR] LogOutputStream:75 - [STDERR_REDIRECT] 
2026-08-29 09:47:30,703 [ERROR] LogOutputStream:75 - [STDERR_REDIRECT] [Fatal Error] :1:1: Premature end of file.
2026-08-29 09:47:30,703 [ERROR] LogOutputStream:75 - [STDERR_REDIRECT] 
2026-08-29 09:47:31,704 [ERROR] LogOutputStream:75 - [STDERR_REDIRECT] [Fatal Error] :1:1: Premature end of file.
2026-08-29 09:47:31,704 [ERROR] LogOutputStream:75 - [STDERR_REDIRECT] 
2026-08-29 09:47:32,702 [ERROR] LogOutputStream:75 - [STDERR_REDIRECT] [Fatal Error] :1:1: Premature end of file.
2026-08-29 09:47:32,703 [ERROR] LogOutputStream:75 - [STDERR_REDIRECT] 
2026-08-29 09:47:33,702 [ERROR] LogOutputStream:75 - [STDERR_REDIRECT] [Fatal Error] :1:1: Premature end of file.
2026-08-29 09:47:33,702 [ERROR] LogOutputStream:75 - [STDERR_REDIRECT] 
2026-08-29 09:47:34,703 [ERROR] LogOutputStream:75 - [STDERR_REDIRECT] [Fatal Error] :1:1: Premature end of file.
2026-08-29 09:47:34,704 [ERROR] LogOutputStream:75 - [STDERR_REDIRECT] 
2026-08-29 09:47:35,700 [ERROR] LogOutputStream:75 - [STDERR_REDIRECT] [Fatal Error] :1:1: Premature end of file.
2026-08-29 09:47:35,700 [ERROR] LogOutputStream:75 - [STDERR_REDIRECT] 
2026-08-29 09:47:36,703 [ERROR] LogOutputStream:75 - [STDERR_REDIRECT] [Fatal Error] :1:1: Premature end of file.
2026-08-29 09:47:36,703 [ERROR] LogOutputStream:75 - [STDERR_REDIRECT] 
2026-08-29 09:47:37,701 [ERROR] LogOutputStream:75 - [STDERR_REDIRECT] [Fatal Error] :1:1: Premature end of file.
2026-08-29 09:47:37,701 [ERROR] LogOutputStream:75 - [STDERR_REDIRECT] 
2026-08-29 09:47:38,702 [ERROR] LogOutputStream:75 - [STDERR_REDIRECT] [Fatal Error] :1:1: Premature end of file.
2026-08-29 09:47:38,702 [ERROR] LogOutputStream:75 - [STDERR_REDIRECT] 
2026-08-29 09:47:39,703 [ERROR] LogOutputStream:75 - [STDERR_REDIRECT] [Fatal Error] :1:1: Premature end of file.
2026-08-29 09:47:39,703 [ERROR] LogOutputStream:75 - [STDERR_REDIRECT] 
2026-08-29 09:47:40,701 [ERROR] LogOutputStream:75 - [STDERR_REDIRECT] [Fatal Error] :1:1: Premature end of file.
2026-08-29 09:47:40,702 [ERROR] LogOutputStream:75 - [STDERR_REDIRECT] 
2026-08-29 09:47:41,703 [ERROR] LogOutputStream:75 - [STDERR_REDIRECT] [Fatal Error] :1:1: Premature end of file.
2026-08-29 09:47:41,703 [ERROR] LogOutputStream:75 - [STDERR_REDIRECT] 
2026-08-29 09:47:42,703 [ERROR] LogOutputStream:75 - [STDERR_REDIRECT] [Fatal Error] :1:1: Premature end of file.
2026-08-29 09:47:42,703 [ERROR] LogOutputStream:75 - [STDERR_REDIRECT] 
2026-08-29 09:47:43,703 [ERROR] LogOutputStream:75 - [STDERR_REDIRECT] [Fatal Error] :1:1: Premature end of file.
2026-08-29 09:47:43,703 [ERROR] LogOutputStream:75 - [STDERR_REDIRECT] 
2026-08-29 09:47:44,703 [ERROR] LogOutputStream:75 - [STDERR_REDIRECT] [Fatal Error] :1:1: Premature end of file.
2026-08-29 09:47:44,704 [ERROR] LogOutputStream:75 - [STDERR_REDIRECT] 
2026-08-29 09:47:45,702 [ERROR] LogOutputStream:75 - [STDERR_REDIRECT] [Fatal Error] :1:1: Premature end of file.
2026-08-29 09:47:45,702 [ERROR] LogOutputStream:75 - [STDERR_REDIRECT] 
2026-08-29 09:47:46,702 [ERROR] LogOutputStream:75 - [STDERR_REDIRECT] [Fatal Error] :1:1: Premature end of file.
2026-08-29 09:47:46,703 [ERROR] LogOutputStream:75 - [STDERR_REDIRECT] 
2026-08-29 09:47:47,701 [ERROR] LogOutputStream:75 - [STDERR_REDIRECT] [Fatal Error] :1:1: Premature end of file.
2026-08-29 09:47:47,701 [ERROR] LogOutputStream:75 - [STDERR_REDIRECT] 
2026-08-29 09:47:48,703 [ERROR] LogOutputStream:75 - [STDERR_REDIRECT] [Fatal Error] :1:1: Premature end of file.
2026-08-29 09:47:48,703 [ERROR] LogOutputStream:75 - [STDERR_REDIRECT] 
2026-08-29 09:47:49,702 [ERROR] LogOutputStream:75 - [STDERR_REDIRECT] [Fatal Error] :1:1: Premature end of file.
2026-08-29 09:47:49,702 [ERROR] LogOutputStream:75 - [STDERR_REDIRECT] 
2026-08-29 09:47:50,704 [ERROR] LogOutputStream:75 - [STDERR_REDIRECT] [Fatal Error] :1:1: Premature end of file.
2026-08-29 09:47:50,704 [ERROR] LogOutputStream:75 - [STDERR_REDIRECT] 
2026-08-29 09:47:51,701 [ERROR] LogOutputStream:75 - [STDERR_REDIRECT] [Fatal Error] :1:1: Premature end of file.
2026-08-29 09:47:51,701 [ERROR] LogOutputStream:75 - [STDERR_REDIRECT] 
2026-08-29 09:47:52,702 [ERROR] LogOutputStream:75 - [STDERR_REDIRECT] [Fatal Error] :1:1: Premature end of file.
2026-08-29 09:47:52,702 [ERROR] LogOutputStream:75 - [STDERR_REDIRECT] 
2026-08-29 09:47:53,703 [ERROR] LogOutputStream:75 - [STDERR_REDIRECT] [Fatal Error] :1:1: Premature end of file.
2026-08-29 09:47:53,703 [ERROR] LogOutputStream:75 - [STDERR_REDIRECT] 
2026-08-29 09:47:54,703 [ERROR] LogOutputStream:75 - [STDERR_REDIRECT] [Fatal Error] :1:1: Premature end of file.
2026-08-29 09:47:54,703 [ERROR] LogOutputStream:75 - [STDERR_REDIRECT] 
2026-08-29 09:47:55,703 [ERROR] LogOutputStream:75 - [STDERR_REDIRECT] [Fatal Error] :1:1: Premature end of file.
2026-08-29 09:47:55,703 [ERROR] LogOutputStream:75 - [STDERR_REDIRECT] 
2026-08-29 09:47:56,703 [ERROR] LogOutputStream:75 - [STDERR_REDIRECT] [Fatal Error] :1:1: Premature end of file.
2026-08-29 09:47:56,703 [ERROR] LogOutputStream:75 - [STDERR_REDIRECT] 
2026-08-29 09:47:57,702 [ERROR] LogOutputStream:75 - [STDERR_REDIRECT] [Fatal Error] :1:1: Premature end of file.
2026-08-29 09:47:57,702 [ERROR] LogOutputStream:75 - [STDERR_REDIRECT] 
2026-08-29 09:47:58,704 [ERROR] LogOutputStream:75 - [STDERR_REDIRECT] [Fatal Error] :1:1: Premature end of file.
2026-08-29 09:47:58,704 [ERROR] LogOutputStream:75 - [STDERR_REDIRECT] 
2026-08-29 09:47:59,700 [ERROR] LogOutputStream:75 - [STDERR_REDIRECT] [Fatal Error] :1:1: Premature end of file.
2026-08-29 09:47:59,700 [ERROR] LogOutputStream:75 - [STDERR_REDIRECT] 
2026-08-29 09:48:00,702 [ERROR] LogOutputStream:75 - [STDERR_REDIRECT] [Fatal Error] :1:1: Premature end of file.
2026-08-29 09:48:00,702 [ERROR] LogOutputStream:75 - [STDERR_REDIRECT] 
2026-08-29 09:48:01,703 [ERROR] LogOutputStream:75 - [STDERR_REDIRECT] [Fatal Error] :1:1: Premature end of file.
2026-08-29 09:48:01,703 [ERROR] LogOutputStream:75 - [STDERR_REDIRECT] 
2026-08-29 09:48:02,703 [ERROR] LogOutputStream:75 - [STDERR_REDIRECT] [Fatal Error] :1:1: Premature end of file.
2026-08-29 09:48:02,703 [ERROR] LogOutputStream:75 - [STDERR_REDIRECT] 
2026-08-29 09:48:03,701 [ERROR] LogOutputStream:75 - [STDERR_REDIRECT] [Fatal Error] :1:1: Premature end of file.
2026-08-29 09:48:03,701 [ERROR] LogOutputStream:75 - [STDERR_REDIRECT] 
2026-08-29 09:48:04,704 [ERROR] LogOutputStream:75 - [STDERR_REDIRECT] [Fatal Error] :1:1: Premature end of file.
2026-08-29 09:48:04,705 [ERROR] LogOutputStream:75 - [STDERR_REDIRECT] 
2026-08-29 09:48:05,703 [ERROR] LogOutputStream:75 - [STDERR_REDIRECT] [Fatal Error] :1:1: Premature end of file.
2026-08-29 09:48:05,703 [ERROR] LogOutputStream:75 - [STDERR_REDIRECT] 
2026-08-29 09:48:06,702 [ERROR] LogOutputStream:75 - [STDERR_REDIRECT] [Fatal Error] :1:1: Premature end of file.
2026-08-29 09:48:06,702 [ERROR] LogOutputStream:75 - [STDERR_REDIRECT] 
2026-08-29 09:48:07,702 [ERROR] LogOutputStream:75 - [STDERR_REDIRECT] [Fatal Error] :1:1: Premature end of file.
2026-08-29 09:48:07,702 [ERROR] LogOutputStream:75 - [STDERR_REDIRECT] 
2026-08-29 09:48:08,704 [ERROR] LogOutputStream:75 - [STDERR_REDIRECT] [Fatal Error] :1:1: Premature end of file.
2026-08-29 09:48:08,704 [ERROR] LogOutputStream:75 - [STDERR_REDIRECT] 
2026-08-29 09:48:09,704 [ERROR] LogOutputStream:75 - [STDERR_REDIRECT] [Fatal Error] :1:1: Premature end of file.
2026-08-29 09:48:09,704 [ERROR] LogOutputStream:75 - [STDERR_REDIRECT] 
2026-08-29 09:48:10,701 [ERROR] LogOutputStream:75 - [STDERR_REDIRECT] [Fatal Error] :1:1: Premature end of file.
2026-08-29 09:48:10,701 [ERROR] LogOutputStream:75 - [STDERR_REDIRECT] 
2026-08-29 09:48:11,704 [ERROR] LogOutputStream:75 - [STDERR_REDIRECT] [Fatal Error] :1:1: Premature end of file.
2026-08-29 09:48:11,704 [ERROR] LogOutputStream:75 - [STDERR_REDIRECT] 
2026-08-29 09:48:12,701 [ERROR] LogOutputStream:75 - [STDERR_REDIRECT] [Fatal Error] :1:1: Premature end of file.
2026-08-29 09:48:12,702 [ERROR] LogOutputStream:75 - [STDERR_REDIRECT] 
2026-08-29 09:48:13,701 [ERROR] LogOutputStream:75 - [STDERR_REDIRECT] [Fatal Error] :1:1: Premature end of file.
2026-08-29 09:48:13,701 [ERROR] LogOutputStream:75 - [STDERR_REDIRECT] 
2026-08-29 09:48:14,703 [ERROR] LogOutputStream:75 - [STDERR_REDIRECT] [Fatal Error] :1:1: Premature end of file.
2026-08-29 09:48:14,703 [ERROR] LogOutputStream:75 - [STDERR_REDIRECT] 
2026-08-29 09:48:15,711 [ERROR] LogOutputStream:75 - [STDERR_REDIRECT] [Fatal Error] :1:1: Premature end of file.
2026-08-29 09:48:15,711 [ERROR] LogOutputStream:75 - [STDERR_REDIRECT] 
2026-08-29 09:48:16,701 [ERROR] LogOutputStream:75 - [STDERR_REDIRECT] [Fatal Error] :1:1: Premature end of file.
2026-08-29 09:48:16,701 [ERROR] LogOutputStream:75 - [STDERR_REDIRECT] 
2026-08-29 09:48:17,701 [ERROR] LogOutputStream:75 - [STDERR_REDIRECT] [Fatal Error] :1:1: Premature end of file.
2026-08-29 09:48:17,702 [ERROR] LogOutputStream:75 - [STDERR_REDIRECT] 
2026-08-29 09:48:18,702 [ERROR] LogOutputStream:75 - [STDERR_REDIRECT] [Fatal Error] :1:1: Premature end of file.
2026-08-29 09:48:18,702 [ERROR] LogOutputStream:75 - [STDERR_REDIRECT] 
2026-08-29 09:48:19,701 [ERROR] LogOutputStream:75 - [STDERR_REDIRECT] [Fatal Error] :1:1: Premature end of file.
2026-08-29 09:48:19,701 [ERROR] LogOutputStream:75 - [STDERR_REDIRECT] 
2026-08-29 09:48:20,702 [ERROR] LogOutputStream:75 - [STDERR_REDIRECT] [Fatal Error] :1:1: Premature end of file.
2026-08-29 09:48:20,702 [ERROR] LogOutputStream:75 - [STDERR_REDIRECT] 
2026-08-29 09:48:21,703 [ERROR] LogOutputStream:75 - [STDERR_REDIRECT] [Fatal Error] :1:1: Premature end of file.
2026-08-29 09:48:21,703 [ERROR] LogOutputStream:75 - [STDERR_REDIRECT] 
2026-08-29 09:48:22,704 [ERROR] LogOutputStream:75 - [STDERR_REDIRECT] [Fatal Error] :1:1: Premature end of file.
2026-08-29 09:48:22,704 [ERROR] LogOutputStream:75 - [STDERR_REDIRECT] 
2026-08-29 09:48:23,703 [ERROR] LogOutputStream:75 - [STDERR_REDIRECT] [Fatal Error] :1:1: Premature end of file.
2026-08-29 09:48:23,703 [ERROR] LogOutputStream:75 - [STDERR_REDIRECT] 
2026-08-29 09:48:24,702 [ERROR] LogOutputStream:75 - [STDERR_REDIRECT] [Fatal Error] :1:1: Premature end of file.
2026-08-29 09:48:24,702 [ERROR] LogOutputStream:75 - [STDERR_REDIRECT] 
2026-08-29 09:48:25,702 [ERROR] LogOutputStream:75 - [STDERR_REDIRECT] [Fatal Error] :1:1: Premature end of file.
2026-08-29 09:48:25,702 [ERROR] LogOutputStream:75 - [STDERR_REDIRECT] 
2026-08-29 09:48:26,701 [ERROR] LogOutputStream:75 - [STDERR_REDIRECT] [Fatal Error] :1:1: Premature end of file.
2026-08-29 09:48:26,701 [ERROR] LogOutputStream:75 - [STDERR_REDIRECT] 
2026-08-29 09:48:27,703 [ERROR] LogOutputStream:75 - [STDERR_REDIRECT] [Fatal Error] :1:1: Premature end of file.
2026-08-29 09:48:27,703 [ERROR] LogOutputStream:75 - [STDERR_REDIRECT] 
2026-08-29 09:48:28,702 [ERROR] LogOutputStream:75 - [STDERR_REDIRECT] [Fatal Error] :1:1: Premature end of file.
2026-08-29 09:48:28,702 [ERROR] LogOutputStream:75 - [STDERR_REDIRECT] 
2026-08-29 09:48:29,704 [ERROR] LogOutputStream:75 - [STDERR_REDIRECT] [Fatal Error] :1:1: Premature end of file.
2026-08-29 09:48:29,704 [ERROR] LogOutputStream:75 - [STDERR_REDIRECT] 
2026-08-29 09:48:30,700 [ERROR] LogOutputStream:75 - [STDERR_REDIRECT] [Fatal Error] :1:1: Premature end of file.
2026-08-29 09:48:30,701 [ERROR] LogOutputStream:75 - [STDERR_REDIRECT] 
2026-08-29 09:48:31,702 [ERROR] LogOutputStream:75 - [STDERR_REDIRECT] [Fatal Error] :1:1: Premature end of file.
2026-08-29 09:48:31,702 [ERROR] LogOutputStream:75 - [STDERR_REDIRECT] 
2026-08-29 09:48:32,702 [ERROR] LogOutputStream:75 - [STDERR_REDIRECT] [Fatal Error] :1:1: Premature end of file.
2026-08-29 09:48:32,702 [ERROR] LogOutputStream:75 - [STDERR_REDIRECT] 
2026-08-29 09:48:33,703 [ERROR] LogOutputStream:75 - [STDERR_REDIRECT] [Fatal Error] :1:1: Premature end of file.
2026-08-29 09:48:33,703 [ERROR] LogOutputStream:75 - [STDERR_REDIRECT] 
2026-08-29 09:48:34,702 [ERROR] LogOutputStream:75 - [STDERR_REDIRECT] [Fatal Error] :1:1: Premature end of file.
2026-08-29 09:48:34,702 [ERROR] LogOutputStream:75 - [STDERR_REDIRECT] 
2026-08-29 09:48:35,701 [ERROR] LogOutputStream:75 - [STDERR_REDIRECT] [Fatal Error] :1:1: Premature end of file.
2026-08-29 09:48:35,701 [ERROR] LogOutputStream:75 - [STDERR_REDIRECT] 
2026-08-29 09:48:36,700 [ERROR] LogOutputStream:75 - [STDERR_REDIRECT] [Fatal Error] :1:1: Premature end of file.
2026-08-29 09:48:36,701 [ERROR] LogOutputStream:75 - [STDERR_REDIRECT] 
2026-08-29 09:48:37,704 [ERROR] LogOutputStream:75 - [STDERR_REDIRECT] [Fatal Error] :1:1: Premature end of file.
2026-08-29 09:48:37,704 [ERROR] LogOutputStream:75 - [STDERR_REDIRECT] 
2026-08-29 09:48:38,056 [INFO] ServerAccessManage:452 - Complete download http(s) 200
2026-08-29 09:48:38,056 [INFO] ServerAccessManage:509 - Download File STMicroelectronics.X-CUBE-AI.10.2.1.pack
2026-08-29 09:48:38,704 [ERROR] LogOutputStream:75 - [STDERR_REDIRECT] [Fatal Error] :1:1: Premature end of file.
2026-08-29 09:48:38,704 [ERROR] LogOutputStream:75 - [STDERR_REDIRECT] 
2026-08-29 09:48:39,704 [ERROR] LogOutputStream:75 - [STDERR_REDIRECT] [Fatal Error] :1:1: Premature end of file.
2026-08-29 09:48:39,705 [ERROR] LogOutputStream:75 - [STDERR_REDIRECT] 
2026-08-29 09:48:40,702 [ERROR] LogOutputStream:75 - [STDERR_REDIRECT] [Fatal Error] :1:1: Premature end of file.
2026-08-29 09:48:40,702 [ERROR] LogOutputStream:75 - [STDERR_REDIRECT] 
2026-08-29 09:48:41,704 [ERROR] LogOutputStream:75 - [STDERR_REDIRECT] [Fatal Error] :1:1: Premature end of file.
2026-08-29 09:48:41,704 [ERROR] LogOutputStream:75 - [STDERR_REDIRECT] 
2026-08-29 09:48:42,701 [ERROR] LogOutputStream:75 - [STDERR_REDIRECT] [Fatal Error] :1:1: Premature end of file.
2026-08-29 09:48:42,701 [ERROR] LogOutputStream:75 - [STDERR_REDIRECT] 
2026-08-29 09:48:43,703 [ERROR] LogOutputStream:75 - [STDERR_REDIRECT] [Fatal Error] :1:1: Premature end of file.
2026-08-29 09:48:43,703 [ERROR] LogOutputStream:75 - [STDERR_REDIRECT] 
2026-08-29 09:48:44,703 [ERROR] LogOutputStream:75 - [STDERR_REDIRECT] [Fatal Error] :1:1: Premature end of file.
2026-08-29 09:48:44,703 [ERROR] LogOutputStream:75 - [STDERR_REDIRECT] 
2026-08-29 09:48:45,704 [ERROR] LogOutputStream:75 - [STDERR_REDIRECT] [Fatal Error] :1:1: Premature end of file.
2026-08-29 09:48:45,704 [ERROR] LogOutputStream:75 - [STDERR_REDIRECT] 
2026-08-29 09:48:46,703 [ERROR] LogOutputStream:75 - [STDERR_REDIRECT] [Fatal Error] :1:1: Premature end of file.
2026-08-29 09:48:46,703 [ERROR] LogOutputStream:75 - [STDERR_REDIRECT] 
2026-08-29 09:48:47,703 [ERROR] LogOutputStream:75 - [STDERR_REDIRECT] [Fatal Error] :1:1: Premature end of file.
2026-08-29 09:48:47,703 [ERROR] LogOutputStream:75 - [STDERR_REDIRECT] 
2026-08-29 09:48:48,703 [ERROR] LogOutputStream:75 - [STDERR_REDIRECT] [Fatal Error] :1:1: Premature end of file.
2026-08-29 09:48:48,703 [ERROR] LogOutputStream:75 - [STDERR_REDIRECT] 
2026-08-29 09:48:49,704 [ERROR] LogOutputStream:75 - [STDERR_REDIRECT] [Fatal Error] :1:1: Premature end of file.
2026-08-29 09:48:49,704 [ERROR] LogOutputStream:75 - [STDERR_REDIRECT] 
2026-08-29 09:48:49,767 [INFO] AnalyticsPlugin:368 - Accepted License(s): [STMicroelectronics.X-CUBE-AI.10.2.1]
2026-08-29 09:48:49,768 [INFO] FileExtend:248 - Unzip File : STMicroelectronics.X-CUBE-AI.10.2.1.pack
2026-08-29 09:48:49,768 [INFO] FileExtend:263 - Standard Zip Deflate
2026-08-29 09:48:50,185 [INFO] LoadServerPackagesThread:196 - End of LoadServerPackages Thread
2026-08-29 09:48:50,441 [WARN] ThirdParty:509 - waiting for thirdparty lock release [add software pack]
2026-08-29 09:48:50,441 [INFO] ThirdParty:511 - entering critical section [add software pack]
2026-08-29 09:48:50,476 [INFO] ThirdPartyModel:298 - Start build external matchings
2026-08-29 09:48:50,705 [ERROR] LogOutputStream:75 - [STDERR_REDIRECT] [Fatal Error] :1:1: Premature end of file.
2026-08-29 09:48:50,705 [ERROR] LogOutputStream:75 - [STDERR_REDIRECT] 
2026-08-29 09:48:50,720 [INFO] ThirdPartyModel:316 - End build external matchings
2026-08-29 09:48:50,770 [INFO] ThirdPartyPackRequestProcessor:621 - CMSIS Pack Vendor :STMicroelectronics X-CUBE-AZRTOS-H7 3.5.0
2026-08-29 09:48:50,770 [INFO] ThirdPartyPackRequestProcessor:621 - CMSIS Pack Vendor :STMicroelectronics X-CUBE-PM33A1 1.0.0
2026-08-29 09:48:50,770 [INFO] ThirdPartyPackRequestProcessor:621 - CMSIS Pack Vendor :STMicroelectronics USBPD 4.1
2026-08-29 09:48:50,770 [INFO] ThirdPartyPackRequestProcessor:621 - CMSIS Pack Vendor :STMicroelectronics X-CUBE-NFC9 1.0.0
2026-08-29 09:48:50,770 [INFO] ThirdPartyPackRequestProcessor:621 - CMSIS Pack Vendor :STMicroelectronics USB_HOST 2.0.0
2026-08-29 09:48:50,770 [INFO] ThirdPartyPackRequestProcessor:621 - CMSIS Pack Vendor :STMicroelectronics FP-ATR-ASTRA1 2.0.3
2026-08-29 09:48:50,770 [INFO] ThirdPartyPackRequestProcessor:621 - CMSIS Pack Vendor :STMicroelectronics X-CUBE-AZRTOS-F4 1.1.0
2026-08-29 09:48:50,770 [INFO] ThirdPartyPackRequestProcessor:621 - CMSIS Pack Vendor :STMicroelectronics LIBJPEG 8.0.0
2026-08-29 09:48:50,770 [INFO] ThirdPartyPackRequestProcessor:621 - CMSIS Pack Vendor :STMicroelectronics X-CUBE-BLE1 7.1.0
2026-08-29 09:48:50,771 [INFO] ThirdPartyPackRequestProcessor:621 - CMSIS Pack Vendor :wolfSSL I-CUBE-wolfMQTT 1.19.2
2026-08-29 09:48:50,771 [INFO] ThirdPartyPackRequestProcessor:621 - CMSIS Pack Vendor :STMicroelectronics USB_DEVICE 3.0.0
2026-08-29 09:48:50,771 [INFO] ThirdPartyPackRequestProcessor:621 - CMSIS Pack Vendor :STMicroelectronics X-CUBE-ISPU 2.1.0
2026-08-29 09:48:50,771 [INFO] ThirdPartyPackRequestProcessor:621 - CMSIS Pack Vendor :STMicroelectronics X-CUBE-EEPRMA1 5.2.0
2026-08-29 09:48:50,771 [INFO] ThirdPartyPackRequestProcessor:621 - CMSIS Pack Vendor :STMicroelectronics X-CUBE-IPS 3.2.0
2026-08-29 09:48:50,771 [INFO] ThirdPartyPackRequestProcessor:621 - CMSIS Pack Vendor :STMicroelectronics eDS-WB_DPC_TT-BIDIR 2.1.1
2026-08-29 09:48:50,771 [INFO] ThirdPartyPackRequestProcessor:621 - CMSIS Pack Vendor :STMicroelectronics X-CUBE-AZRTOS-WB 2.0.0
2026-08-29 09:48:50,771 [INFO] ThirdPartyPackRequestProcessor:621 - CMSIS Pack Vendor :STMicroelectronics X-CUBE-NFC12 1.0.0
2026-08-29 09:48:50,771 [INFO] ThirdPartyPackRequestProcessor:621 - CMSIS Pack Vendor :STMicroelectronics X-CUBE-AZRTOS-F7 1.1.0
2026-08-29 09:48:50,771 [INFO] ThirdPartyPackRequestProcessor:621 - CMSIS Pack Vendor :STMicroelectronics X-CUBE-AZRTOS-L5 2.0.0
2026-08-29 09:48:50,771 [INFO] ThirdPartyPackRequestProcessor:621 - CMSIS Pack Vendor :STMicroelectronics USB_DEVICE 2.0.0
2026-08-29 09:48:50,771 [INFO] ThirdPartyPackRequestProcessor:621 - CMSIS Pack Vendor :STMicroelectronics X-CUBE-FREERTOS 1.6.0
2026-08-29 09:48:50,771 [INFO] ThirdPartyPackRequestProcessor:621 - CMSIS Pack Vendor :STMicroelectronics FP-SNS-STAIOTCFT 1.1.0
2026-08-29 09:48:50,771 [INFO] ThirdPartyPackRequestProcessor:621 - CMSIS Pack Vendor :quantropi X-CUBE-qispace-sdk-base 2.1.0
2026-08-29 09:48:50,771 [INFO] ThirdPartyPackRequestProcessor:621 - CMSIS Pack Vendor :STMicroelectronics X-CUBE-STSE01 2.0.0
2026-08-29 09:48:50,771 [INFO] ThirdPartyPackRequestProcessor:621 - CMSIS Pack Vendor :STMicroelectronics X-CUBE-ALGOBUILD 1.5.0
2026-08-29 09:48:50,771 [INFO] ThirdPartyPackRequestProcessor:621 - CMSIS Pack Vendor :STMicroelectronics FP-SNS-MOTENV1 5.1.0
2026-08-29 09:48:50,771 [INFO] ThirdPartyPackRequestProcessor:621 - CMSIS Pack Vendor :STMicroelectronics FreeRTOS 0.0.1
2026-08-29 09:48:50,771 [INFO] ThirdPartyPackRequestProcessor:621 - CMSIS Pack Vendor :STMicroelectronics X-CUBE-AZRTOS-H7RS 1.3.0
2026-08-29 09:48:50,771 [INFO] ThirdPartyPackRequestProcessor:621 - CMSIS Pack Vendor :STMicroelectronics X-CUBE-AZRTOS-G0 1.1.0
2026-08-29 09:48:50,771 [INFO] ThirdPartyPackRequestProcessor:621 - CMSIS Pack Vendor :STMicroelectronics X-CUBE-NFC4 3.0.0
2026-08-29 09:48:50,771 [INFO] ThirdPartyPackRequestProcessor:621 - CMSIS Pack Vendor :STMicroelectronics X-CUBE-SUBG2 5.0.0
2026-08-29 09:48:50,771 [INFO] ThirdPartyPackRequestProcessor:621 - CMSIS Pack Vendor :STMicroelectronics STM32_WPAN 1.0.0
2026-08-29 09:48:50,771 [INFO] ThirdPartyPackRequestProcessor:621 - CMSIS Pack Vendor :STMicroelectronics eDS-WB_DPC_VIENNA 1.2.0
2026-08-29 09:48:50,771 [INFO] ThirdPartyPackRequestProcessor:621 - CMSIS Pack Vendor :EmbeddedOffice I-CUBE-FS-RTOS 1.0.1
2026-08-29 09:48:50,771 [INFO] ThirdPartyPackRequestProcessor:621 - CMSIS Pack Vendor :STMicroelectronics lwIP 2.0.3
2026-08-29 09:48:50,771 [INFO] ThirdPartyPackRequestProcessor:621 - CMSIS Pack Vendor :WES I-CUBE-Cesium 1.4.0
2026-08-29 09:48:50,771 [INFO] ThirdPartyPackRequestProcessor:621 - CMSIS Pack Vendor :STMicroelectronics X-CUBE-MEMS1 13.0.0
2026-08-29 09:48:50,771 [INFO] ThirdPartyPackRequestProcessor:621 - CMSIS Pack Vendor :STMicroelectronics eDS-WB_DPC_3PH2L-BIDIR 1.1.1
2026-08-29 09:48:50,771 [INFO] ThirdPartyPackRequestProcessor:621 - CMSIS Pack Vendor :STMicroelectronics USB_HOST 1.0.0
2026-08-29 09:48:50,771 [INFO] ThirdPartyPackRequestProcessor:621 - CMSIS Pack Vendor :STMicroelectronics X-CUBE-AZRTOS-G4 2.0.0
2026-08-29 09:48:50,771 [INFO] ThirdPartyPackRequestProcessor:621 - CMSIS Pack Vendor :STMicroelectronics PDM2PCM 3.1.0
2026-08-29 09:48:50,771 [INFO] ThirdPartyPackRequestProcessor:621 - CMSIS Pack Vendor :STMicroelectronics PDM2PCM 3.3.0
2026-08-29 09:48:50,771 [INFO] ThirdPartyPackRequestProcessor:621 - CMSIS Pack Vendor :wolfSSL I-CUBE-wolfTPM 3.8.0
2026-08-29 09:48:50,771 [INFO] ThirdPartyPackRequestProcessor:621 - CMSIS Pack Vendor :STMicroelectronics X-CUBE-DISPLAY 3.0.0
2026-08-29 09:48:50,771 [INFO] ThirdPartyPackRequestProcessor:621 - CMSIS Pack Vendor :wolfSSL I-CUBE-wolfSSH 1.4.20
2026-08-29 09:48:50,771 [INFO] ThirdPartyPackRequestProcessor:621 - CMSIS Pack Vendor :STMicroelectronics X-CUBE-NFC7 2.0.0
2026-08-29 09:48:50,771 [INFO] ThirdPartyPackRequestProcessor:621 - CMSIS Pack Vendor :STMicroelectronics X-CUBE-GNSS1 7.1.1
2026-08-29 09:48:50,771 [INFO] ThirdPartyPackRequestProcessor:621 - CMSIS Pack Vendor :STMicroelectronics FP-SNS-MOTENVWB1 1.5.0
2026-08-29 09:48:50,771 [INFO] ThirdPartyPackRequestProcessor:621 - CMSIS Pack Vendor :STMicroelectronics X-CUBE-TCPP 4.2.0
2026-08-29 09:48:50,771 [INFO] ThirdPartyPackRequestProcessor:621 - CMSIS Pack Vendor :RealThread X-CUBE-RT-Thread_Nano 4.1.1
2026-08-29 09:48:50,771 [INFO] ThirdPartyPackRequestProcessor:621 - CMSIS Pack Vendor :STMicroelectronics FP-ATR-SIGFOX1 3.2.0
2026-08-29 09:48:50,771 [INFO] ThirdPartyPackRequestProcessor:621 - CMSIS Pack Vendor :STMicroelectronics X-CUBE-NFC10 1.0.0
2026-08-29 09:48:50,771 [INFO] ThirdPartyPackRequestProcessor:621 - CMSIS Pack Vendor :STMicroelectronics HAL Drivers 0.0.0
2026-08-29 09:48:50,771 [INFO] ThirdPartyPackRequestProcessor:621 - CMSIS Pack Vendor :STMicroelectronics MBEDTLS 2.16.2
2026-08-29 09:48:50,771 [INFO] ThirdPartyPackRequestProcessor:621 - CMSIS Pack Vendor :STMicroelectronics X-CUBE-ST60 1.1.0
2026-08-29 09:48:50,771 [INFO] ThirdPartyPackRequestProcessor:621 - CMSIS Pack Vendor :STMicroelectronics X-CUBE-ALS 1.0.2
2026-08-29 09:48:50,771 [INFO] ThirdPartyPackRequestProcessor:621 - CMSIS Pack Vendor :emotas I-CUBE-CANOPEN 1.3.0
2026-08-29 09:48:50,771 [INFO] ThirdPartyPackRequestProcessor:621 - CMSIS Pack Vendor :wolfSSL I-CUBE-wolfSSL 5.9.2
2026-08-29 09:48:50,771 [INFO] ThirdPartyPackRequestProcessor:621 - CMSIS Pack Vendor :STMicroelectronics MBEDTLS 2.14.1
2026-08-29 09:48:50,771 [INFO] ThirdPartyPackRequestProcessor:621 - CMSIS Pack Vendor :ITTIA_DB I-CUBE-ITTIADB 8.9.0
2026-08-29 09:48:50,772 [INFO] ThirdPartyPackRequestProcessor:621 - CMSIS Pack Vendor :Cesanta I-CUBE-Mongoose 7.21.7
2026-08-29 09:48:50,772 [INFO] ThirdPartyPackRequestProcessor:621 - CMSIS Pack Vendor :STMicroelectronics X-CUBE-TOUCHGFX 4.26.1
2026-08-29 09:48:50,772 [INFO] ThirdPartyPackRequestProcessor:621 - CMSIS Pack Vendor :STMicroelectronics X-CUBE-NFC6 3.2.0
2026-08-29 09:48:50,772 [INFO] ThirdPartyPackRequestProcessor:621 - CMSIS Pack Vendor :STMicroelectronics FP-SNS-STBOX1 2.1.0
2026-08-29 09:48:50,772 [INFO] ThirdPartyPackRequestProcessor:621 - CMSIS Pack Vendor :STMicroelectronics X-CUBE-AI 10.2.1
2026-08-29 09:48:50,772 [INFO] ThirdPartyPackRequestProcessor:621 - CMSIS Pack Vendor :STMicroelectronics ThreadX 1.0.0
2026-08-29 09:48:50,772 [INFO] ThirdPartyPackRequestProcessor:621 - CMSIS Pack Vendor :STMicroelectronics FP-SNS-SMARTAG2 1.2.0
2026-08-29 09:48:50,772 [INFO] ThirdPartyPackRequestProcessor:621 - CMSIS Pack Vendor :STMicroelectronics FP-SNS-FLIGHT1 5.1.0
2026-08-29 09:48:50,772 [INFO] ThirdPartyPackRequestProcessor:621 - CMSIS Pack Vendor :STMicroelectronics X-CUBE-AZRTOS-WL 2.0.0
2026-08-29 09:48:50,772 [INFO] ThirdPartyPackRequestProcessor:621 - CMSIS Pack Vendor :SEGGER I-CUBE-embOS 1.3.1
2026-08-29 09:48:50,772 [INFO] ThirdPartyPackRequestProcessor:621 - CMSIS Pack Vendor :STMicroelectronics X-CUBE-DPower 1.3.0
2026-08-29 09:48:50,772 [INFO] ThirdPartyPackRequestProcessor:621 - CMSIS Pack Vendor :STMicroelectronics USB_DEVICE 1.0.0
2026-08-29 09:48:50,772 [INFO] ThirdPartyPackRequestProcessor:621 - CMSIS Pack Vendor :STMicroelectronics X-CUBE-AZRTOS-L4 2.0.0
2026-08-29 09:48:50,772 [INFO] ThirdPartyPackRequestProcessor:621 - CMSIS Pack Vendor :STMicroelectronics ThreadX 0.0.2
2026-08-29 09:48:50,772 [INFO] ThirdPartyPackRequestProcessor:621 - CMSIS Pack Vendor :STMicroelectronics lwIP 2.1.2
2026-08-29 09:48:50,772 [INFO] ThirdPartyPackRequestProcessor:621 - CMSIS Pack Vendor :STMicroelectronics X-CUBE-SFXS2LP1 4.0.0
2026-08-29 09:48:50,772 [INFO] ThirdPartyPackRequestProcessor:621 - CMSIS Pack Vendor :STMicroelectronics X-CUBE-BLE2 3.3.0
2026-08-29 09:48:50,772 [INFO] ThirdPartyPackRequestProcessor:621 - CMSIS Pack Vendor :Avnet-IOTCONNECT X-CUBE-iotc-st67-sdk 1.0.0
2026-08-29 09:48:50,772 [INFO] ThirdPartyPackRequestProcessor:621 - CMSIS Pack Vendor :STMicroelectronics X-CUBE-TOF1 3.4.3
2026-08-29 09:48:50,772 [INFO] ThirdPartyPackRequestProcessor:621 - CMSIS Pack Vendor :Infineon AIROC-Wi-Fi-Bluetooth-STM32 1.8.0
2026-08-29 09:48:50,772 [INFO] ThirdPartyPackRequestProcessor:621 - CMSIS Pack Vendor :STMicroelectronics X-CUBE-NFC13 1.0.0
2026-08-29 09:48:50,772 [INFO] ThirdPartyPackRequestProcessor:621 - CMSIS Pack Vendor :STMicroelectronics PDM2PCM 3.2.0
2026-08-29 09:48:50,772 [INFO] ThirdPartyPackRequestProcessor:621 - CMSIS Pack Vendor :STMicroelectronics X-CUBE-WB05N 2.1.0
2026-08-29 09:48:50,772 [INFO] ThirdParty:514 - exiting critical section [add software pack]
2026-08-29 09:48:50,772 [INFO] LoadServerUpdatesThread:375 - End of LoadServerUpdate Thread
2026-08-29 09:48:50,918 [INFO] MainUpdater:1610 - ProgressBar Return now
2026-08-29 09:48:50,920 [INFO] ThirdPartyModel:298 - Start build external matchings
2026-08-29 09:48:51,156 [INFO] ThirdPartyModel:316 - End build external matchings
2026-08-29 09:48:51,198 [INFO] CheckServerUpdateThread:120 - End of CheckServer Thread
2026-08-29 09:48:51,704 [ERROR] LogOutputStream:75 - [STDERR_REDIRECT] [Fatal Error] :1:1: Premature end of file.
2026-08-29 09:48:51,705 [ERROR] LogOutputStream:75 - [STDERR_REDIRECT] 
2026-08-29 09:48:52,700 [ERROR] LogOutputStream:75 - [STDERR_REDIRECT] [Fatal Error] :1:1: Premature end of file.
2026-08-29 09:48:52,700 [ERROR] LogOutputStream:75 - [STDERR_REDIRECT] 
2026-08-29 09:48:53,702 [ERROR] LogOutputStream:75 - [STDERR_REDIRECT] [Fatal Error] :1:1: Premature end of file.
2026-08-29 09:48:53,703 [ERROR] LogOutputStream:75 - [STDERR_REDIRECT] 
2026-08-29 09:48:54,703 [ERROR] LogOutputStream:75 - [STDERR_REDIRECT] [Fatal Error] :1:1: Premature end of file.
2026-08-29 09:48:54,703 [ERROR] LogOutputStream:75 - [STDERR_REDIRECT] 
2026-08-29 09:48:55,702 [ERROR] LogOutputStream:75 - [STDERR_REDIRECT] [Fatal Error] :1:1: Premature end of file.
2026-08-29 09:48:55,702 [ERROR] LogOutputStream:75 - [STDERR_REDIRECT] 
2026-08-29 09:48:56,700 [ERROR] LogOutputStream:75 - [STDERR_REDIRECT] [Fatal Error] :1:1: Premature end of file.
2026-08-29 09:48:56,701 [ERROR] LogOutputStream:75 - [STDERR_REDIRECT] 
2026-08-29 09:48:57,702 [ERROR] LogOutputStream:75 - [STDERR_REDIRECT] [Fatal Error] :1:1: Premature end of file.
2026-08-29 09:48:57,702 [ERROR] LogOutputStream:75 - [STDERR_REDIRECT] 
2026-08-29 09:48:58,702 [ERROR] LogOutputStream:75 - [STDERR_REDIRECT] [Fatal Error] :1:1: Premature end of file.
2026-08-29 09:48:58,702 [ERROR] LogOutputStream:75 - [STDERR_REDIRECT] 
2026-08-29 09:48:59,702 [ERROR] LogOutputStream:75 - [STDERR_REDIRECT] [Fatal Error] :1:1: Premature end of file.
2026-08-29 09:48:59,702 [ERROR] LogOutputStream:75 - [STDERR_REDIRECT] 
2026-08-29 09:49:00,703 [ERROR] LogOutputStream:75 - [STDERR_REDIRECT] [Fatal Error] :1:1: Premature end of file.
2026-08-29 09:49:00,703 [ERROR] LogOutputStream:75 - [STDERR_REDIRECT] 
2026-08-29 09:49:01,700 [ERROR] LogOutputStream:75 - [STDERR_REDIRECT] [Fatal Error] :1:1: Premature end of file.
2026-08-29 09:49:01,700 [ERROR] LogOutputStream:75 - [STDERR_REDIRECT] 
2026-08-29 09:49:02,702 [ERROR] LogOutputStream:75 - [STDERR_REDIRECT] [Fatal Error] :1:1: Premature end of file.
2026-08-29 09:49:02,702 [ERROR] LogOutputStream:75 - [STDERR_REDIRECT] 
2026-08-29 09:49:03,701 [ERROR] LogOutputStream:75 - [STDERR_REDIRECT] [Fatal Error] :1:1: Premature end of file.
2026-08-29 09:49:03,701 [ERROR] LogOutputStream:75 - [STDERR_REDIRECT] 
2026-08-29 09:49:04,704 [ERROR] LogOutputStream:75 - [STDERR_REDIRECT] [Fatal Error] :1:1: Premature end of file.
2026-08-29 09:49:04,704 [ERROR] LogOutputStream:75 - [STDERR_REDIRECT] 
2026-08-29 09:49:05,703 [ERROR] LogOutputStream:75 - [STDERR_REDIRECT] [Fatal Error] :1:1: Premature end of file.
2026-08-29 09:49:05,703 [ERROR] LogOutputStream:75 - [STDERR_REDIRECT] 
2026-08-29 09:49:06,703 [ERROR] LogOutputStream:75 - [STDERR_REDIRECT] [Fatal Error] :1:1: Premature end of file.
2026-08-29 09:49:06,704 [ERROR] LogOutputStream:75 - [STDERR_REDIRECT] 
2026-08-29 09:49:07,703 [ERROR] LogOutputStream:75 - [STDERR_REDIRECT] [Fatal Error] :1:1: Premature end of file.
2026-08-29 09:49:07,703 [ERROR] LogOutputStream:75 - [STDERR_REDIRECT] 
2026-08-29 09:49:08,700 [ERROR] LogOutputStream:75 - [STDERR_REDIRECT] [Fatal Error] :1:1: Premature end of file.
2026-08-29 09:49:08,700 [ERROR] LogOutputStream:75 - [STDERR_REDIRECT] 
2026-08-29 09:49:09,702 [ERROR] LogOutputStream:75 - [STDERR_REDIRECT] [Fatal Error] :1:1: Premature end of file.
2026-08-29 09:49:09,702 [ERROR] LogOutputStream:75 - [STDERR_REDIRECT] 
2026-08-29 09:49:10,703 [ERROR] LogOutputStream:75 - [STDERR_REDIRECT] [Fatal Error] :1:1: Premature end of file.
2026-08-29 09:49:10,704 [ERROR] LogOutputStream:75 - [STDERR_REDIRECT] 
2026-08-29 09:49:11,702 [ERROR] LogOutputStream:75 - [STDERR_REDIRECT] [Fatal Error] :1:1: Premature end of file.
2026-08-29 09:49:11,702 [ERROR] LogOutputStream:75 - [STDERR_REDIRECT] 
2026-08-29 09:49:12,705 [ERROR] LogOutputStream:75 - [STDERR_REDIRECT] [Fatal Error] :1:1: Premature end of file.
2026-08-29 09:49:12,705 [ERROR] LogOutputStream:75 - [STDERR_REDIRECT] 
2026-08-29 09:49:13,701 [ERROR] LogOutputStream:75 - [STDERR_REDIRECT] [Fatal Error] :1:1: Premature end of file.
2026-08-29 09:49:13,701 [ERROR] LogOutputStream:75 - [STDERR_REDIRECT] 
2026-08-29 09:49:14,703 [ERROR] LogOutputStream:75 - [STDERR_REDIRECT] [Fatal Error] :1:1: Premature end of file.
2026-08-29 09:49:14,703 [ERROR] LogOutputStream:75 - [STDERR_REDIRECT] 
2026-08-29 09:49:15,702 [ERROR] LogOutputStream:75 - [STDERR_REDIRECT] [Fatal Error] :1:1: Premature end of file.
2026-08-29 09:49:15,703 [ERROR] LogOutputStream:75 - [STDERR_REDIRECT] 
2026-08-29 09:49:16,703 [ERROR] LogOutputStream:75 - [STDERR_REDIRECT] [Fatal Error] :1:1: Premature end of file.
2026-08-29 09:49:16,703 [ERROR] LogOutputStream:75 - [STDERR_REDIRECT] 
2026-08-29 09:49:17,703 [ERROR] LogOutputStream:75 - [STDERR_REDIRECT] [Fatal Error] :1:1: Premature end of file.
2026-08-29 09:49:17,703 [ERROR] LogOutputStream:75 - [STDERR_REDIRECT] 
2026-08-29 09:49:18,701 [ERROR] LogOutputStream:75 - [STDERR_REDIRECT] [Fatal Error] :1:1: Premature end of file.
2026-08-29 09:49:18,701 [ERROR] LogOutputStream:75 - [STDERR_REDIRECT] 
2026-08-29 09:49:19,702 [ERROR] LogOutputStream:75 - [STDERR_REDIRECT] [Fatal Error] :1:1: Premature end of file.
2026-08-29 09:49:19,702 [ERROR] LogOutputStream:75 - [STDERR_REDIRECT] 
2026-08-29 09:49:20,701 [ERROR] LogOutputStream:75 - [STDERR_REDIRECT] [Fatal Error] :1:1: Premature end of file.
2026-08-29 09:49:20,701 [ERROR] LogOutputStream:75 - [STDERR_REDIRECT] 
2026-08-29 09:49:21,703 [ERROR] LogOutputStream:75 - [STDERR_REDIRECT] [Fatal Error] :1:1: Premature end of file.
2026-08-29 09:49:21,703 [ERROR] LogOutputStream:75 - [STDERR_REDIRECT] 
2026-08-29 09:49:22,703 [ERROR] LogOutputStream:75 - [STDERR_REDIRECT] [Fatal Error] :1:1: Premature end of file.
2026-08-29 09:49:22,703 [ERROR] LogOutputStream:75 - [STDERR_REDIRECT] 
2026-08-29 09:49:23,704 [ERROR] LogOutputStream:75 - [STDERR_REDIRECT] [Fatal Error] :1:1: Premature end of file.
2026-08-29 09:49:23,704 [ERROR] LogOutputStream:75 - [STDERR_REDIRECT] 
2026-08-29 09:49:24,702 [ERROR] LogOutputStream:75 - [STDERR_REDIRECT] [Fatal Error] :1:1: Premature end of file.
2026-08-29 09:49:24,703 [ERROR] LogOutputStream:75 - [STDERR_REDIRECT] 
2026-08-29 09:49:25,704 [ERROR] LogOutputStream:75 - [STDERR_REDIRECT] [Fatal Error] :1:1: Premature end of file.
2026-08-29 09:49:25,704 [ERROR] LogOutputStream:75 - [STDERR_REDIRECT] 
2026-08-29 09:49:26,703 [ERROR] LogOutputStream:75 - [STDERR_REDIRECT] [Fatal Error] :1:1: Premature end of file.
2026-08-29 09:49:26,704 [ERROR] LogOutputStream:75 - [STDERR_REDIRECT] 
2026-08-29 09:49:27,705 [ERROR] LogOutputStream:75 - [STDERR_REDIRECT] [Fatal Error] :1:1: Premature end of file.
2026-08-29 09:49:27,705 [ERROR] LogOutputStream:75 - [STDERR_REDIRECT] 
2026-08-29 09:49:28,702 [ERROR] LogOutputStream:75 - [STDERR_REDIRECT] [Fatal Error] :1:1: Premature end of file.
2026-08-29 09:49:28,702 [ERROR] LogOutputStream:75 - [STDERR_REDIRECT] 
2026-08-29 09:49:29,702 [ERROR] LogOutputStream:75 - [STDERR_REDIRECT] [Fatal Error] :1:1: Premature end of file.
2026-08-29 09:49:29,702 [ERROR] LogOutputStream:75 - [STDERR_REDIRECT] 
2026-08-29 09:49:30,701 [ERROR] LogOutputStream:75 - [STDERR_REDIRECT] [Fatal Error] :1:1: Premature end of file.
2026-08-29 09:49:30,701 [ERROR] LogOutputStream:75 - [STDERR_REDIRECT] 
2026-08-29 09:49:31,703 [ERROR] LogOutputStream:75 - [STDERR_REDIRECT] [Fatal Error] :1:1: Premature end of file.
2026-08-29 09:49:31,703 [ERROR] LogOutputStream:75 - [STDERR_REDIRECT] 
2026-08-29 09:49:32,701 [ERROR] LogOutputStream:75 - [STDERR_REDIRECT] [Fatal Error] :1:1: Premature end of file.
2026-08-29 09:49:32,702 [ERROR] LogOutputStream:75 - [STDERR_REDIRECT] 
2026-08-29 09:49:33,702 [ERROR] LogOutputStream:75 - [STDERR_REDIRECT] [Fatal Error] :1:1: Premature end of file.
2026-08-29 09:49:33,702 [ERROR] LogOutputStream:75 - [STDERR_REDIRECT] 
2026-08-29 09:49:34,702 [ERROR] LogOutputStream:75 - [STDERR_REDIRECT] [Fatal Error] :1:1: Premature end of file.
2026-08-29 09:49:34,702 [ERROR] LogOutputStream:75 - [STDERR_REDIRECT] 
2026-08-29 09:49:35,705 [ERROR] LogOutputStream:75 - [STDERR_REDIRECT] [Fatal Error] :1:1: Premature end of file.
2026-08-29 09:49:35,705 [ERROR] LogOutputStream:75 - [STDERR_REDIRECT] 
2026-08-29 09:49:36,703 [ERROR] LogOutputStream:75 - [STDERR_REDIRECT] [Fatal Error] :1:1: Premature end of file.
2026-08-29 09:49:36,703 [ERROR] LogOutputStream:75 - [STDERR_REDIRECT] 
2026-08-29 09:49:37,702 [ERROR] LogOutputStream:75 - [STDERR_REDIRECT] [Fatal Error] :1:1: Premature end of file.
2026-08-29 09:49:37,702 [ERROR] LogOutputStream:75 - [STDERR_REDIRECT] 
2026-08-29 09:49:38,702 [ERROR] LogOutputStream:75 - [STDERR_REDIRECT] [Fatal Error] :1:1: Premature end of file.
2026-08-29 09:49:38,702 [ERROR] LogOutputStream:75 - [STDERR_REDIRECT] 
2026-08-29 09:49:39,702 [ERROR] LogOutputStream:75 - [STDERR_REDIRECT] [Fatal Error] :1:1: Premature end of file.
2026-08-29 09:49:39,702 [ERROR] LogOutputStream:75 - [STDERR_REDIRECT] 
2026-08-29 09:49:40,702 [ERROR] LogOutputStream:75 - [STDERR_REDIRECT] [Fatal Error] :1:1: Premature end of file.
2026-08-29 09:49:40,702 [ERROR] LogOutputStream:75 - [STDERR_REDIRECT] 
2026-08-29 09:49:41,702 [ERROR] LogOutputStream:75 - [STDERR_REDIRECT] [Fatal Error] :1:1: Premature end of file.
2026-08-29 09:49:41,702 [ERROR] LogOutputStream:75 - [STDERR_REDIRECT] 
2026-08-29 09:49:42,701 [ERROR] LogOutputStream:75 - [STDERR_REDIRECT] [Fatal Error] :1:1: Premature end of file.
2026-08-29 09:49:42,701 [ERROR] LogOutputStream:75 - [STDERR_REDIRECT] 
2026-08-29 09:49:43,700 [ERROR] LogOutputStream:75 - [STDERR_REDIRECT] [Fatal Error] :1:1: Premature end of file.
2026-08-29 09:49:43,700 [ERROR] LogOutputStream:75 - [STDERR_REDIRECT] 
2026-08-29 09:49:44,704 [ERROR] LogOutputStream:75 - [STDERR_REDIRECT] [Fatal Error] :1:1: Premature end of file.
2026-08-29 09:49:44,705 [ERROR] LogOutputStream:75 - [STDERR_REDIRECT] 
2026-08-29 09:49:45,701 [ERROR] LogOutputStream:75 - [STDERR_REDIRECT] [Fatal Error] :1:1: Premature end of file.
2026-08-29 09:49:45,701 [ERROR] LogOutputStream:75 - [STDERR_REDIRECT] 
2026-08-29 09:49:46,705 [ERROR] LogOutputStream:75 - [STDERR_REDIRECT] [Fatal Error] :1:1: Premature end of file.
2026-08-29 09:49:46,705 [ERROR] LogOutputStream:75 - [STDERR_REDIRECT] 
2026-08-29 09:49:47,703 [ERROR] LogOutputStream:75 - [STDERR_REDIRECT] [Fatal Error] :1:1: Premature end of file.
2026-08-29 09:49:47,703 [ERROR] LogOutputStream:75 - [STDERR_REDIRECT] 
2026-08-29 09:49:48,703 [ERROR] LogOutputStream:75 - [STDERR_REDIRECT] [Fatal Error] :1:1: Premature end of file.
2026-08-29 09:49:48,703 [ERROR] LogOutputStream:75 - [STDERR_REDIRECT] 
2026-08-29 09:49:49,702 [ERROR] LogOutputStream:75 - [STDERR_REDIRECT] [Fatal Error] :1:1: Premature end of file.
2026-08-29 09:49:49,702 [ERROR] LogOutputStream:75 - [STDERR_REDIRECT] 
2026-08-29 09:49:50,704 [ERROR] LogOutputStream:75 - [STDERR_REDIRECT] [Fatal Error] :1:1: Premature end of file.
2026-08-29 09:49:50,704 [ERROR] LogOutputStream:75 - [STDERR_REDIRECT] 
2026-08-29 09:49:51,701 [ERROR] LogOutputStream:75 - [STDERR_REDIRECT] [Fatal Error] :1:1: Premature end of file.
2026-08-29 09:49:51,702 [ERROR] LogOutputStream:75 - [STDERR_REDIRECT] 
2026-08-29 09:49:52,702 [ERROR] LogOutputStream:75 - [STDERR_REDIRECT] [Fatal Error] :1:1: Premature end of file.
2026-08-29 09:49:52,702 [ERROR] LogOutputStream:75 - [STDERR_REDIRECT] 
2026-08-29 09:49:53,701 [ERROR] LogOutputStream:75 - [STDERR_REDIRECT] [Fatal Error] :1:1: Premature end of file.
2026-08-29 09:49:53,701 [ERROR] LogOutputStream:75 - [STDERR_REDIRECT] 
2026-08-29 09:49:54,703 [ERROR] LogOutputStream:75 - [STDERR_REDIRECT] [Fatal Error] :1:1: Premature end of file.
2026-08-29 09:49:54,703 [ERROR] LogOutputStream:75 - [STDERR_REDIRECT] 
2026-08-29 09:49:55,701 [ERROR] LogOutputStream:75 - [STDERR_REDIRECT] [Fatal Error] :1:1: Premature end of file.
2026-08-29 09:49:55,701 [ERROR] LogOutputStream:75 - [STDERR_REDIRECT] 
2026-08-29 09:49:56,701 [ERROR] LogOutputStream:75 - [STDERR_REDIRECT] [Fatal Error] :1:1: Premature end of file.
2026-08-29 09:49:56,701 [ERROR] LogOutputStream:75 - [STDERR_REDIRECT] 
2026-08-29 09:49:57,701 [ERROR] LogOutputStream:75 - [STDERR_REDIRECT] [Fatal Error] :1:1: Premature end of file.
2026-08-29 09:49:57,701 [ERROR] LogOutputStream:75 - [STDERR_REDIRECT] 
2026-08-29 09:49:58,702 [ERROR] LogOutputStream:75 - [STDERR_REDIRECT] [Fatal Error] :1:1: Premature end of file.
2026-08-29 09:49:58,702 [ERROR] LogOutputStream:75 - [STDERR_REDIRECT] 
2026-08-29 09:49:59,704 [ERROR] LogOutputStream:75 - [STDERR_REDIRECT] [Fatal Error] :1:1: Premature end of file.
2026-08-29 09:49:59,704 [ERROR] LogOutputStream:75 - [STDERR_REDIRECT] 
2026-08-29 09:50:00,702 [ERROR] LogOutputStream:75 - [STDERR_REDIRECT] [Fatal Error] :1:1: Premature end of file.
2026-08-29 09:50:00,702 [ERROR] LogOutputStream:75 - [STDERR_REDIRECT] 
2026-08-29 09:50:01,702 [ERROR] LogOutputStream:75 - [STDERR_REDIRECT] [Fatal Error] :1:1: Premature end of file.
2026-08-29 09:50:01,702 [ERROR] LogOutputStream:75 - [STDERR_REDIRECT] 
2026-08-29 09:50:02,704 [ERROR] LogOutputStream:75 - [STDERR_REDIRECT] [Fatal Error] :1:1: Premature end of file.
2026-08-29 09:50:02,704 [ERROR] LogOutputStream:75 - [STDERR_REDIRECT] 
2026-08-29 09:50:03,702 [ERROR] LogOutputStream:75 - [STDERR_REDIRECT] [Fatal Error] :1:1: Premature end of file.
2026-08-29 09:50:03,702 [ERROR] LogOutputStream:75 - [STDERR_REDIRECT] 
2026-08-29 09:50:04,702 [ERROR] LogOutputStream:75 - [STDERR_REDIRECT] [Fatal Error] :1:1: Premature end of file.
2026-08-29 09:50:04,702 [ERROR] LogOutputStream:75 - [STDERR_REDIRECT] 
2026-08-29 09:50:05,703 [ERROR] LogOutputStream:75 - [STDERR_REDIRECT] [Fatal Error] :1:1: Premature end of file.
2026-08-29 09:50:05,703 [ERROR] LogOutputStream:75 - [STDERR_REDIRECT] 
2026-08-29 09:50:06,703 [ERROR] LogOutputStream:75 - [STDERR_REDIRECT] [Fatal Error] :1:1: Premature end of file.
2026-08-29 09:50:06,704 [ERROR] LogOutputStream:75 - [STDERR_REDIRECT] 
2026-08-29 09:50:07,704 [ERROR] LogOutputStream:75 - [STDERR_REDIRECT] [Fatal Error] :1:1: Premature end of file.
2026-08-29 09:50:07,704 [ERROR] LogOutputStream:75 - [STDERR_REDIRECT] 
2026-08-29 09:50:08,702 [ERROR] LogOutputStream:75 - [STDERR_REDIRECT] [Fatal Error] :1:1: Premature end of file.
2026-08-29 09:50:08,702 [ERROR] LogOutputStream:75 - [STDERR_REDIRECT] 
2026-08-29 09:50:09,704 [ERROR] LogOutputStream:75 - [STDERR_REDIRECT] [Fatal Error] :1:1: Premature end of file.
2026-08-29 09:50:09,704 [ERROR] LogOutputStream:75 - [STDERR_REDIRECT] 
2026-08-29 09:50:10,702 [ERROR] LogOutputStream:75 - [STDERR_REDIRECT] [Fatal Error] :1:1: Premature end of file.
2026-08-29 09:50:10,702 [ERROR] LogOutputStream:75 - [STDERR_REDIRECT] 
2026-08-29 09:50:11,703 [ERROR] LogOutputStream:75 - [STDERR_REDIRECT] [Fatal Error] :1:1: Premature end of file.
2026-08-29 09:50:11,703 [ERROR] LogOutputStream:75 - [STDERR_REDIRECT] 
2026-08-29 09:50:12,701 [ERROR] LogOutputStream:75 - [STDERR_REDIRECT] [Fatal Error] :1:1: Premature end of file.
2026-08-29 09:50:12,701 [ERROR] LogOutputStream:75 - [STDERR_REDIRECT] 
2026-08-29 09:50:13,700 [ERROR] LogOutputStream:75 - [STDERR_REDIRECT] [Fatal Error] :1:1: Premature end of file.
2026-08-29 09:50:13,700 [ERROR] LogOutputStream:75 - [STDERR_REDIRECT] 
2026-08-29 09:50:14,703 [ERROR] LogOutputStream:75 - [STDERR_REDIRECT] [Fatal Error] :1:1: Premature end of file.
2026-08-29 09:50:14,703 [ERROR] LogOutputStream:75 - [STDERR_REDIRECT] 
2026-08-29 09:50:15,702 [ERROR] LogOutputStream:75 - [STDERR_REDIRECT] [Fatal Error] :1:1: Premature end of file.
2026-08-29 09:50:15,702 [ERROR] LogOutputStream:75 - [STDERR_REDIRECT] 
2026-08-29 09:50:16,703 [ERROR] LogOutputStream:75 - [STDERR_REDIRECT] [Fatal Error] :1:1: Premature end of file.
2026-08-29 09:50:16,703 [ERROR] LogOutputStream:75 - [STDERR_REDIRECT] 
2026-08-29 09:50:17,701 [ERROR] LogOutputStream:75 - [STDERR_REDIRECT] [Fatal Error] :1:1: Premature end of file.
2026-08-29 09:50:17,701 [ERROR] LogOutputStream:75 - [STDERR_REDIRECT] 
2026-08-29 09:50:18,701 [ERROR] LogOutputStream:75 - [STDERR_REDIRECT] [Fatal Error] :1:1: Premature end of file.
2026-08-29 09:50:18,701 [ERROR] LogOutputStream:75 - [STDERR_REDIRECT] 
2026-08-29 09:50:19,700 [ERROR] LogOutputStream:75 - [STDERR_REDIRECT] [Fatal Error] :1:1: Premature end of file.
2026-08-29 09:50:19,700 [ERROR] LogOutputStream:75 - [STDERR_REDIRECT] 
2026-08-29 09:50:20,702 [ERROR] LogOutputStream:75 - [STDERR_REDIRECT] [Fatal Error] :1:1: Premature end of file.
2026-08-29 09:50:20,702 [ERROR] LogOutputStream:75 - [STDERR_REDIRECT] 
2026-08-29 09:50:21,703 [ERROR] LogOutputStream:75 - [STDERR_REDIRECT] [Fatal Error] :1:1: Premature end of file.
2026-08-29 09:50:21,703 [ERROR] LogOutputStream:75 - [STDERR_REDIRECT] 
2026-08-29 09:50:22,701 [ERROR] LogOutputStream:75 - [STDERR_REDIRECT] [Fatal Error] :1:1: Premature end of file.
2026-08-29 09:50:22,702 [ERROR] LogOutputStream:75 - [STDERR_REDIRECT] 
2026-08-29 09:50:23,704 [ERROR] LogOutputStream:75 - [STDERR_REDIRECT] [Fatal Error] :1:1: Premature end of file.
2026-08-29 09:50:23,704 [ERROR] LogOutputStream:75 - [STDERR_REDIRECT] 
2026-08-29 09:50:24,702 [ERROR] LogOutputStream:75 - [STDERR_REDIRECT] [Fatal Error] :1:1: Premature end of file.
2026-08-29 09:50:24,702 [ERROR] LogOutputStream:75 - [STDERR_REDIRECT] 
2026-08-29 09:50:25,703 [ERROR] LogOutputStream:75 - [STDERR_REDIRECT] [Fatal Error] :1:1: Premature end of file.
2026-08-29 09:50:25,703 [ERROR] LogOutputStream:75 - [STDERR_REDIRECT] 
2026-08-29 09:50:26,703 [ERROR] LogOutputStream:75 - [STDERR_REDIRECT] [Fatal Error] :1:1: Premature end of file.
2026-08-29 09:50:26,703 [ERROR] LogOutputStream:75 - [STDERR_REDIRECT] 
2026-08-29 09:50:27,701 [ERROR] LogOutputStream:75 - [STDERR_REDIRECT] [Fatal Error] :1:1: Premature end of file.
2026-08-29 09:50:27,701 [ERROR] LogOutputStream:75 - [STDERR_REDIRECT] 
2026-08-29 09:50:28,703 [ERROR] LogOutputStream:75 - [STDERR_REDIRECT] [Fatal Error] :1:1: Premature end of file.
2026-08-29 09:50:28,703 [ERROR] LogOutputStream:75 - [STDERR_REDIRECT] 
2026-08-29 09:50:29,702 [ERROR] LogOutputStream:75 - [STDERR_REDIRECT] [Fatal Error] :1:1: Premature end of file.
2026-08-29 09:50:29,702 [ERROR] LogOutputStream:75 - [STDERR_REDIRECT] 
2026-08-29 09:50:30,701 [ERROR] LogOutputStream:75 - [STDERR_REDIRECT] [Fatal Error] :1:1: Premature end of file.
2026-08-29 09:50:30,701 [ERROR] LogOutputStream:75 - [STDERR_REDIRECT] 
2026-08-29 09:50:31,702 [ERROR] LogOutputStream:75 - [STDERR_REDIRECT] [Fatal Error] :1:1: Premature end of file.
2026-08-29 09:50:31,702 [ERROR] LogOutputStream:75 - [STDERR_REDIRECT] 
2026-08-29 09:50:32,704 [ERROR] LogOutputStream:75 - [STDERR_REDIRECT] [Fatal Error] :1:1: Premature end of file.
2026-08-29 09:50:32,704 [ERROR] LogOutputStream:75 - [STDERR_REDIRECT] 
2026-08-29 09:50:33,703 [ERROR] LogOutputStream:75 - [STDERR_REDIRECT] [Fatal Error] :1:1: Premature end of file.
2026-08-29 09:50:33,704 [ERROR] LogOutputStream:75 - [STDERR_REDIRECT] 
2026-08-29 09:50:34,701 [ERROR] LogOutputStream:75 - [STDERR_REDIRECT] [Fatal Error] :1:1: Premature end of file.
2026-08-29 09:50:34,701 [ERROR] LogOutputStream:75 - [STDERR_REDIRECT] 
2026-08-29 09:50:35,701 [ERROR] LogOutputStream:75 - [STDERR_REDIRECT] [Fatal Error] :1:1: Premature end of file.
2026-08-29 09:50:35,701 [ERROR] LogOutputStream:75 - [STDERR_REDIRECT] 
2026-08-29 09:50:36,703 [ERROR] LogOutputStream:75 - [STDERR_REDIRECT] [Fatal Error] :1:1: Premature end of file.
2026-08-29 09:50:36,703 [ERROR] LogOutputStream:75 - [STDERR_REDIRECT] 
2026-08-29 09:50:37,703 [ERROR] LogOutputStream:75 - [STDERR_REDIRECT] [Fatal Error] :1:1: Premature end of file.
2026-08-29 09:50:37,703 [ERROR] LogOutputStream:75 - [STDERR_REDIRECT] 
2026-08-29 09:50:38,702 [ERROR] LogOutputStream:75 - [STDERR_REDIRECT] [Fatal Error] :1:1: Premature end of file.
2026-08-29 09:50:38,702 [ERROR] LogOutputStream:75 - [STDERR_REDIRECT] 
2026-08-29 09:50:39,702 [ERROR] LogOutputStream:75 - [STDERR_REDIRECT] [Fatal Error] :1:1: Premature end of file.
2026-08-29 09:50:39,702 [ERROR] LogOutputStream:75 - [STDERR_REDIRECT] 
2026-08-29 09:50:40,703 [ERROR] LogOutputStream:75 - [STDERR_REDIRECT] [Fatal Error] :1:1: Premature end of file.
2026-08-29 09:50:40,703 [ERROR] LogOutputStream:75 - [STDERR_REDIRECT] 
2026-08-29 09:50:41,701 [ERROR] LogOutputStream:75 - [STDERR_REDIRECT] [Fatal Error] :1:1: Premature end of file.
2026-08-29 09:50:41,701 [ERROR] LogOutputStream:75 - [STDERR_REDIRECT] 
2026-08-29 09:50:42,704 [ERROR] LogOutputStream:75 - [STDERR_REDIRECT] [Fatal Error] :1:1: Premature end of file.
2026-08-29 09:50:42,704 [ERROR] LogOutputStream:75 - [STDERR_REDIRECT] 
2026-08-29 09:50:43,706 [ERROR] LogOutputStream:75 - [STDERR_REDIRECT] [Fatal Error] :1:1: Premature end of file.
2026-08-29 09:50:43,706 [ERROR] LogOutputStream:75 - [STDERR_REDIRECT] 
2026-08-29 09:50:44,701 [ERROR] LogOutputStream:75 - [STDERR_REDIRECT] [Fatal Error] :1:1: Premature end of file.
2026-08-29 09:50:44,701 [ERROR] LogOutputStream:75 - [STDERR_REDIRECT] 
2026-08-29 09:50:45,703 [ERROR] LogOutputStream:75 - [STDERR_REDIRECT] [Fatal Error] :1:1: Premature end of file.
2026-08-29 09:50:45,703 [ERROR] LogOutputStream:75 - [STDERR_REDIRECT] 
2026-08-29 09:50:46,702 [ERROR] LogOutputStream:75 - [STDERR_REDIRECT] [Fatal Error] :1:1: Premature end of file.
2026-08-29 09:50:46,702 [ERROR] LogOutputStream:75 - [STDERR_REDIRECT] 
2026-08-29 09:50:47,702 [ERROR] LogOutputStream:75 - [STDERR_REDIRECT] [Fatal Error] :1:1: Premature end of file.
2026-08-29 09:50:47,702 [ERROR] LogOutputStream:75 - [STDERR_REDIRECT] 
2026-08-29 09:50:48,702 [ERROR] LogOutputStream:75 - [STDERR_REDIRECT] [Fatal Error] :1:1: Premature end of file.
2026-08-29 09:50:48,702 [ERROR] LogOutputStream:75 - [STDERR_REDIRECT] 
2026-08-29 09:50:49,702 [ERROR] LogOutputStream:75 - [STDERR_REDIRECT] [Fatal Error] :1:1: Premature end of file.
2026-08-29 09:50:49,702 [ERROR] LogOutputStream:75 - [STDERR_REDIRECT] 
2026-08-29 09:50:50,703 [ERROR] LogOutputStream:75 - [STDERR_REDIRECT] [Fatal Error] :1:1: Premature end of file.
2026-08-29 09:50:50,703 [ERROR] LogOutputStream:75 - [STDERR_REDIRECT] 
2026-08-29 09:50:51,702 [ERROR] LogOutputStream:75 - [STDERR_REDIRECT] [Fatal Error] :1:1: Premature end of file.
2026-08-29 09:50:51,702 [ERROR] LogOutputStream:75 - [STDERR_REDIRECT] 
2026-08-29 09:50:52,702 [ERROR] LogOutputStream:75 - [STDERR_REDIRECT] [Fatal Error] :1:1: Premature end of file.
2026-08-29 09:50:52,702 [ERROR] LogOutputStream:75 - [STDERR_REDIRECT] 
2026-08-29 09:50:53,576 [INFO] CheckServerUpdateThread:120 - End of CheckServer Thread
2026-08-29 09:50:53,701 [ERROR] LogOutputStream:75 - [STDERR_REDIRECT] [Fatal Error] :1:1: Premature end of file.
2026-08-29 09:50:53,701 [ERROR] LogOutputStream:75 - [STDERR_REDIRECT] 
2026-08-29 09:50:54,701 [ERROR] LogOutputStream:75 - [STDERR_REDIRECT] [Fatal Error] :1:1: Premature end of file.
2026-08-29 09:50:54,701 [ERROR] LogOutputStream:75 - [STDERR_REDIRECT] 
2026-08-29 09:50:55,703 [ERROR] LogOutputStream:75 - [STDERR_REDIRECT] [Fatal Error] :1:1: Premature end of file.
2026-08-29 09:50:55,703 [ERROR] LogOutputStream:75 - [STDERR_REDIRECT] 
2026-08-29 09:50:56,703 [ERROR] LogOutputStream:75 - [STDERR_REDIRECT] [Fatal Error] :1:1: Premature end of file.
2026-08-29 09:50:56,703 [ERROR] LogOutputStream:75 - [STDERR_REDIRECT] 
2026-08-29 09:50:57,702 [ERROR] LogOutputStream:75 - [STDERR_REDIRECT] [Fatal Error] :1:1: Premature end of file.
2026-08-29 09:50:57,702 [ERROR] LogOutputStream:75 - [STDERR_REDIRECT] 
2026-08-29 09:50:58,700 [ERROR] LogOutputStream:75 - [STDERR_REDIRECT] [Fatal Error] :1:1: Premature end of file.
2026-08-29 09:50:58,700 [ERROR] LogOutputStream:75 - [STDERR_REDIRECT] 
2026-08-29 09:50:59,701 [ERROR] LogOutputStream:75 - [STDERR_REDIRECT] [Fatal Error] :1:1: Premature end of file.
2026-08-29 09:50:59,701 [ERROR] LogOutputStream:75 - [STDERR_REDIRECT] 
2026-08-29 09:51:00,701 [ERROR] LogOutputStream:75 - [STDERR_REDIRECT] [Fatal Error] :1:1: Premature end of file.
2026-08-29 09:51:00,701 [ERROR] LogOutputStream:75 - [STDERR_REDIRECT] 
2026-08-29 09:51:01,703 [ERROR] LogOutputStream:75 - [STDERR_REDIRECT] [Fatal Error] :1:1: Premature end of file.
2026-08-29 09:51:01,703 [ERROR] LogOutputStream:75 - [STDERR_REDIRECT] 
2026-08-29 09:51:02,700 [ERROR] LogOutputStream:75 - [STDERR_REDIRECT] [Fatal Error] :1:1: Premature end of file.
2026-08-29 09:51:02,701 [ERROR] LogOutputStream:75 - [STDERR_REDIRECT] 
2026-08-29 09:51:03,701 [ERROR] LogOutputStream:75 - [STDERR_REDIRECT] [Fatal Error] :1:1: Premature end of file.
2026-08-29 09:51:03,701 [ERROR] LogOutputStream:75 - [STDERR_REDIRECT] 
2026-08-29 09:51:04,703 [ERROR] LogOutputStream:75 - [STDERR_REDIRECT] [Fatal Error] :1:1: Premature end of file.
2026-08-29 09:51:04,703 [ERROR] LogOutputStream:75 - [STDERR_REDIRECT] 
2026-08-29 09:51:05,702 [ERROR] LogOutputStream:75 - [STDERR_REDIRECT] [Fatal Error] :1:1: Premature end of file.
2026-08-29 09:51:05,702 [ERROR] LogOutputStream:75 - [STDERR_REDIRECT] 
2026-08-29 09:51:06,701 [ERROR] LogOutputStream:75 - [STDERR_REDIRECT] [Fatal Error] :1:1: Premature end of file.
2026-08-29 09:51:06,701 [ERROR] LogOutputStream:75 - [STDERR_REDIRECT] 
2026-08-29 09:51:07,703 [ERROR] LogOutputStream:75 - [STDERR_REDIRECT] [Fatal Error] :1:1: Premature end of file.
2026-08-29 09:51:07,703 [ERROR] LogOutputStream:75 - [STDERR_REDIRECT] 
2026-08-29 09:51:08,702 [ERROR] LogOutputStream:75 - [STDERR_REDIRECT] [Fatal Error] :1:1: Premature end of file.
2026-08-29 09:51:08,702 [ERROR] LogOutputStream:75 - [STDERR_REDIRECT] 
2026-08-29 09:51:09,703 [ERROR] LogOutputStream:75 - [STDERR_REDIRECT] [Fatal Error] :1:1: Premature end of file.
2026-08-29 09:51:09,703 [ERROR] LogOutputStream:75 - [STDERR_REDIRECT] 
2026-08-29 09:51:10,702 [ERROR] LogOutputStream:75 - [STDERR_REDIRECT] [Fatal Error] :1:1: Premature end of file.
2026-08-29 09:51:10,702 [ERROR] LogOutputStream:75 - [STDERR_REDIRECT] 
2026-08-29 09:51:11,704 [ERROR] LogOutputStream:75 - [STDERR_REDIRECT] [Fatal Error] :1:1: Premature end of file.
2026-08-29 09:51:11,704 [ERROR] LogOutputStream:75 - [STDERR_REDIRECT] 
2026-08-29 09:51:12,702 [ERROR] LogOutputStream:75 - [STDERR_REDIRECT] [Fatal Error] :1:1: Premature end of file.
2026-08-29 09:51:12,702 [ERROR] LogOutputStream:75 - [STDERR_REDIRECT] 
2026-08-29 09:51:13,702 [ERROR] LogOutputStream:75 - [STDERR_REDIRECT] [Fatal Error] :1:1: Premature end of file.
2026-08-29 09:51:13,703 [ERROR] LogOutputStream:75 - [STDERR_REDIRECT] 
2026-08-29 09:51:14,703 [ERROR] LogOutputStream:75 - [STDERR_REDIRECT] [Fatal Error] :1:1: Premature end of file.
2026-08-29 09:51:14,703 [ERROR] LogOutputStream:75 - [STDERR_REDIRECT] 
2026-08-29 09:51:15,703 [ERROR] LogOutputStream:75 - [STDERR_REDIRECT] [Fatal Error] :1:1: Premature end of file.
2026-08-29 09:51:15,703 [ERROR] LogOutputStream:75 - [STDERR_REDIRECT] 
2026-08-29 09:51:16,701 [ERROR] LogOutputStream:75 - [STDERR_REDIRECT] [Fatal Error] :1:1: Premature end of file.
2026-08-29 09:51:16,701 [ERROR] LogOutputStream:75 - [STDERR_REDIRECT] 
2026-08-29 09:51:17,703 [ERROR] LogOutputStream:75 - [STDERR_REDIRECT] [Fatal Error] :1:1: Premature end of file.
2026-08-29 09:51:17,703 [ERROR] LogOutputStream:75 - [STDERR_REDIRECT] 
2026-08-29 09:51:18,702 [ERROR] LogOutputStream:75 - [STDERR_REDIRECT] [Fatal Error] :1:1: Premature end of file.
2026-08-29 09:51:18,702 [ERROR] LogOutputStream:75 - [STDERR_REDIRECT] 
2026-08-29 09:51:19,704 [ERROR] LogOutputStream:75 - [STDERR_REDIRECT] [Fatal Error] :1:1: Premature end of file.
2026-08-29 09:51:19,704 [ERROR] LogOutputStream:75 - [STDERR_REDIRECT] 
2026-08-29 09:51:20,699 [ERROR] LogOutputStream:75 - [STDERR_REDIRECT] [Fatal Error] :1:1: Premature end of file.
2026-08-29 09:51:20,699 [ERROR] LogOutputStream:75 - [STDERR_REDIRECT] 
2026-08-29 09:51:21,704 [ERROR] LogOutputStream:75 - [STDERR_REDIRECT] [Fatal Error] :1:1: Premature end of file.
2026-08-29 09:51:21,704 [ERROR] LogOutputStream:75 - [STDERR_REDIRECT] 
2026-08-29 09:51:22,703 [ERROR] LogOutputStream:75 - [STDERR_REDIRECT] [Fatal Error] :1:1: Premature end of file.
2026-08-29 09:51:22,703 [ERROR] LogOutputStream:75 - [STDERR_REDIRECT] 
2026-08-29 09:51:23,702 [ERROR] LogOutputStream:75 - [STDERR_REDIRECT] [Fatal Error] :1:1: Premature end of file.
2026-08-29 09:51:23,702 [ERROR] LogOutputStream:75 - [STDERR_REDIRECT] 
2026-08-29 09:51:24,701 [ERROR] LogOutputStream:75 - [STDERR_REDIRECT] [Fatal Error] :1:1: Premature end of file.
2026-08-29 09:51:24,701 [ERROR] LogOutputStream:75 - [STDERR_REDIRECT] 
2026-08-29 09:51:25,702 [ERROR] LogOutputStream:75 - [STDERR_REDIRECT] [Fatal Error] :1:1: Premature end of file.
2026-08-29 09:51:25,702 [ERROR] LogOutputStream:75 - [STDERR_REDIRECT] 
2026-08-29 09:51:26,701 [ERROR] LogOutputStream:75 - [STDERR_REDIRECT] [Fatal Error] :1:1: Premature end of file.
2026-08-29 09:51:26,701 [ERROR] LogOutputStream:75 - [STDERR_REDIRECT] 
2026-08-29 09:51:27,704 [ERROR] LogOutputStream:75 - [STDERR_REDIRECT] [Fatal Error] :1:1: Premature end of file.
2026-08-29 09:51:27,705 [ERROR] LogOutputStream:75 - [STDERR_REDIRECT] 
2026-08-29 09:51:28,703 [ERROR] LogOutputStream:75 - [STDERR_REDIRECT] [Fatal Error] :1:1: Premature end of file.
2026-08-29 09:51:28,703 [ERROR] LogOutputStream:75 - [STDERR_REDIRECT] 
2026-08-29 09:51:29,701 [ERROR] LogOutputStream:75 - [STDERR_REDIRECT] [Fatal Error] :1:1: Premature end of file.
2026-08-29 09:51:29,701 [ERROR] LogOutputStream:75 - [STDERR_REDIRECT] 
2026-08-29 09:51:30,703 [ERROR] LogOutputStream:75 - [STDERR_REDIRECT] [Fatal Error] :1:1: Premature end of file.
2026-08-29 09:51:30,703 [ERROR] LogOutputStream:75 - [STDERR_REDIRECT] 
2026-08-29 09:51:31,703 [ERROR] LogOutputStream:75 - [STDERR_REDIRECT] [Fatal Error] :1:1: Premature end of file.
2026-08-29 09:51:31,703 [ERROR] LogOutputStream:75 - [STDERR_REDIRECT] 
2026-08-29 09:51:32,702 [ERROR] LogOutputStream:75 - [STDERR_REDIRECT] [Fatal Error] :1:1: Premature end of file.
2026-08-29 09:51:32,702 [ERROR] LogOutputStream:75 - [STDERR_REDIRECT] 
2026-08-29 09:51:33,703 [ERROR] LogOutputStream:75 - [STDERR_REDIRECT] [Fatal Error] :1:1: Premature end of file.
2026-08-29 09:51:33,704 [ERROR] LogOutputStream:75 - [STDERR_REDIRECT] 
2026-08-29 09:51:34,702 [ERROR] LogOutputStream:75 - [STDERR_REDIRECT] [Fatal Error] :1:1: Premature end of file.
2026-08-29 09:51:34,702 [ERROR] LogOutputStream:75 - [STDERR_REDIRECT] 
2026-08-29 09:51:35,703 [ERROR] LogOutputStream:75 - [STDERR_REDIRECT] [Fatal Error] :1:1: Premature end of file.
2026-08-29 09:51:35,703 [ERROR] LogOutputStream:75 - [STDERR_REDIRECT] 
2026-08-29 09:51:36,702 [ERROR] LogOutputStream:75 - [STDERR_REDIRECT] [Fatal Error] :1:1: Premature end of file.
2026-08-29 09:51:36,702 [ERROR] LogOutputStream:75 - [STDERR_REDIRECT] 
2026-08-29 09:51:37,701 [ERROR] LogOutputStream:75 - [STDERR_REDIRECT] [Fatal Error] :1:1: Premature end of file.
2026-08-29 09:51:37,701 [ERROR] LogOutputStream:75 - [STDERR_REDIRECT] 
2026-08-29 09:51:38,700 [ERROR] LogOutputStream:75 - [STDERR_REDIRECT] [Fatal Error] :1:1: Premature end of file.
2026-08-29 09:51:38,700 [ERROR] LogOutputStream:75 - [STDERR_REDIRECT] 
2026-08-29 09:51:39,702 [ERROR] LogOutputStream:75 - [STDERR_REDIRECT] [Fatal Error] :1:1: Premature end of file.
2026-08-29 09:51:39,703 [ERROR] LogOutputStream:75 - [STDERR_REDIRECT] 
2026-08-29 09:51:40,701 [ERROR] LogOutputStream:75 - [STDERR_REDIRECT] [Fatal Error] :1:1: Premature end of file.
2026-08-29 09:51:40,701 [ERROR] LogOutputStream:75 - [STDERR_REDIRECT] 
2026-08-29 09:51:41,702 [ERROR] LogOutputStream:75 - [STDERR_REDIRECT] [Fatal Error] :1:1: Premature end of file.
2026-08-29 09:51:41,702 [ERROR] LogOutputStream:75 - [STDERR_REDIRECT] 
2026-08-29 09:51:42,702 [ERROR] LogOutputStream:75 - [STDERR_REDIRECT] [Fatal Error] :1:1: Premature end of file.
2026-08-29 09:51:42,702 [ERROR] LogOutputStream:75 - [STDERR_REDIRECT] 
2026-08-29 09:51:43,703 [ERROR] LogOutputStream:75 - [STDERR_REDIRECT] [Fatal Error] :1:1: Premature end of file.
2026-08-29 09:51:43,703 [ERROR] LogOutputStream:75 - [STDERR_REDIRECT] 
2026-08-29 09:51:44,700 [ERROR] LogOutputStream:75 - [STDERR_REDIRECT] [Fatal Error] :1:1: Premature end of file.
2026-08-29 09:51:44,700 [ERROR] LogOutputStream:75 - [STDERR_REDIRECT] 
2026-08-29 09:51:45,702 [ERROR] LogOutputStream:75 - [STDERR_REDIRECT] [Fatal Error] :1:1: Premature end of file.
2026-08-29 09:51:45,702 [ERROR] LogOutputStream:75 - [STDERR_REDIRECT] 
2026-08-29 09:51:46,702 [ERROR] LogOutputStream:75 - [STDERR_REDIRECT] [Fatal Error] :1:1: Premature end of file.
2026-08-29 09:51:46,702 [ERROR] LogOutputStream:75 - [STDERR_REDIRECT] 
2026-08-29 09:51:47,702 [ERROR] LogOutputStream:75 - [STDERR_REDIRECT] [Fatal Error] :1:1: Premature end of file.
2026-08-29 09:51:47,702 [ERROR] LogOutputStream:75 - [STDERR_REDIRECT] 
2026-08-29 09:51:48,702 [ERROR] LogOutputStream:75 - [STDERR_REDIRECT] [Fatal Error] :1:1: Premature end of file.
2026-08-29 09:51:48,702 [ERROR] LogOutputStream:75 - [STDERR_REDIRECT] 
2026-08-29 09:51:49,701 [ERROR] LogOutputStream:75 - [STDERR_REDIRECT] [Fatal Error] :1:1: Premature end of file.
2026-08-29 09:51:49,701 [ERROR] LogOutputStream:75 - [STDERR_REDIRECT] 
2026-08-29 09:51:50,702 [ERROR] LogOutputStream:75 - [STDERR_REDIRECT] [Fatal Error] :1:1: Premature end of file.
2026-08-29 09:51:50,703 [ERROR] LogOutputStream:75 - [STDERR_REDIRECT] 
2026-08-29 09:51:51,702 [ERROR] LogOutputStream:75 - [STDERR_REDIRECT] [Fatal Error] :1:1: Premature end of file.
2026-08-29 09:51:51,702 [ERROR] LogOutputStream:75 - [STDERR_REDIRECT] 
2026-08-29 09:51:52,701 [ERROR] LogOutputStream:75 - [STDERR_REDIRECT] [Fatal Error] :1:1: Premature end of file.
2026-08-29 09:51:52,701 [ERROR] LogOutputStream:75 - [STDERR_REDIRECT] 
2026-08-29 09:51:53,702 [ERROR] LogOutputStream:75 - [STDERR_REDIRECT] [Fatal Error] :1:1: Premature end of file.
2026-08-29 09:51:53,703 [ERROR] LogOutputStream:75 - [STDERR_REDIRECT] 
2026-08-29 09:51:54,701 [ERROR] LogOutputStream:75 - [STDERR_REDIRECT] [Fatal Error] :1:1: Premature end of file.
2026-08-29 09:51:54,701 [ERROR] LogOutputStream:75 - [STDERR_REDIRECT] 
2026-08-29 09:51:55,704 [ERROR] LogOutputStream:75 - [STDERR_REDIRECT] [Fatal Error] :1:1: Premature end of file.
2026-08-29 09:51:55,704 [ERROR] LogOutputStream:75 - [STDERR_REDIRECT] 
2026-08-29 09:51:56,701 [ERROR] LogOutputStream:75 - [STDERR_REDIRECT] [Fatal Error] :1:1: Premature end of file.
2026-08-29 09:51:56,701 [ERROR] LogOutputStream:75 - [STDERR_REDIRECT] 
2026-08-29 09:51:57,702 [ERROR] LogOutputStream:75 - [STDERR_REDIRECT] [Fatal Error] :1:1: Premature end of file.
2026-08-29 09:51:57,702 [ERROR] LogOutputStream:75 - [STDERR_REDIRECT] 
2026-08-29 09:51:58,701 [ERROR] LogOutputStream:75 - [STDERR_REDIRECT] [Fatal Error] :1:1: Premature end of file.
2026-08-29 09:51:58,701 [ERROR] LogOutputStream:75 - [STDERR_REDIRECT] 
2026-08-29 09:51:59,701 [ERROR] LogOutputStream:75 - [STDERR_REDIRECT] [Fatal Error] :1:1: Premature end of file.
2026-08-29 09:51:59,701 [ERROR] LogOutputStream:75 - [STDERR_REDIRECT] 
2026-08-29 09:52:00,705 [ERROR] LogOutputStream:75 - [STDERR_REDIRECT] [Fatal Error] :1:1: Premature end of file.
2026-08-29 09:52:00,705 [ERROR] LogOutputStream:75 - [STDERR_REDIRECT] 
2026-08-29 09:52:01,701 [ERROR] LogOutputStream:75 - [STDERR_REDIRECT] [Fatal Error] :1:1: Premature end of file.
2026-08-29 09:52:01,701 [ERROR] LogOutputStream:75 - [STDERR_REDIRECT] 
2026-08-29 09:52:02,701 [ERROR] LogOutputStream:75 - [STDERR_REDIRECT] [Fatal Error] :1:1: Premature end of file.
2026-08-29 09:52:02,702 [ERROR] LogOutputStream:75 - [STDERR_REDIRECT] 
2026-08-29 09:52:03,702 [ERROR] LogOutputStream:75 - [STDERR_REDIRECT] [Fatal Error] :1:1: Premature end of file.
2026-08-29 09:52:03,703 [ERROR] LogOutputStream:75 - [STDERR_REDIRECT] 
2026-08-29 09:52:04,701 [ERROR] LogOutputStream:75 - [STDERR_REDIRECT] [Fatal Error] :1:1: Premature end of file.
2026-08-29 09:52:04,701 [ERROR] LogOutputStream:75 - [STDERR_REDIRECT] 
2026-08-29 09:52:05,703 [ERROR] LogOutputStream:75 - [STDERR_REDIRECT] [Fatal Error] :1:1: Premature end of file.
2026-08-29 09:52:05,703 [ERROR] LogOutputStream:75 - [STDERR_REDIRECT] 
2026-08-29 09:52:06,703 [ERROR] LogOutputStream:75 - [STDERR_REDIRECT] [Fatal Error] :1:1: Premature end of file.
2026-08-29 09:52:06,703 [ERROR] LogOutputStream:75 - [STDERR_REDIRECT] 
2026-08-29 09:52:07,701 [ERROR] LogOutputStream:75 - [STDERR_REDIRECT] [Fatal Error] :1:1: Premature end of file.
2026-08-29 09:52:07,701 [ERROR] LogOutputStream:75 - [STDERR_REDIRECT] 
2026-08-29 09:52:08,702 [ERROR] LogOutputStream:75 - [STDERR_REDIRECT] [Fatal Error] :1:1: Premature end of file.
2026-08-29 09:52:08,702 [ERROR] LogOutputStream:75 - [STDERR_REDIRECT] 
2026-08-29 09:52:09,702 [ERROR] LogOutputStream:75 - [STDERR_REDIRECT] [Fatal Error] :1:1: Premature end of file.
2026-08-29 09:52:09,702 [ERROR] LogOutputStream:75 - [STDERR_REDIRECT] 
2026-08-29 09:52:10,701 [ERROR] LogOutputStream:75 - [STDERR_REDIRECT] [Fatal Error] :1:1: Premature end of file.
2026-08-29 09:52:10,701 [ERROR] LogOutputStream:75 - [STDERR_REDIRECT] 
2026-08-29 09:52:11,703 [ERROR] LogOutputStream:75 - [STDERR_REDIRECT] [Fatal Error] :1:1: Premature end of file.
2026-08-29 09:52:11,703 [ERROR] LogOutputStream:75 - [STDERR_REDIRECT] 
2026-08-29 09:52:12,704 [ERROR] LogOutputStream:75 - [STDERR_REDIRECT] [Fatal Error] :1:1: Premature end of file.
2026-08-29 09:52:12,704 [ERROR] LogOutputStream:75 - [STDERR_REDIRECT] 
2026-08-29 09:52:13,703 [ERROR] LogOutputStream:75 - [STDERR_REDIRECT] [Fatal Error] :1:1: Premature end of file.
2026-08-29 09:52:13,703 [ERROR] LogOutputStream:75 - [STDERR_REDIRECT] 
2026-08-29 09:52:14,703 [ERROR] LogOutputStream:75 - [STDERR_REDIRECT] [Fatal Error] :1:1: Premature end of file.
2026-08-29 09:52:14,703 [ERROR] LogOutputStream:75 - [STDERR_REDIRECT] 
2026-08-29 09:52:15,702 [ERROR] LogOutputStream:75 - [STDERR_REDIRECT] [Fatal Error] :1:1: Premature end of file.
2026-08-29 09:52:15,702 [ERROR] LogOutputStream:75 - [STDERR_REDIRECT] 
2026-08-29 09:52:16,702 [ERROR] LogOutputStream:75 - [STDERR_REDIRECT] [Fatal Error] :1:1: Premature end of file.
2026-08-29 09:52:16,702 [ERROR] LogOutputStream:75 - [STDERR_REDIRECT] 
2026-08-29 09:52:17,703 [ERROR] LogOutputStream:75 - [STDERR_REDIRECT] [Fatal Error] :1:1: Premature end of file.
2026-08-29 09:52:17,704 [ERROR] LogOutputStream:75 - [STDERR_REDIRECT] 
2026-08-29 09:52:18,702 [ERROR] LogOutputStream:75 - [STDERR_REDIRECT] [Fatal Error] :1:1: Premature end of file.
2026-08-29 09:52:18,702 [ERROR] LogOutputStream:75 - [STDERR_REDIRECT] 
2026-08-29 09:52:19,701 [ERROR] LogOutputStream:75 - [STDERR_REDIRECT] [Fatal Error] :1:1: Premature end of file.
2026-08-29 09:52:19,701 [ERROR] LogOutputStream:75 - [STDERR_REDIRECT] 
2026-08-29 09:52:20,702 [ERROR] LogOutputStream:75 - [STDERR_REDIRECT] [Fatal Error] :1:1: Premature end of file.
2026-08-29 09:52:20,702 [ERROR] LogOutputStream:75 - [STDERR_REDIRECT] 
2026-08-29 09:52:21,702 [ERROR] LogOutputStream:75 - [STDERR_REDIRECT] [Fatal Error] :1:1: Premature end of file.
2026-08-29 09:52:21,702 [ERROR] LogOutputStream:75 - [STDERR_REDIRECT] 
2026-08-29 09:52:22,701 [ERROR] LogOutputStream:75 - [STDERR_REDIRECT] [Fatal Error] :1:1: Premature end of file.
2026-08-29 09:52:22,701 [ERROR] LogOutputStream:75 - [STDERR_REDIRECT] 
2026-08-29 09:52:23,702 [ERROR] LogOutputStream:75 - [STDERR_REDIRECT] [Fatal Error] :1:1: Premature end of file.
2026-08-29 09:52:23,702 [ERROR] LogOutputStream:75 - [STDERR_REDIRECT] 
2026-08-29 09:52:24,703 [ERROR] LogOutputStream:75 - [STDERR_REDIRECT] [Fatal Error] :1:1: Premature end of file.
2026-08-29 09:52:24,703 [ERROR] LogOutputStream:75 - [STDERR_REDIRECT] 
2026-08-29 09:52:25,703 [ERROR] LogOutputStream:75 - [STDERR_REDIRECT] [Fatal Error] :1:1: Premature end of file.
2026-08-29 09:52:25,703 [ERROR] LogOutputStream:75 - [STDERR_REDIRECT] 
2026-08-29 09:52:26,701 [ERROR] LogOutputStream:75 - [STDERR_REDIRECT] [Fatal Error] :1:1: Premature end of file.
2026-08-29 09:52:26,702 [ERROR] LogOutputStream:75 - [STDERR_REDIRECT] 
2026-08-29 09:52:27,701 [ERROR] LogOutputStream:75 - [STDERR_REDIRECT] [Fatal Error] :1:1: Premature end of file.
2026-08-29 09:52:27,701 [ERROR] LogOutputStream:75 - [STDERR_REDIRECT] 
2026-08-29 09:52:28,704 [ERROR] LogOutputStream:75 - [STDERR_REDIRECT] [Fatal Error] :1:1: Premature end of file.
2026-08-29 09:52:28,704 [ERROR] LogOutputStream:75 - [STDERR_REDIRECT] 
2026-08-29 09:52:29,701 [ERROR] LogOutputStream:75 - [STDERR_REDIRECT] [Fatal Error] :1:1: Premature end of file.
2026-08-29 09:52:29,701 [ERROR] LogOutputStream:75 - [STDERR_REDIRECT] 
2026-08-29 09:52:30,702 [ERROR] LogOutputStream:75 - [STDERR_REDIRECT] [Fatal Error] :1:1: Premature end of file.
2026-08-29 09:52:30,702 [ERROR] LogOutputStream:75 - [STDERR_REDIRECT] 
2026-08-29 09:52:31,703 [ERROR] LogOutputStream:75 - [STDERR_REDIRECT] [Fatal Error] :1:1: Premature end of file.
2026-08-29 09:52:31,703 [ERROR] LogOutputStream:75 - [STDERR_REDIRECT] 
2026-08-29 09:52:32,702 [ERROR] LogOutputStream:75 - [STDERR_REDIRECT] [Fatal Error] :1:1: Premature end of file.
2026-08-29 09:52:32,702 [ERROR] LogOutputStream:75 - [STDERR_REDIRECT] 
2026-08-29 09:52:33,703 [ERROR] LogOutputStream:75 - [STDERR_REDIRECT] [Fatal Error] :1:1: Premature end of file.
2026-08-29 09:52:33,703 [ERROR] LogOutputStream:75 - [STDERR_REDIRECT] 
2026-08-29 09:52:34,701 [ERROR] LogOutputStream:75 - [STDERR_REDIRECT] [Fatal Error] :1:1: Premature end of file.
2026-08-29 09:52:34,701 [ERROR] LogOutputStream:75 - [STDERR_REDIRECT] 
2026-08-29 09:52:35,703 [ERROR] LogOutputStream:75 - [STDERR_REDIRECT] [Fatal Error] :1:1: Premature end of file.
2026-08-29 09:52:35,704 [ERROR] LogOutputStream:75 - [STDERR_REDIRECT] 
2026-08-29 09:52:36,702 [ERROR] LogOutputStream:75 - [STDERR_REDIRECT] [Fatal Error] :1:1: Premature end of file.
2026-08-29 09:52:36,703 [ERROR] LogOutputStream:75 - [STDERR_REDIRECT] 
2026-08-29 09:52:37,702 [ERROR] LogOutputStream:75 - [STDERR_REDIRECT] [Fatal Error] :1:1: Premature end of file.
2026-08-29 09:52:37,702 [ERROR] LogOutputStream:75 - [STDERR_REDIRECT] 
2026-08-29 09:52:38,703 [ERROR] LogOutputStream:75 - [STDERR_REDIRECT] [Fatal Error] :1:1: Premature end of file.
2026-08-29 09:52:38,703 [ERROR] LogOutputStream:75 - [STDERR_REDIRECT] 
2026-08-29 09:52:39,702 [ERROR] LogOutputStream:75 - [STDERR_REDIRECT] [Fatal Error] :1:1: Premature end of file.
2026-08-29 09:52:39,702 [ERROR] LogOutputStream:75 - [STDERR_REDIRECT] 
2026-08-29 09:52:40,706 [ERROR] LogOutputStream:75 - [STDERR_REDIRECT] [Fatal Error] :1:1: Premature end of file.
2026-08-29 09:52:40,706 [ERROR] LogOutputStream:75 - [STDERR_REDIRECT] 
2026-08-29 09:52:41,702 [ERROR] LogOutputStream:75 - [STDERR_REDIRECT] [Fatal Error] :1:1: Premature end of file.
2026-08-29 09:52:41,702 [ERROR] LogOutputStream:75 - [STDERR_REDIRECT] 
2026-08-29 09:52:42,702 [ERROR] LogOutputStream:75 - [STDERR_REDIRECT] [Fatal Error] :1:1: Premature end of file.
2026-08-29 09:52:42,702 [ERROR] LogOutputStream:75 - [STDERR_REDIRECT] 
2026-08-29 09:52:43,702 [ERROR] LogOutputStream:75 - [STDERR_REDIRECT] [Fatal Error] :1:1: Premature end of file.
2026-08-29 09:52:43,702 [ERROR] LogOutputStream:75 - [STDERR_REDIRECT] 
2026-08-29 09:52:44,702 [ERROR] LogOutputStream:75 - [STDERR_REDIRECT] [Fatal Error] :1:1: Premature end of file.
2026-08-29 09:52:44,702 [ERROR] LogOutputStream:75 - [STDERR_REDIRECT] 
2026-08-29 09:52:45,704 [ERROR] LogOutputStream:75 - [STDERR_REDIRECT] [Fatal Error] :1:1: Premature end of file.
2026-08-29 09:52:45,705 [ERROR] LogOutputStream:75 - [STDERR_REDIRECT] 
2026-08-29 09:52:46,700 [ERROR] LogOutputStream:75 - [STDERR_REDIRECT] [Fatal Error] :1:1: Premature end of file.
2026-08-29 09:52:46,701 [ERROR] LogOutputStream:75 - [STDERR_REDIRECT] 
2026-08-29 09:52:47,702 [ERROR] LogOutputStream:75 - [STDERR_REDIRECT] [Fatal Error] :1:1: Premature end of file.
2026-08-29 09:52:47,702 [ERROR] LogOutputStream:75 - [STDERR_REDIRECT] 
2026-08-29 09:52:48,702 [ERROR] LogOutputStream:75 - [STDERR_REDIRECT] [Fatal Error] :1:1: Premature end of file.
2026-08-29 09:52:48,702 [ERROR] LogOutputStream:75 - [STDERR_REDIRECT] 
2026-08-29 09:52:49,702 [ERROR] LogOutputStream:75 - [STDERR_REDIRECT] [Fatal Error] :1:1: Premature end of file.
2026-08-29 09:52:49,702 [ERROR] LogOutputStream:75 - [STDERR_REDIRECT] 
2026-08-29 09:52:50,702 [ERROR] LogOutputStream:75 - [STDERR_REDIRECT] [Fatal Error] :1:1: Premature end of file.
2026-08-29 09:52:50,702 [ERROR] LogOutputStream:75 - [STDERR_REDIRECT] 
2026-08-29 09:52:51,701 [ERROR] LogOutputStream:75 - [STDERR_REDIRECT] [Fatal Error] :1:1: Premature end of file.
2026-08-29 09:52:51,701 [ERROR] LogOutputStream:75 - [STDERR_REDIRECT] 
2026-08-29 09:52:52,702 [ERROR] LogOutputStream:75 - [STDERR_REDIRECT] [Fatal Error] :1:1: Premature end of file.
2026-08-29 09:52:52,702 [ERROR] LogOutputStream:75 - [STDERR_REDIRECT] 
2026-08-29 09:52:53,701 [ERROR] LogOutputStream:75 - [STDERR_REDIRECT] [Fatal Error] :1:1: Premature end of file.
2026-08-29 09:52:53,701 [ERROR] LogOutputStream:75 - [STDERR_REDIRECT] 
2026-08-29 09:52:54,705 [ERROR] LogOutputStream:75 - [STDERR_REDIRECT] [Fatal Error] :1:1: Premature end of file.
2026-08-29 09:52:54,705 [ERROR] LogOutputStream:75 - [STDERR_REDIRECT] 
2026-08-29 09:52:55,700 [ERROR] LogOutputStream:75 - [STDERR_REDIRECT] [Fatal Error] :1:1: Premature end of file.
2026-08-29 09:52:55,700 [ERROR] LogOutputStream:75 - [STDERR_REDIRECT] 
2026-08-29 09:52:56,703 [ERROR] LogOutputStream:75 - [STDERR_REDIRECT] [Fatal Error] :1:1: Premature end of file.
2026-08-29 09:52:56,703 [ERROR] LogOutputStream:75 - [STDERR_REDIRECT] 
2026-08-29 09:52:57,702 [ERROR] LogOutputStream:75 - [STDERR_REDIRECT] [Fatal Error] :1:1: Premature end of file.
2026-08-29 09:52:57,702 [ERROR] LogOutputStream:75 - [STDERR_REDIRECT] 
2026-08-29 09:52:58,702 [ERROR] LogOutputStream:75 - [STDERR_REDIRECT] [Fatal Error] :1:1: Premature end of file.
2026-08-29 09:52:58,702 [ERROR] LogOutputStream:75 - [STDERR_REDIRECT] 
2026-08-29 09:52:59,704 [ERROR] LogOutputStream:75 - [STDERR_REDIRECT] [Fatal Error] :1:1: Premature end of file.
2026-08-29 09:52:59,704 [ERROR] LogOutputStream:75 - [STDERR_REDIRECT] 
2026-08-29 09:53:00,703 [ERROR] LogOutputStream:75 - [STDERR_REDIRECT] [Fatal Error] :1:1: Premature end of file.
2026-08-29 09:53:00,703 [ERROR] LogOutputStream:75 - [STDERR_REDIRECT] 
2026-08-29 09:53:01,703 [ERROR] LogOutputStream:75 - [STDERR_REDIRECT] [Fatal Error] :1:1: Premature end of file.
2026-08-29 09:53:01,703 [ERROR] LogOutputStream:75 - [STDERR_REDIRECT] 
2026-08-29 09:53:02,703 [ERROR] LogOutputStream:75 - [STDERR_REDIRECT] [Fatal Error] :1:1: Premature end of file.
2026-08-29 09:53:02,703 [ERROR] LogOutputStream:75 - [STDERR_REDIRECT] 
2026-08-29 09:53:03,703 [ERROR] LogOutputStream:75 - [STDERR_REDIRECT] [Fatal Error] :1:1: Premature end of file.
2026-08-29 09:53:03,703 [ERROR] LogOutputStream:75 - [STDERR_REDIRECT] 
2026-08-29 09:53:04,700 [ERROR] LogOutputStream:75 - [STDERR_REDIRECT] [Fatal Error] :1:1: Premature end of file.
2026-08-29 09:53:04,700 [ERROR] LogOutputStream:75 - [STDERR_REDIRECT] 
2026-08-29 09:53:05,701 [ERROR] LogOutputStream:75 - [STDERR_REDIRECT] [Fatal Error] :1:1: Premature end of file.
2026-08-29 09:53:05,701 [ERROR] LogOutputStream:75 - [STDERR_REDIRECT] 
2026-08-29 09:53:06,700 [ERROR] LogOutputStream:75 - [STDERR_REDIRECT] [Fatal Error] :1:1: Premature end of file.
2026-08-29 09:53:06,700 [ERROR] LogOutputStream:75 - [STDERR_REDIRECT] 
2026-08-29 09:53:07,701 [ERROR] LogOutputStream:75 - [STDERR_REDIRECT] [Fatal Error] :1:1: Premature end of file.
2026-08-29 09:53:07,701 [ERROR] LogOutputStream:75 - [STDERR_REDIRECT] 
2026-08-29 09:53:08,702 [ERROR] LogOutputStream:75 - [STDERR_REDIRECT] [Fatal Error] :1:1: Premature end of file.
2026-08-29 09:53:08,702 [ERROR] LogOutputStream:75 - [STDERR_REDIRECT] 
2026-08-29 09:53:09,702 [ERROR] LogOutputStream:75 - [STDERR_REDIRECT] [Fatal Error] :1:1: Premature end of file.
2026-08-29 09:53:09,702 [ERROR] LogOutputStream:75 - [STDERR_REDIRECT] 
2026-08-29 09:53:10,702 [ERROR] LogOutputStream:75 - [STDERR_REDIRECT] [Fatal Error] :1:1: Premature end of file.
2026-08-29 09:53:10,702 [ERROR] LogOutputStream:75 - [STDERR_REDIRECT] 
2026-08-29 09:53:11,701 [ERROR] LogOutputStream:75 - [STDERR_REDIRECT] [Fatal Error] :1:1: Premature end of file.
2026-08-29 09:53:11,702 [ERROR] LogOutputStream:75 - [STDERR_REDIRECT] 
2026-08-29 09:53:12,700 [ERROR] LogOutputStream:75 - [STDERR_REDIRECT] [Fatal Error] :1:1: Premature end of file.
2026-08-29 09:53:12,700 [ERROR] LogOutputStream:75 - [STDERR_REDIRECT] 
2026-08-29 09:53:13,701 [ERROR] LogOutputStream:75 - [STDERR_REDIRECT] [Fatal Error] :1:1: Premature end of file.
2026-08-29 09:53:13,701 [ERROR] LogOutputStream:75 - [STDERR_REDIRECT] 
2026-08-29 09:53:14,702 [ERROR] LogOutputStream:75 - [STDERR_REDIRECT] [Fatal Error] :1:1: Premature end of file.
2026-08-29 09:53:14,702 [ERROR] LogOutputStream:75 - [STDERR_REDIRECT] 
2026-08-29 09:53:15,703 [ERROR] LogOutputStream:75 - [STDERR_REDIRECT] [Fatal Error] :1:1: Premature end of file.
2026-08-29 09:53:15,703 [ERROR] LogOutputStream:75 - [STDERR_REDIRECT] 
2026-08-29 09:53:16,702 [ERROR] LogOutputStream:75 - [STDERR_REDIRECT] [Fatal Error] :1:1: Premature end of file.
2026-08-29 09:53:16,702 [ERROR] LogOutputStream:75 - [STDERR_REDIRECT] 
2026-08-29 09:53:17,703 [ERROR] LogOutputStream:75 - [STDERR_REDIRECT] [Fatal Error] :1:1: Premature end of file.
2026-08-29 09:53:17,704 [ERROR] LogOutputStream:75 - [STDERR_REDIRECT] 
2026-08-29 09:53:18,702 [ERROR] LogOutputStream:75 - [STDERR_REDIRECT] [Fatal Error] :1:1: Premature end of file.
2026-08-29 09:53:18,702 [ERROR] LogOutputStream:75 - [STDERR_REDIRECT] 
2026-08-29 09:53:19,702 [ERROR] LogOutputStream:75 - [STDERR_REDIRECT] [Fatal Error] :1:1: Premature end of file.
2026-08-29 09:53:19,702 [ERROR] LogOutputStream:75 - [STDERR_REDIRECT] 
2026-08-29 09:53:20,702 [ERROR] LogOutputStream:75 - [STDERR_REDIRECT] [Fatal Error] :1:1: Premature end of file.
2026-08-29 09:53:20,702 [ERROR] LogOutputStream:75 - [STDERR_REDIRECT] 
2026-08-29 09:53:21,703 [ERROR] LogOutputStream:75 - [STDERR_REDIRECT] [Fatal Error] :1:1: Premature end of file.
2026-08-29 09:53:21,703 [ERROR] LogOutputStream:75 - [STDERR_REDIRECT] 
2026-08-29 09:53:22,700 [ERROR] LogOutputStream:75 - [STDERR_REDIRECT] [Fatal Error] :1:1: Premature end of file.
2026-08-29 09:53:22,700 [ERROR] LogOutputStream:75 - [STDERR_REDIRECT] 
2026-08-29 09:53:23,704 [ERROR] LogOutputStream:75 - [STDERR_REDIRECT] [Fatal Error] :1:1: Premature end of file.
2026-08-29 09:53:23,704 [ERROR] LogOutputStream:75 - [STDERR_REDIRECT] 
2026-08-29 09:53:24,702 [ERROR] LogOutputStream:75 - [STDERR_REDIRECT] [Fatal Error] :1:1: Premature end of file.
2026-08-29 09:53:24,702 [ERROR] LogOutputStream:75 - [STDERR_REDIRECT] 
2026-08-29 09:53:25,703 [ERROR] LogOutputStream:75 - [STDERR_REDIRECT] [Fatal Error] :1:1: Premature end of file.
2026-08-29 09:53:25,703 [ERROR] LogOutputStream:75 - [STDERR_REDIRECT] 
2026-08-29 09:53:26,703 [ERROR] LogOutputStream:75 - [STDERR_REDIRECT] [Fatal Error] :1:1: Premature end of file.
2026-08-29 09:53:26,703 [ERROR] LogOutputStream:75 - [STDERR_REDIRECT] 
2026-08-29 09:53:27,702 [ERROR] LogOutputStream:75 - [STDERR_REDIRECT] [Fatal Error] :1:1: Premature end of file.
2026-08-29 09:53:27,702 [ERROR] LogOutputStream:75 - [STDERR_REDIRECT] 
2026-08-29 09:53:28,702 [ERROR] LogOutputStream:75 - [STDERR_REDIRECT] [Fatal Error] :1:1: Premature end of file.
2026-08-29 09:53:28,702 [ERROR] LogOutputStream:75 - [STDERR_REDIRECT] 
2026-08-29 09:53:29,702 [ERROR] LogOutputStream:75 - [STDERR_REDIRECT] [Fatal Error] :1:1: Premature end of file.
2026-08-29 09:53:29,702 [ERROR] LogOutputStream:75 - [STDERR_REDIRECT] 
2026-08-29 09:53:30,703 [ERROR] LogOutputStream:75 - [STDERR_REDIRECT] [Fatal Error] :1:1: Premature end of file.
2026-08-29 09:53:30,703 [ERROR] LogOutputStream:75 - [STDERR_REDIRECT] 
2026-08-29 09:53:31,702 [ERROR] LogOutputStream:75 - [STDERR_REDIRECT] [Fatal Error] :1:1: Premature end of file.
2026-08-29 09:53:31,702 [ERROR] LogOutputStream:75 - [STDERR_REDIRECT] 
2026-08-29 09:53:32,703 [ERROR] LogOutputStream:75 - [STDERR_REDIRECT] [Fatal Error] :1:1: Premature end of file.
2026-08-29 09:53:32,703 [ERROR] LogOutputStream:75 - [STDERR_REDIRECT] 
2026-08-29 09:53:33,700 [ERROR] LogOutputStream:75 - [STDERR_REDIRECT] [Fatal Error] :1:1: Premature end of file.
2026-08-29 09:53:33,700 [ERROR] LogOutputStream:75 - [STDERR_REDIRECT] 
2026-08-29 09:53:34,701 [ERROR] LogOutputStream:75 - [STDERR_REDIRECT] [Fatal Error] :1:1: Premature end of file.
2026-08-29 09:53:34,701 [ERROR] LogOutputStream:75 - [STDERR_REDIRECT] 
2026-08-29 09:53:35,702 [ERROR] LogOutputStream:75 - [STDERR_REDIRECT] [Fatal Error] :1:1: Premature end of file.
2026-08-29 09:53:35,703 [ERROR] LogOutputStream:75 - [STDERR_REDIRECT] 
2026-08-29 09:53:36,701 [ERROR] LogOutputStream:75 - [STDERR_REDIRECT] [Fatal Error] :1:1: Premature end of file.
2026-08-29 09:53:36,701 [ERROR] LogOutputStream:75 - [STDERR_REDIRECT] 
2026-08-29 09:53:37,702 [ERROR] LogOutputStream:75 - [STDERR_REDIRECT] [Fatal Error] :1:1: Premature end of file.
2026-08-29 09:53:37,702 [ERROR] LogOutputStream:75 - [STDERR_REDIRECT] 
2026-08-29 09:53:38,703 [ERROR] LogOutputStream:75 - [STDERR_REDIRECT] [Fatal Error] :1:1: Premature end of file.
2026-08-29 09:53:38,703 [ERROR] LogOutputStream:75 - [STDERR_REDIRECT] 
2026-08-29 09:53:39,704 [ERROR] LogOutputStream:75 - [STDERR_REDIRECT] [Fatal Error] :1:1: Premature end of file.
2026-08-29 09:53:39,704 [ERROR] LogOutputStream:75 - [STDERR_REDIRECT] 
2026-08-29 09:53:40,703 [ERROR] LogOutputStream:75 - [STDERR_REDIRECT] [Fatal Error] :1:1: Premature end of file.
2026-08-29 09:53:40,703 [ERROR] LogOutputStream:75 - [STDERR_REDIRECT] 
2026-08-29 09:53:41,705 [ERROR] LogOutputStream:75 - [STDERR_REDIRECT] [Fatal Error] :1:1: Premature end of file.
2026-08-29 09:53:41,705 [ERROR] LogOutputStream:75 - [STDERR_REDIRECT] 
2026-08-29 09:53:42,700 [ERROR] LogOutputStream:75 - [STDERR_REDIRECT] [Fatal Error] :1:1: Premature end of file.
2026-08-29 09:53:42,700 [ERROR] LogOutputStream:75 - [STDERR_REDIRECT] 
2026-08-29 09:53:43,703 [ERROR] LogOutputStream:75 - [STDERR_REDIRECT] [Fatal Error] :1:1: Premature end of file.
2026-08-29 09:53:43,703 [ERROR] LogOutputStream:75 - [STDERR_REDIRECT] 
2026-08-29 09:53:44,703 [ERROR] LogOutputStream:75 - [STDERR_REDIRECT] [Fatal Error] :1:1: Premature end of file.
2026-08-29 09:53:44,703 [ERROR] LogOutputStream:75 - [STDERR_REDIRECT] 
2026-08-29 09:53:45,700 [ERROR] LogOutputStream:75 - [STDERR_REDIRECT] [Fatal Error] :1:1: Premature end of file.
2026-08-29 09:53:45,700 [ERROR] LogOutputStream:75 - [STDERR_REDIRECT] 
2026-08-29 09:53:46,700 [ERROR] LogOutputStream:75 - [STDERR_REDIRECT] [Fatal Error] :1:1: Premature end of file.
2026-08-29 09:53:46,700 [ERROR] LogOutputStream:75 - [STDERR_REDIRECT] 
2026-08-29 09:53:47,704 [ERROR] LogOutputStream:75 - [STDERR_REDIRECT] [Fatal Error] :1:1: Premature end of file.
2026-08-29 09:53:47,704 [ERROR] LogOutputStream:75 - [STDERR_REDIRECT] 
2026-08-29 09:53:48,701 [ERROR] LogOutputStream:75 - [STDERR_REDIRECT] [Fatal Error] :1:1: Premature end of file.
2026-08-29 09:53:48,702 [ERROR] LogOutputStream:75 - [STDERR_REDIRECT] 
2026-08-29 09:53:49,704 [ERROR] LogOutputStream:75 - [STDERR_REDIRECT] [Fatal Error] :1:1: Premature end of file.
2026-08-29 09:53:49,704 [ERROR] LogOutputStream:75 - [STDERR_REDIRECT] 
2026-08-29 09:53:50,701 [ERROR] LogOutputStream:75 - [STDERR_REDIRECT] [Fatal Error] :1:1: Premature end of file.
2026-08-29 09:53:50,701 [ERROR] LogOutputStream:75 - [STDERR_REDIRECT] 
2026-08-29 09:53:51,702 [ERROR] LogOutputStream:75 - [STDERR_REDIRECT] [Fatal Error] :1:1: Premature end of file.
2026-08-29 09:53:51,702 [ERROR] LogOutputStream:75 - [STDERR_REDIRECT] 
2026-08-29 09:53:52,700 [ERROR] LogOutputStream:75 - [STDERR_REDIRECT] [Fatal Error] :1:1: Premature end of file.
2026-08-29 09:53:52,701 [ERROR] LogOutputStream:75 - [STDERR_REDIRECT] 
2026-08-29 09:53:53,703 [ERROR] LogOutputStream:75 - [STDERR_REDIRECT] [Fatal Error] :1:1: Premature end of file.
2026-08-29 09:53:53,703 [ERROR] LogOutputStream:75 - [STDERR_REDIRECT] 
2026-08-29 09:53:54,702 [ERROR] LogOutputStream:75 - [STDERR_REDIRECT] [Fatal Error] :1:1: Premature end of file.
2026-08-29 09:53:54,702 [ERROR] LogOutputStream:75 - [STDERR_REDIRECT] 
2026-08-29 09:53:55,702 [ERROR] LogOutputStream:75 - [STDERR_REDIRECT] [Fatal Error] :1:1: Premature end of file.
2026-08-29 09:53:55,702 [ERROR] LogOutputStream:75 - [STDERR_REDIRECT] 
2026-08-29 09:53:56,702 [ERROR] LogOutputStream:75 - [STDERR_REDIRECT] [Fatal Error] :1:1: Premature end of file.
2026-08-29 09:53:56,702 [ERROR] LogOutputStream:75 - [STDERR_REDIRECT] 
2026-08-29 09:53:57,701 [ERROR] LogOutputStream:75 - [STDERR_REDIRECT] [Fatal Error] :1:1: Premature end of file.
2026-08-29 09:53:57,701 [ERROR] LogOutputStream:75 - [STDERR_REDIRECT] 
2026-08-29 09:53:58,704 [ERROR] LogOutputStream:75 - [STDERR_REDIRECT] [Fatal Error] :1:1: Premature end of file.
2026-08-29 09:53:58,704 [ERROR] LogOutputStream:75 - [STDERR_REDIRECT] 
2026-08-29 09:53:59,703 [ERROR] LogOutputStream:75 - [STDERR_REDIRECT] [Fatal Error] :1:1: Premature end of file.
2026-08-29 09:53:59,703 [ERROR] LogOutputStream:75 - [STDERR_REDIRECT] 
2026-08-29 09:54:00,702 [ERROR] LogOutputStream:75 - [STDERR_REDIRECT] [Fatal Error] :1:1: Premature end of file.
2026-08-29 09:54:00,702 [ERROR] LogOutputStream:75 - [STDERR_REDIRECT] 
2026-08-29 09:54:01,702 [ERROR] LogOutputStream:75 - [STDERR_REDIRECT] [Fatal Error] :1:1: Premature end of file.
2026-08-29 09:54:01,702 [ERROR] LogOutputStream:75 - [STDERR_REDIRECT] 
2026-08-29 09:54:02,705 [ERROR] LogOutputStream:75 - [STDERR_REDIRECT] [Fatal Error] :1:1: Premature end of file.
2026-08-29 09:54:02,705 [ERROR] LogOutputStream:75 - [STDERR_REDIRECT] 
2026-08-29 09:54:03,702 [ERROR] LogOutputStream:75 - [STDERR_REDIRECT] [Fatal Error] :1:1: Premature end of file.
2026-08-29 09:54:03,702 [ERROR] LogOutputStream:75 - [STDERR_REDIRECT] 
2026-08-29 09:54:04,701 [ERROR] LogOutputStream:75 - [STDERR_REDIRECT] [Fatal Error] :1:1: Premature end of file.
2026-08-29 09:54:04,701 [ERROR] LogOutputStream:75 - [STDERR_REDIRECT] 
2026-08-29 09:54:05,702 [ERROR] LogOutputStream:75 - [STDERR_REDIRECT] [Fatal Error] :1:1: Premature end of file.
2026-08-29 09:54:05,702 [ERROR] LogOutputStream:75 - [STDERR_REDIRECT] 
2026-08-29 09:54:06,704 [ERROR] LogOutputStream:75 - [STDERR_REDIRECT] [Fatal Error] :1:1: Premature end of file.
2026-08-29 09:54:06,704 [ERROR] LogOutputStream:75 - [STDERR_REDIRECT] 
2026-08-29 09:54:07,704 [ERROR] LogOutputStream:75 - [STDERR_REDIRECT] [Fatal Error] :1:1: Premature end of file.
2026-08-29 09:54:07,704 [ERROR] LogOutputStream:75 - [STDERR_REDIRECT] 
2026-08-29 09:54:08,700 [ERROR] LogOutputStream:75 - [STDERR_REDIRECT] [Fatal Error] :1:1: Premature end of file.
2026-08-29 09:54:08,700 [ERROR] LogOutputStream:75 - [STDERR_REDIRECT] 
2026-08-29 09:54:09,703 [ERROR] LogOutputStream:75 - [STDERR_REDIRECT] [Fatal Error] :1:1: Premature end of file.
2026-08-29 09:54:09,703 [ERROR] LogOutputStream:75 - [STDERR_REDIRECT] 
2026-08-29 09:54:10,702 [ERROR] LogOutputStream:75 - [STDERR_REDIRECT] [Fatal Error] :1:1: Premature end of file.
2026-08-29 09:54:10,702 [ERROR] LogOutputStream:75 - [STDERR_REDIRECT] 
2026-08-29 09:54:11,441 [INFO] ApiDbMcu:532 - Load IP Config File for STMicroelectronics.X-CUBE-AI.10.2.1
2026-08-29 09:54:11,521 [WARN] SupportedApi:132 - Cannot load RTOS API schema: s4s-elt-must-match.1: The content of 'definitions' must match (annotation?, (simpleType | complexType)?, (unique | key | keyref)*)). A problem was found starting at: attribute.
2026-08-29 09:54:11,537 [INFO] IPUIPlugin:80 - create IPUIPlugin
2026-08-29 09:54:11,700 [ERROR] LogOutputStream:75 - [STDERR_REDIRECT] [Fatal Error] :1:1: Premature end of file.
2026-08-29 09:54:11,701 [ERROR] LogOutputStream:75 - [STDERR_REDIRECT] 
2026-08-29 09:54:12,702 [ERROR] LogOutputStream:75 - [STDERR_REDIRECT] [Fatal Error] :1:1: Premature end of file.
2026-08-29 09:54:12,702 [ERROR] LogOutputStream:75 - [STDERR_REDIRECT] 
2026-08-29 09:54:13,364 [INFO] PlatformPackageDownloader:268 - STEdgeAI Core will be downloaded from: https://api.stm32ai.com/marketplace/v1/file/stedgeai-windows-10.2.0.zip?o=X-CUBE-AI&token=10
2026-08-29 09:54:13,701 [ERROR] LogOutputStream:75 - [STDERR_REDIRECT] [Fatal Error] :1:1: Premature end of file.
2026-08-29 09:54:13,702 [ERROR] LogOutputStream:75 - [STDERR_REDIRECT] 
2026-08-29 09:54:14,385 [INFO] PlatformPackageDownloader:439 - 888924835 bytes to download
2026-08-29 09:54:14,701 [ERROR] LogOutputStream:75 - [STDERR_REDIRECT] [Fatal Error] :1:1: Premature end of file.
2026-08-29 09:54:14,701 [ERROR] LogOutputStream:75 - [STDERR_REDIRECT] 
2026-08-29 09:54:15,702 [ERROR] LogOutputStream:75 - [STDERR_REDIRECT] [Fatal Error] :1:1: Premature end of file.
2026-08-29 09:54:15,702 [ERROR] LogOutputStream:75 - [STDERR_REDIRECT] 
2026-08-29 09:54:16,702 [ERROR] LogOutputStream:75 - [STDERR_REDIRECT] [Fatal Error] :1:1: Premature end of file.
2026-08-29 09:54:16,702 [ERROR] LogOutputStream:75 - [STDERR_REDIRECT] 
2026-08-29 09:54:17,704 [ERROR] LogOutputStream:75 - [STDERR_REDIRECT] [Fatal Error] :1:1: Premature end of file.
2026-08-29 09:54:17,704 [ERROR] LogOutputStream:75 - [STDERR_REDIRECT] 
2026-08-29 09:54:18,703 [ERROR] LogOutputStream:75 - [STDERR_REDIRECT] [Fatal Error] :1:1: Premature end of file.
2026-08-29 09:54:18,703 [ERROR] LogOutputStream:75 - [STDERR_REDIRECT] 
2026-08-29 09:54:19,704 [ERROR] LogOutputStream:75 - [STDERR_REDIRECT] [Fatal Error] :1:1: Premature end of file.
2026-08-29 09:54:19,704 [ERROR] LogOutputStream:75 - [STDERR_REDIRECT] 
2026-08-29 09:54:20,703 [ERROR] LogOutputStream:75 - [STDERR_REDIRECT] [Fatal Error] :1:1: Premature end of file.
2026-08-29 09:54:20,703 [ERROR] LogOutputStream:75 - [STDERR_REDIRECT] 
2026-08-29 09:54:21,702 [ERROR] LogOutputStream:75 - [STDERR_REDIRECT] [Fatal Error] :1:1: Premature end of file.
2026-08-29 09:54:21,702 [ERROR] LogOutputStream:75 - [STDERR_REDIRECT] 
2026-08-29 09:54:22,703 [ERROR] LogOutputStream:75 - [STDERR_REDIRECT] [Fatal Error] :1:1: Premature end of file.
2026-08-29 09:54:22,703 [ERROR] LogOutputStream:75 - [STDERR_REDIRECT] 
2026-08-29 09:54:23,702 [ERROR] LogOutputStream:75 - [STDERR_REDIRECT] [Fatal Error] :1:1: Premature end of file.
2026-08-29 09:54:23,703 [ERROR] LogOutputStream:75 - [STDERR_REDIRECT] 
2026-08-29 09:54:24,387 [INFO] PlatformPackageDownloader:458 - 425365504 bytes downloaded
2026-08-29 09:54:24,703 [ERROR] LogOutputStream:75 - [STDERR_REDIRECT] [Fatal Error] :1:1: Premature end of file.
2026-08-29 09:54:24,703 [ERROR] LogOutputStream:75 - [STDERR_REDIRECT] 
2026-08-29 09:54:25,705 [ERROR] LogOutputStream:75 - [STDERR_REDIRECT] [Fatal Error] :1:1: Premature end of file.
2026-08-29 09:54:25,705 [ERROR] LogOutputStream:75 - [STDERR_REDIRECT] 
2026-08-29 09:54:26,701 [ERROR] LogOutputStream:75 - [STDERR_REDIRECT] [Fatal Error] :1:1: Premature end of file.
2026-08-29 09:54:26,702 [ERROR] LogOutputStream:75 - [STDERR_REDIRECT] 
2026-08-29 09:54:27,702 [ERROR] LogOutputStream:75 - [STDERR_REDIRECT] [Fatal Error] :1:1: Premature end of file.
2026-08-29 09:54:27,702 [ERROR] LogOutputStream:75 - [STDERR_REDIRECT] 
2026-08-29 09:54:28,703 [ERROR] LogOutputStream:75 - [STDERR_REDIRECT] [Fatal Error] :1:1: Premature end of file.
2026-08-29 09:54:28,703 [ERROR] LogOutputStream:75 - [STDERR_REDIRECT] 
2026-08-29 09:54:29,703 [ERROR] LogOutputStream:75 - [STDERR_REDIRECT] [Fatal Error] :1:1: Premature end of file.
2026-08-29 09:54:29,703 [ERROR] LogOutputStream:75 - [STDERR_REDIRECT] 
2026-08-29 09:54:30,702 [ERROR] LogOutputStream:75 - [STDERR_REDIRECT] [Fatal Error] :1:1: Premature end of file.
2026-08-29 09:54:30,702 [ERROR] LogOutputStream:75 - [STDERR_REDIRECT] 
2026-08-29 09:54:31,703 [ERROR] LogOutputStream:75 - [STDERR_REDIRECT] [Fatal Error] :1:1: Premature end of file.
2026-08-29 09:54:31,703 [ERROR] LogOutputStream:75 - [STDERR_REDIRECT] 
2026-08-29 09:54:32,702 [ERROR] LogOutputStream:75 - [STDERR_REDIRECT] [Fatal Error] :1:1: Premature end of file.
2026-08-29 09:54:32,702 [ERROR] LogOutputStream:75 - [STDERR_REDIRECT] 
2026-08-29 09:54:33,703 [ERROR] LogOutputStream:75 - [STDERR_REDIRECT] [Fatal Error] :1:1: Premature end of file.
2026-08-29 09:54:33,703 [ERROR] LogOutputStream:75 - [STDERR_REDIRECT] 
2026-08-29 09:54:34,288 [INFO] PlatformPackageDownloader:462 - 888924835 bytes downloaded
2026-08-29 09:54:34,703 [ERROR] LogOutputStream:75 - [STDERR_REDIRECT] [Fatal Error] :1:1: Premature end of file.
2026-08-29 09:54:34,703 [ERROR] LogOutputStream:75 - [STDERR_REDIRECT] 
2026-08-29 09:54:34,872 [INFO] ZipFileManager:192 - unzip 11%
2026-08-29 09:54:35,705 [ERROR] LogOutputStream:75 - [STDERR_REDIRECT] [Fatal Error] :1:1: Premature end of file.
2026-08-29 09:54:35,705 [ERROR] LogOutputStream:75 - [STDERR_REDIRECT] 
2026-08-29 09:54:36,704 [ERROR] LogOutputStream:75 - [STDERR_REDIRECT] [Fatal Error] :1:1: Premature end of file.
2026-08-29 09:54:36,704 [ERROR] LogOutputStream:75 - [STDERR_REDIRECT] 
2026-08-29 09:54:37,707 [ERROR] LogOutputStream:75 - [STDERR_REDIRECT] [Fatal Error] :1:1: Premature end of file.
2026-08-29 09:54:37,707 [ERROR] LogOutputStream:75 - [STDERR_REDIRECT] 
2026-08-29 09:54:38,708 [ERROR] LogOutputStream:75 - [STDERR_REDIRECT] [Fatal Error] :1:1: Premature end of file.
2026-08-29 09:54:38,708 [ERROR] LogOutputStream:75 - [STDERR_REDIRECT] 
2026-08-29 09:54:39,367 [INFO] ZipFileManager:192 - unzip 22%
2026-08-29 09:54:39,707 [ERROR] LogOutputStream:75 - [STDERR_REDIRECT] [Fatal Error] :1:1: Premature end of file.
2026-08-29 09:54:39,708 [ERROR] LogOutputStream:75 - [STDERR_REDIRECT] 
2026-08-29 09:54:40,708 [ERROR] LogOutputStream:75 - [STDERR_REDIRECT] [Fatal Error] :1:1: Premature end of file.
2026-08-29 09:54:40,708 [ERROR] LogOutputStream:75 - [STDERR_REDIRECT] 
2026-08-29 09:54:41,705 [ERROR] LogOutputStream:75 - [STDERR_REDIRECT] [Fatal Error] :1:1: Premature end of file.
2026-08-29 09:54:41,705 [ERROR] LogOutputStream:75 - [STDERR_REDIRECT] 
2026-08-29 09:54:42,705 [ERROR] LogOutputStream:75 - [STDERR_REDIRECT] [Fatal Error] :1:1: Premature end of file.
2026-08-29 09:54:42,706 [ERROR] LogOutputStream:75 - [STDERR_REDIRECT] 
2026-08-29 09:54:43,707 [ERROR] LogOutputStream:75 - [STDERR_REDIRECT] [Fatal Error] :1:1: Premature end of file.
2026-08-29 09:54:43,708 [ERROR] LogOutputStream:75 - [STDERR_REDIRECT] 
2026-08-29 09:54:44,707 [ERROR] LogOutputStream:75 - [STDERR_REDIRECT] [Fatal Error] :1:1: Premature end of file.
2026-08-29 09:54:44,707 [ERROR] LogOutputStream:75 - [STDERR_REDIRECT] 
2026-08-29 09:54:45,707 [ERROR] LogOutputStream:75 - [STDERR_REDIRECT] [Fatal Error] :1:1: Premature end of file.
2026-08-29 09:54:45,707 [ERROR] LogOutputStream:75 - [STDERR_REDIRECT] 
2026-08-29 09:54:46,635 [INFO] ZipFileManager:192 - unzip 33%
2026-08-29 09:54:46,710 [ERROR] LogOutputStream:75 - [STDERR_REDIRECT] [Fatal Error] :1:1: Premature end of file.
2026-08-29 09:54:46,711 [ERROR] LogOutputStream:75 - [STDERR_REDIRECT] 
2026-08-29 09:54:47,707 [ERROR] LogOutputStream:75 - [STDERR_REDIRECT] [Fatal Error] :1:1: Premature end of file.
2026-08-29 09:54:47,707 [ERROR] LogOutputStream:75 - [STDERR_REDIRECT] 
2026-08-29 09:54:48,711 [ERROR] LogOutputStream:75 - [STDERR_REDIRECT] [Fatal Error] :1:1: Premature end of file.
2026-08-29 09:54:48,711 [ERROR] LogOutputStream:75 - [STDERR_REDIRECT] 
2026-08-29 09:54:49,702 [ERROR] LogOutputStream:75 - [STDERR_REDIRECT] [Fatal Error] :1:1: Premature end of file.
2026-08-29 09:54:49,703 [ERROR] LogOutputStream:75 - [STDERR_REDIRECT] 
2026-08-29 09:54:50,707 [ERROR] LogOutputStream:75 - [STDERR_REDIRECT] [Fatal Error] :1:1: Premature end of file.
2026-08-29 09:54:50,708 [ERROR] LogOutputStream:75 - [STDERR_REDIRECT] 
2026-08-29 09:54:51,707 [ERROR] LogOutputStream:75 - [STDERR_REDIRECT] [Fatal Error] :1:1: Premature end of file.
2026-08-29 09:54:51,707 [ERROR] LogOutputStream:75 - [STDERR_REDIRECT] 
2026-08-29 09:54:52,710 [ERROR] LogOutputStream:75 - [STDERR_REDIRECT] [Fatal Error] :1:1: Premature end of file.
2026-08-29 09:54:52,710 [ERROR] LogOutputStream:75 - [STDERR_REDIRECT] 
2026-08-29 09:54:53,051 [INFO] ZipFileManager:192 - unzip 44%
2026-08-29 09:54:53,462 [INFO] ZipFileManager:192 - unzip 75%
2026-08-29 09:54:53,705 [ERROR] LogOutputStream:75 - [STDERR_REDIRECT] [Fatal Error] :1:1: Premature end of file.
2026-08-29 09:54:53,705 [ERROR] LogOutputStream:75 - [STDERR_REDIRECT] 
2026-08-29 09:54:54,704 [ERROR] LogOutputStream:75 - [STDERR_REDIRECT] [Fatal Error] :1:1: Premature end of file.
2026-08-29 09:54:54,704 [ERROR] LogOutputStream:75 - [STDERR_REDIRECT] 
2026-08-29 09:54:55,704 [ERROR] LogOutputStream:75 - [STDERR_REDIRECT] [Fatal Error] :1:1: Premature end of file.
2026-08-29 09:54:55,704 [ERROR] LogOutputStream:75 - [STDERR_REDIRECT] 
2026-08-29 09:54:56,710 [ERROR] LogOutputStream:75 - [STDERR_REDIRECT] [Fatal Error] :1:1: Premature end of file.
2026-08-29 09:54:56,710 [ERROR] LogOutputStream:75 - [STDERR_REDIRECT] 
2026-08-29 09:54:57,709 [ERROR] LogOutputStream:75 - [STDERR_REDIRECT] [Fatal Error] :1:1: Premature end of file.
2026-08-29 09:54:57,709 [ERROR] LogOutputStream:75 - [STDERR_REDIRECT] 
2026-08-29 09:54:58,178 [INFO] ZipFileManager:192 - unzip 86%
2026-08-29 09:54:58,710 [ERROR] LogOutputStream:75 - [STDERR_REDIRECT] [Fatal Error] :1:1: Premature end of file.
2026-08-29 09:54:58,711 [ERROR] LogOutputStream:75 - [STDERR_REDIRECT] 
2026-08-29 09:54:59,713 [ERROR] LogOutputStream:75 - [STDERR_REDIRECT] [Fatal Error] :1:1: Premature end of file.
2026-08-29 09:54:59,713 [ERROR] LogOutputStream:75 - [STDERR_REDIRECT] 
2026-08-29 09:55:00,708 [ERROR] LogOutputStream:75 - [STDERR_REDIRECT] [Fatal Error] :1:1: Premature end of file.
2026-08-29 09:55:00,708 [ERROR] LogOutputStream:75 - [STDERR_REDIRECT] 
2026-08-29 09:55:01,129 [INFO] ZipFileManager:192 - unzip 97%
2026-08-29 09:55:01,597 [INFO] PluginManager:220 - loadIPPluginJar : add ai.10.2.1
2026-08-29 09:55:01,723 [ERROR] LogOutputStream:75 - [STDERR_REDIRECT] [Fatal Error] :1:1: Premature end of file.
2026-08-29 09:55:01,724 [ERROR] LogOutputStream:75 - [STDERR_REDIRECT] 
2026-08-29 09:55:02,198 [INFO] IPUIPlugin:80 - create IPUIPlugin
2026-08-29 09:55:02,704 [ERROR] LogOutputStream:75 - [STDERR_REDIRECT] [Fatal Error] :1:1: Premature end of file.
2026-08-29 09:55:02,704 [ERROR] LogOutputStream:75 - [STDERR_REDIRECT] 
2026-08-29 09:55:03,079 [INFO] ServerAccessManage:452 - Complete download http(s) 200
2026-08-29 09:55:03,079 [INFO] ServerAccessManage:509 - Download File 
2026-08-29 09:55:03,086 [INFO] LoadUrlFilesThread:185 - End of LoadServerUrlFiles without Thread
2026-08-29 09:55:03,464 [INFO] I2cTimingTraitement:330 - 0x30A175AB
2026-08-29 09:55:03,711 [ERROR] LogOutputStream:75 - [STDERR_REDIRECT] [Fatal Error] :1:1: Premature end of file.
2026-08-29 09:55:03,712 [ERROR] LogOutputStream:75 - [STDERR_REDIRECT] 
2026-08-29 09:55:04,703 [ERROR] LogOutputStream:75 - [STDERR_REDIRECT] [Fatal Error] :1:1: Premature end of file.
2026-08-29 09:55:04,704 [ERROR] LogOutputStream:75 - [STDERR_REDIRECT] 
2026-08-29 09:55:05,702 [ERROR] LogOutputStream:75 - [STDERR_REDIRECT] [Fatal Error] :1:1: Premature end of file.
2026-08-29 09:55:05,702 [ERROR] LogOutputStream:75 - [STDERR_REDIRECT] 
2026-08-29 09:55:06,703 [ERROR] LogOutputStream:75 - [STDERR_REDIRECT] [Fatal Error] :1:1: Premature end of file.
2026-08-29 09:55:06,703 [ERROR] LogOutputStream:75 - [STDERR_REDIRECT] 
2026-08-29 09:55:07,701 [ERROR] LogOutputStream:75 - [STDERR_REDIRECT] [Fatal Error] :1:1: Premature end of file.
2026-08-29 09:55:07,701 [ERROR] LogOutputStream:75 - [STDERR_REDIRECT] 
2026-08-29 09:55:08,702 [ERROR] LogOutputStream:75 - [STDERR_REDIRECT] [Fatal Error] :1:1: Premature end of file.
2026-08-29 09:55:08,702 [ERROR] LogOutputStream:75 - [STDERR_REDIRECT] 
2026-08-29 09:55:09,700 [ERROR] LogOutputStream:75 - [STDERR_REDIRECT] [Fatal Error] :1:1: Premature end of file.
2026-08-29 09:55:09,700 [ERROR] LogOutputStream:75 - [STDERR_REDIRECT] 
2026-08-29 09:55:10,700 [ERROR] LogOutputStream:75 - [STDERR_REDIRECT] [Fatal Error] :1:1: Premature end of file.
2026-08-29 09:55:10,700 [ERROR] LogOutputStream:75 - [STDERR_REDIRECT] 
2026-08-29 09:55:11,701 [ERROR] LogOutputStream:75 - [STDERR_REDIRECT] [Fatal Error] :1:1: Premature end of file.
2026-08-29 09:55:11,701 [ERROR] LogOutputStream:75 - [STDERR_REDIRECT] 
2026-08-29 09:55:12,701 [ERROR] LogOutputStream:75 - [STDERR_REDIRECT] [Fatal Error] :1:1: Premature end of file.
2026-08-29 09:55:12,701 [ERROR] LogOutputStream:75 - [STDERR_REDIRECT] 
2026-08-29 09:55:13,701 [ERROR] LogOutputStream:75 - [STDERR_REDIRECT] [Fatal Error] :1:1: Premature end of file.
2026-08-29 09:55:13,702 [ERROR] LogOutputStream:75 - [STDERR_REDIRECT] 
2026-08-29 09:55:14,701 [ERROR] LogOutputStream:75 - [STDERR_REDIRECT] [Fatal Error] :1:1: Premature end of file.
2026-08-29 09:55:14,701 [ERROR] LogOutputStream:75 - [STDERR_REDIRECT] 
2026-08-29 09:55:15,700 [ERROR] LogOutputStream:75 - [STDERR_REDIRECT] [Fatal Error] :1:1: Premature end of file.
2026-08-29 09:55:15,700 [ERROR] LogOutputStream:75 - [STDERR_REDIRECT] 
2026-08-29 09:55:16,701 [ERROR] LogOutputStream:75 - [STDERR_REDIRECT] [Fatal Error] :1:1: Premature end of file.
2026-08-29 09:55:16,701 [ERROR] LogOutputStream:75 - [STDERR_REDIRECT] 
2026-08-29 09:55:17,700 [ERROR] LogOutputStream:75 - [STDERR_REDIRECT] [Fatal Error] :1:1: Premature end of file.
2026-08-29 09:55:17,700 [ERROR] LogOutputStream:75 - [STDERR_REDIRECT] 
2026-08-29 09:55:18,701 [ERROR] LogOutputStream:75 - [STDERR_REDIRECT] [Fatal Error] :1:1: Premature end of file.
2026-08-29 09:55:18,701 [ERROR] LogOutputStream:75 - [STDERR_REDIRECT] 
2026-08-29 09:55:19,701 [ERROR] LogOutputStream:75 - [STDERR_REDIRECT] [Fatal Error] :1:1: Premature end of file.
2026-08-29 09:55:19,701 [ERROR] LogOutputStream:75 - [STDERR_REDIRECT] 
2026-08-29 09:55:20,701 [ERROR] LogOutputStream:75 - [STDERR_REDIRECT] [Fatal Error] :1:1: Premature end of file.
2026-08-29 09:55:20,701 [ERROR] LogOutputStream:75 - [STDERR_REDIRECT] 
2026-08-29 09:55:21,702 [ERROR] LogOutputStream:75 - [STDERR_REDIRECT] [Fatal Error] :1:1: Premature end of file.
2026-08-29 09:55:21,702 [ERROR] LogOutputStream:75 - [STDERR_REDIRECT] 
2026-08-29 09:55:22,701 [ERROR] LogOutputStream:75 - [STDERR_REDIRECT] [Fatal Error] :1:1: Premature end of file.
2026-08-29 09:55:22,701 [ERROR] LogOutputStream:75 - [STDERR_REDIRECT] 
2026-08-29 09:55:23,704 [ERROR] LogOutputStream:75 - [STDERR_REDIRECT] [Fatal Error] :1:1: Premature end of file.
2026-08-29 09:55:23,704 [ERROR] LogOutputStream:75 - [STDERR_REDIRECT] 
2026-08-29 09:55:24,702 [ERROR] LogOutputStream:75 - [STDERR_REDIRECT] [Fatal Error] :1:1: Premature end of file.
2026-08-29 09:55:24,702 [ERROR] LogOutputStream:75 - [STDERR_REDIRECT] 
2026-08-29 09:55:25,703 [ERROR] LogOutputStream:75 - [STDERR_REDIRECT] [Fatal Error] :1:1: Premature end of file.
2026-08-29 09:55:25,703 [ERROR] LogOutputStream:75 - [STDERR_REDIRECT] 
2026-08-29 09:55:26,705 [ERROR] LogOutputStream:75 - [STDERR_REDIRECT] [Fatal Error] :1:1: Premature end of file.
2026-08-29 09:55:26,705 [ERROR] LogOutputStream:75 - [STDERR_REDIRECT] 
2026-08-29 09:55:27,701 [ERROR] LogOutputStream:75 - [STDERR_REDIRECT] [Fatal Error] :1:1: Premature end of file.
2026-08-29 09:55:27,701 [ERROR] LogOutputStream:75 - [STDERR_REDIRECT] 
2026-08-29 09:55:28,701 [ERROR] LogOutputStream:75 - [STDERR_REDIRECT] [Fatal Error] :1:1: Premature end of file.
2026-08-29 09:55:28,701 [ERROR] LogOutputStream:75 - [STDERR_REDIRECT] 
2026-08-29 09:55:29,701 [ERROR] LogOutputStream:75 - [STDERR_REDIRECT] [Fatal Error] :1:1: Premature end of file.
2026-08-29 09:55:29,701 [ERROR] LogOutputStream:75 - [STDERR_REDIRECT] 
2026-08-29 09:55:30,703 [ERROR] LogOutputStream:75 - [STDERR_REDIRECT] [Fatal Error] :1:1: Premature end of file.
2026-08-29 09:55:30,703 [ERROR] LogOutputStream:75 - [STDERR_REDIRECT] 
2026-08-29 09:55:31,701 [ERROR] LogOutputStream:75 - [STDERR_REDIRECT] [Fatal Error] :1:1: Premature end of file.
2026-08-29 09:55:31,701 [ERROR] LogOutputStream:75 - [STDERR_REDIRECT] 
2026-08-29 09:55:32,701 [ERROR] LogOutputStream:75 - [STDERR_REDIRECT] [Fatal Error] :1:1: Premature end of file.
2026-08-29 09:55:32,701 [ERROR] LogOutputStream:75 - [STDERR_REDIRECT] 
2026-08-29 09:55:33,699 [ERROR] LogOutputStream:75 - [STDERR_REDIRECT] [Fatal Error] :1:1: Premature end of file.
2026-08-29 09:55:33,699 [ERROR] LogOutputStream:75 - [STDERR_REDIRECT] 
2026-08-29 09:55:34,701 [ERROR] LogOutputStream:75 - [STDERR_REDIRECT] [Fatal Error] :1:1: Premature end of file.
2026-08-29 09:55:34,701 [ERROR] LogOutputStream:75 - [STDERR_REDIRECT] 
2026-08-29 09:55:35,700 [ERROR] LogOutputStream:75 - [STDERR_REDIRECT] [Fatal Error] :1:1: Premature end of file.
2026-08-29 09:55:35,700 [ERROR] LogOutputStream:75 - [STDERR_REDIRECT] 
2026-08-29 09:55:36,702 [ERROR] LogOutputStream:75 - [STDERR_REDIRECT] [Fatal Error] :1:1: Premature end of file.
2026-08-29 09:55:36,702 [ERROR] LogOutputStream:75 - [STDERR_REDIRECT] 
2026-08-29 09:55:37,700 [ERROR] LogOutputStream:75 - [STDERR_REDIRECT] [Fatal Error] :1:1: Premature end of file.
2026-08-29 09:55:37,700 [ERROR] LogOutputStream:75 - [STDERR_REDIRECT] 
2026-08-29 09:55:38,702 [ERROR] LogOutputStream:75 - [STDERR_REDIRECT] [Fatal Error] :1:1: Premature end of file.
2026-08-29 09:55:38,702 [ERROR] LogOutputStream:75 - [STDERR_REDIRECT] 
2026-08-29 09:55:39,700 [ERROR] LogOutputStream:75 - [STDERR_REDIRECT] [Fatal Error] :1:1: Premature end of file.
2026-08-29 09:55:39,700 [ERROR] LogOutputStream:75 - [STDERR_REDIRECT] 
2026-08-29 09:55:40,702 [ERROR] LogOutputStream:75 - [STDERR_REDIRECT] [Fatal Error] :1:1: Premature end of file.
2026-08-29 09:55:40,702 [ERROR] LogOutputStream:75 - [STDERR_REDIRECT] 
2026-08-29 09:55:41,701 [ERROR] LogOutputStream:75 - [STDERR_REDIRECT] [Fatal Error] :1:1: Premature end of file.
2026-08-29 09:55:41,701 [ERROR] LogOutputStream:75 - [STDERR_REDIRECT] 
2026-08-29 09:55:42,701 [ERROR] LogOutputStream:75 - [STDERR_REDIRECT] [Fatal Error] :1:1: Premature end of file.
2026-08-29 09:55:42,701 [ERROR] LogOutputStream:75 - [STDERR_REDIRECT] 
2026-08-29 09:55:43,703 [ERROR] LogOutputStream:75 - [STDERR_REDIRECT] [Fatal Error] :1:1: Premature end of file.
2026-08-29 09:55:43,703 [ERROR] LogOutputStream:75 - [STDERR_REDIRECT] 
2026-08-29 09:55:44,701 [ERROR] LogOutputStream:75 - [STDERR_REDIRECT] [Fatal Error] :1:1: Premature end of file.
2026-08-29 09:55:44,701 [ERROR] LogOutputStream:75 - [STDERR_REDIRECT] 
2026-08-29 09:55:45,701 [ERROR] LogOutputStream:75 - [STDERR_REDIRECT] [Fatal Error] :1:1: Premature end of file.
2026-08-29 09:55:45,701 [ERROR] LogOutputStream:75 - [STDERR_REDIRECT] 
2026-08-29 09:55:46,701 [ERROR] LogOutputStream:75 - [STDERR_REDIRECT] [Fatal Error] :1:1: Premature end of file.
2026-08-29 09:55:46,701 [ERROR] LogOutputStream:75 - [STDERR_REDIRECT] 
2026-08-29 09:55:47,702 [ERROR] LogOutputStream:75 - [STDERR_REDIRECT] [Fatal Error] :1:1: Premature end of file.
2026-08-29 09:55:47,702 [ERROR] LogOutputStream:75 - [STDERR_REDIRECT] 
2026-08-29 09:55:48,701 [ERROR] LogOutputStream:75 - [STDERR_REDIRECT] [Fatal Error] :1:1: Premature end of file.
2026-08-29 09:55:48,701 [ERROR] LogOutputStream:75 - [STDERR_REDIRECT] 
2026-08-29 09:55:49,700 [ERROR] LogOutputStream:75 - [STDERR_REDIRECT] [Fatal Error] :1:1: Premature end of file.
2026-08-29 09:55:49,700 [ERROR] LogOutputStream:75 - [STDERR_REDIRECT] 
2026-08-29 09:55:50,701 [ERROR] LogOutputStream:75 - [STDERR_REDIRECT] [Fatal Error] :1:1: Premature end of file.
2026-08-29 09:55:50,702 [ERROR] LogOutputStream:75 - [STDERR_REDIRECT] 
2026-08-29 09:55:51,701 [ERROR] LogOutputStream:75 - [STDERR_REDIRECT] [Fatal Error] :1:1: Premature end of file.
2026-08-29 09:55:51,701 [ERROR] LogOutputStream:75 - [STDERR_REDIRECT] 
2026-08-29 09:55:52,700 [ERROR] LogOutputStream:75 - [STDERR_REDIRECT] [Fatal Error] :1:1: Premature end of file.
2026-08-29 09:55:52,700 [ERROR] LogOutputStream:75 - [STDERR_REDIRECT] 
2026-08-29 09:55:53,700 [ERROR] LogOutputStream:75 - [STDERR_REDIRECT] [Fatal Error] :1:1: Premature end of file.
2026-08-29 09:55:53,700 [ERROR] LogOutputStream:75 - [STDERR_REDIRECT] 
2026-08-29 09:55:54,701 [ERROR] LogOutputStream:75 - [STDERR_REDIRECT] [Fatal Error] :1:1: Premature end of file.
2026-08-29 09:55:54,701 [ERROR] LogOutputStream:75 - [STDERR_REDIRECT] 
2026-08-29 09:55:55,701 [ERROR] LogOutputStream:75 - [STDERR_REDIRECT] [Fatal Error] :1:1: Premature end of file.
2026-08-29 09:55:55,701 [ERROR] LogOutputStream:75 - [STDERR_REDIRECT] 
2026-08-29 09:55:56,703 [ERROR] LogOutputStream:75 - [STDERR_REDIRECT] [Fatal Error] :1:1: Premature end of file.
2026-08-29 09:55:56,703 [ERROR] LogOutputStream:75 - [STDERR_REDIRECT] 
2026-08-29 09:55:57,701 [ERROR] LogOutputStream:75 - [STDERR_REDIRECT] [Fatal Error] :1:1: Premature end of file.
2026-08-29 09:55:57,701 [ERROR] LogOutputStream:75 - [STDERR_REDIRECT] 
2026-08-29 09:55:58,699 [ERROR] LogOutputStream:75 - [STDERR_REDIRECT] [Fatal Error] :1:1: Premature end of file.
2026-08-29 09:55:58,699 [ERROR] LogOutputStream:75 - [STDERR_REDIRECT] 
2026-08-29 09:55:59,700 [ERROR] LogOutputStream:75 - [STDERR_REDIRECT] [Fatal Error] :1:1: Premature end of file.
2026-08-29 09:55:59,700 [ERROR] LogOutputStream:75 - [STDERR_REDIRECT] 
2026-08-29 09:56:00,700 [ERROR] LogOutputStream:75 - [STDERR_REDIRECT] [Fatal Error] :1:1: Premature end of file.
2026-08-29 09:56:00,700 [ERROR] LogOutputStream:75 - [STDERR_REDIRECT] 
2026-08-29 09:56:01,701 [ERROR] LogOutputStream:75 - [STDERR_REDIRECT] [Fatal Error] :1:1: Premature end of file.
2026-08-29 09:56:01,701 [ERROR] LogOutputStream:75 - [STDERR_REDIRECT] 
2026-08-29 09:56:02,702 [ERROR] LogOutputStream:75 - [STDERR_REDIRECT] [Fatal Error] :1:1: Premature end of file.
2026-08-29 09:56:02,702 [ERROR] LogOutputStream:75 - [STDERR_REDIRECT] 
2026-08-29 09:56:03,700 [ERROR] LogOutputStream:75 - [STDERR_REDIRECT] [Fatal Error] :1:1: Premature end of file.
2026-08-29 09:56:03,700 [ERROR] LogOutputStream:75 - [STDERR_REDIRECT] 
2026-08-29 09:56:04,701 [ERROR] LogOutputStream:75 - [STDERR_REDIRECT] [Fatal Error] :1:1: Premature end of file.
2026-08-29 09:56:04,701 [ERROR] LogOutputStream:75 - [STDERR_REDIRECT] 
2026-08-29 09:56:05,700 [ERROR] LogOutputStream:75 - [STDERR_REDIRECT] [Fatal Error] :1:1: Premature end of file.
2026-08-29 09:56:05,700 [ERROR] LogOutputStream:75 - [STDERR_REDIRECT] 
2026-08-29 09:56:06,700 [ERROR] LogOutputStream:75 - [STDERR_REDIRECT] [Fatal Error] :1:1: Premature end of file.
2026-08-29 09:56:06,701 [ERROR] LogOutputStream:75 - [STDERR_REDIRECT] 
2026-08-29 09:56:07,700 [ERROR] LogOutputStream:75 - [STDERR_REDIRECT] [Fatal Error] :1:1: Premature end of file.
2026-08-29 09:56:07,700 [ERROR] LogOutputStream:75 - [STDERR_REDIRECT] 
2026-08-29 09:56:08,699 [ERROR] LogOutputStream:75 - [STDERR_REDIRECT] [Fatal Error] :1:1: Premature end of file.
2026-08-29 09:56:08,699 [ERROR] LogOutputStream:75 - [STDERR_REDIRECT] 
2026-08-29 09:56:09,701 [ERROR] LogOutputStream:75 - [STDERR_REDIRECT] [Fatal Error] :1:1: Premature end of file.
2026-08-29 09:56:09,701 [ERROR] LogOutputStream:75 - [STDERR_REDIRECT] 
2026-08-29 09:56:10,701 [ERROR] LogOutputStream:75 - [STDERR_REDIRECT] [Fatal Error] :1:1: Premature end of file.
2026-08-29 09:56:10,701 [ERROR] LogOutputStream:75 - [STDERR_REDIRECT] 
2026-08-29 09:56:11,700 [ERROR] LogOutputStream:75 - [STDERR_REDIRECT] [Fatal Error] :1:1: Premature end of file.
2026-08-29 09:56:11,700 [ERROR] LogOutputStream:75 - [STDERR_REDIRECT] 
2026-08-29 09:56:12,702 [ERROR] LogOutputStream:75 - [STDERR_REDIRECT] [Fatal Error] :1:1: Premature end of file.
2026-08-29 09:56:12,702 [ERROR] LogOutputStream:75 - [STDERR_REDIRECT] 
2026-08-29 09:56:13,700 [ERROR] LogOutputStream:75 - [STDERR_REDIRECT] [Fatal Error] :1:1: Premature end of file.
2026-08-29 09:56:13,700 [ERROR] LogOutputStream:75 - [STDERR_REDIRECT] 
2026-08-29 09:56:14,701 [ERROR] LogOutputStream:75 - [STDERR_REDIRECT] [Fatal Error] :1:1: Premature end of file.
2026-08-29 09:56:14,701 [ERROR] LogOutputStream:75 - [STDERR_REDIRECT] 
2026-08-29 09:56:15,702 [ERROR] LogOutputStream:75 - [STDERR_REDIRECT] [Fatal Error] :1:1: Premature end of file.
2026-08-29 09:56:15,702 [ERROR] LogOutputStream:75 - [STDERR_REDIRECT] 
2026-08-29 09:56:16,702 [ERROR] LogOutputStream:75 - [STDERR_REDIRECT] [Fatal Error] :1:1: Premature end of file.
2026-08-29 09:56:16,702 [ERROR] LogOutputStream:75 - [STDERR_REDIRECT] 
2026-08-29 09:56:17,701 [ERROR] LogOutputStream:75 - [STDERR_REDIRECT] [Fatal Error] :1:1: Premature end of file.
2026-08-29 09:56:17,701 [ERROR] LogOutputStream:75 - [STDERR_REDIRECT] 
2026-08-29 09:56:18,701 [ERROR] LogOutputStream:75 - [STDERR_REDIRECT] [Fatal Error] :1:1: Premature end of file.
2026-08-29 09:56:18,701 [ERROR] LogOutputStream:75 - [STDERR_REDIRECT] 
2026-08-29 09:56:19,700 [ERROR] LogOutputStream:75 - [STDERR_REDIRECT] [Fatal Error] :1:1: Premature end of file.
2026-08-29 09:56:19,700 [ERROR] LogOutputStream:75 - [STDERR_REDIRECT] 
2026-08-29 09:56:20,702 [ERROR] LogOutputStream:75 - [STDERR_REDIRECT] [Fatal Error] :1:1: Premature end of file.
2026-08-29 09:56:20,702 [ERROR] LogOutputStream:75 - [STDERR_REDIRECT] 
2026-08-29 09:56:21,701 [ERROR] LogOutputStream:75 - [STDERR_REDIRECT] [Fatal Error] :1:1: Premature end of file.
2026-08-29 09:56:21,701 [ERROR] LogOutputStream:75 - [STDERR_REDIRECT] 
2026-08-29 09:56:22,701 [ERROR] LogOutputStream:75 - [STDERR_REDIRECT] [Fatal Error] :1:1: Premature end of file.
2026-08-29 09:56:22,701 [ERROR] LogOutputStream:75 - [STDERR_REDIRECT] 
2026-08-29 09:56:23,701 [ERROR] LogOutputStream:75 - [STDERR_REDIRECT] [Fatal Error] :1:1: Premature end of file.
2026-08-29 09:56:23,701 [ERROR] LogOutputStream:75 - [STDERR_REDIRECT] 
2026-08-29 09:56:24,701 [ERROR] LogOutputStream:75 - [STDERR_REDIRECT] [Fatal Error] :1:1: Premature end of file.
2026-08-29 09:56:24,701 [ERROR] LogOutputStream:75 - [STDERR_REDIRECT] 
2026-08-29 09:56:25,703 [ERROR] LogOutputStream:75 - [STDERR_REDIRECT] [Fatal Error] :1:1: Premature end of file.
2026-08-29 09:56:25,703 [ERROR] LogOutputStream:75 - [STDERR_REDIRECT] 
2026-08-29 09:56:26,704 [ERROR] LogOutputStream:75 - [STDERR_REDIRECT] [Fatal Error] :1:1: Premature end of file.
2026-08-29 09:56:26,704 [ERROR] LogOutputStream:75 - [STDERR_REDIRECT] 
2026-08-29 09:56:27,701 [ERROR] LogOutputStream:75 - [STDERR_REDIRECT] [Fatal Error] :1:1: Premature end of file.
2026-08-29 09:56:27,701 [ERROR] LogOutputStream:75 - [STDERR_REDIRECT] 
2026-08-29 09:56:28,701 [ERROR] LogOutputStream:75 - [STDERR_REDIRECT] [Fatal Error] :1:1: Premature end of file.
2026-08-29 09:56:28,701 [ERROR] LogOutputStream:75 - [STDERR_REDIRECT] 
2026-08-29 09:56:29,701 [ERROR] LogOutputStream:75 - [STDERR_REDIRECT] [Fatal Error] :1:1: Premature end of file.
2026-08-29 09:56:29,701 [ERROR] LogOutputStream:75 - [STDERR_REDIRECT] 
2026-08-29 09:56:30,702 [ERROR] LogOutputStream:75 - [STDERR_REDIRECT] [Fatal Error] :1:1: Premature end of file.
2026-08-29 09:56:30,702 [ERROR] LogOutputStream:75 - [STDERR_REDIRECT] 
2026-08-29 09:56:31,700 [ERROR] LogOutputStream:75 - [STDERR_REDIRECT] [Fatal Error] :1:1: Premature end of file.
2026-08-29 09:56:31,701 [ERROR] LogOutputStream:75 - [STDERR_REDIRECT] 
2026-08-29 09:56:32,702 [ERROR] LogOutputStream:75 - [STDERR_REDIRECT] [Fatal Error] :1:1: Premature end of file.
2026-08-29 09:56:32,702 [ERROR] LogOutputStream:75 - [STDERR_REDIRECT] 
2026-08-29 09:56:33,700 [ERROR] LogOutputStream:75 - [STDERR_REDIRECT] [Fatal Error] :1:1: Premature end of file.
2026-08-29 09:56:33,701 [ERROR] LogOutputStream:75 - [STDERR_REDIRECT] 
2026-08-29 09:56:34,703 [ERROR] LogOutputStream:75 - [STDERR_REDIRECT] [Fatal Error] :1:1: Premature end of file.
2026-08-29 09:56:34,704 [ERROR] LogOutputStream:75 - [STDERR_REDIRECT] 
2026-08-29 09:56:35,700 [ERROR] LogOutputStream:75 - [STDERR_REDIRECT] [Fatal Error] :1:1: Premature end of file.
2026-08-29 09:56:35,700 [ERROR] LogOutputStream:75 - [STDERR_REDIRECT] 
2026-08-29 09:56:36,702 [ERROR] LogOutputStream:75 - [STDERR_REDIRECT] [Fatal Error] :1:1: Premature end of file.
2026-08-29 09:56:36,702 [ERROR] LogOutputStream:75 - [STDERR_REDIRECT] 
2026-08-29 09:56:37,702 [ERROR] LogOutputStream:75 - [STDERR_REDIRECT] [Fatal Error] :1:1: Premature end of file.
2026-08-29 09:56:37,702 [ERROR] LogOutputStream:75 - [STDERR_REDIRECT] 
2026-08-29 09:56:38,701 [ERROR] LogOutputStream:75 - [STDERR_REDIRECT] [Fatal Error] :1:1: Premature end of file.
2026-08-29 09:56:38,701 [ERROR] LogOutputStream:75 - [STDERR_REDIRECT] 
2026-08-29 09:56:39,699 [ERROR] LogOutputStream:75 - [STDERR_REDIRECT] [Fatal Error] :1:1: Premature end of file.
2026-08-29 09:56:39,699 [ERROR] LogOutputStream:75 - [STDERR_REDIRECT] 
2026-08-29 09:56:40,699 [ERROR] LogOutputStream:75 - [STDERR_REDIRECT] [Fatal Error] :1:1: Premature end of file.
2026-08-29 09:56:40,699 [ERROR] LogOutputStream:75 - [STDERR_REDIRECT] 
2026-08-29 09:56:41,704 [ERROR] LogOutputStream:75 - [STDERR_REDIRECT] [Fatal Error] :1:1: Premature end of file.
2026-08-29 09:56:41,704 [ERROR] LogOutputStream:75 - [STDERR_REDIRECT] 
2026-08-29 09:56:42,703 [ERROR] LogOutputStream:75 - [STDERR_REDIRECT] [Fatal Error] :1:1: Premature end of file.
2026-08-29 09:56:42,703 [ERROR] LogOutputStream:75 - [STDERR_REDIRECT] 
2026-08-29 09:56:43,701 [ERROR] LogOutputStream:75 - [STDERR_REDIRECT] [Fatal Error] :1:1: Premature end of file.
2026-08-29 09:56:43,701 [ERROR] LogOutputStream:75 - [STDERR_REDIRECT] 
2026-08-29 09:56:44,700 [ERROR] LogOutputStream:75 - [STDERR_REDIRECT] [Fatal Error] :1:1: Premature end of file.
2026-08-29 09:56:44,700 [ERROR] LogOutputStream:75 - [STDERR_REDIRECT] 
2026-08-29 09:56:45,700 [ERROR] LogOutputStream:75 - [STDERR_REDIRECT] [Fatal Error] :1:1: Premature end of file.
2026-08-29 09:56:45,700 [ERROR] LogOutputStream:75 - [STDERR_REDIRECT] 
2026-08-29 09:56:46,703 [ERROR] LogOutputStream:75 - [STDERR_REDIRECT] [Fatal Error] :1:1: Premature end of file.
2026-08-29 09:56:46,703 [ERROR] LogOutputStream:75 - [STDERR_REDIRECT] 
2026-08-29 09:56:47,705 [ERROR] LogOutputStream:75 - [STDERR_REDIRECT] [Fatal Error] :1:1: Premature end of file.
2026-08-29 09:56:47,705 [ERROR] LogOutputStream:75 - [STDERR_REDIRECT] 
2026-08-29 09:56:48,699 [ERROR] LogOutputStream:75 - [STDERR_REDIRECT] [Fatal Error] :1:1: Premature end of file.
2026-08-29 09:56:48,700 [ERROR] LogOutputStream:75 - [STDERR_REDIRECT] 
2026-08-29 09:56:49,702 [ERROR] LogOutputStream:75 - [STDERR_REDIRECT] [Fatal Error] :1:1: Premature end of file.
2026-08-29 09:56:49,702 [ERROR] LogOutputStream:75 - [STDERR_REDIRECT] 
2026-08-29 09:56:50,701 [ERROR] LogOutputStream:75 - [STDERR_REDIRECT] [Fatal Error] :1:1: Premature end of file.
2026-08-29 09:56:50,701 [ERROR] LogOutputStream:75 - [STDERR_REDIRECT] 
2026-08-29 09:56:51,702 [ERROR] LogOutputStream:75 - [STDERR_REDIRECT] [Fatal Error] :1:1: Premature end of file.
2026-08-29 09:56:51,702 [ERROR] LogOutputStream:75 - [STDERR_REDIRECT] 
2026-08-29 09:56:52,701 [ERROR] LogOutputStream:75 - [STDERR_REDIRECT] [Fatal Error] :1:1: Premature end of file.
2026-08-29 09:56:52,701 [ERROR] LogOutputStream:75 - [STDERR_REDIRECT] 
2026-08-29 09:56:53,701 [ERROR] LogOutputStream:75 - [STDERR_REDIRECT] [Fatal Error] :1:1: Premature end of file.
2026-08-29 09:56:53,701 [ERROR] LogOutputStream:75 - [STDERR_REDIRECT] 
2026-08-29 09:56:54,703 [ERROR] LogOutputStream:75 - [STDERR_REDIRECT] [Fatal Error] :1:1: Premature end of file.
2026-08-29 09:56:54,703 [ERROR] LogOutputStream:75 - [STDERR_REDIRECT] 
2026-08-29 09:56:55,700 [ERROR] LogOutputStream:75 - [STDERR_REDIRECT] [Fatal Error] :1:1: Premature end of file.
2026-08-29 09:56:55,700 [ERROR] LogOutputStream:75 - [STDERR_REDIRECT] 
2026-08-29 09:56:56,703 [ERROR] LogOutputStream:75 - [STDERR_REDIRECT] [Fatal Error] :1:1: Premature end of file.
2026-08-29 09:56:56,703 [ERROR] LogOutputStream:75 - [STDERR_REDIRECT] 
2026-08-29 09:56:57,704 [ERROR] LogOutputStream:75 - [STDERR_REDIRECT] [Fatal Error] :1:1: Premature end of file.
2026-08-29 09:56:57,705 [ERROR] LogOutputStream:75 - [STDERR_REDIRECT] 
2026-08-29 09:56:58,701 [ERROR] LogOutputStream:75 - [STDERR_REDIRECT] [Fatal Error] :1:1: Premature end of file.
2026-08-29 09:56:58,701 [ERROR] LogOutputStream:75 - [STDERR_REDIRECT] 
2026-08-29 09:56:59,700 [ERROR] LogOutputStream:75 - [STDERR_REDIRECT] [Fatal Error] :1:1: Premature end of file.
2026-08-29 09:56:59,700 [ERROR] LogOutputStream:75 - [STDERR_REDIRECT] 
2026-08-29 09:57:00,702 [ERROR] LogOutputStream:75 - [STDERR_REDIRECT] [Fatal Error] :1:1: Premature end of file.
2026-08-29 09:57:00,702 [ERROR] LogOutputStream:75 - [STDERR_REDIRECT] 
2026-08-29 09:57:01,700 [ERROR] LogOutputStream:75 - [STDERR_REDIRECT] [Fatal Error] :1:1: Premature end of file.
2026-08-29 09:57:01,700 [ERROR] LogOutputStream:75 - [STDERR_REDIRECT] 
2026-08-29 09:57:02,704 [ERROR] LogOutputStream:75 - [STDERR_REDIRECT] [Fatal Error] :1:1: Premature end of file.
2026-08-29 09:57:02,704 [ERROR] LogOutputStream:75 - [STDERR_REDIRECT] 
2026-08-29 09:57:03,702 [ERROR] LogOutputStream:75 - [STDERR_REDIRECT] [Fatal Error] :1:1: Premature end of file.
2026-08-29 09:57:03,702 [ERROR] LogOutputStream:75 - [STDERR_REDIRECT] 
2026-08-29 09:57:04,700 [ERROR] LogOutputStream:75 - [STDERR_REDIRECT] [Fatal Error] :1:1: Premature end of file.
2026-08-29 09:57:04,700 [ERROR] LogOutputStream:75 - [STDERR_REDIRECT] 
2026-08-29 09:57:05,701 [ERROR] LogOutputStream:75 - [STDERR_REDIRECT] [Fatal Error] :1:1: Premature end of file.
2026-08-29 09:57:05,702 [ERROR] LogOutputStream:75 - [STDERR_REDIRECT] 
2026-08-29 09:57:06,702 [ERROR] LogOutputStream:75 - [STDERR_REDIRECT] [Fatal Error] :1:1: Premature end of file.
2026-08-29 09:57:06,702 [ERROR] LogOutputStream:75 - [STDERR_REDIRECT] 
2026-08-29 09:57:07,701 [ERROR] LogOutputStream:75 - [STDERR_REDIRECT] [Fatal Error] :1:1: Premature end of file.
2026-08-29 09:57:07,701 [ERROR] LogOutputStream:75 - [STDERR_REDIRECT] 
2026-08-29 09:57:08,701 [ERROR] LogOutputStream:75 - [STDERR_REDIRECT] [Fatal Error] :1:1: Premature end of file.
2026-08-29 09:57:08,701 [ERROR] LogOutputStream:75 - [STDERR_REDIRECT] 
2026-08-29 09:57:09,702 [ERROR] LogOutputStream:75 - [STDERR_REDIRECT] [Fatal Error] :1:1: Premature end of file.
2026-08-29 09:57:09,702 [ERROR] LogOutputStream:75 - [STDERR_REDIRECT] 
2026-08-29 09:57:10,701 [ERROR] LogOutputStream:75 - [STDERR_REDIRECT] [Fatal Error] :1:1: Premature end of file.
2026-08-29 09:57:10,701 [ERROR] LogOutputStream:75 - [STDERR_REDIRECT] 
2026-08-29 09:57:11,701 [ERROR] LogOutputStream:75 - [STDERR_REDIRECT] [Fatal Error] :1:1: Premature end of file.
2026-08-29 09:57:11,701 [ERROR] LogOutputStream:75 - [STDERR_REDIRECT] 
2026-08-29 09:57:12,702 [ERROR] LogOutputStream:75 - [STDERR_REDIRECT] [Fatal Error] :1:1: Premature end of file.
2026-08-29 09:57:12,702 [ERROR] LogOutputStream:75 - [STDERR_REDIRECT] 
2026-08-29 09:57:13,701 [ERROR] LogOutputStream:75 - [STDERR_REDIRECT] [Fatal Error] :1:1: Premature end of file.
2026-08-29 09:57:13,701 [ERROR] LogOutputStream:75 - [STDERR_REDIRECT] 
2026-08-29 09:57:14,702 [ERROR] LogOutputStream:75 - [STDERR_REDIRECT] [Fatal Error] :1:1: Premature end of file.
2026-08-29 09:57:14,702 [ERROR] LogOutputStream:75 - [STDERR_REDIRECT] 
2026-08-29 09:57:15,701 [ERROR] LogOutputStream:75 - [STDERR_REDIRECT] [Fatal Error] :1:1: Premature end of file.
2026-08-29 09:57:15,701 [ERROR] LogOutputStream:75 - [STDERR_REDIRECT] 
2026-08-29 09:57:16,700 [ERROR] LogOutputStream:75 - [STDERR_REDIRECT] [Fatal Error] :1:1: Premature end of file.
2026-08-29 09:57:16,700 [ERROR] LogOutputStream:75 - [STDERR_REDIRECT] 
2026-08-29 09:57:17,702 [ERROR] LogOutputStream:75 - [STDERR_REDIRECT] [Fatal Error] :1:1: Premature end of file.
2026-08-29 09:57:17,702 [ERROR] LogOutputStream:75 - [STDERR_REDIRECT] 
2026-08-29 09:57:18,701 [ERROR] LogOutputStream:75 - [STDERR_REDIRECT] [Fatal Error] :1:1: Premature end of file.
2026-08-29 09:57:18,701 [ERROR] LogOutputStream:75 - [STDERR_REDIRECT] 
2026-08-29 09:57:19,702 [ERROR] LogOutputStream:75 - [STDERR_REDIRECT] [Fatal Error] :1:1: Premature end of file.
2026-08-29 09:57:19,702 [ERROR] LogOutputStream:75 - [STDERR_REDIRECT] 
2026-08-29 09:57:20,700 [ERROR] LogOutputStream:75 - [STDERR_REDIRECT] [Fatal Error] :1:1: Premature end of file.
2026-08-29 09:57:20,700 [ERROR] LogOutputStream:75 - [STDERR_REDIRECT] 
2026-08-29 09:57:21,701 [ERROR] LogOutputStream:75 - [STDERR_REDIRECT] [Fatal Error] :1:1: Premature end of file.
2026-08-29 09:57:21,701 [ERROR] LogOutputStream:75 - [STDERR_REDIRECT] 
2026-08-29 09:57:22,700 [ERROR] LogOutputStream:75 - [STDERR_REDIRECT] [Fatal Error] :1:1: Premature end of file.
2026-08-29 09:57:22,701 [ERROR] LogOutputStream:75 - [STDERR_REDIRECT] 
2026-08-29 09:57:23,701 [ERROR] LogOutputStream:75 - [STDERR_REDIRECT] [Fatal Error] :1:1: Premature end of file.
2026-08-29 09:57:23,701 [ERROR] LogOutputStream:75 - [STDERR_REDIRECT] 
2026-08-29 09:57:24,701 [ERROR] LogOutputStream:75 - [STDERR_REDIRECT] [Fatal Error] :1:1: Premature end of file.
2026-08-29 09:57:24,701 [ERROR] LogOutputStream:75 - [STDERR_REDIRECT] 
2026-08-29 09:57:25,703 [ERROR] LogOutputStream:75 - [STDERR_REDIRECT] [Fatal Error] :1:1: Premature end of file.
2026-08-29 09:57:25,703 [ERROR] LogOutputStream:75 - [STDERR_REDIRECT] 
2026-08-29 09:57:26,701 [ERROR] LogOutputStream:75 - [STDERR_REDIRECT] [Fatal Error] :1:1: Premature end of file.
2026-08-29 09:57:26,702 [ERROR] LogOutputStream:75 - [STDERR_REDIRECT] 
2026-08-29 09:57:27,703 [ERROR] LogOutputStream:75 - [STDERR_REDIRECT] [Fatal Error] :1:1: Premature end of file.
2026-08-29 09:57:27,703 [ERROR] LogOutputStream:75 - [STDERR_REDIRECT] 
2026-08-29 09:57:28,702 [ERROR] LogOutputStream:75 - [STDERR_REDIRECT] [Fatal Error] :1:1: Premature end of file.
2026-08-29 09:57:28,702 [ERROR] LogOutputStream:75 - [STDERR_REDIRECT] 
2026-08-29 09:57:29,702 [ERROR] LogOutputStream:75 - [STDERR_REDIRECT] [Fatal Error] :1:1: Premature end of file.
2026-08-29 09:57:29,702 [ERROR] LogOutputStream:75 - [STDERR_REDIRECT] 
2026-08-29 09:57:30,703 [ERROR] LogOutputStream:75 - [STDERR_REDIRECT] [Fatal Error] :1:1: Premature end of file.
2026-08-29 09:57:30,703 [ERROR] LogOutputStream:75 - [STDERR_REDIRECT] 
2026-08-29 09:57:31,702 [ERROR] LogOutputStream:75 - [STDERR_REDIRECT] [Fatal Error] :1:1: Premature end of file.
2026-08-29 09:57:31,702 [ERROR] LogOutputStream:75 - [STDERR_REDIRECT] 
2026-08-29 09:57:32,705 [ERROR] LogOutputStream:75 - [STDERR_REDIRECT] [Fatal Error] :1:1: Premature end of file.
2026-08-29 09:57:32,705 [ERROR] LogOutputStream:75 - [STDERR_REDIRECT] 
2026-08-29 09:57:33,702 [ERROR] LogOutputStream:75 - [STDERR_REDIRECT] [Fatal Error] :1:1: Premature end of file.
2026-08-29 09:57:33,702 [ERROR] LogOutputStream:75 - [STDERR_REDIRECT] 
2026-08-29 09:57:34,702 [ERROR] LogOutputStream:75 - [STDERR_REDIRECT] [Fatal Error] :1:1: Premature end of file.
2026-08-29 09:57:34,702 [ERROR] LogOutputStream:75 - [STDERR_REDIRECT] 
2026-08-29 09:57:35,702 [ERROR] LogOutputStream:75 - [STDERR_REDIRECT] [Fatal Error] :1:1: Premature end of file.
2026-08-29 09:57:35,702 [ERROR] LogOutputStream:75 - [STDERR_REDIRECT] 
2026-08-29 09:57:36,707 [ERROR] LogOutputStream:75 - [STDERR_REDIRECT] [Fatal Error] :1:1: Premature end of file.
2026-08-29 09:57:36,707 [ERROR] LogOutputStream:75 - [STDERR_REDIRECT] 
2026-08-29 09:57:37,703 [ERROR] LogOutputStream:75 - [STDERR_REDIRECT] [Fatal Error] :1:1: Premature end of file.
2026-08-29 09:57:37,703 [ERROR] LogOutputStream:75 - [STDERR_REDIRECT] 
2026-08-29 09:57:38,703 [ERROR] LogOutputStream:75 - [STDERR_REDIRECT] [Fatal Error] :1:1: Premature end of file.
2026-08-29 09:57:38,703 [ERROR] LogOutputStream:75 - [STDERR_REDIRECT] 
2026-08-29 09:57:39,705 [ERROR] LogOutputStream:75 - [STDERR_REDIRECT] [Fatal Error] :1:1: Premature end of file.
2026-08-29 09:57:39,705 [ERROR] LogOutputStream:75 - [STDERR_REDIRECT] 
2026-08-29 09:57:40,705 [ERROR] LogOutputStream:75 - [STDERR_REDIRECT] [Fatal Error] :1:1: Premature end of file.
2026-08-29 09:57:40,706 [ERROR] LogOutputStream:75 - [STDERR_REDIRECT] 
2026-08-29 09:57:41,702 [ERROR] LogOutputStream:75 - [STDERR_REDIRECT] [Fatal Error] :1:1: Premature end of file.
2026-08-29 09:57:41,702 [ERROR] LogOutputStream:75 - [STDERR_REDIRECT] 
2026-08-29 09:57:42,701 [ERROR] LogOutputStream:75 - [STDERR_REDIRECT] [Fatal Error] :1:1: Premature end of file.
2026-08-29 09:57:42,701 [ERROR] LogOutputStream:75 - [STDERR_REDIRECT] 
2026-08-29 09:57:43,701 [ERROR] LogOutputStream:75 - [STDERR_REDIRECT] [Fatal Error] :1:1: Premature end of file.
2026-08-29 09:57:43,701 [ERROR] LogOutputStream:75 - [STDERR_REDIRECT] 
2026-08-29 09:57:44,701 [ERROR] LogOutputStream:75 - [STDERR_REDIRECT] [Fatal Error] :1:1: Premature end of file.
2026-08-29 09:57:44,701 [ERROR] LogOutputStream:75 - [STDERR_REDIRECT] 
2026-08-29 09:57:45,700 [ERROR] LogOutputStream:75 - [STDERR_REDIRECT] [Fatal Error] :1:1: Premature end of file.
2026-08-29 09:57:45,700 [ERROR] LogOutputStream:75 - [STDERR_REDIRECT] 
2026-08-29 09:57:46,702 [ERROR] LogOutputStream:75 - [STDERR_REDIRECT] [Fatal Error] :1:1: Premature end of file.
2026-08-29 09:57:46,702 [ERROR] LogOutputStream:75 - [STDERR_REDIRECT] 
2026-08-29 09:57:47,701 [ERROR] LogOutputStream:75 - [STDERR_REDIRECT] [Fatal Error] :1:1: Premature end of file.
2026-08-29 09:57:47,701 [ERROR] LogOutputStream:75 - [STDERR_REDIRECT] 
2026-08-29 09:57:48,700 [ERROR] LogOutputStream:75 - [STDERR_REDIRECT] [Fatal Error] :1:1: Premature end of file.
2026-08-29 09:57:48,701 [ERROR] LogOutputStream:75 - [STDERR_REDIRECT] 
2026-08-29 09:57:49,700 [ERROR] LogOutputStream:75 - [STDERR_REDIRECT] [Fatal Error] :1:1: Premature end of file.
2026-08-29 09:57:49,700 [ERROR] LogOutputStream:75 - [STDERR_REDIRECT] 
2026-08-29 09:57:50,701 [ERROR] LogOutputStream:75 - [STDERR_REDIRECT] [Fatal Error] :1:1: Premature end of file.
2026-08-29 09:57:50,701 [ERROR] LogOutputStream:75 - [STDERR_REDIRECT] 
2026-08-29 09:57:51,702 [ERROR] LogOutputStream:75 - [STDERR_REDIRECT] [Fatal Error] :1:1: Premature end of file.
2026-08-29 09:57:51,702 [ERROR] LogOutputStream:75 - [STDERR_REDIRECT] 
2026-08-29 09:57:52,703 [ERROR] LogOutputStream:75 - [STDERR_REDIRECT] [Fatal Error] :1:1: Premature end of file.
2026-08-29 09:57:52,703 [ERROR] LogOutputStream:75 - [STDERR_REDIRECT] 
2026-08-29 09:57:53,701 [ERROR] LogOutputStream:75 - [STDERR_REDIRECT] [Fatal Error] :1:1: Premature end of file.
2026-08-29 09:57:53,701 [ERROR] LogOutputStream:75 - [STDERR_REDIRECT] 
2026-08-29 09:57:54,702 [ERROR] LogOutputStream:75 - [STDERR_REDIRECT] [Fatal Error] :1:1: Premature end of file.
2026-08-29 09:57:54,702 [ERROR] LogOutputStream:75 - [STDERR_REDIRECT] 
2026-08-29 09:57:55,700 [ERROR] LogOutputStream:75 - [STDERR_REDIRECT] [Fatal Error] :1:1: Premature end of file.
2026-08-29 09:57:55,700 [ERROR] LogOutputStream:75 - [STDERR_REDIRECT] 
2026-08-29 09:57:56,703 [ERROR] LogOutputStream:75 - [STDERR_REDIRECT] [Fatal Error] :1:1: Premature end of file.
2026-08-29 09:57:56,703 [ERROR] LogOutputStream:75 - [STDERR_REDIRECT] 
2026-08-29 09:57:57,702 [ERROR] LogOutputStream:75 - [STDERR_REDIRECT] [Fatal Error] :1:1: Premature end of file.
2026-08-29 09:57:57,702 [ERROR] LogOutputStream:75 - [STDERR_REDIRECT] 
2026-08-29 09:57:58,702 [ERROR] LogOutputStream:75 - [STDERR_REDIRECT] [Fatal Error] :1:1: Premature end of file.
2026-08-29 09:57:58,702 [ERROR] LogOutputStream:75 - [STDERR_REDIRECT] 
2026-08-29 09:57:59,699 [ERROR] LogOutputStream:75 - [STDERR_REDIRECT] [Fatal Error] :1:1: Premature end of file.
2026-08-29 09:57:59,700 [ERROR] LogOutputStream:75 - [STDERR_REDIRECT] 
2026-08-29 09:58:00,701 [ERROR] LogOutputStream:75 - [STDERR_REDIRECT] [Fatal Error] :1:1: Premature end of file.
2026-08-29 09:58:00,701 [ERROR] LogOutputStream:75 - [STDERR_REDIRECT] 
2026-08-29 09:58:01,702 [ERROR] LogOutputStream:75 - [STDERR_REDIRECT] [Fatal Error] :1:1: Premature end of file.
2026-08-29 09:58:01,702 [ERROR] LogOutputStream:75 - [STDERR_REDIRECT] 
2026-08-29 09:58:02,702 [ERROR] LogOutputStream:75 - [STDERR_REDIRECT] [Fatal Error] :1:1: Premature end of file.
2026-08-29 09:58:02,702 [ERROR] LogOutputStream:75 - [STDERR_REDIRECT] 
2026-08-29 09:58:03,701 [ERROR] LogOutputStream:75 - [STDERR_REDIRECT] [Fatal Error] :1:1: Premature end of file.
2026-08-29 09:58:03,701 [ERROR] LogOutputStream:75 - [STDERR_REDIRECT] 
2026-08-29 09:58:04,702 [ERROR] LogOutputStream:75 - [STDERR_REDIRECT] [Fatal Error] :1:1: Premature end of file.
2026-08-29 09:58:04,702 [ERROR] LogOutputStream:75 - [STDERR_REDIRECT] 
2026-08-29 09:58:05,701 [ERROR] LogOutputStream:75 - [STDERR_REDIRECT] [Fatal Error] :1:1: Premature end of file.
2026-08-29 09:58:05,701 [ERROR] LogOutputStream:75 - [STDERR_REDIRECT] 
2026-08-29 09:58:06,701 [ERROR] LogOutputStream:75 - [STDERR_REDIRECT] [Fatal Error] :1:1: Premature end of file.
2026-08-29 09:58:06,701 [ERROR] LogOutputStream:75 - [STDERR_REDIRECT] 
2026-08-29 09:58:07,701 [ERROR] LogOutputStream:75 - [STDERR_REDIRECT] [Fatal Error] :1:1: Premature end of file.
2026-08-29 09:58:07,701 [ERROR] LogOutputStream:75 - [STDERR_REDIRECT] 
2026-08-29 09:58:08,701 [ERROR] LogOutputStream:75 - [STDERR_REDIRECT] [Fatal Error] :1:1: Premature end of file.
2026-08-29 09:58:08,701 [ERROR] LogOutputStream:75 - [STDERR_REDIRECT] 
2026-08-29 09:58:09,702 [ERROR] LogOutputStream:75 - [STDERR_REDIRECT] [Fatal Error] :1:1: Premature end of file.
2026-08-29 09:58:09,702 [ERROR] LogOutputStream:75 - [STDERR_REDIRECT] 
2026-08-29 09:58:10,700 [ERROR] LogOutputStream:75 - [STDERR_REDIRECT] [Fatal Error] :1:1: Premature end of file.
2026-08-29 09:58:10,700 [ERROR] LogOutputStream:75 - [STDERR_REDIRECT] 
2026-08-29 09:58:11,701 [ERROR] LogOutputStream:75 - [STDERR_REDIRECT] [Fatal Error] :1:1: Premature end of file.
2026-08-29 09:58:11,701 [ERROR] LogOutputStream:75 - [STDERR_REDIRECT] 
2026-08-29 09:58:12,702 [ERROR] LogOutputStream:75 - [STDERR_REDIRECT] [Fatal Error] :1:1: Premature end of file.
2026-08-29 09:58:12,702 [ERROR] LogOutputStream:75 - [STDERR_REDIRECT] 
2026-08-29 09:58:13,701 [ERROR] LogOutputStream:75 - [STDERR_REDIRECT] [Fatal Error] :1:1: Premature end of file.
2026-08-29 09:58:13,701 [ERROR] LogOutputStream:75 - [STDERR_REDIRECT] 
2026-08-29 09:58:14,701 [ERROR] LogOutputStream:75 - [STDERR_REDIRECT] [Fatal Error] :1:1: Premature end of file.
2026-08-29 09:58:14,701 [ERROR] LogOutputStream:75 - [STDERR_REDIRECT] 
2026-08-29 09:58:15,701 [ERROR] LogOutputStream:75 - [STDERR_REDIRECT] [Fatal Error] :1:1: Premature end of file.
2026-08-29 09:58:15,701 [ERROR] LogOutputStream:75 - [STDERR_REDIRECT] 
2026-08-29 09:58:16,702 [ERROR] LogOutputStream:75 - [STDERR_REDIRECT] [Fatal Error] :1:1: Premature end of file.
2026-08-29 09:58:16,702 [ERROR] LogOutputStream:75 - [STDERR_REDIRECT] 
2026-08-29 09:58:17,704 [ERROR] LogOutputStream:75 - [STDERR_REDIRECT] [Fatal Error] :1:1: Premature end of file.
2026-08-29 09:58:17,704 [ERROR] LogOutputStream:75 - [STDERR_REDIRECT] 
2026-08-29 09:58:18,701 [ERROR] LogOutputStream:75 - [STDERR_REDIRECT] [Fatal Error] :1:1: Premature end of file.
2026-08-29 09:58:18,701 [ERROR] LogOutputStream:75 - [STDERR_REDIRECT] 
2026-08-29 09:58:19,702 [ERROR] LogOutputStream:75 - [STDERR_REDIRECT] [Fatal Error] :1:1: Premature end of file.
2026-08-29 09:58:19,702 [ERROR] LogOutputStream:75 - [STDERR_REDIRECT] 
2026-08-29 09:58:20,700 [ERROR] LogOutputStream:75 - [STDERR_REDIRECT] [Fatal Error] :1:1: Premature end of file.
2026-08-29 09:58:20,700 [ERROR] LogOutputStream:75 - [STDERR_REDIRECT] 
2026-08-29 09:58:21,700 [ERROR] LogOutputStream:75 - [STDERR_REDIRECT] [Fatal Error] :1:1: Premature end of file.
2026-08-29 09:58:21,700 [ERROR] LogOutputStream:75 - [STDERR_REDIRECT] 
2026-08-29 09:58:22,702 [ERROR] LogOutputStream:75 - [STDERR_REDIRECT] [Fatal Error] :1:1: Premature end of file.
2026-08-29 09:58:22,702 [ERROR] LogOutputStream:75 - [STDERR_REDIRECT] 
2026-08-29 09:58:23,701 [ERROR] LogOutputStream:75 - [STDERR_REDIRECT] [Fatal Error] :1:1: Premature end of file.
2026-08-29 09:58:23,702 [ERROR] LogOutputStream:75 - [STDERR_REDIRECT] 
2026-08-29 09:58:24,700 [ERROR] LogOutputStream:75 - [STDERR_REDIRECT] [Fatal Error] :1:1: Premature end of file.
2026-08-29 09:58:24,700 [ERROR] LogOutputStream:75 - [STDERR_REDIRECT] 
2026-08-29 09:58:25,701 [ERROR] LogOutputStream:75 - [STDERR_REDIRECT] [Fatal Error] :1:1: Premature end of file.
2026-08-29 09:58:25,701 [ERROR] LogOutputStream:75 - [STDERR_REDIRECT] 
2026-08-29 09:58:26,702 [ERROR] LogOutputStream:75 - [STDERR_REDIRECT] [Fatal Error] :1:1: Premature end of file.
2026-08-29 09:58:26,702 [ERROR] LogOutputStream:75 - [STDERR_REDIRECT] 
2026-08-29 09:58:27,699 [ERROR] LogOutputStream:75 - [STDERR_REDIRECT] [Fatal Error] :1:1: Premature end of file.
2026-08-29 09:58:27,699 [ERROR] LogOutputStream:75 - [STDERR_REDIRECT] 
2026-08-29 09:58:28,703 [ERROR] LogOutputStream:75 - [STDERR_REDIRECT] [Fatal Error] :1:1: Premature end of file.
2026-08-29 09:58:28,703 [ERROR] LogOutputStream:75 - [STDERR_REDIRECT] 
2026-08-29 09:58:29,705 [ERROR] LogOutputStream:75 - [STDERR_REDIRECT] [Fatal Error] :1:1: Premature end of file.
2026-08-29 09:58:29,705 [ERROR] LogOutputStream:75 - [STDERR_REDIRECT] 
2026-08-29 09:58:30,703 [ERROR] LogOutputStream:75 - [STDERR_REDIRECT] [Fatal Error] :1:1: Premature end of file.
2026-08-29 09:58:30,703 [ERROR] LogOutputStream:75 - [STDERR_REDIRECT] 
2026-08-29 09:58:31,702 [ERROR] LogOutputStream:75 - [STDERR_REDIRECT] [Fatal Error] :1:1: Premature end of file.
2026-08-29 09:58:31,702 [ERROR] LogOutputStream:75 - [STDERR_REDIRECT] 
2026-08-29 09:58:32,702 [ERROR] LogOutputStream:75 - [STDERR_REDIRECT] [Fatal Error] :1:1: Premature end of file.
2026-08-29 09:58:32,702 [ERROR] LogOutputStream:75 - [STDERR_REDIRECT] 
2026-08-29 09:58:33,701 [ERROR] LogOutputStream:75 - [STDERR_REDIRECT] [Fatal Error] :1:1: Premature end of file.
2026-08-29 09:58:33,701 [ERROR] LogOutputStream:75 - [STDERR_REDIRECT] 
2026-08-29 09:58:34,701 [ERROR] LogOutputStream:75 - [STDERR_REDIRECT] [Fatal Error] :1:1: Premature end of file.
2026-08-29 09:58:34,701 [ERROR] LogOutputStream:75 - [STDERR_REDIRECT] 
2026-08-29 09:58:35,700 [ERROR] LogOutputStream:75 - [STDERR_REDIRECT] [Fatal Error] :1:1: Premature end of file.
2026-08-29 09:58:35,700 [ERROR] LogOutputStream:75 - [STDERR_REDIRECT] 
2026-08-29 09:58:36,702 [ERROR] LogOutputStream:75 - [STDERR_REDIRECT] [Fatal Error] :1:1: Premature end of file.
2026-08-29 09:58:36,702 [ERROR] LogOutputStream:75 - [STDERR_REDIRECT] 
2026-08-29 09:58:37,699 [ERROR] LogOutputStream:75 - [STDERR_REDIRECT] [Fatal Error] :1:1: Premature end of file.
2026-08-29 09:58:37,699 [ERROR] LogOutputStream:75 - [STDERR_REDIRECT] 
2026-08-29 09:58:38,704 [ERROR] LogOutputStream:75 - [STDERR_REDIRECT] [Fatal Error] :1:1: Premature end of file.
2026-08-29 09:58:38,704 [ERROR] LogOutputStream:75 - [STDERR_REDIRECT] 
2026-08-29 09:58:39,702 [ERROR] LogOutputStream:75 - [STDERR_REDIRECT] [Fatal Error] :1:1: Premature end of file.
2026-08-29 09:58:39,702 [ERROR] LogOutputStream:75 - [STDERR_REDIRECT] 
2026-08-29 09:58:40,701 [ERROR] LogOutputStream:75 - [STDERR_REDIRECT] [Fatal Error] :1:1: Premature end of file.
2026-08-29 09:58:40,701 [ERROR] LogOutputStream:75 - [STDERR_REDIRECT] 
2026-08-29 09:58:41,700 [ERROR] LogOutputStream:75 - [STDERR_REDIRECT] [Fatal Error] :1:1: Premature end of file.
2026-08-29 09:58:41,700 [ERROR] LogOutputStream:75 - [STDERR_REDIRECT] 
2026-08-29 09:58:42,701 [ERROR] LogOutputStream:75 - [STDERR_REDIRECT] [Fatal Error] :1:1: Premature end of file.
2026-08-29 09:58:42,701 [ERROR] LogOutputStream:75 - [STDERR_REDIRECT] 
2026-08-29 09:58:43,700 [ERROR] LogOutputStream:75 - [STDERR_REDIRECT] [Fatal Error] :1:1: Premature end of file.
2026-08-29 09:58:43,700 [ERROR] LogOutputStream:75 - [STDERR_REDIRECT] 
2026-08-29 09:58:44,701 [ERROR] LogOutputStream:75 - [STDERR_REDIRECT] [Fatal Error] :1:1: Premature end of file.
2026-08-29 09:58:44,701 [ERROR] LogOutputStream:75 - [STDERR_REDIRECT] 
2026-08-29 09:58:45,702 [ERROR] LogOutputStream:75 - [STDERR_REDIRECT] [Fatal Error] :1:1: Premature end of file.
2026-08-29 09:58:45,702 [ERROR] LogOutputStream:75 - [STDERR_REDIRECT] 
2026-08-29 09:58:46,701 [ERROR] LogOutputStream:75 - [STDERR_REDIRECT] [Fatal Error] :1:1: Premature end of file.
2026-08-29 09:58:46,701 [ERROR] LogOutputStream:75 - [STDERR_REDIRECT] 
2026-08-29 09:58:47,700 [ERROR] LogOutputStream:75 - [STDERR_REDIRECT] [Fatal Error] :1:1: Premature end of file.
2026-08-29 09:58:47,700 [ERROR] LogOutputStream:75 - [STDERR_REDIRECT] 
2026-08-29 09:58:48,700 [ERROR] LogOutputStream:75 - [STDERR_REDIRECT] [Fatal Error] :1:1: Premature end of file.
2026-08-29 09:58:48,700 [ERROR] LogOutputStream:75 - [STDERR_REDIRECT] 
2026-08-29 09:58:49,702 [ERROR] LogOutputStream:75 - [STDERR_REDIRECT] [Fatal Error] :1:1: Premature end of file.
2026-08-29 09:58:49,702 [ERROR] LogOutputStream:75 - [STDERR_REDIRECT] 
2026-08-29 09:58:50,701 [ERROR] LogOutputStream:75 - [STDERR_REDIRECT] [Fatal Error] :1:1: Premature end of file.
2026-08-29 09:58:50,701 [ERROR] LogOutputStream:75 - [STDERR_REDIRECT] 
2026-08-29 09:58:51,701 [ERROR] LogOutputStream:75 - [STDERR_REDIRECT] [Fatal Error] :1:1: Premature end of file.
2026-08-29 09:58:51,701 [ERROR] LogOutputStream:75 - [STDERR_REDIRECT] 
2026-08-29 09:58:52,700 [ERROR] LogOutputStream:75 - [STDERR_REDIRECT] [Fatal Error] :1:1: Premature end of file.
2026-08-29 09:58:52,700 [ERROR] LogOutputStream:75 - [STDERR_REDIRECT] 
2026-08-29 09:58:53,701 [ERROR] LogOutputStream:75 - [STDERR_REDIRECT] [Fatal Error] :1:1: Premature end of file.
2026-08-29 09:58:53,701 [ERROR] LogOutputStream:75 - [STDERR_REDIRECT] 
2026-08-29 09:58:54,701 [ERROR] LogOutputStream:75 - [STDERR_REDIRECT] [Fatal Error] :1:1: Premature end of file.
2026-08-29 09:58:54,702 [ERROR] LogOutputStream:75 - [STDERR_REDIRECT] 
2026-08-29 09:58:55,700 [ERROR] LogOutputStream:75 - [STDERR_REDIRECT] [Fatal Error] :1:1: Premature end of file.
2026-08-29 09:58:55,700 [ERROR] LogOutputStream:75 - [STDERR_REDIRECT] 
2026-08-29 09:58:56,703 [ERROR] LogOutputStream:75 - [STDERR_REDIRECT] [Fatal Error] :1:1: Premature end of file.
2026-08-29 09:58:56,703 [ERROR] LogOutputStream:75 - [STDERR_REDIRECT] 
2026-08-29 09:58:57,703 [ERROR] LogOutputStream:75 - [STDERR_REDIRECT] [Fatal Error] :1:1: Premature end of file.
2026-08-29 09:58:57,703 [ERROR] LogOutputStream:75 - [STDERR_REDIRECT] 
2026-08-29 09:58:58,700 [ERROR] LogOutputStream:75 - [STDERR_REDIRECT] [Fatal Error] :1:1: Premature end of file.
2026-08-29 09:58:58,700 [ERROR] LogOutputStream:75 - [STDERR_REDIRECT] 
2026-08-29 09:58:59,701 [ERROR] LogOutputStream:75 - [STDERR_REDIRECT] [Fatal Error] :1:1: Premature end of file.
2026-08-29 09:58:59,701 [ERROR] LogOutputStream:75 - [STDERR_REDIRECT] 
2026-08-29 09:59:00,699 [ERROR] LogOutputStream:75 - [STDERR_REDIRECT] [Fatal Error] :1:1: Premature end of file.
2026-08-29 09:59:00,699 [ERROR] LogOutputStream:75 - [STDERR_REDIRECT] 
2026-08-29 09:59:01,702 [ERROR] LogOutputStream:75 - [STDERR_REDIRECT] [Fatal Error] :1:1: Premature end of file.
2026-08-29 09:59:01,702 [ERROR] LogOutputStream:75 - [STDERR_REDIRECT] 
2026-08-29 09:59:02,701 [ERROR] LogOutputStream:75 - [STDERR_REDIRECT] [Fatal Error] :1:1: Premature end of file.
2026-08-29 09:59:02,701 [ERROR] LogOutputStream:75 - [STDERR_REDIRECT] 
2026-08-29 09:59:03,702 [ERROR] LogOutputStream:75 - [STDERR_REDIRECT] [Fatal Error] :1:1: Premature end of file.
2026-08-29 09:59:03,702 [ERROR] LogOutputStream:75 - [STDERR_REDIRECT] 
2026-08-29 09:59:04,701 [ERROR] LogOutputStream:75 - [STDERR_REDIRECT] [Fatal Error] :1:1: Premature end of file.
2026-08-29 09:59:04,701 [ERROR] LogOutputStream:75 - [STDERR_REDIRECT] 
2026-08-29 09:59:05,699 [ERROR] LogOutputStream:75 - [STDERR_REDIRECT] [Fatal Error] :1:1: Premature end of file.
2026-08-29 09:59:05,700 [ERROR] LogOutputStream:75 - [STDERR_REDIRECT] 
2026-08-29 09:59:06,700 [ERROR] LogOutputStream:75 - [STDERR_REDIRECT] [Fatal Error] :1:1: Premature end of file.
2026-08-29 09:59:06,700 [ERROR] LogOutputStream:75 - [STDERR_REDIRECT] 
2026-08-29 09:59:07,701 [ERROR] LogOutputStream:75 - [STDERR_REDIRECT] [Fatal Error] :1:1: Premature end of file.
2026-08-29 09:59:07,701 [ERROR] LogOutputStream:75 - [STDERR_REDIRECT] 
2026-08-29 09:59:08,700 [ERROR] LogOutputStream:75 - [STDERR_REDIRECT] [Fatal Error] :1:1: Premature end of file.
2026-08-29 09:59:08,700 [ERROR] LogOutputStream:75 - [STDERR_REDIRECT] 
2026-08-29 09:59:09,701 [ERROR] LogOutputStream:75 - [STDERR_REDIRECT] [Fatal Error] :1:1: Premature end of file.
2026-08-29 09:59:09,701 [ERROR] LogOutputStream:75 - [STDERR_REDIRECT] 
2026-08-29 09:59:10,701 [ERROR] LogOutputStream:75 - [STDERR_REDIRECT] [Fatal Error] :1:1: Premature end of file.
2026-08-29 09:59:10,701 [ERROR] LogOutputStream:75 - [STDERR_REDIRECT] 
2026-08-29 09:59:11,702 [ERROR] LogOutputStream:75 - [STDERR_REDIRECT] [Fatal Error] :1:1: Premature end of file.
2026-08-29 09:59:11,702 [ERROR] LogOutputStream:75 - [STDERR_REDIRECT] 
2026-08-29 09:59:12,700 [ERROR] LogOutputStream:75 - [STDERR_REDIRECT] [Fatal Error] :1:1: Premature end of file.
2026-08-29 09:59:12,701 [ERROR] LogOutputStream:75 - [STDERR_REDIRECT] 
2026-08-29 09:59:13,703 [ERROR] LogOutputStream:75 - [STDERR_REDIRECT] [Fatal Error] :1:1: Premature end of file.
2026-08-29 09:59:13,703 [ERROR] LogOutputStream:75 - [STDERR_REDIRECT] 
2026-08-29 09:59:14,702 [ERROR] LogOutputStream:75 - [STDERR_REDIRECT] [Fatal Error] :1:1: Premature end of file.
2026-08-29 09:59:14,702 [ERROR] LogOutputStream:75 - [STDERR_REDIRECT] 
2026-08-29 09:59:15,701 [ERROR] LogOutputStream:75 - [STDERR_REDIRECT] [Fatal Error] :1:1: Premature end of file.
2026-08-29 09:59:15,701 [ERROR] LogOutputStream:75 - [STDERR_REDIRECT] 
2026-08-29 09:59:16,702 [ERROR] LogOutputStream:75 - [STDERR_REDIRECT] [Fatal Error] :1:1: Premature end of file.
2026-08-29 09:59:16,702 [ERROR] LogOutputStream:75 - [STDERR_REDIRECT] 
2026-08-29 09:59:17,702 [ERROR] LogOutputStream:75 - [STDERR_REDIRECT] [Fatal Error] :1:1: Premature end of file.
2026-08-29 09:59:17,702 [ERROR] LogOutputStream:75 - [STDERR_REDIRECT] 
2026-08-29 09:59:18,703 [ERROR] LogOutputStream:75 - [STDERR_REDIRECT] [Fatal Error] :1:1: Premature end of file.
2026-08-29 09:59:18,703 [ERROR] LogOutputStream:75 - [STDERR_REDIRECT] 
2026-08-29 09:59:19,700 [ERROR] LogOutputStream:75 - [STDERR_REDIRECT] [Fatal Error] :1:1: Premature end of file.
2026-08-29 09:59:19,700 [ERROR] LogOutputStream:75 - [STDERR_REDIRECT] 
2026-08-29 09:59:20,704 [ERROR] LogOutputStream:75 - [STDERR_REDIRECT] [Fatal Error] :1:1: Premature end of file.
2026-08-29 09:59:20,704 [ERROR] LogOutputStream:75 - [STDERR_REDIRECT] 
2026-08-29 09:59:21,700 [ERROR] LogOutputStream:75 - [STDERR_REDIRECT] [Fatal Error] :1:1: Premature end of file.
2026-08-29 09:59:21,700 [ERROR] LogOutputStream:75 - [STDERR_REDIRECT] 
2026-08-29 09:59:22,702 [ERROR] LogOutputStream:75 - [STDERR_REDIRECT] [Fatal Error] :1:1: Premature end of file.
2026-08-29 09:59:22,702 [ERROR] LogOutputStream:75 - [STDERR_REDIRECT] 
2026-08-29 09:59:23,703 [ERROR] LogOutputStream:75 - [STDERR_REDIRECT] [Fatal Error] :1:1: Premature end of file.
2026-08-29 09:59:23,703 [ERROR] LogOutputStream:75 - [STDERR_REDIRECT] 
2026-08-29 09:59:24,701 [ERROR] LogOutputStream:75 - [STDERR_REDIRECT] [Fatal Error] :1:1: Premature end of file.
2026-08-29 09:59:24,701 [ERROR] LogOutputStream:75 - [STDERR_REDIRECT] 
2026-08-29 09:59:25,700 [ERROR] LogOutputStream:75 - [STDERR_REDIRECT] [Fatal Error] :1:1: Premature end of file.
2026-08-29 09:59:25,700 [ERROR] LogOutputStream:75 - [STDERR_REDIRECT] 
2026-08-29 09:59:26,703 [ERROR] LogOutputStream:75 - [STDERR_REDIRECT] [Fatal Error] :1:1: Premature end of file.
2026-08-29 09:59:26,703 [ERROR] LogOutputStream:75 - [STDERR_REDIRECT] 
2026-08-29 09:59:27,701 [ERROR] LogOutputStream:75 - [STDERR_REDIRECT] [Fatal Error] :1:1: Premature end of file.
2026-08-29 09:59:27,701 [ERROR] LogOutputStream:75 - [STDERR_REDIRECT] 
2026-08-29 09:59:28,701 [ERROR] LogOutputStream:75 - [STDERR_REDIRECT] [Fatal Error] :1:1: Premature end of file.
2026-08-29 09:59:28,701 [ERROR] LogOutputStream:75 - [STDERR_REDIRECT] 
2026-08-29 09:59:29,701 [ERROR] LogOutputStream:75 - [STDERR_REDIRECT] [Fatal Error] :1:1: Premature end of file.
2026-08-29 09:59:29,701 [ERROR] LogOutputStream:75 - [STDERR_REDIRECT] 
2026-08-29 09:59:30,702 [ERROR] LogOutputStream:75 - [STDERR_REDIRECT] [Fatal Error] :1:1: Premature end of file.
2026-08-29 09:59:30,702 [ERROR] LogOutputStream:75 - [STDERR_REDIRECT] 
2026-08-29 09:59:31,701 [ERROR] LogOutputStream:75 - [STDERR_REDIRECT] [Fatal Error] :1:1: Premature end of file.
2026-08-29 09:59:31,701 [ERROR] LogOutputStream:75 - [STDERR_REDIRECT] 
2026-08-29 09:59:32,700 [ERROR] LogOutputStream:75 - [STDERR_REDIRECT] [Fatal Error] :1:1: Premature end of file.
2026-08-29 09:59:32,700 [ERROR] LogOutputStream:75 - [STDERR_REDIRECT] 
2026-08-29 09:59:33,702 [ERROR] LogOutputStream:75 - [STDERR_REDIRECT] [Fatal Error] :1:1: Premature end of file.
2026-08-29 09:59:33,702 [ERROR] LogOutputStream:75 - [STDERR_REDIRECT] 
2026-08-29 09:59:34,701 [ERROR] LogOutputStream:75 - [STDERR_REDIRECT] [Fatal Error] :1:1: Premature end of file.
2026-08-29 09:59:34,701 [ERROR] LogOutputStream:75 - [STDERR_REDIRECT] 
2026-08-29 09:59:35,702 [ERROR] LogOutputStream:75 - [STDERR_REDIRECT] [Fatal Error] :1:1: Premature end of file.
2026-08-29 09:59:35,702 [ERROR] LogOutputStream:75 - [STDERR_REDIRECT] 
2026-08-29 09:59:36,701 [ERROR] LogOutputStream:75 - [STDERR_REDIRECT] [Fatal Error] :1:1: Premature end of file.
2026-08-29 09:59:36,701 [ERROR] LogOutputStream:75 - [STDERR_REDIRECT] 
2026-08-29 09:59:37,703 [ERROR] LogOutputStream:75 - [STDERR_REDIRECT] [Fatal Error] :1:1: Premature end of file.
2026-08-29 09:59:37,703 [ERROR] LogOutputStream:75 - [STDERR_REDIRECT] 
2026-08-29 09:59:38,703 [ERROR] LogOutputStream:75 - [STDERR_REDIRECT] [Fatal Error] :1:1: Premature end of file.
2026-08-29 09:59:38,703 [ERROR] LogOutputStream:75 - [STDERR_REDIRECT] 
2026-08-29 09:59:39,702 [ERROR] LogOutputStream:75 - [STDERR_REDIRECT] [Fatal Error] :1:1: Premature end of file.
2026-08-29 09:59:39,702 [ERROR] LogOutputStream:75 - [STDERR_REDIRECT] 
2026-08-29 09:59:40,700 [ERROR] LogOutputStream:75 - [STDERR_REDIRECT] [Fatal Error] :1:1: Premature end of file.
2026-08-29 09:59:40,700 [ERROR] LogOutputStream:75 - [STDERR_REDIRECT] 
2026-08-29 09:59:41,701 [ERROR] LogOutputStream:75 - [STDERR_REDIRECT] [Fatal Error] :1:1: Premature end of file.
2026-08-29 09:59:41,702 [ERROR] LogOutputStream:75 - [STDERR_REDIRECT] 
2026-08-29 09:59:42,701 [ERROR] LogOutputStream:75 - [STDERR_REDIRECT] [Fatal Error] :1:1: Premature end of file.
2026-08-29 09:59:42,701 [ERROR] LogOutputStream:75 - [STDERR_REDIRECT] 
2026-08-29 09:59:43,702 [ERROR] LogOutputStream:75 - [STDERR_REDIRECT] [Fatal Error] :1:1: Premature end of file.
2026-08-29 09:59:43,702 [ERROR] LogOutputStream:75 - [STDERR_REDIRECT] 
2026-08-29 09:59:44,702 [ERROR] LogOutputStream:75 - [STDERR_REDIRECT] [Fatal Error] :1:1: Premature end of file.
2026-08-29 09:59:44,702 [ERROR] LogOutputStream:75 - [STDERR_REDIRECT] 
2026-08-29 09:59:45,700 [ERROR] LogOutputStream:75 - [STDERR_REDIRECT] [Fatal Error] :1:1: Premature end of file.
2026-08-29 09:59:45,700 [ERROR] LogOutputStream:75 - [STDERR_REDIRECT] 
2026-08-29 09:59:46,701 [ERROR] LogOutputStream:75 - [STDERR_REDIRECT] [Fatal Error] :1:1: Premature end of file.
2026-08-29 09:59:46,701 [ERROR] LogOutputStream:75 - [STDERR_REDIRECT] 
2026-08-29 09:59:47,701 [ERROR] LogOutputStream:75 - [STDERR_REDIRECT] [Fatal Error] :1:1: Premature end of file.
2026-08-29 09:59:47,701 [ERROR] LogOutputStream:75 - [STDERR_REDIRECT] 
2026-08-29 09:59:48,701 [ERROR] LogOutputStream:75 - [STDERR_REDIRECT] [Fatal Error] :1:1: Premature end of file.
2026-08-29 09:59:48,701 [ERROR] LogOutputStream:75 - [STDERR_REDIRECT] 
2026-08-29 09:59:49,701 [ERROR] LogOutputStream:75 - [STDERR_REDIRECT] [Fatal Error] :1:1: Premature end of file.
2026-08-29 09:59:49,701 [ERROR] LogOutputStream:75 - [STDERR_REDIRECT] 
2026-08-29 09:59:50,701 [ERROR] LogOutputStream:75 - [STDERR_REDIRECT] [Fatal Error] :1:1: Premature end of file.
2026-08-29 09:59:50,701 [ERROR] LogOutputStream:75 - [STDERR_REDIRECT] 
2026-08-29 09:59:51,700 [ERROR] LogOutputStream:75 - [STDERR_REDIRECT] [Fatal Error] :1:1: Premature end of file.
2026-08-29 09:59:51,700 [ERROR] LogOutputStream:75 - [STDERR_REDIRECT] 
2026-08-29 09:59:52,701 [ERROR] LogOutputStream:75 - [STDERR_REDIRECT] [Fatal Error] :1:1: Premature end of file.
2026-08-29 09:59:52,701 [ERROR] LogOutputStream:75 - [STDERR_REDIRECT] 
2026-08-29 09:59:53,700 [ERROR] LogOutputStream:75 - [STDERR_REDIRECT] [Fatal Error] :1:1: Premature end of file.
2026-08-29 09:59:53,700 [ERROR] LogOutputStream:75 - [STDERR_REDIRECT] 
2026-08-29 09:59:54,701 [ERROR] LogOutputStream:75 - [STDERR_REDIRECT] [Fatal Error] :1:1: Premature end of file.
2026-08-29 09:59:54,701 [ERROR] LogOutputStream:75 - [STDERR_REDIRECT] 
2026-08-29 09:59:55,701 [ERROR] LogOutputStream:75 - [STDERR_REDIRECT] [Fatal Error] :1:1: Premature end of file.
2026-08-29 09:59:55,702 [ERROR] LogOutputStream:75 - [STDERR_REDIRECT] 
2026-08-29 09:59:56,701 [ERROR] LogOutputStream:75 - [STDERR_REDIRECT] [Fatal Error] :1:1: Premature end of file.
2026-08-29 09:59:56,701 [ERROR] LogOutputStream:75 - [STDERR_REDIRECT] 
2026-08-29 09:59:57,702 [ERROR] LogOutputStream:75 - [STDERR_REDIRECT] [Fatal Error] :1:1: Premature end of file.
2026-08-29 09:59:57,702 [ERROR] LogOutputStream:75 - [STDERR_REDIRECT] 
2026-08-29 09:59:58,701 [ERROR] LogOutputStream:75 - [STDERR_REDIRECT] [Fatal Error] :1:1: Premature end of file.
2026-08-29 09:59:58,701 [ERROR] LogOutputStream:75 - [STDERR_REDIRECT] 
2026-08-29 09:59:59,699 [ERROR] LogOutputStream:75 - [STDERR_REDIRECT] [Fatal Error] :1:1: Premature end of file.
2026-08-29 09:59:59,699 [ERROR] LogOutputStream:75 - [STDERR_REDIRECT] 
2026-08-29 10:00:00,703 [ERROR] LogOutputStream:75 - [STDERR_REDIRECT] [Fatal Error] :1:1: Premature end of file.
2026-08-29 10:00:00,703 [ERROR] LogOutputStream:75 - [STDERR_REDIRECT] 
2026-08-29 10:00:01,701 [ERROR] LogOutputStream:75 - [STDERR_REDIRECT] [Fatal Error] :1:1: Premature end of file.
2026-08-29 10:00:01,701 [ERROR] LogOutputStream:75 - [STDERR_REDIRECT] 
2026-08-29 10:00:02,702 [ERROR] LogOutputStream:75 - [STDERR_REDIRECT] [Fatal Error] :1:1: Premature end of file.
2026-08-29 10:00:02,702 [ERROR] LogOutputStream:75 - [STDERR_REDIRECT] 
2026-08-29 10:00:03,701 [ERROR] LogOutputStream:75 - [STDERR_REDIRECT] [Fatal Error] :1:1: Premature end of file.
2026-08-29 10:00:03,701 [ERROR] LogOutputStream:75 - [STDERR_REDIRECT] 
2026-08-29 10:00:04,701 [ERROR] LogOutputStream:75 - [STDERR_REDIRECT] [Fatal Error] :1:1: Premature end of file.
2026-08-29 10:00:04,701 [ERROR] LogOutputStream:75 - [STDERR_REDIRECT] 
2026-08-29 10:00:05,701 [ERROR] LogOutputStream:75 - [STDERR_REDIRECT] [Fatal Error] :1:1: Premature end of file.
2026-08-29 10:00:05,701 [ERROR] LogOutputStream:75 - [STDERR_REDIRECT] 
2026-08-29 10:00:06,701 [ERROR] LogOutputStream:75 - [STDERR_REDIRECT] [Fatal Error] :1:1: Premature end of file.
2026-08-29 10:00:06,701 [ERROR] LogOutputStream:75 - [STDERR_REDIRECT] 
2026-08-29 10:00:07,701 [ERROR] LogOutputStream:75 - [STDERR_REDIRECT] [Fatal Error] :1:1: Premature end of file.
2026-08-29 10:00:07,701 [ERROR] LogOutputStream:75 - [STDERR_REDIRECT] 
2026-08-29 10:00:08,700 [ERROR] LogOutputStream:75 - [STDERR_REDIRECT] [Fatal Error] :1:1: Premature end of file.
2026-08-29 10:00:08,700 [ERROR] LogOutputStream:75 - [STDERR_REDIRECT] 
2026-08-29 10:00:09,699 [ERROR] LogOutputStream:75 - [STDERR_REDIRECT] [Fatal Error] :1:1: Premature end of file.
2026-08-29 10:00:09,699 [ERROR] LogOutputStream:75 - [STDERR_REDIRECT] 
2026-08-29 10:00:10,700 [ERROR] LogOutputStream:75 - [STDERR_REDIRECT] [Fatal Error] :1:1: Premature end of file.
2026-08-29 10:00:10,700 [ERROR] LogOutputStream:75 - [STDERR_REDIRECT] 
2026-08-29 10:00:11,702 [ERROR] LogOutputStream:75 - [STDERR_REDIRECT] [Fatal Error] :1:1: Premature end of file.
2026-08-29 10:00:11,702 [ERROR] LogOutputStream:75 - [STDERR_REDIRECT] 
2026-08-29 10:00:12,701 [ERROR] LogOutputStream:75 - [STDERR_REDIRECT] [Fatal Error] :1:1: Premature end of file.
2026-08-29 10:00:12,701 [ERROR] LogOutputStream:75 - [STDERR_REDIRECT] 
2026-08-29 10:00:13,701 [ERROR] LogOutputStream:75 - [STDERR_REDIRECT] [Fatal Error] :1:1: Premature end of file.
2026-08-29 10:00:13,701 [ERROR] LogOutputStream:75 - [STDERR_REDIRECT] 
2026-08-29 10:00:14,701 [ERROR] LogOutputStream:75 - [STDERR_REDIRECT] [Fatal Error] :1:1: Premature end of file.
2026-08-29 10:00:14,701 [ERROR] LogOutputStream:75 - [STDERR_REDIRECT] 
2026-08-29 10:00:15,702 [ERROR] LogOutputStream:75 - [STDERR_REDIRECT] [Fatal Error] :1:1: Premature end of file.
2026-08-29 10:00:15,702 [ERROR] LogOutputStream:75 - [STDERR_REDIRECT] 
2026-08-29 10:00:16,701 [ERROR] LogOutputStream:75 - [STDERR_REDIRECT] [Fatal Error] :1:1: Premature end of file.
2026-08-29 10:00:16,701 [ERROR] LogOutputStream:75 - [STDERR_REDIRECT] 
2026-08-29 10:00:17,702 [ERROR] LogOutputStream:75 - [STDERR_REDIRECT] [Fatal Error] :1:1: Premature end of file.
2026-08-29 10:00:17,702 [ERROR] LogOutputStream:75 - [STDERR_REDIRECT] 
2026-08-29 10:00:18,701 [ERROR] LogOutputStream:75 - [STDERR_REDIRECT] [Fatal Error] :1:1: Premature end of file.
2026-08-29 10:00:18,701 [ERROR] LogOutputStream:75 - [STDERR_REDIRECT] 
2026-08-29 10:00:19,702 [ERROR] LogOutputStream:75 - [STDERR_REDIRECT] [Fatal Error] :1:1: Premature end of file.
2026-08-29 10:00:19,702 [ERROR] LogOutputStream:75 - [STDERR_REDIRECT] 
2026-08-29 10:00:20,700 [ERROR] LogOutputStream:75 - [STDERR_REDIRECT] [Fatal Error] :1:1: Premature end of file.
2026-08-29 10:00:20,700 [ERROR] LogOutputStream:75 - [STDERR_REDIRECT] 
2026-08-29 10:00:21,700 [ERROR] LogOutputStream:75 - [STDERR_REDIRECT] [Fatal Error] :1:1: Premature end of file.
2026-08-29 10:00:21,700 [ERROR] LogOutputStream:75 - [STDERR_REDIRECT] 
2026-08-29 10:00:22,702 [ERROR] LogOutputStream:75 - [STDERR_REDIRECT] [Fatal Error] :1:1: Premature end of file.
2026-08-29 10:00:22,702 [ERROR] LogOutputStream:75 - [STDERR_REDIRECT] 
2026-08-29 10:00:23,701 [ERROR] LogOutputStream:75 - [STDERR_REDIRECT] [Fatal Error] :1:1: Premature end of file.
2026-08-29 10:00:23,701 [ERROR] LogOutputStream:75 - [STDERR_REDIRECT] 
2026-08-29 10:00:24,702 [ERROR] LogOutputStream:75 - [STDERR_REDIRECT] [Fatal Error] :1:1: Premature end of file.
2026-08-29 10:00:24,702 [ERROR] LogOutputStream:75 - [STDERR_REDIRECT] 
2026-08-29 10:00:25,702 [ERROR] LogOutputStream:75 - [STDERR_REDIRECT] [Fatal Error] :1:1: Premature end of file.
2026-08-29 10:00:25,702 [ERROR] LogOutputStream:75 - [STDERR_REDIRECT] 
2026-08-29 10:00:26,702 [ERROR] LogOutputStream:75 - [STDERR_REDIRECT] [Fatal Error] :1:1: Premature end of file.
2026-08-29 10:00:26,702 [ERROR] LogOutputStream:75 - [STDERR_REDIRECT] 
2026-08-29 10:00:27,700 [ERROR] LogOutputStream:75 - [STDERR_REDIRECT] [Fatal Error] :1:1: Premature end of file.
2026-08-29 10:00:27,700 [ERROR] LogOutputStream:75 - [STDERR_REDIRECT] 
2026-08-29 10:00:28,701 [ERROR] LogOutputStream:75 - [STDERR_REDIRECT] [Fatal Error] :1:1: Premature end of file.
2026-08-29 10:00:28,701 [ERROR] LogOutputStream:75 - [STDERR_REDIRECT] 
2026-08-29 10:00:29,702 [ERROR] LogOutputStream:75 - [STDERR_REDIRECT] [Fatal Error] :1:1: Premature end of file.
2026-08-29 10:00:29,702 [ERROR] LogOutputStream:75 - [STDERR_REDIRECT] 
2026-08-29 10:00:30,702 [ERROR] LogOutputStream:75 - [STDERR_REDIRECT] [Fatal Error] :1:1: Premature end of file.
2026-08-29 10:00:30,702 [ERROR] LogOutputStream:75 - [STDERR_REDIRECT] 
2026-08-29 10:00:31,700 [ERROR] LogOutputStream:75 - [STDERR_REDIRECT] [Fatal Error] :1:1: Premature end of file.
2026-08-29 10:00:31,700 [ERROR] LogOutputStream:75 - [STDERR_REDIRECT] 
2026-08-29 10:00:32,703 [ERROR] LogOutputStream:75 - [STDERR_REDIRECT] [Fatal Error] :1:1: Premature end of file.
2026-08-29 10:00:32,703 [ERROR] LogOutputStream:75 - [STDERR_REDIRECT] 
2026-08-29 10:00:33,701 [ERROR] LogOutputStream:75 - [STDERR_REDIRECT] [Fatal Error] :1:1: Premature end of file.
2026-08-29 10:00:33,701 [ERROR] LogOutputStream:75 - [STDERR_REDIRECT] 
2026-08-29 10:00:34,701 [ERROR] LogOutputStream:75 - [STDERR_REDIRECT] [Fatal Error] :1:1: Premature end of file.
2026-08-29 10:00:34,701 [ERROR] LogOutputStream:75 - [STDERR_REDIRECT] 
2026-08-29 10:00:35,700 [ERROR] LogOutputStream:75 - [STDERR_REDIRECT] [Fatal Error] :1:1: Premature end of file.
2026-08-29 10:00:35,701 [ERROR] LogOutputStream:75 - [STDERR_REDIRECT] 
2026-08-29 10:00:36,702 [ERROR] LogOutputStream:75 - [STDERR_REDIRECT] [Fatal Error] :1:1: Premature end of file.
2026-08-29 10:00:36,702 [ERROR] LogOutputStream:75 - [STDERR_REDIRECT] 
2026-08-29 10:00:37,700 [ERROR] LogOutputStream:75 - [STDERR_REDIRECT] [Fatal Error] :1:1: Premature end of file.
2026-08-29 10:00:37,700 [ERROR] LogOutputStream:75 - [STDERR_REDIRECT] 
2026-08-29 10:00:38,701 [ERROR] LogOutputStream:75 - [STDERR_REDIRECT] [Fatal Error] :1:1: Premature end of file.
2026-08-29 10:00:38,702 [ERROR] LogOutputStream:75 - [STDERR_REDIRECT] 
2026-08-29 10:00:39,701 [ERROR] LogOutputStream:75 - [STDERR_REDIRECT] [Fatal Error] :1:1: Premature end of file.
2026-08-29 10:00:39,701 [ERROR] LogOutputStream:75 - [STDERR_REDIRECT] 
2026-08-29 10:00:40,702 [ERROR] LogOutputStream:75 - [STDERR_REDIRECT] [Fatal Error] :1:1: Premature end of file.
2026-08-29 10:00:40,702 [ERROR] LogOutputStream:75 - [STDERR_REDIRECT] 
2026-08-29 10:00:41,702 [ERROR] LogOutputStream:75 - [STDERR_REDIRECT] [Fatal Error] :1:1: Premature end of file.
2026-08-29 10:00:41,702 [ERROR] LogOutputStream:75 - [STDERR_REDIRECT] 
2026-08-29 10:00:42,701 [ERROR] LogOutputStream:75 - [STDERR_REDIRECT] [Fatal Error] :1:1: Premature end of file.
2026-08-29 10:00:42,701 [ERROR] LogOutputStream:75 - [STDERR_REDIRECT] 
2026-08-29 10:00:43,702 [ERROR] LogOutputStream:75 - [STDERR_REDIRECT] [Fatal Error] :1:1: Premature end of file.
2026-08-29 10:00:43,702 [ERROR] LogOutputStream:75 - [STDERR_REDIRECT] 
2026-08-29 10:00:44,701 [ERROR] LogOutputStream:75 - [STDERR_REDIRECT] [Fatal Error] :1:1: Premature end of file.
2026-08-29 10:00:44,701 [ERROR] LogOutputStream:75 - [STDERR_REDIRECT] 
2026-08-29 10:00:45,702 [ERROR] LogOutputStream:75 - [STDERR_REDIRECT] [Fatal Error] :1:1: Premature end of file.
2026-08-29 10:00:45,702 [ERROR] LogOutputStream:75 - [STDERR_REDIRECT] 
2026-08-29 10:00:46,701 [ERROR] LogOutputStream:75 - [STDERR_REDIRECT] [Fatal Error] :1:1: Premature end of file.
2026-08-29 10:00:46,701 [ERROR] LogOutputStream:75 - [STDERR_REDIRECT] 
2026-08-29 10:00:47,702 [ERROR] LogOutputStream:75 - [STDERR_REDIRECT] [Fatal Error] :1:1: Premature end of file.
2026-08-29 10:00:47,702 [ERROR] LogOutputStream:75 - [STDERR_REDIRECT] 
2026-08-29 10:00:48,701 [ERROR] LogOutputStream:75 - [STDERR_REDIRECT] [Fatal Error] :1:1: Premature end of file.
2026-08-29 10:00:48,701 [ERROR] LogOutputStream:75 - [STDERR_REDIRECT] 
2026-08-29 10:00:49,702 [ERROR] LogOutputStream:75 - [STDERR_REDIRECT] [Fatal Error] :1:1: Premature end of file.
2026-08-29 10:00:49,702 [ERROR] LogOutputStream:75 - [STDERR_REDIRECT] 
2026-08-29 10:00:50,700 [ERROR] LogOutputStream:75 - [STDERR_REDIRECT] [Fatal Error] :1:1: Premature end of file.
2026-08-29 10:00:50,700 [ERROR] LogOutputStream:75 - [STDERR_REDIRECT] 
2026-08-29 10:00:51,702 [ERROR] LogOutputStream:75 - [STDERR_REDIRECT] [Fatal Error] :1:1: Premature end of file.
2026-08-29 10:00:51,702 [ERROR] LogOutputStream:75 - [STDERR_REDIRECT] 
2026-08-29 10:00:52,701 [ERROR] LogOutputStream:75 - [STDERR_REDIRECT] [Fatal Error] :1:1: Premature end of file.
2026-08-29 10:00:52,701 [ERROR] LogOutputStream:75 - [STDERR_REDIRECT] 
2026-08-29 10:00:53,701 [ERROR] LogOutputStream:75 - [STDERR_REDIRECT] [Fatal Error] :1:1: Premature end of file.
2026-08-29 10:00:53,701 [ERROR] LogOutputStream:75 - [STDERR_REDIRECT] 
2026-08-29 10:00:54,700 [ERROR] LogOutputStream:75 - [STDERR_REDIRECT] [Fatal Error] :1:1: Premature end of file.
2026-08-29 10:00:54,700 [ERROR] LogOutputStream:75 - [STDERR_REDIRECT] 
2026-08-29 10:00:55,701 [ERROR] LogOutputStream:75 - [STDERR_REDIRECT] [Fatal Error] :1:1: Premature end of file.
2026-08-29 10:00:55,701 [ERROR] LogOutputStream:75 - [STDERR_REDIRECT] 
2026-08-29 10:00:56,703 [ERROR] LogOutputStream:75 - [STDERR_REDIRECT] [Fatal Error] :1:1: Premature end of file.
2026-08-29 10:00:56,703 [ERROR] LogOutputStream:75 - [STDERR_REDIRECT] 
2026-08-29 10:00:57,702 [ERROR] LogOutputStream:75 - [STDERR_REDIRECT] [Fatal Error] :1:1: Premature end of file.
2026-08-29 10:00:57,702 [ERROR] LogOutputStream:75 - [STDERR_REDIRECT] 
2026-08-29 10:00:58,702 [ERROR] LogOutputStream:75 - [STDERR_REDIRECT] [Fatal Error] :1:1: Premature end of file.
2026-08-29 10:00:58,702 [ERROR] LogOutputStream:75 - [STDERR_REDIRECT] 
2026-08-29 10:00:59,703 [ERROR] LogOutputStream:75 - [STDERR_REDIRECT] [Fatal Error] :1:1: Premature end of file.
2026-08-29 10:00:59,703 [ERROR] LogOutputStream:75 - [STDERR_REDIRECT] 
2026-08-29 10:01:00,700 [ERROR] LogOutputStream:75 - [STDERR_REDIRECT] [Fatal Error] :1:1: Premature end of file.
2026-08-29 10:01:00,700 [ERROR] LogOutputStream:75 - [STDERR_REDIRECT] 
2026-08-29 10:01:01,701 [ERROR] LogOutputStream:75 - [STDERR_REDIRECT] [Fatal Error] :1:1: Premature end of file.
2026-08-29 10:01:01,701 [ERROR] LogOutputStream:75 - [STDERR_REDIRECT] 
2026-08-29 10:01:02,702 [ERROR] LogOutputStream:75 - [STDERR_REDIRECT] [Fatal Error] :1:1: Premature end of file.
2026-08-29 10:01:02,702 [ERROR] LogOutputStream:75 - [STDERR_REDIRECT] 
2026-08-29 10:01:03,702 [ERROR] LogOutputStream:75 - [STDERR_REDIRECT] [Fatal Error] :1:1: Premature end of file.
2026-08-29 10:01:03,702 [ERROR] LogOutputStream:75 - [STDERR_REDIRECT] 
2026-08-29 10:01:04,701 [ERROR] LogOutputStream:75 - [STDERR_REDIRECT] [Fatal Error] :1:1: Premature end of file.
2026-08-29 10:01:04,702 [ERROR] LogOutputStream:75 - [STDERR_REDIRECT] 
2026-08-29 10:01:05,702 [ERROR] LogOutputStream:75 - [STDERR_REDIRECT] [Fatal Error] :1:1: Premature end of file.
2026-08-29 10:01:05,702 [ERROR] LogOutputStream:75 - [STDERR_REDIRECT] 
2026-08-29 10:01:06,702 [ERROR] LogOutputStream:75 - [STDERR_REDIRECT] [Fatal Error] :1:1: Premature end of file.
2026-08-29 10:01:06,702 [ERROR] LogOutputStream:75 - [STDERR_REDIRECT] 
2026-08-29 10:01:07,700 [ERROR] LogOutputStream:75 - [STDERR_REDIRECT] [Fatal Error] :1:1: Premature end of file.
2026-08-29 10:01:07,700 [ERROR] LogOutputStream:75 - [STDERR_REDIRECT] 
2026-08-29 10:01:08,702 [ERROR] LogOutputStream:75 - [STDERR_REDIRECT] [Fatal Error] :1:1: Premature end of file.
2026-08-29 10:01:08,702 [ERROR] LogOutputStream:75 - [STDERR_REDIRECT] 
2026-08-29 10:01:09,703 [ERROR] LogOutputStream:75 - [STDERR_REDIRECT] [Fatal Error] :1:1: Premature end of file.
2026-08-29 10:01:09,703 [ERROR] LogOutputStream:75 - [STDERR_REDIRECT] 
2026-08-29 10:01:10,702 [ERROR] LogOutputStream:75 - [STDERR_REDIRECT] [Fatal Error] :1:1: Premature end of file.
2026-08-29 10:01:10,702 [ERROR] LogOutputStream:75 - [STDERR_REDIRECT] 
2026-08-29 10:01:11,701 [ERROR] LogOutputStream:75 - [STDERR_REDIRECT] [Fatal Error] :1:1: Premature end of file.
2026-08-29 10:01:11,701 [ERROR] LogOutputStream:75 - [STDERR_REDIRECT] 
2026-08-29 10:01:12,701 [ERROR] LogOutputStream:75 - [STDERR_REDIRECT] [Fatal Error] :1:1: Premature end of file.
2026-08-29 10:01:12,701 [ERROR] LogOutputStream:75 - [STDERR_REDIRECT] 
2026-08-29 10:01:13,702 [ERROR] LogOutputStream:75 - [STDERR_REDIRECT] [Fatal Error] :1:1: Premature end of file.
2026-08-29 10:01:13,702 [ERROR] LogOutputStream:75 - [STDERR_REDIRECT] 
2026-08-29 10:01:14,701 [ERROR] LogOutputStream:75 - [STDERR_REDIRECT] [Fatal Error] :1:1: Premature end of file.
2026-08-29 10:01:14,701 [ERROR] LogOutputStream:75 - [STDERR_REDIRECT] 
2026-08-29 10:01:15,701 [ERROR] LogOutputStream:75 - [STDERR_REDIRECT] [Fatal Error] :1:1: Premature end of file.
2026-08-29 10:01:15,702 [ERROR] LogOutputStream:75 - [STDERR_REDIRECT] 
2026-08-29 10:01:16,702 [ERROR] LogOutputStream:75 - [STDERR_REDIRECT] [Fatal Error] :1:1: Premature end of file.
2026-08-29 10:01:16,702 [ERROR] LogOutputStream:75 - [STDERR_REDIRECT] 
2026-08-29 10:01:17,702 [ERROR] LogOutputStream:75 - [STDERR_REDIRECT] [Fatal Error] :1:1: Premature end of file.
2026-08-29 10:01:17,702 [ERROR] LogOutputStream:75 - [STDERR_REDIRECT] 
2026-08-29 10:01:18,706 [ERROR] LogOutputStream:75 - [STDERR_REDIRECT] [Fatal Error] :1:1: Premature end of file.
2026-08-29 10:01:18,706 [ERROR] LogOutputStream:75 - [STDERR_REDIRECT] 
2026-08-29 10:01:19,702 [ERROR] LogOutputStream:75 - [STDERR_REDIRECT] [Fatal Error] :1:1: Premature end of file.
2026-08-29 10:01:19,702 [ERROR] LogOutputStream:75 - [STDERR_REDIRECT] 
2026-08-29 10:01:20,701 [ERROR] LogOutputStream:75 - [STDERR_REDIRECT] [Fatal Error] :1:1: Premature end of file.
2026-08-29 10:01:20,701 [ERROR] LogOutputStream:75 - [STDERR_REDIRECT] 
2026-08-29 10:01:21,702 [ERROR] LogOutputStream:75 - [STDERR_REDIRECT] [Fatal Error] :1:1: Premature end of file.
2026-08-29 10:01:21,702 [ERROR] LogOutputStream:75 - [STDERR_REDIRECT] 
2026-08-29 10:01:22,703 [ERROR] LogOutputStream:75 - [STDERR_REDIRECT] [Fatal Error] :1:1: Premature end of file.
2026-08-29 10:01:22,703 [ERROR] LogOutputStream:75 - [STDERR_REDIRECT] 
2026-08-29 10:01:23,701 [ERROR] LogOutputStream:75 - [STDERR_REDIRECT] [Fatal Error] :1:1: Premature end of file.
2026-08-29 10:01:23,701 [ERROR] LogOutputStream:75 - [STDERR_REDIRECT] 
2026-08-29 10:01:24,702 [ERROR] LogOutputStream:75 - [STDERR_REDIRECT] [Fatal Error] :1:1: Premature end of file.
2026-08-29 10:01:24,702 [ERROR] LogOutputStream:75 - [STDERR_REDIRECT] 
2026-08-29 10:01:25,704 [ERROR] LogOutputStream:75 - [STDERR_REDIRECT] [Fatal Error] :1:1: Premature end of file.
2026-08-29 10:01:25,704 [ERROR] LogOutputStream:75 - [STDERR_REDIRECT] 
2026-08-29 10:01:25,707 [INFO] AIMainUI:1269 - Restoring parameters from IP...
2026-08-29 10:01:25,707 [INFO] AIMainUI:1392 - No old model detected
2026-08-29 10:01:25,727 [INFO] AI:955 - getUI adding AI com.st.microxplorer.plugins.ip.ai.AI@22c6a3d on STMicroelectronics.X-CUBE-AI.10.2.1
2026-08-29 10:01:26,704 [ERROR] LogOutputStream:75 - [STDERR_REDIRECT] [Fatal Error] :1:1: Premature end of file.
2026-08-29 10:01:26,704 [ERROR] LogOutputStream:75 - [STDERR_REDIRECT] 
2026-08-29 10:01:27,701 [ERROR] LogOutputStream:75 - [STDERR_REDIRECT] [Fatal Error] :1:1: Premature end of file.
2026-08-29 10:01:27,701 [ERROR] LogOutputStream:75 - [STDERR_REDIRECT] 
2026-08-29 10:01:28,702 [ERROR] LogOutputStream:75 - [STDERR_REDIRECT] [Fatal Error] :1:1: Premature end of file.
2026-08-29 10:01:28,702 [ERROR] LogOutputStream:75 - [STDERR_REDIRECT] 
2026-08-29 10:01:29,699 [ERROR] LogOutputStream:75 - [STDERR_REDIRECT] [Fatal Error] :1:1: Premature end of file.
2026-08-29 10:01:29,700 [ERROR] LogOutputStream:75 - [STDERR_REDIRECT] 
2026-08-29 10:01:30,702 [ERROR] LogOutputStream:75 - [STDERR_REDIRECT] [Fatal Error] :1:1: Premature end of file.
2026-08-29 10:01:30,702 [ERROR] LogOutputStream:75 - [STDERR_REDIRECT] 
2026-08-29 10:01:31,700 [ERROR] LogOutputStream:75 - [STDERR_REDIRECT] [Fatal Error] :1:1: Premature end of file.
2026-08-29 10:01:31,700 [ERROR] LogOutputStream:75 - [STDERR_REDIRECT] 
2026-08-29 10:01:32,701 [ERROR] LogOutputStream:75 - [STDERR_REDIRECT] [Fatal Error] :1:1: Premature end of file.
2026-08-29 10:01:32,701 [ERROR] LogOutputStream:75 - [STDERR_REDIRECT] 
2026-08-29 10:01:33,701 [ERROR] LogOutputStream:75 - [STDERR_REDIRECT] [Fatal Error] :1:1: Premature end of file.
2026-08-29 10:01:33,701 [ERROR] LogOutputStream:75 - [STDERR_REDIRECT] 
2026-08-29 10:01:34,702 [ERROR] LogOutputStream:75 - [STDERR_REDIRECT] [Fatal Error] :1:1: Premature end of file.
2026-08-29 10:01:34,702 [ERROR] LogOutputStream:75 - [STDERR_REDIRECT] 
2026-08-29 10:01:35,701 [ERROR] LogOutputStream:75 - [STDERR_REDIRECT] [Fatal Error] :1:1: Premature end of file.
2026-08-29 10:01:35,701 [ERROR] LogOutputStream:75 - [STDERR_REDIRECT] 
2026-08-29 10:01:36,701 [ERROR] LogOutputStream:75 - [STDERR_REDIRECT] [Fatal Error] :1:1: Premature end of file.
2026-08-29 10:01:36,701 [ERROR] LogOutputStream:75 - [STDERR_REDIRECT] 
2026-08-29 10:01:37,525 [INFO] AInterface:116 - AInterface using toolDir: C:/Users/student/STM32Cube/Repository//Packs/STMicroelectronics/X-CUBE-AI/10.2.1/Utilities/windows
2026-08-29 10:01:37,548 [INFO] AIModelDetailledView:2264 - Analysis status: -
2026-08-29 10:01:37,548 [INFO] AIModelDetailledView:898 - Selected model: Keras
2026-08-29 10:01:37,702 [ERROR] LogOutputStream:75 - [STDERR_REDIRECT] [Fatal Error] :1:1: Premature end of file.
2026-08-29 10:01:37,702 [ERROR] LogOutputStream:75 - [STDERR_REDIRECT] 
2026-08-29 10:01:38,701 [ERROR] LogOutputStream:75 - [STDERR_REDIRECT] [Fatal Error] :1:1: Premature end of file.
2026-08-29 10:01:38,701 [ERROR] LogOutputStream:75 - [STDERR_REDIRECT] 
2026-08-29 10:01:39,702 [ERROR] LogOutputStream:75 - [STDERR_REDIRECT] [Fatal Error] :1:1: Premature end of file.
2026-08-29 10:01:39,702 [ERROR] LogOutputStream:75 - [STDERR_REDIRECT] 
2026-08-29 10:01:40,703 [ERROR] LogOutputStream:75 - [STDERR_REDIRECT] [Fatal Error] :1:1: Premature end of file.
2026-08-29 10:01:40,703 [ERROR] LogOutputStream:75 - [STDERR_REDIRECT] 
2026-08-29 10:01:41,703 [ERROR] LogOutputStream:75 - [STDERR_REDIRECT] [Fatal Error] :1:1: Premature end of file.
2026-08-29 10:01:41,703 [ERROR] LogOutputStream:75 - [STDERR_REDIRECT] 
2026-08-29 10:01:42,700 [ERROR] LogOutputStream:75 - [STDERR_REDIRECT] [Fatal Error] :1:1: Premature end of file.
2026-08-29 10:01:42,700 [ERROR] LogOutputStream:75 - [STDERR_REDIRECT] 
2026-08-29 10:01:43,703 [ERROR] LogOutputStream:75 - [STDERR_REDIRECT] [Fatal Error] :1:1: Premature end of file.
2026-08-29 10:01:43,703 [ERROR] LogOutputStream:75 - [STDERR_REDIRECT] 
2026-08-29 10:01:44,701 [ERROR] LogOutputStream:75 - [STDERR_REDIRECT] [Fatal Error] :1:1: Premature end of file.
2026-08-29 10:01:44,701 [ERROR] LogOutputStream:75 - [STDERR_REDIRECT] 
2026-08-29 10:01:45,702 [ERROR] LogOutputStream:75 - [STDERR_REDIRECT] [Fatal Error] :1:1: Premature end of file.
2026-08-29 10:01:45,702 [ERROR] LogOutputStream:75 - [STDERR_REDIRECT] 
2026-08-29 10:01:46,701 [ERROR] LogOutputStream:75 - [STDERR_REDIRECT] [Fatal Error] :1:1: Premature end of file.
2026-08-29 10:01:46,701 [ERROR] LogOutputStream:75 - [STDERR_REDIRECT] 
2026-08-29 10:01:47,701 [ERROR] LogOutputStream:75 - [STDERR_REDIRECT] [Fatal Error] :1:1: Premature end of file.
2026-08-29 10:01:47,701 [ERROR] LogOutputStream:75 - [STDERR_REDIRECT] 
2026-08-29 10:01:48,701 [ERROR] LogOutputStream:75 - [STDERR_REDIRECT] [Fatal Error] :1:1: Premature end of file.
2026-08-29 10:01:48,701 [ERROR] LogOutputStream:75 - [STDERR_REDIRECT] 
2026-08-29 10:01:49,703 [ERROR] LogOutputStream:75 - [STDERR_REDIRECT] [Fatal Error] :1:1: Premature end of file.
2026-08-29 10:01:49,704 [ERROR] LogOutputStream:75 - [STDERR_REDIRECT] 
2026-08-29 10:01:50,702 [ERROR] LogOutputStream:75 - [STDERR_REDIRECT] [Fatal Error] :1:1: Premature end of file.
2026-08-29 10:01:50,702 [ERROR] LogOutputStream:75 - [STDERR_REDIRECT] 
2026-08-29 10:01:51,701 [ERROR] LogOutputStream:75 - [STDERR_REDIRECT] [Fatal Error] :1:1: Premature end of file.
2026-08-29 10:01:51,702 [ERROR] LogOutputStream:75 - [STDERR_REDIRECT] 
2026-08-29 10:01:52,700 [ERROR] LogOutputStream:75 - [STDERR_REDIRECT] [Fatal Error] :1:1: Premature end of file.
2026-08-29 10:01:52,700 [ERROR] LogOutputStream:75 - [STDERR_REDIRECT] 
2026-08-29 10:01:53,700 [ERROR] LogOutputStream:75 - [STDERR_REDIRECT] [Fatal Error] :1:1: Premature end of file.
2026-08-29 10:01:53,700 [ERROR] LogOutputStream:75 - [STDERR_REDIRECT] 
2026-08-29 10:01:54,239 [INFO] AIModelDetailledView:898 - Selected model: ONNX
2026-08-29 10:01:54,701 [ERROR] LogOutputStream:75 - [STDERR_REDIRECT] [Fatal Error] :1:1: Premature end of file.
2026-08-29 10:01:54,701 [ERROR] LogOutputStream:75 - [STDERR_REDIRECT] 
2026-08-29 10:01:55,700 [ERROR] LogOutputStream:75 - [STDERR_REDIRECT] [Fatal Error] :1:1: Premature end of file.
2026-08-29 10:01:55,700 [ERROR] LogOutputStream:75 - [STDERR_REDIRECT] 
2026-08-29 10:01:56,703 [ERROR] LogOutputStream:75 - [STDERR_REDIRECT] [Fatal Error] :1:1: Premature end of file.
2026-08-29 10:01:56,703 [ERROR] LogOutputStream:75 - [STDERR_REDIRECT] 
2026-08-29 10:01:57,700 [ERROR] LogOutputStream:75 - [STDERR_REDIRECT] [Fatal Error] :1:1: Premature end of file.
2026-08-29 10:01:57,700 [ERROR] LogOutputStream:75 - [STDERR_REDIRECT] 
2026-08-29 10:01:58,701 [ERROR] LogOutputStream:75 - [STDERR_REDIRECT] [Fatal Error] :1:1: Premature end of file.
2026-08-29 10:01:58,701 [ERROR] LogOutputStream:75 - [STDERR_REDIRECT] 
2026-08-29 10:01:59,703 [ERROR] LogOutputStream:75 - [STDERR_REDIRECT] [Fatal Error] :1:1: Premature end of file.
2026-08-29 10:01:59,703 [ERROR] LogOutputStream:75 - [STDERR_REDIRECT] 
2026-08-29 10:02:00,705 [ERROR] LogOutputStream:75 - [STDERR_REDIRECT] [Fatal Error] :1:1: Premature end of file.
2026-08-29 10:02:00,705 [ERROR] LogOutputStream:75 - [STDERR_REDIRECT] 
2026-08-29 10:02:01,702 [ERROR] LogOutputStream:75 - [STDERR_REDIRECT] [Fatal Error] :1:1: Premature end of file.
2026-08-29 10:02:01,702 [ERROR] LogOutputStream:75 - [STDERR_REDIRECT] 
2026-08-29 10:02:02,701 [ERROR] LogOutputStream:75 - [STDERR_REDIRECT] [Fatal Error] :1:1: Premature end of file.
2026-08-29 10:02:02,701 [ERROR] LogOutputStream:75 - [STDERR_REDIRECT] 
2026-08-29 10:02:03,700 [ERROR] LogOutputStream:75 - [STDERR_REDIRECT] [Fatal Error] :1:1: Premature end of file.
2026-08-29 10:02:03,700 [ERROR] LogOutputStream:75 - [STDERR_REDIRECT] 
2026-08-29 10:02:04,701 [ERROR] LogOutputStream:75 - [STDERR_REDIRECT] [Fatal Error] :1:1: Premature end of file.
2026-08-29 10:02:04,701 [ERROR] LogOutputStream:75 - [STDERR_REDIRECT] 
2026-08-29 10:02:05,702 [ERROR] LogOutputStream:75 - [STDERR_REDIRECT] [Fatal Error] :1:1: Premature end of file.
2026-08-29 10:02:05,702 [ERROR] LogOutputStream:75 - [STDERR_REDIRECT] 
2026-08-29 10:02:06,700 [ERROR] LogOutputStream:75 - [STDERR_REDIRECT] [Fatal Error] :1:1: Premature end of file.
2026-08-29 10:02:06,700 [ERROR] LogOutputStream:75 - [STDERR_REDIRECT] 
2026-08-29 10:02:07,700 [ERROR] LogOutputStream:75 - [STDERR_REDIRECT] [Fatal Error] :1:1: Premature end of file.
2026-08-29 10:02:07,700 [ERROR] LogOutputStream:75 - [STDERR_REDIRECT] 
2026-08-29 10:02:08,700 [ERROR] LogOutputStream:75 - [STDERR_REDIRECT] [Fatal Error] :1:1: Premature end of file.
2026-08-29 10:02:08,700 [ERROR] LogOutputStream:75 - [STDERR_REDIRECT] 
2026-08-29 10:02:09,701 [ERROR] LogOutputStream:75 - [STDERR_REDIRECT] [Fatal Error] :1:1: Premature end of file.
2026-08-29 10:02:09,701 [ERROR] LogOutputStream:75 - [STDERR_REDIRECT] 
2026-08-29 10:02:10,700 [ERROR] LogOutputStream:75 - [STDERR_REDIRECT] [Fatal Error] :1:1: Premature end of file.
2026-08-29 10:02:10,701 [ERROR] LogOutputStream:75 - [STDERR_REDIRECT] 
2026-08-29 10:02:11,701 [ERROR] LogOutputStream:75 - [STDERR_REDIRECT] [Fatal Error] :1:1: Premature end of file.
2026-08-29 10:02:11,701 [ERROR] LogOutputStream:75 - [STDERR_REDIRECT] 
2026-08-29 10:02:12,702 [ERROR] LogOutputStream:75 - [STDERR_REDIRECT] [Fatal Error] :1:1: Premature end of file.
2026-08-29 10:02:12,702 [ERROR] LogOutputStream:75 - [STDERR_REDIRECT] 
2026-08-29 10:02:13,703 [ERROR] LogOutputStream:75 - [STDERR_REDIRECT] [Fatal Error] :1:1: Premature end of file.
2026-08-29 10:02:13,704 [ERROR] LogOutputStream:75 - [STDERR_REDIRECT] 
2026-08-29 10:02:14,700 [ERROR] LogOutputStream:75 - [STDERR_REDIRECT] [Fatal Error] :1:1: Premature end of file.
2026-08-29 10:02:14,700 [ERROR] LogOutputStream:75 - [STDERR_REDIRECT] 
2026-08-29 10:02:15,700 [ERROR] LogOutputStream:75 - [STDERR_REDIRECT] [Fatal Error] :1:1: Premature end of file.
2026-08-29 10:02:15,701 [ERROR] LogOutputStream:75 - [STDERR_REDIRECT] 
2026-08-29 10:02:16,702 [ERROR] LogOutputStream:75 - [STDERR_REDIRECT] [Fatal Error] :1:1: Premature end of file.
2026-08-29 10:02:16,702 [ERROR] LogOutputStream:75 - [STDERR_REDIRECT] 
2026-08-29 10:02:17,702 [ERROR] LogOutputStream:75 - [STDERR_REDIRECT] [Fatal Error] :1:1: Premature end of file.
2026-08-29 10:02:17,702 [ERROR] LogOutputStream:75 - [STDERR_REDIRECT] 
2026-08-29 10:02:18,701 [ERROR] LogOutputStream:75 - [STDERR_REDIRECT] [Fatal Error] :1:1: Premature end of file.
2026-08-29 10:02:18,701 [ERROR] LogOutputStream:75 - [STDERR_REDIRECT] 
2026-08-29 10:02:19,701 [ERROR] LogOutputStream:75 - [STDERR_REDIRECT] [Fatal Error] :1:1: Premature end of file.
2026-08-29 10:02:19,701 [ERROR] LogOutputStream:75 - [STDERR_REDIRECT] 
2026-08-29 10:02:20,702 [ERROR] LogOutputStream:75 - [STDERR_REDIRECT] [Fatal Error] :1:1: Premature end of file.
2026-08-29 10:02:20,702 [ERROR] LogOutputStream:75 - [STDERR_REDIRECT] 
2026-08-29 10:02:21,701 [ERROR] LogOutputStream:75 - [STDERR_REDIRECT] [Fatal Error] :1:1: Premature end of file.
2026-08-29 10:02:21,701 [ERROR] LogOutputStream:75 - [STDERR_REDIRECT] 
2026-08-29 10:02:22,700 [ERROR] LogOutputStream:75 - [STDERR_REDIRECT] [Fatal Error] :1:1: Premature end of file.
2026-08-29 10:02:22,700 [ERROR] LogOutputStream:75 - [STDERR_REDIRECT] 
2026-08-29 10:02:23,701 [ERROR] LogOutputStream:75 - [STDERR_REDIRECT] [Fatal Error] :1:1: Premature end of file.
2026-08-29 10:02:23,701 [ERROR] LogOutputStream:75 - [STDERR_REDIRECT] 
2026-08-29 10:02:24,700 [ERROR] LogOutputStream:75 - [STDERR_REDIRECT] [Fatal Error] :1:1: Premature end of file.
2026-08-29 10:02:24,700 [ERROR] LogOutputStream:75 - [STDERR_REDIRECT] 
2026-08-29 10:02:25,701 [ERROR] LogOutputStream:75 - [STDERR_REDIRECT] [Fatal Error] :1:1: Premature end of file.
2026-08-29 10:02:25,701 [ERROR] LogOutputStream:75 - [STDERR_REDIRECT] 
2026-08-29 10:02:26,703 [ERROR] LogOutputStream:75 - [STDERR_REDIRECT] [Fatal Error] :1:1: Premature end of file.
2026-08-29 10:02:26,703 [ERROR] LogOutputStream:75 - [STDERR_REDIRECT] 
2026-08-29 10:02:27,701 [ERROR] LogOutputStream:75 - [STDERR_REDIRECT] [Fatal Error] :1:1: Premature end of file.
2026-08-29 10:02:27,701 [ERROR] LogOutputStream:75 - [STDERR_REDIRECT] 
2026-08-29 10:02:28,701 [ERROR] LogOutputStream:75 - [STDERR_REDIRECT] [Fatal Error] :1:1: Premature end of file.
2026-08-29 10:02:28,701 [ERROR] LogOutputStream:75 - [STDERR_REDIRECT] 
2026-08-29 10:02:29,702 [ERROR] LogOutputStream:75 - [STDERR_REDIRECT] [Fatal Error] :1:1: Premature end of file.
2026-08-29 10:02:29,702 [ERROR] LogOutputStream:75 - [STDERR_REDIRECT] 
2026-08-29 10:02:30,699 [ERROR] LogOutputStream:75 - [STDERR_REDIRECT] [Fatal Error] :1:1: Premature end of file.
2026-08-29 10:02:30,699 [ERROR] LogOutputStream:75 - [STDERR_REDIRECT] 
2026-08-29 10:02:31,702 [ERROR] LogOutputStream:75 - [STDERR_REDIRECT] [Fatal Error] :1:1: Premature end of file.
2026-08-29 10:02:31,702 [ERROR] LogOutputStream:75 - [STDERR_REDIRECT] 
2026-08-29 10:02:32,702 [ERROR] LogOutputStream:75 - [STDERR_REDIRECT] [Fatal Error] :1:1: Premature end of file.
2026-08-29 10:02:32,702 [ERROR] LogOutputStream:75 - [STDERR_REDIRECT] 
2026-08-29 10:02:33,700 [ERROR] LogOutputStream:75 - [STDERR_REDIRECT] [Fatal Error] :1:1: Premature end of file.
2026-08-29 10:02:33,700 [ERROR] LogOutputStream:75 - [STDERR_REDIRECT] 
2026-08-29 10:02:34,701 [ERROR] LogOutputStream:75 - [STDERR_REDIRECT] [Fatal Error] :1:1: Premature end of file.
2026-08-29 10:02:34,701 [ERROR] LogOutputStream:75 - [STDERR_REDIRECT] 
2026-08-29 10:02:35,702 [ERROR] LogOutputStream:75 - [STDERR_REDIRECT] [Fatal Error] :1:1: Premature end of file.
2026-08-29 10:02:35,702 [ERROR] LogOutputStream:75 - [STDERR_REDIRECT] 
2026-08-29 10:02:36,699 [ERROR] LogOutputStream:75 - [STDERR_REDIRECT] [Fatal Error] :1:1: Premature end of file.
2026-08-29 10:02:36,699 [ERROR] LogOutputStream:75 - [STDERR_REDIRECT] 
2026-08-29 10:02:37,702 [ERROR] LogOutputStream:75 - [STDERR_REDIRECT] [Fatal Error] :1:1: Premature end of file.
2026-08-29 10:02:37,702 [ERROR] LogOutputStream:75 - [STDERR_REDIRECT] 
2026-08-29 10:02:38,700 [ERROR] LogOutputStream:75 - [STDERR_REDIRECT] [Fatal Error] :1:1: Premature end of file.
2026-08-29 10:02:38,700 [ERROR] LogOutputStream:75 - [STDERR_REDIRECT] 
2026-08-29 10:02:39,702 [ERROR] LogOutputStream:75 - [STDERR_REDIRECT] [Fatal Error] :1:1: Premature end of file.
2026-08-29 10:02:39,702 [ERROR] LogOutputStream:75 - [STDERR_REDIRECT] 
2026-08-29 10:02:40,702 [ERROR] LogOutputStream:75 - [STDERR_REDIRECT] [Fatal Error] :1:1: Premature end of file.
2026-08-29 10:02:40,702 [ERROR] LogOutputStream:75 - [STDERR_REDIRECT] 
2026-08-29 10:02:41,701 [ERROR] LogOutputStream:75 - [STDERR_REDIRECT] [Fatal Error] :1:1: Premature end of file.
2026-08-29 10:02:41,701 [ERROR] LogOutputStream:75 - [STDERR_REDIRECT] 
2026-08-29 10:02:42,701 [ERROR] LogOutputStream:75 - [STDERR_REDIRECT] [Fatal Error] :1:1: Premature end of file.
2026-08-29 10:02:42,701 [ERROR] LogOutputStream:75 - [STDERR_REDIRECT] 
2026-08-29 10:02:43,700 [ERROR] LogOutputStream:75 - [STDERR_REDIRECT] [Fatal Error] :1:1: Premature end of file.
2026-08-29 10:02:43,700 [ERROR] LogOutputStream:75 - [STDERR_REDIRECT] 
2026-08-29 10:02:44,700 [ERROR] LogOutputStream:75 - [STDERR_REDIRECT] [Fatal Error] :1:1: Premature end of file.
2026-08-29 10:02:44,701 [ERROR] LogOutputStream:75 - [STDERR_REDIRECT] 
2026-08-29 10:02:45,702 [ERROR] LogOutputStream:75 - [STDERR_REDIRECT] [Fatal Error] :1:1: Premature end of file.
2026-08-29 10:02:45,702 [ERROR] LogOutputStream:75 - [STDERR_REDIRECT] 
2026-08-29 10:02:46,700 [ERROR] LogOutputStream:75 - [STDERR_REDIRECT] [Fatal Error] :1:1: Premature end of file.
2026-08-29 10:02:46,700 [ERROR] LogOutputStream:75 - [STDERR_REDIRECT] 
2026-08-29 10:02:47,701 [ERROR] LogOutputStream:75 - [STDERR_REDIRECT] [Fatal Error] :1:1: Premature end of file.
2026-08-29 10:02:47,701 [ERROR] LogOutputStream:75 - [STDERR_REDIRECT] 
2026-08-29 10:02:48,702 [ERROR] LogOutputStream:75 - [STDERR_REDIRECT] [Fatal Error] :1:1: Premature end of file.
2026-08-29 10:02:48,702 [ERROR] LogOutputStream:75 - [STDERR_REDIRECT] 
2026-08-29 10:02:49,701 [ERROR] LogOutputStream:75 - [STDERR_REDIRECT] [Fatal Error] :1:1: Premature end of file.
2026-08-29 10:02:49,701 [ERROR] LogOutputStream:75 - [STDERR_REDIRECT] 
2026-08-29 10:02:50,703 [ERROR] LogOutputStream:75 - [STDERR_REDIRECT] [Fatal Error] :1:1: Premature end of file.
2026-08-29 10:02:50,703 [ERROR] LogOutputStream:75 - [STDERR_REDIRECT] 
2026-08-29 10:02:51,700 [ERROR] LogOutputStream:75 - [STDERR_REDIRECT] [Fatal Error] :1:1: Premature end of file.
2026-08-29 10:02:51,700 [ERROR] LogOutputStream:75 - [STDERR_REDIRECT] 
2026-08-29 10:02:52,702 [ERROR] LogOutputStream:75 - [STDERR_REDIRECT] [Fatal Error] :1:1: Premature end of file.
2026-08-29 10:02:52,702 [ERROR] LogOutputStream:75 - [STDERR_REDIRECT] 
2026-08-29 10:02:53,699 [ERROR] LogOutputStream:75 - [STDERR_REDIRECT] [Fatal Error] :1:1: Premature end of file.
2026-08-29 10:02:53,699 [ERROR] LogOutputStream:75 - [STDERR_REDIRECT] 
2026-08-29 10:02:54,701 [ERROR] LogOutputStream:75 - [STDERR_REDIRECT] [Fatal Error] :1:1: Premature end of file.
2026-08-29 10:02:54,701 [ERROR] LogOutputStream:75 - [STDERR_REDIRECT] 
2026-08-29 10:02:55,705 [ERROR] LogOutputStream:75 - [STDERR_REDIRECT] [Fatal Error] :1:1: Premature end of file.
2026-08-29 10:02:55,705 [ERROR] LogOutputStream:75 - [STDERR_REDIRECT] 
2026-08-29 10:02:56,702 [ERROR] LogOutputStream:75 - [STDERR_REDIRECT] [Fatal Error] :1:1: Premature end of file.
2026-08-29 10:02:56,702 [ERROR] LogOutputStream:75 - [STDERR_REDIRECT] 
2026-08-29 10:02:57,701 [ERROR] LogOutputStream:75 - [STDERR_REDIRECT] [Fatal Error] :1:1: Premature end of file.
2026-08-29 10:02:57,701 [ERROR] LogOutputStream:75 - [STDERR_REDIRECT] 
2026-08-29 10:02:58,701 [ERROR] LogOutputStream:75 - [STDERR_REDIRECT] [Fatal Error] :1:1: Premature end of file.
2026-08-29 10:02:58,701 [ERROR] LogOutputStream:75 - [STDERR_REDIRECT] 
2026-08-29 10:02:59,701 [ERROR] LogOutputStream:75 - [STDERR_REDIRECT] [Fatal Error] :1:1: Premature end of file.
2026-08-29 10:02:59,701 [ERROR] LogOutputStream:75 - [STDERR_REDIRECT] 
2026-08-29 10:03:00,702 [ERROR] LogOutputStream:75 - [STDERR_REDIRECT] [Fatal Error] :1:1: Premature end of file.
2026-08-29 10:03:00,702 [ERROR] LogOutputStream:75 - [STDERR_REDIRECT] 
2026-08-29 10:03:01,702 [ERROR] LogOutputStream:75 - [STDERR_REDIRECT] [Fatal Error] :1:1: Premature end of file.
2026-08-29 10:03:01,702 [ERROR] LogOutputStream:75 - [STDERR_REDIRECT] 
2026-08-29 10:03:02,700 [ERROR] LogOutputStream:75 - [STDERR_REDIRECT] [Fatal Error] :1:1: Premature end of file.
2026-08-29 10:03:02,700 [ERROR] LogOutputStream:75 - [STDERR_REDIRECT] 
2026-08-29 10:03:03,701 [ERROR] LogOutputStream:75 - [STDERR_REDIRECT] [Fatal Error] :1:1: Premature end of file.
2026-08-29 10:03:03,702 [ERROR] LogOutputStream:75 - [STDERR_REDIRECT] 
2026-08-29 10:03:04,701 [ERROR] LogOutputStream:75 - [STDERR_REDIRECT] [Fatal Error] :1:1: Premature end of file.
2026-08-29 10:03:04,702 [ERROR] LogOutputStream:75 - [STDERR_REDIRECT] 
2026-08-29 10:03:05,702 [ERROR] LogOutputStream:75 - [STDERR_REDIRECT] [Fatal Error] :1:1: Premature end of file.
2026-08-29 10:03:05,702 [ERROR] LogOutputStream:75 - [STDERR_REDIRECT] 
2026-08-29 10:03:06,702 [ERROR] LogOutputStream:75 - [STDERR_REDIRECT] [Fatal Error] :1:1: Premature end of file.
2026-08-29 10:03:06,702 [ERROR] LogOutputStream:75 - [STDERR_REDIRECT] 
2026-08-29 10:03:07,675 [INFO] AInterface:259 - ModelName:network; files:[D:\tinyML_Workspace\TinyML\ONNX\mlp_model.onnx]; type:ONNX; compression:None
2026-08-29 10:03:07,676 [INFO] AInterface:526 - workspaceTempDir: C:/Users/student/AppData/Local/Temp/mxAI_workspace244915989345600164380394287609601
2026-08-29 10:03:07,677 [INFO] AInterface:1179 - Setting Env: C:/Users/student/STM32Cube/Repository//Packs/STMicroelectronics/X-CUBE-AI/10.2.1/Utilities/windows
2026-08-29 10:03:07,711 [ERROR] LogOutputStream:75 - [STDERR_REDIRECT] [Fatal Error] :1:1: Premature end of file.
2026-08-29 10:03:07,711 [ERROR] LogOutputStream:75 - [STDERR_REDIRECT] 
2026-08-29 10:03:07,770 [INFO] STM32CubeIDEBuilder:265 - Looking for gnu-tools-for-stm32 tools/bin/arm-none-eabi-gcc.exe in C:\ST\STM32CubeIDE_1.19.0\STM32CubeIDE
2026-08-29 10:03:07,772 [INFO] STM32CubeIDEBuilder:294 - checking C:\ST\STM32CubeIDE_1.19.0\STM32CubeIDE\plugins\com.st.stm32cube.ide.mcu.externaltools.gnu-tools-for-stm32.13.3.rel1.win32_1.0.0.202411081344\tools\bin\arm-none-eabi-gcc.exe
2026-08-29 10:03:07,773 [INFO] STM32CubeIDEBuilder:297 - ret=C:\ST\STM32CubeIDE_1.19.0\STM32CubeIDE\plugins\com.st.stm32cube.ide.mcu.externaltools.gnu-tools-for-stm32.13.3.rel1.win32_1.0.0.202411081344\tools\bin\arm-none-eabi-gcc.exe
2026-08-29 10:03:07,773 [INFO] STM32CubeIDEBuilder:311 - returning C:\ST\STM32CubeIDE_1.19.0\STM32CubeIDE\plugins\com.st.stm32cube.ide.mcu.externaltools.gnu-tools-for-stm32.13.3.rel1.win32_1.0.0.202411081344\tools\bin\arm-none-eabi-gcc.exe
2026-08-29 10:03:07,773 [INFO] AInterface:1236 - Custom PATH variable: C:/Users/student/STM32Cube/Repository//Packs/STMicroelectronics/X-CUBE-AI/10.2.1/Utilities/windows;C:/Users/student/STM32Cube/Repository//Packs/STMicroelectronics/X-CUBE-AI/10.2.1/Utilities/windows/mingw64/bin;C:/Users/student/STM32Cube/Repository//Packs/STMicroelectronics/X-CUBE-AI/10.2.1/Utilities/windows/mingw64/libexec/gcc/x86_64-w64-mingw32/7.3.0;;C:\ST\STM32CubeIDE_1.19.0\STM32CubeIDE\plugins\com.st.stm32cube.ide.mcu.externaltools.gnu-tools-for-stm32.13.3.rel1.win32_1.0.0.202411081344\tools\bin
2026-08-29 10:03:07,777 [INFO] CmdLine:115 - Command: C:/Users/student/STM32Cube/Repository//Packs/STMicroelectronics/X-CUBE-AI/10.2.1/Utilities/windows/stedgeai.exe analyze --target stm32l4 --name network -m D:/tinyML_Workspace/TinyML/ONNX/mlp_model.onnx --compression none --verbosity 1 --workspace C:/Users/student/AppData/Local/Temp/mxAI_workspace244915989345600164380394287609601 --output C:/Users/student/.stm32cubemx/network_output
2026-08-29 10:03:07,777 [INFO] AIModelDetailledView:2264 - Analysis status: pending
2026-08-29 10:03:07,961 [INFO] CmdLine:76 - Error, long paths are not enabled on your machine.
2026-08-29 10:03:07,962 [INFO] CmdLine:76 - Please set HKEY_LOCAL_MACHINE\SYSTEM\CurrentControlSet\Control\FileSystem LongPathsEnabled key to 1
2026-08-29 10:03:07,962 [INFO] CmdLine:148 - stedgeai exit with status: 1
2026-08-29 10:03:07,962 [ERROR] CmdLine:151 - stedgeai return with an error
2026-08-29 10:03:07,963 [INFO] CmdLine:76 - or install the product in a directory with 40 characters maximum path length
2026-08-29 10:03:08,016 [ERROR] AIModelDetailledView:2643 - Analyze fail on the AI model
2026-08-29 10:03:08,018 [INFO] AIModelDetailledView:2264 - Analysis status: error
2026-08-29 10:03:08,701 [ERROR] LogOutputStream:75 - [STDERR_REDIRECT] [Fatal Error] :1:1: Premature end of file.
2026-08-29 10:03:08,701 [ERROR] LogOutputStream:75 - [STDERR_REDIRECT] 
2026-08-29 10:03:09,700 [ERROR] LogOutputStream:75 - [STDERR_REDIRECT] [Fatal Error] :1:1: Premature end of file.
2026-08-29 10:03:09,701 [ERROR] LogOutputStream:75 - [STDERR_REDIRECT] 
2026-08-29 10:03:10,703 [ERROR] LogOutputStream:75 - [STDERR_REDIRECT] [Fatal Error] :1:1: Premature end of file.
2026-08-29 10:03:10,703 [ERROR] LogOutputStream:75 - [STDERR_REDIRECT] 
2026-08-29 10:03:11,701 [ERROR] LogOutputStream:75 - [STDERR_REDIRECT] [Fatal Error] :1:1: Premature end of file.
2026-08-29 10:03:11,702 [ERROR] LogOutputStream:75 - [STDERR_REDIRECT] 
2026-08-29 10:03:12,701 [ERROR] LogOutputStream:75 - [STDERR_REDIRECT] [Fatal Error] :1:1: Premature end of file.
2026-08-29 10:03:12,701 [ERROR] LogOutputStream:75 - [STDERR_REDIRECT] 
2026-08-29 10:03:13,700 [ERROR] LogOutputStream:75 - [STDERR_REDIRECT] [Fatal Error] :1:1: Premature end of file.
2026-08-29 10:03:13,701 [ERROR] LogOutputStream:75 - [STDERR_REDIRECT] 
2026-08-29 10:03:14,705 [ERROR] LogOutputStream:75 - [STDERR_REDIRECT] [Fatal Error] :1:1: Premature end of file.
2026-08-29 10:03:14,705 [ERROR] LogOutputStream:75 - [STDERR_REDIRECT] 
2026-08-29 10:03:15,702 [ERROR] LogOutputStream:75 - [STDERR_REDIRECT] [Fatal Error] :1:1: Premature end of file.
2026-08-29 10:03:15,703 [ERROR] LogOutputStream:75 - [STDERR_REDIRECT] 
2026-08-29 10:03:16,702 [ERROR] LogOutputStream:75 - [STDERR_REDIRECT] [Fatal Error] :1:1: Premature end of file.
2026-08-29 10:03:16,702 [ERROR] LogOutputStream:75 - [STDERR_REDIRECT] 
2026-08-29 10:03:17,702 [ERROR] LogOutputStream:75 - [STDERR_REDIRECT] [Fatal Error] :1:1: Premature end of file.
2026-08-29 10:03:17,702 [ERROR] LogOutputStream:75 - [STDERR_REDIRECT] 
2026-08-29 10:03:18,703 [ERROR] LogOutputStream:75 - [STDERR_REDIRECT] [Fatal Error] :1:1: Premature end of file.
2026-08-29 10:03:18,703 [ERROR] LogOutputStream:75 - [STDERR_REDIRECT] 
2026-08-29 10:03:19,702 [ERROR] LogOutputStream:75 - [STDERR_REDIRECT] [Fatal Error] :1:1: Premature end of file.
2026-08-29 10:03:19,702 [ERROR] LogOutputStream:75 - [STDERR_REDIRECT] 
2026-08-29 10:03:20,702 [ERROR] LogOutputStream:75 - [STDERR_REDIRECT] [Fatal Error] :1:1: Premature end of file.
2026-08-29 10:03:20,702 [ERROR] LogOutputStream:75 - [STDERR_REDIRECT] 
2026-08-29 10:03:21,703 [ERROR] LogOutputStream:75 - [STDERR_REDIRECT] [Fatal Error] :1:1: Premature end of file.
2026-08-29 10:03:21,703 [ERROR] LogOutputStream:75 - [STDERR_REDIRECT] 
2026-08-29 10:03:22,701 [ERROR] LogOutputStream:75 - [STDERR_REDIRECT] [Fatal Error] :1:1: Premature end of file.
2026-08-29 10:03:22,701 [ERROR] LogOutputStream:75 - [STDERR_REDIRECT] 
2026-08-29 10:03:23,700 [ERROR] LogOutputStream:75 - [STDERR_REDIRECT] [Fatal Error] :1:1: Premature end of file.
2026-08-29 10:03:23,701 [ERROR] LogOutputStream:75 - [STDERR_REDIRECT] 
2026-08-29 10:03:24,701 [ERROR] LogOutputStream:75 - [STDERR_REDIRECT] [Fatal Error] :1:1: Premature end of file.
2026-08-29 10:03:24,701 [ERROR] LogOutputStream:75 - [STDERR_REDIRECT] 
2026-08-29 10:03:25,699 [ERROR] LogOutputStream:75 - [STDERR_REDIRECT] [Fatal Error] :1:1: Premature end of file.
2026-08-29 10:03:25,699 [ERROR] LogOutputStream:75 - [STDERR_REDIRECT] 
2026-08-29 10:03:26,702 [ERROR] LogOutputStream:75 - [STDERR_REDIRECT] [Fatal Error] :1:1: Premature end of file.
2026-08-29 10:03:26,702 [ERROR] LogOutputStream:75 - [STDERR_REDIRECT] 
2026-08-29 10:03:27,702 [ERROR] LogOutputStream:75 - [STDERR_REDIRECT] [Fatal Error] :1:1: Premature end of file.
2026-08-29 10:03:27,702 [ERROR] LogOutputStream:75 - [STDERR_REDIRECT] 
2026-08-29 10:03:28,701 [ERROR] LogOutputStream:75 - [STDERR_REDIRECT] [Fatal Error] :1:1: Premature end of file.
2026-08-29 10:03:28,701 [ERROR] LogOutputStream:75 - [STDERR_REDIRECT] 
2026-08-29 10:03:29,703 [ERROR] LogOutputStream:75 - [STDERR_REDIRECT] [Fatal Error] :1:1: Premature end of file.
2026-08-29 10:03:29,703 [ERROR] LogOutputStream:75 - [STDERR_REDIRECT] 
2026-08-29 10:03:30,702 [ERROR] LogOutputStream:75 - [STDERR_REDIRECT] [Fatal Error] :1:1: Premature end of file.
2026-08-29 10:03:30,702 [ERROR] LogOutputStream:75 - [STDERR_REDIRECT] 
2026-08-29 10:03:31,700 [ERROR] LogOutputStream:75 - [STDERR_REDIRECT] [Fatal Error] :1:1: Premature end of file.
2026-08-29 10:03:31,700 [ERROR] LogOutputStream:75 - [STDERR_REDIRECT] 
2026-08-29 10:03:32,703 [ERROR] LogOutputStream:75 - [STDERR_REDIRECT] [Fatal Error] :1:1: Premature end of file.
2026-08-29 10:03:32,703 [ERROR] LogOutputStream:75 - [STDERR_REDIRECT] 
2026-08-29 10:03:33,701 [ERROR] LogOutputStream:75 - [STDERR_REDIRECT] [Fatal Error] :1:1: Premature end of file.
2026-08-29 10:03:33,702 [ERROR] LogOutputStream:75 - [STDERR_REDIRECT] 
2026-08-29 10:03:34,702 [ERROR] LogOutputStream:75 - [STDERR_REDIRECT] [Fatal Error] :1:1: Premature end of file.
2026-08-29 10:03:34,702 [ERROR] LogOutputStream:75 - [STDERR_REDIRECT] 
2026-08-29 10:03:35,701 [ERROR] LogOutputStream:75 - [STDERR_REDIRECT] [Fatal Error] :1:1: Premature end of file.
2026-08-29 10:03:35,701 [ERROR] LogOutputStream:75 - [STDERR_REDIRECT] 
2026-08-29 10:03:36,700 [ERROR] LogOutputStream:75 - [STDERR_REDIRECT] [Fatal Error] :1:1: Premature end of file.
2026-08-29 10:03:36,700 [ERROR] LogOutputStream:75 - [STDERR_REDIRECT] 
2026-08-29 10:03:37,700 [ERROR] LogOutputStream:75 - [STDERR_REDIRECT] [Fatal Error] :1:1: Premature end of file.
2026-08-29 10:03:37,700 [ERROR] LogOutputStream:75 - [STDERR_REDIRECT] 
2026-08-29 10:03:38,702 [ERROR] LogOutputStream:75 - [STDERR_REDIRECT] [Fatal Error] :1:1: Premature end of file.
2026-08-29 10:03:38,702 [ERROR] LogOutputStream:75 - [STDERR_REDIRECT] 
2026-08-29 10:03:39,703 [ERROR] LogOutputStream:75 - [STDERR_REDIRECT] [Fatal Error] :1:1: Premature end of file.
2026-08-29 10:03:39,703 [ERROR] LogOutputStream:75 - [STDERR_REDIRECT] 
2026-08-29 10:03:40,701 [ERROR] LogOutputStream:75 - [STDERR_REDIRECT] [Fatal Error] :1:1: Premature end of file.
2026-08-29 10:03:40,701 [ERROR] LogOutputStream:75 - [STDERR_REDIRECT] 
2026-08-29 10:03:41,702 [ERROR] LogOutputStream:75 - [STDERR_REDIRECT] [Fatal Error] :1:1: Premature end of file.
2026-08-29 10:03:41,702 [ERROR] LogOutputStream:75 - [STDERR_REDIRECT] 
2026-08-29 10:03:42,702 [ERROR] LogOutputStream:75 - [STDERR_REDIRECT] [Fatal Error] :1:1: Premature end of file.
2026-08-29 10:03:42,702 [ERROR] LogOutputStream:75 - [STDERR_REDIRECT] 
2026-08-29 10:03:43,700 [ERROR] LogOutputStream:75 - [STDERR_REDIRECT] [Fatal Error] :1:1: Premature end of file.
2026-08-29 10:03:43,700 [ERROR] LogOutputStream:75 - [STDERR_REDIRECT] 
2026-08-29 10:03:44,702 [ERROR] LogOutputStream:75 - [STDERR_REDIRECT] [Fatal Error] :1:1: Premature end of file.
2026-08-29 10:03:44,702 [ERROR] LogOutputStream:75 - [STDERR_REDIRECT] 
2026-08-29 10:03:45,701 [ERROR] LogOutputStream:75 - [STDERR_REDIRECT] [Fatal Error] :1:1: Premature end of file.
2026-08-29 10:03:45,701 [ERROR] LogOutputStream:75 - [STDERR_REDIRECT] 
2026-08-29 10:03:46,701 [ERROR] LogOutputStream:75 - [STDERR_REDIRECT] [Fatal Error] :1:1: Premature end of file.
2026-08-29 10:03:46,702 [ERROR] LogOutputStream:75 - [STDERR_REDIRECT] 
2026-08-29 10:03:47,703 [ERROR] LogOutputStream:75 - [STDERR_REDIRECT] [Fatal Error] :1:1: Premature end of file.
2026-08-29 10:03:47,703 [ERROR] LogOutputStream:75 - [STDERR_REDIRECT] 
2026-08-29 10:03:48,700 [ERROR] LogOutputStream:75 - [STDERR_REDIRECT] [Fatal Error] :1:1: Premature end of file.
2026-08-29 10:03:48,700 [ERROR] LogOutputStream:75 - [STDERR_REDIRECT] 
2026-08-29 10:03:49,700 [ERROR] LogOutputStream:75 - [STDERR_REDIRECT] [Fatal Error] :1:1: Premature end of file.
2026-08-29 10:03:49,700 [ERROR] LogOutputStream:75 - [STDERR_REDIRECT] 
2026-08-29 10:03:50,702 [ERROR] LogOutputStream:75 - [STDERR_REDIRECT] [Fatal Error] :1:1: Premature end of file.
2026-08-29 10:03:50,702 [ERROR] LogOutputStream:75 - [STDERR_REDIRECT] 
2026-08-29 10:03:51,702 [ERROR] LogOutputStream:75 - [STDERR_REDIRECT] [Fatal Error] :1:1: Premature end of file.
2026-08-29 10:03:51,702 [ERROR] LogOutputStream:75 - [STDERR_REDIRECT] 
2026-08-29 10:03:52,702 [ERROR] LogOutputStream:75 - [STDERR_REDIRECT] [Fatal Error] :1:1: Premature end of file.
2026-08-29 10:03:52,702 [ERROR] LogOutputStream:75 - [STDERR_REDIRECT] 
2026-08-29 10:03:53,702 [ERROR] LogOutputStream:75 - [STDERR_REDIRECT] [Fatal Error] :1:1: Premature end of file.
2026-08-29 10:03:53,702 [ERROR] LogOutputStream:75 - [STDERR_REDIRECT] 
2026-08-29 10:03:54,701 [ERROR] LogOutputStream:75 - [STDERR_REDIRECT] [Fatal Error] :1:1: Premature end of file.
2026-08-29 10:03:54,701 [ERROR] LogOutputStream:75 - [STDERR_REDIRECT] 
2026-08-29 10:03:55,699 [ERROR] LogOutputStream:75 - [STDERR_REDIRECT] [Fatal Error] :1:1: Premature end of file.
2026-08-29 10:03:55,699 [ERROR] LogOutputStream:75 - [STDERR_REDIRECT] 
2026-08-29 10:03:56,702 [ERROR] LogOutputStream:75 - [STDERR_REDIRECT] [Fatal Error] :1:1: Premature end of file.
2026-08-29 10:03:56,702 [ERROR] LogOutputStream:75 - [STDERR_REDIRECT] 
2026-08-29 10:03:57,701 [ERROR] LogOutputStream:75 - [STDERR_REDIRECT] [Fatal Error] :1:1: Premature end of file.
2026-08-29 10:03:57,701 [ERROR] LogOutputStream:75 - [STDERR_REDIRECT] 
2026-08-29 10:03:58,701 [ERROR] LogOutputStream:75 - [STDERR_REDIRECT] [Fatal Error] :1:1: Premature end of file.
2026-08-29 10:03:58,701 [ERROR] LogOutputStream:75 - [STDERR_REDIRECT] 
2026-08-29 10:03:59,700 [ERROR] LogOutputStream:75 - [STDERR_REDIRECT] [Fatal Error] :1:1: Premature end of file.
2026-08-29 10:03:59,700 [ERROR] LogOutputStream:75 - [STDERR_REDIRECT] 
2026-08-29 10:04:00,701 [ERROR] LogOutputStream:75 - [STDERR_REDIRECT] [Fatal Error] :1:1: Premature end of file.
2026-08-29 10:04:00,701 [ERROR] LogOutputStream:75 - [STDERR_REDIRECT] 
2026-08-29 10:04:01,700 [ERROR] LogOutputStream:75 - [STDERR_REDIRECT] [Fatal Error] :1:1: Premature end of file.
2026-08-29 10:04:01,700 [ERROR] LogOutputStream:75 - [STDERR_REDIRECT] 
2026-08-29 10:04:02,700 [ERROR] LogOutputStream:75 - [STDERR_REDIRECT] [Fatal Error] :1:1: Premature end of file.
2026-08-29 10:04:02,700 [ERROR] LogOutputStream:75 - [STDERR_REDIRECT] 
2026-08-29 10:04:03,700 [ERROR] LogOutputStream:75 - [STDERR_REDIRECT] [Fatal Error] :1:1: Premature end of file.
2026-08-29 10:04:03,701 [ERROR] LogOutputStream:75 - [STDERR_REDIRECT] 
2026-08-29 10:04:04,701 [ERROR] LogOutputStream:75 - [STDERR_REDIRECT] [Fatal Error] :1:1: Premature end of file.
2026-08-29 10:04:04,701 [ERROR] LogOutputStream:75 - [STDERR_REDIRECT] 
2026-08-29 10:04:05,702 [ERROR] LogOutputStream:75 - [STDERR_REDIRECT] [Fatal Error] :1:1: Premature end of file.
2026-08-29 10:04:05,703 [ERROR] LogOutputStream:75 - [STDERR_REDIRECT] 
2026-08-29 10:04:06,701 [ERROR] LogOutputStream:75 - [STDERR_REDIRECT] [Fatal Error] :1:1: Premature end of file.
2026-08-29 10:04:06,701 [ERROR] LogOutputStream:75 - [STDERR_REDIRECT] 
2026-08-29 10:04:07,703 [ERROR] LogOutputStream:75 - [STDERR_REDIRECT] [Fatal Error] :1:1: Premature end of file.
2026-08-29 10:04:07,703 [ERROR] LogOutputStream:75 - [STDERR_REDIRECT] 
2026-08-29 10:04:08,700 [ERROR] LogOutputStream:75 - [STDERR_REDIRECT] [Fatal Error] :1:1: Premature end of file.
2026-08-29 10:04:08,700 [ERROR] LogOutputStream:75 - [STDERR_REDIRECT] 
2026-08-29 10:04:09,700 [ERROR] LogOutputStream:75 - [STDERR_REDIRECT] [Fatal Error] :1:1: Premature end of file.
2026-08-29 10:04:09,701 [ERROR] LogOutputStream:75 - [STDERR_REDIRECT] 
2026-08-29 10:04:10,701 [ERROR] LogOutputStream:75 - [STDERR_REDIRECT] [Fatal Error] :1:1: Premature end of file.
2026-08-29 10:04:10,701 [ERROR] LogOutputStream:75 - [STDERR_REDIRECT] 
2026-08-29 10:04:11,701 [ERROR] LogOutputStream:75 - [STDERR_REDIRECT] [Fatal Error] :1:1: Premature end of file.
2026-08-29 10:04:11,701 [ERROR] LogOutputStream:75 - [STDERR_REDIRECT] 
2026-08-29 10:04:12,701 [ERROR] LogOutputStream:75 - [STDERR_REDIRECT] [Fatal Error] :1:1: Premature end of file.
2026-08-29 10:04:12,701 [ERROR] LogOutputStream:75 - [STDERR_REDIRECT] 
2026-08-29 10:04:13,702 [ERROR] LogOutputStream:75 - [STDERR_REDIRECT] [Fatal Error] :1:1: Premature end of file.
2026-08-29 10:04:13,702 [ERROR] LogOutputStream:75 - [STDERR_REDIRECT] 
2026-08-29 10:04:14,700 [ERROR] LogOutputStream:75 - [STDERR_REDIRECT] [Fatal Error] :1:1: Premature end of file.
2026-08-29 10:04:14,700 [ERROR] LogOutputStream:75 - [STDERR_REDIRECT] 
2026-08-29 10:04:15,702 [ERROR] LogOutputStream:75 - [STDERR_REDIRECT] [Fatal Error] :1:1: Premature end of file.
2026-08-29 10:04:15,702 [ERROR] LogOutputStream:75 - [STDERR_REDIRECT] 
2026-08-29 10:04:16,702 [ERROR] LogOutputStream:75 - [STDERR_REDIRECT] [Fatal Error] :1:1: Premature end of file.
2026-08-29 10:04:16,702 [ERROR] LogOutputStream:75 - [STDERR_REDIRECT] 
2026-08-29 10:04:17,701 [ERROR] LogOutputStream:75 - [STDERR_REDIRECT] [Fatal Error] :1:1: Premature end of file.
2026-08-29 10:04:17,701 [ERROR] LogOutputStream:75 - [STDERR_REDIRECT] 
2026-08-29 10:04:18,700 [ERROR] LogOutputStream:75 - [STDERR_REDIRECT] [Fatal Error] :1:1: Premature end of file.
2026-08-29 10:04:18,700 [ERROR] LogOutputStream:75 - [STDERR_REDIRECT] 
2026-08-29 10:04:19,701 [ERROR] LogOutputStream:75 - [STDERR_REDIRECT] [Fatal Error] :1:1: Premature end of file.
2026-08-29 10:04:19,701 [ERROR] LogOutputStream:75 - [STDERR_REDIRECT] 
2026-08-29 10:04:20,702 [ERROR] LogOutputStream:75 - [STDERR_REDIRECT] [Fatal Error] :1:1: Premature end of file.
2026-08-29 10:04:20,702 [ERROR] LogOutputStream:75 - [STDERR_REDIRECT] 
2026-08-29 10:04:21,702 [ERROR] LogOutputStream:75 - [STDERR_REDIRECT] [Fatal Error] :1:1: Premature end of file.
2026-08-29 10:04:21,702 [ERROR] LogOutputStream:75 - [STDERR_REDIRECT] 
2026-08-29 10:04:22,702 [ERROR] LogOutputStream:75 - [STDERR_REDIRECT] [Fatal Error] :1:1: Premature end of file.
2026-08-29 10:04:22,702 [ERROR] LogOutputStream:75 - [STDERR_REDIRECT] 
2026-08-29 10:04:23,702 [ERROR] LogOutputStream:75 - [STDERR_REDIRECT] [Fatal Error] :1:1: Premature end of file.
2026-08-29 10:04:23,702 [ERROR] LogOutputStream:75 - [STDERR_REDIRECT] 
2026-08-29 10:04:24,701 [ERROR] LogOutputStream:75 - [STDERR_REDIRECT] [Fatal Error] :1:1: Premature end of file.
2026-08-29 10:04:24,701 [ERROR] LogOutputStream:75 - [STDERR_REDIRECT] 
2026-08-29 10:04:25,700 [ERROR] LogOutputStream:75 - [STDERR_REDIRECT] [Fatal Error] :1:1: Premature end of file.
2026-08-29 10:04:25,700 [ERROR] LogOutputStream:75 - [STDERR_REDIRECT] 
2026-08-29 10:04:26,702 [ERROR] LogOutputStream:75 - [STDERR_REDIRECT] [Fatal Error] :1:1: Premature end of file.
2026-08-29 10:04:26,702 [ERROR] LogOutputStream:75 - [STDERR_REDIRECT] 
2026-08-29 10:04:27,701 [ERROR] LogOutputStream:75 - [STDERR_REDIRECT] [Fatal Error] :1:1: Premature end of file.
2026-08-29 10:04:27,701 [ERROR] LogOutputStream:75 - [STDERR_REDIRECT] 
2026-08-29 10:04:28,703 [ERROR] LogOutputStream:75 - [STDERR_REDIRECT] [Fatal Error] :1:1: Premature end of file.
2026-08-29 10:04:28,703 [ERROR] LogOutputStream:75 - [STDERR_REDIRECT] 
2026-08-29 10:04:29,702 [ERROR] LogOutputStream:75 - [STDERR_REDIRECT] [Fatal Error] :1:1: Premature end of file.
2026-08-29 10:04:29,703 [ERROR] LogOutputStream:75 - [STDERR_REDIRECT] 
2026-08-29 10:04:30,702 [ERROR] LogOutputStream:75 - [STDERR_REDIRECT] [Fatal Error] :1:1: Premature end of file.
2026-08-29 10:04:30,702 [ERROR] LogOutputStream:75 - [STDERR_REDIRECT] 
2026-08-29 10:04:31,700 [ERROR] LogOutputStream:75 - [STDERR_REDIRECT] [Fatal Error] :1:1: Premature end of file.
2026-08-29 10:04:31,700 [ERROR] LogOutputStream:75 - [STDERR_REDIRECT] 
2026-08-29 10:04:32,703 [ERROR] LogOutputStream:75 - [STDERR_REDIRECT] [Fatal Error] :1:1: Premature end of file.
2026-08-29 10:04:32,703 [ERROR] LogOutputStream:75 - [STDERR_REDIRECT] 
2026-08-29 10:04:33,703 [ERROR] LogOutputStream:75 - [STDERR_REDIRECT] [Fatal Error] :1:1: Premature end of file.
2026-08-29 10:04:33,703 [ERROR] LogOutputStream:75 - [STDERR_REDIRECT] 
2026-08-29 10:04:34,701 [ERROR] LogOutputStream:75 - [STDERR_REDIRECT] [Fatal Error] :1:1: Premature end of file.
2026-08-29 10:04:34,701 [ERROR] LogOutputStream:75 - [STDERR_REDIRECT] 
2026-08-29 10:04:35,701 [ERROR] LogOutputStream:75 - [STDERR_REDIRECT] [Fatal Error] :1:1: Premature end of file.
2026-08-29 10:04:35,701 [ERROR] LogOutputStream:75 - [STDERR_REDIRECT] 
2026-08-29 10:04:36,702 [ERROR] LogOutputStream:75 - [STDERR_REDIRECT] [Fatal Error] :1:1: Premature end of file.
2026-08-29 10:04:36,702 [ERROR] LogOutputStream:75 - [STDERR_REDIRECT] 
2026-08-29 10:04:37,700 [ERROR] LogOutputStream:75 - [STDERR_REDIRECT] [Fatal Error] :1:1: Premature end of file.
2026-08-29 10:04:37,700 [ERROR] LogOutputStream:75 - [STDERR_REDIRECT] 
2026-08-29 10:04:38,701 [ERROR] LogOutputStream:75 - [STDERR_REDIRECT] [Fatal Error] :1:1: Premature end of file.
2026-08-29 10:04:38,701 [ERROR] LogOutputStream:75 - [STDERR_REDIRECT] 
2026-08-29 10:04:39,702 [ERROR] LogOutputStream:75 - [STDERR_REDIRECT] [Fatal Error] :1:1: Premature end of file.
2026-08-29 10:04:39,702 [ERROR] LogOutputStream:75 - [STDERR_REDIRECT] 
2026-08-29 10:04:40,702 [ERROR] LogOutputStream:75 - [STDERR_REDIRECT] [Fatal Error] :1:1: Premature end of file.
2026-08-29 10:04:40,702 [ERROR] LogOutputStream:75 - [STDERR_REDIRECT] 
2026-08-29 10:04:41,701 [ERROR] LogOutputStream:75 - [STDERR_REDIRECT] [Fatal Error] :1:1: Premature end of file.
2026-08-29 10:04:41,701 [ERROR] LogOutputStream:75 - [STDERR_REDIRECT] 
2026-08-29 10:04:42,701 [ERROR] LogOutputStream:75 - [STDERR_REDIRECT] [Fatal Error] :1:1: Premature end of file.
2026-08-29 10:04:42,701 [ERROR] LogOutputStream:75 - [STDERR_REDIRECT] 
2026-08-29 10:04:43,703 [ERROR] LogOutputStream:75 - [STDERR_REDIRECT] [Fatal Error] :1:1: Premature end of file.
2026-08-29 10:04:43,703 [ERROR] LogOutputStream:75 - [STDERR_REDIRECT] 
2026-08-29 10:04:44,701 [ERROR] LogOutputStream:75 - [STDERR_REDIRECT] [Fatal Error] :1:1: Premature end of file.
2026-08-29 10:04:44,701 [ERROR] LogOutputStream:75 - [STDERR_REDIRECT] 
2026-08-29 10:04:45,701 [ERROR] LogOutputStream:75 - [STDERR_REDIRECT] [Fatal Error] :1:1: Premature end of file.
2026-08-29 10:04:45,701 [ERROR] LogOutputStream:75 - [STDERR_REDIRECT] 
2026-08-29 10:04:46,701 [ERROR] LogOutputStream:75 - [STDERR_REDIRECT] [Fatal Error] :1:1: Premature end of file.
2026-08-29 10:04:46,701 [ERROR] LogOutputStream:75 - [STDERR_REDIRECT] 
2026-08-29 10:04:47,702 [ERROR] LogOutputStream:75 - [STDERR_REDIRECT] [Fatal Error] :1:1: Premature end of file.
2026-08-29 10:04:47,702 [ERROR] LogOutputStream:75 - [STDERR_REDIRECT] 
2026-08-29 10:04:48,701 [ERROR] LogOutputStream:75 - [STDERR_REDIRECT] [Fatal Error] :1:1: Premature end of file.
2026-08-29 10:04:48,701 [ERROR] LogOutputStream:75 - [STDERR_REDIRECT] 
2026-08-29 10:04:49,700 [ERROR] LogOutputStream:75 - [STDERR_REDIRECT] [Fatal Error] :1:1: Premature end of file.
2026-08-29 10:04:49,700 [ERROR] LogOutputStream:75 - [STDERR_REDIRECT] 
2026-08-29 10:04:50,702 [ERROR] LogOutputStream:75 - [STDERR_REDIRECT] [Fatal Error] :1:1: Premature end of file.
2026-08-29 10:04:50,702 [ERROR] LogOutputStream:75 - [STDERR_REDIRECT] 
2026-08-29 10:04:51,702 [ERROR] LogOutputStream:75 - [STDERR_REDIRECT] [Fatal Error] :1:1: Premature end of file.
2026-08-29 10:04:51,702 [ERROR] LogOutputStream:75 - [STDERR_REDIRECT] 
2026-08-29 10:04:52,702 [ERROR] LogOutputStream:75 - [STDERR_REDIRECT] [Fatal Error] :1:1: Premature end of file.
2026-08-29 10:04:52,702 [ERROR] LogOutputStream:75 - [STDERR_REDIRECT] 
2026-08-29 10:04:53,702 [ERROR] LogOutputStream:75 - [STDERR_REDIRECT] [Fatal Error] :1:1: Premature end of file.
2026-08-29 10:04:53,702 [ERROR] LogOutputStream:75 - [STDERR_REDIRECT] 
2026-08-29 10:04:54,702 [ERROR] LogOutputStream:75 - [STDERR_REDIRECT] [Fatal Error] :1:1: Premature end of file.
2026-08-29 10:04:54,702 [ERROR] LogOutputStream:75 - [STDERR_REDIRECT] 
2026-08-29 10:04:55,702 [ERROR] LogOutputStream:75 - [STDERR_REDIRECT] [Fatal Error] :1:1: Premature end of file.
2026-08-29 10:04:55,702 [ERROR] LogOutputStream:75 - [STDERR_REDIRECT] 
2026-08-29 10:04:56,702 [ERROR] LogOutputStream:75 - [STDERR_REDIRECT] [Fatal Error] :1:1: Premature end of file.
2026-08-29 10:04:56,702 [ERROR] LogOutputStream:75 - [STDERR_REDIRECT] 
2026-08-29 10:04:57,701 [ERROR] LogOutputStream:75 - [STDERR_REDIRECT] [Fatal Error] :1:1: Premature end of file.
2026-08-29 10:04:57,701 [ERROR] LogOutputStream:75 - [STDERR_REDIRECT] 
2026-08-29 10:04:58,703 [ERROR] LogOutputStream:75 - [STDERR_REDIRECT] [Fatal Error] :1:1: Premature end of file.
2026-08-29 10:04:58,703 [ERROR] LogOutputStream:75 - [STDERR_REDIRECT] 
2026-08-29 10:04:59,701 [ERROR] LogOutputStream:75 - [STDERR_REDIRECT] [Fatal Error] :1:1: Premature end of file.
2026-08-29 10:04:59,702 [ERROR] LogOutputStream:75 - [STDERR_REDIRECT] 
2026-08-29 10:05:00,705 [ERROR] LogOutputStream:75 - [STDERR_REDIRECT] [Fatal Error] :1:1: Premature end of file.
2026-08-29 10:05:00,705 [ERROR] LogOutputStream:75 - [STDERR_REDIRECT] 
2026-08-29 10:05:01,700 [ERROR] LogOutputStream:75 - [STDERR_REDIRECT] [Fatal Error] :1:1: Premature end of file.
2026-08-29 10:05:01,701 [ERROR] LogOutputStream:75 - [STDERR_REDIRECT] 
2026-08-29 10:05:02,702 [ERROR] LogOutputStream:75 - [STDERR_REDIRECT] [Fatal Error] :1:1: Premature end of file.
2026-08-29 10:05:02,702 [ERROR] LogOutputStream:75 - [STDERR_REDIRECT] 
2026-08-29 10:05:03,701 [ERROR] LogOutputStream:75 - [STDERR_REDIRECT] [Fatal Error] :1:1: Premature end of file.
2026-08-29 10:05:03,701 [ERROR] LogOutputStream:75 - [STDERR_REDIRECT] 
2026-08-29 10:05:04,701 [ERROR] LogOutputStream:75 - [STDERR_REDIRECT] [Fatal Error] :1:1: Premature end of file.
2026-08-29 10:05:04,701 [ERROR] LogOutputStream:75 - [STDERR_REDIRECT] 
2026-08-29 10:05:05,701 [ERROR] LogOutputStream:75 - [STDERR_REDIRECT] [Fatal Error] :1:1: Premature end of file.
2026-08-29 10:05:05,701 [ERROR] LogOutputStream:75 - [STDERR_REDIRECT] 
2026-08-29 10:05:06,701 [ERROR] LogOutputStream:75 - [STDERR_REDIRECT] [Fatal Error] :1:1: Premature end of file.
2026-08-29 10:05:06,701 [ERROR] LogOutputStream:75 - [STDERR_REDIRECT] 
2026-08-29 10:05:07,701 [ERROR] LogOutputStream:75 - [STDERR_REDIRECT] [Fatal Error] :1:1: Premature end of file.
2026-08-29 10:05:07,701 [ERROR] LogOutputStream:75 - [STDERR_REDIRECT] 
2026-08-29 10:05:08,700 [ERROR] LogOutputStream:75 - [STDERR_REDIRECT] [Fatal Error] :1:1: Premature end of file.
2026-08-29 10:05:08,701 [ERROR] LogOutputStream:75 - [STDERR_REDIRECT] 
2026-08-29 10:05:09,703 [ERROR] LogOutputStream:75 - [STDERR_REDIRECT] [Fatal Error] :1:1: Premature end of file.
2026-08-29 10:05:09,703 [ERROR] LogOutputStream:75 - [STDERR_REDIRECT] 
2026-08-29 10:05:10,701 [ERROR] LogOutputStream:75 - [STDERR_REDIRECT] [Fatal Error] :1:1: Premature end of file.
2026-08-29 10:05:10,701 [ERROR] LogOutputStream:75 - [STDERR_REDIRECT] 
2026-08-29 10:05:11,701 [ERROR] LogOutputStream:75 - [STDERR_REDIRECT] [Fatal Error] :1:1: Premature end of file.
2026-08-29 10:05:11,701 [ERROR] LogOutputStream:75 - [STDERR_REDIRECT] 
2026-08-29 10:05:12,700 [ERROR] LogOutputStream:75 - [STDERR_REDIRECT] [Fatal Error] :1:1: Premature end of file.
2026-08-29 10:05:12,700 [ERROR] LogOutputStream:75 - [STDERR_REDIRECT] 
2026-08-29 10:05:13,701 [ERROR] LogOutputStream:75 - [STDERR_REDIRECT] [Fatal Error] :1:1: Premature end of file.
2026-08-29 10:05:13,701 [ERROR] LogOutputStream:75 - [STDERR_REDIRECT] 
2026-08-29 10:05:14,699 [ERROR] LogOutputStream:75 - [STDERR_REDIRECT] [Fatal Error] :1:1: Premature end of file.
2026-08-29 10:05:14,699 [ERROR] LogOutputStream:75 - [STDERR_REDIRECT] 
2026-08-29 10:05:15,704 [ERROR] LogOutputStream:75 - [STDERR_REDIRECT] [Fatal Error] :1:1: Premature end of file.
2026-08-29 10:05:15,704 [ERROR] LogOutputStream:75 - [STDERR_REDIRECT] 
2026-08-29 10:05:16,701 [ERROR] LogOutputStream:75 - [STDERR_REDIRECT] [Fatal Error] :1:1: Premature end of file.
2026-08-29 10:05:16,701 [ERROR] LogOutputStream:75 - [STDERR_REDIRECT] 
2026-08-29 10:05:17,701 [ERROR] LogOutputStream:75 - [STDERR_REDIRECT] [Fatal Error] :1:1: Premature end of file.
2026-08-29 10:05:17,701 [ERROR] LogOutputStream:75 - [STDERR_REDIRECT] 
2026-08-29 10:05:18,703 [ERROR] LogOutputStream:75 - [STDERR_REDIRECT] [Fatal Error] :1:1: Premature end of file.
2026-08-29 10:05:18,703 [ERROR] LogOutputStream:75 - [STDERR_REDIRECT] 
2026-08-29 10:05:19,702 [ERROR] LogOutputStream:75 - [STDERR_REDIRECT] [Fatal Error] :1:1: Premature end of file.
2026-08-29 10:05:19,702 [ERROR] LogOutputStream:75 - [STDERR_REDIRECT] 
2026-08-29 10:05:20,701 [ERROR] LogOutputStream:75 - [STDERR_REDIRECT] [Fatal Error] :1:1: Premature end of file.
2026-08-29 10:05:20,701 [ERROR] LogOutputStream:75 - [STDERR_REDIRECT] 
2026-08-29 10:05:21,700 [ERROR] LogOutputStream:75 - [STDERR_REDIRECT] [Fatal Error] :1:1: Premature end of file.
2026-08-29 10:05:21,700 [ERROR] LogOutputStream:75 - [STDERR_REDIRECT] 
2026-08-29 10:05:22,702 [ERROR] LogOutputStream:75 - [STDERR_REDIRECT] [Fatal Error] :1:1: Premature end of file.
2026-08-29 10:05:22,702 [ERROR] LogOutputStream:75 - [STDERR_REDIRECT] 
2026-08-29 10:05:23,702 [ERROR] LogOutputStream:75 - [STDERR_REDIRECT] [Fatal Error] :1:1: Premature end of file.
2026-08-29 10:05:23,702 [ERROR] LogOutputStream:75 - [STDERR_REDIRECT] 
2026-08-29 10:05:24,702 [ERROR] LogOutputStream:75 - [STDERR_REDIRECT] [Fatal Error] :1:1: Premature end of file.
2026-08-29 10:05:24,702 [ERROR] LogOutputStream:75 - [STDERR_REDIRECT] 
2026-08-29 10:05:25,700 [ERROR] LogOutputStream:75 - [STDERR_REDIRECT] [Fatal Error] :1:1: Premature end of file.
2026-08-29 10:05:25,700 [ERROR] LogOutputStream:75 - [STDERR_REDIRECT] 
2026-08-29 10:05:26,704 [ERROR] LogOutputStream:75 - [STDERR_REDIRECT] [Fatal Error] :1:1: Premature end of file.
2026-08-29 10:05:26,704 [ERROR] LogOutputStream:75 - [STDERR_REDIRECT] 
2026-08-29 10:05:27,702 [ERROR] LogOutputStream:75 - [STDERR_REDIRECT] [Fatal Error] :1:1: Premature end of file.
2026-08-29 10:05:27,702 [ERROR] LogOutputStream:75 - [STDERR_REDIRECT] 
2026-08-29 10:05:28,701 [ERROR] LogOutputStream:75 - [STDERR_REDIRECT] [Fatal Error] :1:1: Premature end of file.
2026-08-29 10:05:28,701 [ERROR] LogOutputStream:75 - [STDERR_REDIRECT] 
2026-08-29 10:05:29,701 [ERROR] LogOutputStream:75 - [STDERR_REDIRECT] [Fatal Error] :1:1: Premature end of file.
2026-08-29 10:05:29,701 [ERROR] LogOutputStream:75 - [STDERR_REDIRECT] 
2026-08-29 10:05:30,703 [ERROR] LogOutputStream:75 - [STDERR_REDIRECT] [Fatal Error] :1:1: Premature end of file.
2026-08-29 10:05:30,703 [ERROR] LogOutputStream:75 - [STDERR_REDIRECT] 
2026-08-29 10:05:31,702 [ERROR] LogOutputStream:75 - [STDERR_REDIRECT] [Fatal Error] :1:1: Premature end of file.
2026-08-29 10:05:31,702 [ERROR] LogOutputStream:75 - [STDERR_REDIRECT] 
2026-08-29 10:05:32,703 [ERROR] LogOutputStream:75 - [STDERR_REDIRECT] [Fatal Error] :1:1: Premature end of file.
2026-08-29 10:05:32,703 [ERROR] LogOutputStream:75 - [STDERR_REDIRECT] 
2026-08-29 10:05:33,703 [ERROR] LogOutputStream:75 - [STDERR_REDIRECT] [Fatal Error] :1:1: Premature end of file.
2026-08-29 10:05:33,703 [ERROR] LogOutputStream:75 - [STDERR_REDIRECT] 
2026-08-29 10:05:34,702 [ERROR] LogOutputStream:75 - [STDERR_REDIRECT] [Fatal Error] :1:1: Premature end of file.
2026-08-29 10:05:34,702 [ERROR] LogOutputStream:75 - [STDERR_REDIRECT] 
2026-08-29 10:05:35,701 [ERROR] LogOutputStream:75 - [STDERR_REDIRECT] [Fatal Error] :1:1: Premature end of file.
2026-08-29 10:05:35,701 [ERROR] LogOutputStream:75 - [STDERR_REDIRECT] 
2026-08-29 10:05:36,700 [ERROR] LogOutputStream:75 - [STDERR_REDIRECT] [Fatal Error] :1:1: Premature end of file.
2026-08-29 10:05:36,700 [ERROR] LogOutputStream:75 - [STDERR_REDIRECT] 
2026-08-29 10:05:37,703 [ERROR] LogOutputStream:75 - [STDERR_REDIRECT] [Fatal Error] :1:1: Premature end of file.
2026-08-29 10:05:37,703 [ERROR] LogOutputStream:75 - [STDERR_REDIRECT] 
2026-08-29 10:05:38,701 [ERROR] LogOutputStream:75 - [STDERR_REDIRECT] [Fatal Error] :1:1: Premature end of file.
2026-08-29 10:05:38,701 [ERROR] LogOutputStream:75 - [STDERR_REDIRECT] 
2026-08-29 10:05:39,703 [ERROR] LogOutputStream:75 - [STDERR_REDIRECT] [Fatal Error] :1:1: Premature end of file.
2026-08-29 10:05:39,703 [ERROR] LogOutputStream:75 - [STDERR_REDIRECT] 
2026-08-29 10:05:40,702 [ERROR] LogOutputStream:75 - [STDERR_REDIRECT] [Fatal Error] :1:1: Premature end of file.
2026-08-29 10:05:40,702 [ERROR] LogOutputStream:75 - [STDERR_REDIRECT] 
2026-08-29 10:05:41,701 [ERROR] LogOutputStream:75 - [STDERR_REDIRECT] [Fatal Error] :1:1: Premature end of file.
2026-08-29 10:05:41,702 [ERROR] LogOutputStream:75 - [STDERR_REDIRECT] 
2026-08-29 10:05:42,701 [ERROR] LogOutputStream:75 - [STDERR_REDIRECT] [Fatal Error] :1:1: Premature end of file.
2026-08-29 10:05:42,701 [ERROR] LogOutputStream:75 - [STDERR_REDIRECT] 
2026-08-29 10:05:43,702 [ERROR] LogOutputStream:75 - [STDERR_REDIRECT] [Fatal Error] :1:1: Premature end of file.
2026-08-29 10:05:43,702 [ERROR] LogOutputStream:75 - [STDERR_REDIRECT] 
2026-08-29 10:05:44,700 [ERROR] LogOutputStream:75 - [STDERR_REDIRECT] [Fatal Error] :1:1: Premature end of file.
2026-08-29 10:05:44,701 [ERROR] LogOutputStream:75 - [STDERR_REDIRECT] 
2026-08-29 10:05:45,702 [ERROR] LogOutputStream:75 - [STDERR_REDIRECT] [Fatal Error] :1:1: Premature end of file.
2026-08-29 10:05:45,702 [ERROR] LogOutputStream:75 - [STDERR_REDIRECT] 
2026-08-29 10:05:46,701 [ERROR] LogOutputStream:75 - [STDERR_REDIRECT] [Fatal Error] :1:1: Premature end of file.
2026-08-29 10:05:46,701 [ERROR] LogOutputStream:75 - [STDERR_REDIRECT] 
2026-08-29 10:05:47,701 [ERROR] LogOutputStream:75 - [STDERR_REDIRECT] [Fatal Error] :1:1: Premature end of file.
2026-08-29 10:05:47,701 [ERROR] LogOutputStream:75 - [STDERR_REDIRECT] 
2026-08-29 10:05:48,701 [ERROR] LogOutputStream:75 - [STDERR_REDIRECT] [Fatal Error] :1:1: Premature end of file.
2026-08-29 10:05:48,701 [ERROR] LogOutputStream:75 - [STDERR_REDIRECT] 
2026-08-29 10:05:49,702 [ERROR] LogOutputStream:75 - [STDERR_REDIRECT] [Fatal Error] :1:1: Premature end of file.
2026-08-29 10:05:49,702 [ERROR] LogOutputStream:75 - [STDERR_REDIRECT] 
2026-08-29 10:05:50,701 [ERROR] LogOutputStream:75 - [STDERR_REDIRECT] [Fatal Error] :1:1: Premature end of file.
2026-08-29 10:05:50,701 [ERROR] LogOutputStream:75 - [STDERR_REDIRECT] 
2026-08-29 10:05:51,702 [ERROR] LogOutputStream:75 - [STDERR_REDIRECT] [Fatal Error] :1:1: Premature end of file.
2026-08-29 10:05:51,702 [ERROR] LogOutputStream:75 - [STDERR_REDIRECT] 
2026-08-29 10:05:52,701 [ERROR] LogOutputStream:75 - [STDERR_REDIRECT] [Fatal Error] :1:1: Premature end of file.
2026-08-29 10:05:52,701 [ERROR] LogOutputStream:75 - [STDERR_REDIRECT] 
2026-08-29 10:05:53,701 [ERROR] LogOutputStream:75 - [STDERR_REDIRECT] [Fatal Error] :1:1: Premature end of file.
2026-08-29 10:05:53,701 [ERROR] LogOutputStream:75 - [STDERR_REDIRECT] 
2026-08-29 10:05:54,701 [ERROR] LogOutputStream:75 - [STDERR_REDIRECT] [Fatal Error] :1:1: Premature end of file.
2026-08-29 10:05:54,701 [ERROR] LogOutputStream:75 - [STDERR_REDIRECT] 
2026-08-29 10:05:55,701 [ERROR] LogOutputStream:75 - [STDERR_REDIRECT] [Fatal Error] :1:1: Premature end of file.
2026-08-29 10:05:55,701 [ERROR] LogOutputStream:75 - [STDERR_REDIRECT] 
2026-08-29 10:05:56,701 [ERROR] LogOutputStream:75 - [STDERR_REDIRECT] [Fatal Error] :1:1: Premature end of file.
2026-08-29 10:05:56,701 [ERROR] LogOutputStream:75 - [STDERR_REDIRECT] 
2026-08-29 10:05:57,702 [ERROR] LogOutputStream:75 - [STDERR_REDIRECT] [Fatal Error] :1:1: Premature end of file.
2026-08-29 10:05:57,702 [ERROR] LogOutputStream:75 - [STDERR_REDIRECT] 
2026-08-29 10:05:58,702 [ERROR] LogOutputStream:75 - [STDERR_REDIRECT] [Fatal Error] :1:1: Premature end of file.
2026-08-29 10:05:58,702 [ERROR] LogOutputStream:75 - [STDERR_REDIRECT] 
2026-08-29 10:05:59,701 [ERROR] LogOutputStream:75 - [STDERR_REDIRECT] [Fatal Error] :1:1: Premature end of file.
2026-08-29 10:05:59,701 [ERROR] LogOutputStream:75 - [STDERR_REDIRECT] 
2026-08-29 10:06:00,702 [ERROR] LogOutputStream:75 - [STDERR_REDIRECT] [Fatal Error] :1:1: Premature end of file.
2026-08-29 10:06:00,702 [ERROR] LogOutputStream:75 - [STDERR_REDIRECT] 
2026-08-29 10:06:01,701 [ERROR] LogOutputStream:75 - [STDERR_REDIRECT] [Fatal Error] :1:1: Premature end of file.
2026-08-29 10:06:01,701 [ERROR] LogOutputStream:75 - [STDERR_REDIRECT] 
2026-08-29 10:06:02,701 [ERROR] LogOutputStream:75 - [STDERR_REDIRECT] [Fatal Error] :1:1: Premature end of file.
2026-08-29 10:06:02,701 [ERROR] LogOutputStream:75 - [STDERR_REDIRECT] 
2026-08-29 10:06:03,701 [ERROR] LogOutputStream:75 - [STDERR_REDIRECT] [Fatal Error] :1:1: Premature end of file.
2026-08-29 10:06:03,701 [ERROR] LogOutputStream:75 - [STDERR_REDIRECT] 
2026-08-29 10:06:04,702 [ERROR] LogOutputStream:75 - [STDERR_REDIRECT] [Fatal Error] :1:1: Premature end of file.
2026-08-29 10:06:04,702 [ERROR] LogOutputStream:75 - [STDERR_REDIRECT] 
2026-08-29 10:06:05,702 [ERROR] LogOutputStream:75 - [STDERR_REDIRECT] [Fatal Error] :1:1: Premature end of file.
2026-08-29 10:06:05,702 [ERROR] LogOutputStream:75 - [STDERR_REDIRECT] 
2026-08-29 10:06:06,700 [ERROR] LogOutputStream:75 - [STDERR_REDIRECT] [Fatal Error] :1:1: Premature end of file.
2026-08-29 10:06:06,700 [ERROR] LogOutputStream:75 - [STDERR_REDIRECT] 
2026-08-29 10:06:07,700 [ERROR] LogOutputStream:75 - [STDERR_REDIRECT] [Fatal Error] :1:1: Premature end of file.
2026-08-29 10:06:07,700 [ERROR] LogOutputStream:75 - [STDERR_REDIRECT] 
2026-08-29 10:06:08,702 [ERROR] LogOutputStream:75 - [STDERR_REDIRECT] [Fatal Error] :1:1: Premature end of file.
2026-08-29 10:06:08,702 [ERROR] LogOutputStream:75 - [STDERR_REDIRECT] 
2026-08-29 10:06:09,702 [ERROR] LogOutputStream:75 - [STDERR_REDIRECT] [Fatal Error] :1:1: Premature end of file.
2026-08-29 10:06:09,702 [ERROR] LogOutputStream:75 - [STDERR_REDIRECT] 
2026-08-29 10:06:10,700 [ERROR] LogOutputStream:75 - [STDERR_REDIRECT] [Fatal Error] :1:1: Premature end of file.
2026-08-29 10:06:10,700 [ERROR] LogOutputStream:75 - [STDERR_REDIRECT] 
2026-08-29 10:06:11,703 [ERROR] LogOutputStream:75 - [STDERR_REDIRECT] [Fatal Error] :1:1: Premature end of file.
2026-08-29 10:06:11,703 [ERROR] LogOutputStream:75 - [STDERR_REDIRECT] 
2026-08-29 10:06:12,702 [ERROR] LogOutputStream:75 - [STDERR_REDIRECT] [Fatal Error] :1:1: Premature end of file.
2026-08-29 10:06:12,702 [ERROR] LogOutputStream:75 - [STDERR_REDIRECT] 
2026-08-29 10:06:13,701 [ERROR] LogOutputStream:75 - [STDERR_REDIRECT] [Fatal Error] :1:1: Premature end of file.
2026-08-29 10:06:13,701 [ERROR] LogOutputStream:75 - [STDERR_REDIRECT] 
2026-08-29 10:06:14,702 [ERROR] LogOutputStream:75 - [STDERR_REDIRECT] [Fatal Error] :1:1: Premature end of file.
2026-08-29 10:06:14,702 [ERROR] LogOutputStream:75 - [STDERR_REDIRECT] 
2026-08-29 10:06:15,703 [ERROR] LogOutputStream:75 - [STDERR_REDIRECT] [Fatal Error] :1:1: Premature end of file.
2026-08-29 10:06:15,703 [ERROR] LogOutputStream:75 - [STDERR_REDIRECT] 
2026-08-29 10:06:16,701 [ERROR] LogOutputStream:75 - [STDERR_REDIRECT] [Fatal Error] :1:1: Premature end of file.
2026-08-29 10:06:16,701 [ERROR] LogOutputStream:75 - [STDERR_REDIRECT] 
2026-08-29 10:06:17,702 [ERROR] LogOutputStream:75 - [STDERR_REDIRECT] [Fatal Error] :1:1: Premature end of file.
2026-08-29 10:06:17,702 [ERROR] LogOutputStream:75 - [STDERR_REDIRECT] 
2026-08-29 10:06:18,700 [ERROR] LogOutputStream:75 - [STDERR_REDIRECT] [Fatal Error] :1:1: Premature end of file.
2026-08-29 10:06:18,701 [ERROR] LogOutputStream:75 - [STDERR_REDIRECT] 
2026-08-29 10:06:19,702 [ERROR] LogOutputStream:75 - [STDERR_REDIRECT] [Fatal Error] :1:1: Premature end of file.
2026-08-29 10:06:19,702 [ERROR] LogOutputStream:75 - [STDERR_REDIRECT] 
2026-08-29 10:06:20,702 [ERROR] LogOutputStream:75 - [STDERR_REDIRECT] [Fatal Error] :1:1: Premature end of file.
2026-08-29 10:06:20,702 [ERROR] LogOutputStream:75 - [STDERR_REDIRECT] 
2026-08-29 10:06:21,701 [ERROR] LogOutputStream:75 - [STDERR_REDIRECT] [Fatal Error] :1:1: Premature end of file.
2026-08-29 10:06:21,701 [ERROR] LogOutputStream:75 - [STDERR_REDIRECT] 
2026-08-29 10:06:22,700 [ERROR] LogOutputStream:75 - [STDERR_REDIRECT] [Fatal Error] :1:1: Premature end of file.
2026-08-29 10:06:22,700 [ERROR] LogOutputStream:75 - [STDERR_REDIRECT] 
2026-08-29 10:06:23,702 [ERROR] LogOutputStream:75 - [STDERR_REDIRECT] [Fatal Error] :1:1: Premature end of file.
2026-08-29 10:06:23,702 [ERROR] LogOutputStream:75 - [STDERR_REDIRECT] 
2026-08-29 10:06:24,700 [ERROR] LogOutputStream:75 - [STDERR_REDIRECT] [Fatal Error] :1:1: Premature end of file.
2026-08-29 10:06:24,700 [ERROR] LogOutputStream:75 - [STDERR_REDIRECT] 
2026-08-29 10:06:25,703 [ERROR] LogOutputStream:75 - [STDERR_REDIRECT] [Fatal Error] :1:1: Premature end of file.
2026-08-29 10:06:25,704 [ERROR] LogOutputStream:75 - [STDERR_REDIRECT] 
2026-08-29 10:06:26,702 [ERROR] LogOutputStream:75 - [STDERR_REDIRECT] [Fatal Error] :1:1: Premature end of file.
2026-08-29 10:06:26,702 [ERROR] LogOutputStream:75 - [STDERR_REDIRECT] 
2026-08-29 10:06:27,702 [ERROR] LogOutputStream:75 - [STDERR_REDIRECT] [Fatal Error] :1:1: Premature end of file.
2026-08-29 10:06:27,703 [ERROR] LogOutputStream:75 - [STDERR_REDIRECT] 
2026-08-29 10:06:28,701 [ERROR] LogOutputStream:75 - [STDERR_REDIRECT] [Fatal Error] :1:1: Premature end of file.
2026-08-29 10:06:28,701 [ERROR] LogOutputStream:75 - [STDERR_REDIRECT] 
2026-08-29 10:06:29,702 [ERROR] LogOutputStream:75 - [STDERR_REDIRECT] [Fatal Error] :1:1: Premature end of file.
2026-08-29 10:06:29,702 [ERROR] LogOutputStream:75 - [STDERR_REDIRECT] 
2026-08-29 10:06:30,701 [ERROR] LogOutputStream:75 - [STDERR_REDIRECT] [Fatal Error] :1:1: Premature end of file.
2026-08-29 10:06:30,702 [ERROR] LogOutputStream:75 - [STDERR_REDIRECT] 
2026-08-29 10:06:31,702 [ERROR] LogOutputStream:75 - [STDERR_REDIRECT] [Fatal Error] :1:1: Premature end of file.
2026-08-29 10:06:31,702 [ERROR] LogOutputStream:75 - [STDERR_REDIRECT] 
2026-08-29 10:06:32,701 [ERROR] LogOutputStream:75 - [STDERR_REDIRECT] [Fatal Error] :1:1: Premature end of file.
2026-08-29 10:06:32,701 [ERROR] LogOutputStream:75 - [STDERR_REDIRECT] 
2026-08-29 10:06:33,702 [ERROR] LogOutputStream:75 - [STDERR_REDIRECT] [Fatal Error] :1:1: Premature end of file.
2026-08-29 10:06:33,702 [ERROR] LogOutputStream:75 - [STDERR_REDIRECT] 
2026-08-29 10:06:34,701 [ERROR] LogOutputStream:75 - [STDERR_REDIRECT] [Fatal Error] :1:1: Premature end of file.
2026-08-29 10:06:34,701 [ERROR] LogOutputStream:75 - [STDERR_REDIRECT] 
2026-08-29 10:06:35,701 [ERROR] LogOutputStream:75 - [STDERR_REDIRECT] [Fatal Error] :1:1: Premature end of file.
2026-08-29 10:06:35,701 [ERROR] LogOutputStream:75 - [STDERR_REDIRECT] 
2026-08-29 10:06:36,701 [ERROR] LogOutputStream:75 - [STDERR_REDIRECT] [Fatal Error] :1:1: Premature end of file.
2026-08-29 10:06:36,702 [ERROR] LogOutputStream:75 - [STDERR_REDIRECT] 
2026-08-29 10:06:37,701 [ERROR] LogOutputStream:75 - [STDERR_REDIRECT] [Fatal Error] :1:1: Premature end of file.
2026-08-29 10:06:37,701 [ERROR] LogOutputStream:75 - [STDERR_REDIRECT] 
2026-08-29 10:06:38,702 [ERROR] LogOutputStream:75 - [STDERR_REDIRECT] [Fatal Error] :1:1: Premature end of file.
2026-08-29 10:06:38,702 [ERROR] LogOutputStream:75 - [STDERR_REDIRECT] 
2026-08-29 10:06:39,701 [ERROR] LogOutputStream:75 - [STDERR_REDIRECT] [Fatal Error] :1:1: Premature end of file.
2026-08-29 10:06:39,701 [ERROR] LogOutputStream:75 - [STDERR_REDIRECT] 
2026-08-29 10:06:40,701 [ERROR] LogOutputStream:75 - [STDERR_REDIRECT] [Fatal Error] :1:1: Premature end of file.
2026-08-29 10:06:40,701 [ERROR] LogOutputStream:75 - [STDERR_REDIRECT] 
2026-08-29 10:06:41,702 [ERROR] LogOutputStream:75 - [STDERR_REDIRECT] [Fatal Error] :1:1: Premature end of file.
2026-08-29 10:06:41,702 [ERROR] LogOutputStream:75 - [STDERR_REDIRECT] 
2026-08-29 10:06:42,702 [ERROR] LogOutputStream:75 - [STDERR_REDIRECT] [Fatal Error] :1:1: Premature end of file.
2026-08-29 10:06:42,702 [ERROR] LogOutputStream:75 - [STDERR_REDIRECT] 
2026-08-29 10:06:43,702 [ERROR] LogOutputStream:75 - [STDERR_REDIRECT] [Fatal Error] :1:1: Premature end of file.
2026-08-29 10:06:43,702 [ERROR] LogOutputStream:75 - [STDERR_REDIRECT] 
2026-08-29 10:06:44,701 [ERROR] LogOutputStream:75 - [STDERR_REDIRECT] [Fatal Error] :1:1: Premature end of file.
2026-08-29 10:06:44,701 [ERROR] LogOutputStream:75 - [STDERR_REDIRECT] 
2026-08-29 10:06:45,700 [ERROR] LogOutputStream:75 - [STDERR_REDIRECT] [Fatal Error] :1:1: Premature end of file.
2026-08-29 10:06:45,700 [ERROR] LogOutputStream:75 - [STDERR_REDIRECT] 
2026-08-29 10:06:46,702 [ERROR] LogOutputStream:75 - [STDERR_REDIRECT] [Fatal Error] :1:1: Premature end of file.
2026-08-29 10:06:46,702 [ERROR] LogOutputStream:75 - [STDERR_REDIRECT] 
2026-08-29 10:06:47,703 [ERROR] LogOutputStream:75 - [STDERR_REDIRECT] [Fatal Error] :1:1: Premature end of file.
2026-08-29 10:06:47,703 [ERROR] LogOutputStream:75 - [STDERR_REDIRECT] 
2026-08-29 10:06:48,701 [ERROR] LogOutputStream:75 - [STDERR_REDIRECT] [Fatal Error] :1:1: Premature end of file.
2026-08-29 10:06:48,701 [ERROR] LogOutputStream:75 - [STDERR_REDIRECT] 
2026-08-29 10:06:49,703 [ERROR] LogOutputStream:75 - [STDERR_REDIRECT] [Fatal Error] :1:1: Premature end of file.
2026-08-29 10:06:49,703 [ERROR] LogOutputStream:75 - [STDERR_REDIRECT] 
2026-08-29 10:06:50,701 [ERROR] LogOutputStream:75 - [STDERR_REDIRECT] [Fatal Error] :1:1: Premature end of file.
2026-08-29 10:06:50,701 [ERROR] LogOutputStream:75 - [STDERR_REDIRECT] 
2026-08-29 10:06:51,702 [ERROR] LogOutputStream:75 - [STDERR_REDIRECT] [Fatal Error] :1:1: Premature end of file.
2026-08-29 10:06:51,702 [ERROR] LogOutputStream:75 - [STDERR_REDIRECT] 
2026-08-29 10:06:52,700 [ERROR] LogOutputStream:75 - [STDERR_REDIRECT] [Fatal Error] :1:1: Premature end of file.
2026-08-29 10:06:52,700 [ERROR] LogOutputStream:75 - [STDERR_REDIRECT] 
2026-08-29 10:06:53,701 [ERROR] LogOutputStream:75 - [STDERR_REDIRECT] [Fatal Error] :1:1: Premature end of file.
2026-08-29 10:06:53,701 [ERROR] LogOutputStream:75 - [STDERR_REDIRECT] 
2026-08-29 10:06:54,701 [ERROR] LogOutputStream:75 - [STDERR_REDIRECT] [Fatal Error] :1:1: Premature end of file.
2026-08-29 10:06:54,701 [ERROR] LogOutputStream:75 - [STDERR_REDIRECT] 
2026-08-29 10:06:55,701 [ERROR] LogOutputStream:75 - [STDERR_REDIRECT] [Fatal Error] :1:1: Premature end of file.
2026-08-29 10:06:55,701 [ERROR] LogOutputStream:75 - [STDERR_REDIRECT] 
2026-08-29 10:06:56,703 [ERROR] LogOutputStream:75 - [STDERR_REDIRECT] [Fatal Error] :1:1: Premature end of file.
2026-08-29 10:06:56,703 [ERROR] LogOutputStream:75 - [STDERR_REDIRECT] 
2026-08-29 10:06:57,701 [ERROR] LogOutputStream:75 - [STDERR_REDIRECT] [Fatal Error] :1:1: Premature end of file.
2026-08-29 10:06:57,701 [ERROR] LogOutputStream:75 - [STDERR_REDIRECT] 
2026-08-29 10:06:58,701 [ERROR] LogOutputStream:75 - [STDERR_REDIRECT] [Fatal Error] :1:1: Premature end of file.
2026-08-29 10:06:58,701 [ERROR] LogOutputStream:75 - [STDERR_REDIRECT] 
2026-08-29 10:06:59,701 [ERROR] LogOutputStream:75 - [STDERR_REDIRECT] [Fatal Error] :1:1: Premature end of file.
2026-08-29 10:06:59,702 [ERROR] LogOutputStream:75 - [STDERR_REDIRECT] 
2026-08-29 10:07:00,703 [ERROR] LogOutputStream:75 - [STDERR_REDIRECT] [Fatal Error] :1:1: Premature end of file.
2026-08-29 10:07:00,703 [ERROR] LogOutputStream:75 - [STDERR_REDIRECT] 
2026-08-29 10:07:01,701 [ERROR] LogOutputStream:75 - [STDERR_REDIRECT] [Fatal Error] :1:1: Premature end of file.
2026-08-29 10:07:01,701 [ERROR] LogOutputStream:75 - [STDERR_REDIRECT] 
2026-08-29 10:07:02,701 [ERROR] LogOutputStream:75 - [STDERR_REDIRECT] [Fatal Error] :1:1: Premature end of file.
2026-08-29 10:07:02,702 [ERROR] LogOutputStream:75 - [STDERR_REDIRECT] 
2026-08-29 10:07:03,702 [ERROR] LogOutputStream:75 - [STDERR_REDIRECT] [Fatal Error] :1:1: Premature end of file.
2026-08-29 10:07:03,702 [ERROR] LogOutputStream:75 - [STDERR_REDIRECT] 
2026-08-29 10:07:04,703 [ERROR] LogOutputStream:75 - [STDERR_REDIRECT] [Fatal Error] :1:1: Premature end of file.
2026-08-29 10:07:04,703 [ERROR] LogOutputStream:75 - [STDERR_REDIRECT] 
2026-08-29 10:07:05,700 [ERROR] LogOutputStream:75 - [STDERR_REDIRECT] [Fatal Error] :1:1: Premature end of file.
2026-08-29 10:07:05,700 [ERROR] LogOutputStream:75 - [STDERR_REDIRECT] 
2026-08-29 10:07:06,700 [ERROR] LogOutputStream:75 - [STDERR_REDIRECT] [Fatal Error] :1:1: Premature end of file.
2026-08-29 10:07:06,701 [ERROR] LogOutputStream:75 - [STDERR_REDIRECT] 
2026-08-29 10:07:07,701 [ERROR] LogOutputStream:75 - [STDERR_REDIRECT] [Fatal Error] :1:1: Premature end of file.
2026-08-29 10:07:07,701 [ERROR] LogOutputStream:75 - [STDERR_REDIRECT] 
2026-08-29 10:07:08,701 [ERROR] LogOutputStream:75 - [STDERR_REDIRECT] [Fatal Error] :1:1: Premature end of file.
2026-08-29 10:07:08,701 [ERROR] LogOutputStream:75 - [STDERR_REDIRECT] 
2026-08-29 10:07:09,701 [ERROR] LogOutputStream:75 - [STDERR_REDIRECT] [Fatal Error] :1:1: Premature end of file.
2026-08-29 10:07:09,701 [ERROR] LogOutputStream:75 - [STDERR_REDIRECT] 
2026-08-29 10:07:10,700 [ERROR] LogOutputStream:75 - [STDERR_REDIRECT] [Fatal Error] :1:1: Premature end of file.
2026-08-29 10:07:10,700 [ERROR] LogOutputStream:75 - [STDERR_REDIRECT] 
2026-08-29 10:07:11,702 [ERROR] LogOutputStream:75 - [STDERR_REDIRECT] [Fatal Error] :1:1: Premature end of file.
2026-08-29 10:07:11,702 [ERROR] LogOutputStream:75 - [STDERR_REDIRECT] 
2026-08-29 10:07:12,701 [ERROR] LogOutputStream:75 - [STDERR_REDIRECT] [Fatal Error] :1:1: Premature end of file.
2026-08-29 10:07:12,701 [ERROR] LogOutputStream:75 - [STDERR_REDIRECT] 
2026-08-29 10:07:13,702 [ERROR] LogOutputStream:75 - [STDERR_REDIRECT] [Fatal Error] :1:1: Premature end of file.
2026-08-29 10:07:13,702 [ERROR] LogOutputStream:75 - [STDERR_REDIRECT] 
2026-08-29 10:07:14,701 [ERROR] LogOutputStream:75 - [STDERR_REDIRECT] [Fatal Error] :1:1: Premature end of file.
2026-08-29 10:07:14,701 [ERROR] LogOutputStream:75 - [STDERR_REDIRECT] 
2026-08-29 10:07:15,700 [ERROR] LogOutputStream:75 - [STDERR_REDIRECT] [Fatal Error] :1:1: Premature end of file.
2026-08-29 10:07:15,700 [ERROR] LogOutputStream:75 - [STDERR_REDIRECT] 
2026-08-29 10:07:16,701 [ERROR] LogOutputStream:75 - [STDERR_REDIRECT] [Fatal Error] :1:1: Premature end of file.
2026-08-29 10:07:16,701 [ERROR] LogOutputStream:75 - [STDERR_REDIRECT] 
2026-08-29 10:07:17,702 [ERROR] LogOutputStream:75 - [STDERR_REDIRECT] [Fatal Error] :1:1: Premature end of file.
2026-08-29 10:07:17,703 [ERROR] LogOutputStream:75 - [STDERR_REDIRECT] 
2026-08-29 10:07:18,700 [ERROR] LogOutputStream:75 - [STDERR_REDIRECT] [Fatal Error] :1:1: Premature end of file.
2026-08-29 10:07:18,700 [ERROR] LogOutputStream:75 - [STDERR_REDIRECT] 
2026-08-29 10:07:19,700 [ERROR] LogOutputStream:75 - [STDERR_REDIRECT] [Fatal Error] :1:1: Premature end of file.
2026-08-29 10:07:19,700 [ERROR] LogOutputStream:75 - [STDERR_REDIRECT] 
2026-08-29 10:07:20,702 [ERROR] LogOutputStream:75 - [STDERR_REDIRECT] [Fatal Error] :1:1: Premature end of file.
2026-08-29 10:07:20,702 [ERROR] LogOutputStream:75 - [STDERR_REDIRECT] 
2026-08-29 10:07:21,701 [ERROR] LogOutputStream:75 - [STDERR_REDIRECT] [Fatal Error] :1:1: Premature end of file.
2026-08-29 10:07:21,701 [ERROR] LogOutputStream:75 - [STDERR_REDIRECT] 
2026-08-29 10:07:22,702 [ERROR] LogOutputStream:75 - [STDERR_REDIRECT] [Fatal Error] :1:1: Premature end of file.
2026-08-29 10:07:22,703 [ERROR] LogOutputStream:75 - [STDERR_REDIRECT] 
2026-08-29 10:07:23,702 [ERROR] LogOutputStream:75 - [STDERR_REDIRECT] [Fatal Error] :1:1: Premature end of file.
2026-08-29 10:07:23,702 [ERROR] LogOutputStream:75 - [STDERR_REDIRECT] 
2026-08-29 10:07:24,701 [ERROR] LogOutputStream:75 - [STDERR_REDIRECT] [Fatal Error] :1:1: Premature end of file.
2026-08-29 10:07:24,701 [ERROR] LogOutputStream:75 - [STDERR_REDIRECT] 
2026-08-29 10:07:25,700 [ERROR] LogOutputStream:75 - [STDERR_REDIRECT] [Fatal Error] :1:1: Premature end of file.
2026-08-29 10:07:25,700 [ERROR] LogOutputStream:75 - [STDERR_REDIRECT] 
2026-08-29 10:07:26,702 [ERROR] LogOutputStream:75 - [STDERR_REDIRECT] [Fatal Error] :1:1: Premature end of file.
2026-08-29 10:07:26,702 [ERROR] LogOutputStream:75 - [STDERR_REDIRECT] 
2026-08-29 10:07:27,701 [ERROR] LogOutputStream:75 - [STDERR_REDIRECT] [Fatal Error] :1:1: Premature end of file.
2026-08-29 10:07:27,701 [ERROR] LogOutputStream:75 - [STDERR_REDIRECT] 
2026-08-29 10:07:28,703 [ERROR] LogOutputStream:75 - [STDERR_REDIRECT] [Fatal Error] :1:1: Premature end of file.
2026-08-29 10:07:28,703 [ERROR] LogOutputStream:75 - [STDERR_REDIRECT] 
2026-08-29 10:07:29,703 [ERROR] LogOutputStream:75 - [STDERR_REDIRECT] [Fatal Error] :1:1: Premature end of file.
2026-08-29 10:07:29,703 [ERROR] LogOutputStream:75 - [STDERR_REDIRECT] 
2026-08-29 10:07:30,702 [ERROR] LogOutputStream:75 - [STDERR_REDIRECT] [Fatal Error] :1:1: Premature end of file.
2026-08-29 10:07:30,702 [ERROR] LogOutputStream:75 - [STDERR_REDIRECT] 
2026-08-29 10:07:31,701 [ERROR] LogOutputStream:75 - [STDERR_REDIRECT] [Fatal Error] :1:1: Premature end of file.
2026-08-29 10:07:31,702 [ERROR] LogOutputStream:75 - [STDERR_REDIRECT] 
2026-08-29 10:07:32,701 [ERROR] LogOutputStream:75 - [STDERR_REDIRECT] [Fatal Error] :1:1: Premature end of file.
2026-08-29 10:07:32,701 [ERROR] LogOutputStream:75 - [STDERR_REDIRECT] 
2026-08-29 10:07:33,701 [ERROR] LogOutputStream:75 - [STDERR_REDIRECT] [Fatal Error] :1:1: Premature end of file.
2026-08-29 10:07:33,701 [ERROR] LogOutputStream:75 - [STDERR_REDIRECT] 
2026-08-29 10:07:34,702 [ERROR] LogOutputStream:75 - [STDERR_REDIRECT] [Fatal Error] :1:1: Premature end of file.
2026-08-29 10:07:34,702 [ERROR] LogOutputStream:75 - [STDERR_REDIRECT] 
2026-08-29 10:07:35,701 [ERROR] LogOutputStream:75 - [STDERR_REDIRECT] [Fatal Error] :1:1: Premature end of file.
2026-08-29 10:07:35,701 [ERROR] LogOutputStream:75 - [STDERR_REDIRECT] 
2026-08-29 10:07:36,701 [ERROR] LogOutputStream:75 - [STDERR_REDIRECT] [Fatal Error] :1:1: Premature end of file.
2026-08-29 10:07:36,701 [ERROR] LogOutputStream:75 - [STDERR_REDIRECT] 
2026-08-29 10:07:37,701 [ERROR] LogOutputStream:75 - [STDERR_REDIRECT] [Fatal Error] :1:1: Premature end of file.
2026-08-29 10:07:37,701 [ERROR] LogOutputStream:75 - [STDERR_REDIRECT] 
2026-08-29 10:07:38,702 [ERROR] LogOutputStream:75 - [STDERR_REDIRECT] [Fatal Error] :1:1: Premature end of file.
2026-08-29 10:07:38,702 [ERROR] LogOutputStream:75 - [STDERR_REDIRECT] 
2026-08-29 10:07:39,701 [ERROR] LogOutputStream:75 - [STDERR_REDIRECT] [Fatal Error] :1:1: Premature end of file.
2026-08-29 10:07:39,701 [ERROR] LogOutputStream:75 - [STDERR_REDIRECT] 
2026-08-29 10:07:40,702 [ERROR] LogOutputStream:75 - [STDERR_REDIRECT] [Fatal Error] :1:1: Premature end of file.
2026-08-29 10:07:40,702 [ERROR] LogOutputStream:75 - [STDERR_REDIRECT] 
2026-08-29 10:07:41,701 [ERROR] LogOutputStream:75 - [STDERR_REDIRECT] [Fatal Error] :1:1: Premature end of file.
2026-08-29 10:07:41,701 [ERROR] LogOutputStream:75 - [STDERR_REDIRECT] 
2026-08-29 10:07:42,701 [ERROR] LogOutputStream:75 - [STDERR_REDIRECT] [Fatal Error] :1:1: Premature end of file.
2026-08-29 10:07:42,702 [ERROR] LogOutputStream:75 - [STDERR_REDIRECT] 
2026-08-29 10:07:43,701 [ERROR] LogOutputStream:75 - [STDERR_REDIRECT] [Fatal Error] :1:1: Premature end of file.
2026-08-29 10:07:43,701 [ERROR] LogOutputStream:75 - [STDERR_REDIRECT] 
2026-08-29 10:07:44,702 [ERROR] LogOutputStream:75 - [STDERR_REDIRECT] [Fatal Error] :1:1: Premature end of file.
2026-08-29 10:07:44,702 [ERROR] LogOutputStream:75 - [STDERR_REDIRECT] 
2026-08-29 10:07:45,703 [ERROR] LogOutputStream:75 - [STDERR_REDIRECT] [Fatal Error] :1:1: Premature end of file.
2026-08-29 10:07:45,703 [ERROR] LogOutputStream:75 - [STDERR_REDIRECT] 
2026-08-29 10:07:46,705 [ERROR] LogOutputStream:75 - [STDERR_REDIRECT] [Fatal Error] :1:1: Premature end of file.
2026-08-29 10:07:46,705 [ERROR] LogOutputStream:75 - [STDERR_REDIRECT] 
2026-08-29 10:07:47,704 [ERROR] LogOutputStream:75 - [STDERR_REDIRECT] [Fatal Error] :1:1: Premature end of file.
2026-08-29 10:07:47,704 [ERROR] LogOutputStream:75 - [STDERR_REDIRECT] 
2026-08-29 10:07:48,703 [ERROR] LogOutputStream:75 - [STDERR_REDIRECT] [Fatal Error] :1:1: Premature end of file.
2026-08-29 10:07:48,703 [ERROR] LogOutputStream:75 - [STDERR_REDIRECT] 
2026-08-29 10:07:49,703 [ERROR] LogOutputStream:75 - [STDERR_REDIRECT] [Fatal Error] :1:1: Premature end of file.
2026-08-29 10:07:49,704 [ERROR] LogOutputStream:75 - [STDERR_REDIRECT] 
2026-08-29 10:07:50,701 [ERROR] LogOutputStream:75 - [STDERR_REDIRECT] [Fatal Error] :1:1: Premature end of file.
2026-08-29 10:07:50,701 [ERROR] LogOutputStream:75 - [STDERR_REDIRECT] 
2026-08-29 10:07:51,705 [ERROR] LogOutputStream:75 - [STDERR_REDIRECT] [Fatal Error] :1:1: Premature end of file.
2026-08-29 10:07:51,705 [ERROR] LogOutputStream:75 - [STDERR_REDIRECT] 
2026-08-29 10:07:52,703 [ERROR] LogOutputStream:75 - [STDERR_REDIRECT] [Fatal Error] :1:1: Premature end of file.
2026-08-29 10:07:52,703 [ERROR] LogOutputStream:75 - [STDERR_REDIRECT] 
2026-08-29 10:07:53,702 [ERROR] LogOutputStream:75 - [STDERR_REDIRECT] [Fatal Error] :1:1: Premature end of file.
2026-08-29 10:07:53,703 [ERROR] LogOutputStream:75 - [STDERR_REDIRECT] 
2026-08-29 10:07:54,702 [ERROR] LogOutputStream:75 - [STDERR_REDIRECT] [Fatal Error] :1:1: Premature end of file.
2026-08-29 10:07:54,702 [ERROR] LogOutputStream:75 - [STDERR_REDIRECT] 
2026-08-29 10:07:55,705 [ERROR] LogOutputStream:75 - [STDERR_REDIRECT] [Fatal Error] :1:1: Premature end of file.
2026-08-29 10:07:55,705 [ERROR] LogOutputStream:75 - [STDERR_REDIRECT] 
2026-08-29 10:07:56,702 [ERROR] LogOutputStream:75 - [STDERR_REDIRECT] [Fatal Error] :1:1: Premature end of file.
2026-08-29 10:07:56,703 [ERROR] LogOutputStream:75 - [STDERR_REDIRECT] 
2026-08-29 10:07:57,703 [ERROR] LogOutputStream:75 - [STDERR_REDIRECT] [Fatal Error] :1:1: Premature end of file.
2026-08-29 10:07:57,703 [ERROR] LogOutputStream:75 - [STDERR_REDIRECT] 
2026-08-29 10:07:58,702 [ERROR] LogOutputStream:75 - [STDERR_REDIRECT] [Fatal Error] :1:1: Premature end of file.
2026-08-29 10:07:58,703 [ERROR] LogOutputStream:75 - [STDERR_REDIRECT] 
2026-08-29 10:07:59,702 [ERROR] LogOutputStream:75 - [STDERR_REDIRECT] [Fatal Error] :1:1: Premature end of file.
2026-08-29 10:07:59,703 [ERROR] LogOutputStream:75 - [STDERR_REDIRECT] 
2026-08-29 10:08:00,702 [ERROR] LogOutputStream:75 - [STDERR_REDIRECT] [Fatal Error] :1:1: Premature end of file.
2026-08-29 10:08:00,702 [ERROR] LogOutputStream:75 - [STDERR_REDIRECT] 
2026-08-29 10:08:01,702 [ERROR] LogOutputStream:75 - [STDERR_REDIRECT] [Fatal Error] :1:1: Premature end of file.
2026-08-29 10:08:01,702 [ERROR] LogOutputStream:75 - [STDERR_REDIRECT] 
2026-08-29 10:08:02,703 [ERROR] LogOutputStream:75 - [STDERR_REDIRECT] [Fatal Error] :1:1: Premature end of file.
2026-08-29 10:08:02,703 [ERROR] LogOutputStream:75 - [STDERR_REDIRECT] 
2026-08-29 10:08:03,702 [ERROR] LogOutputStream:75 - [STDERR_REDIRECT] [Fatal Error] :1:1: Premature end of file.
2026-08-29 10:08:03,702 [ERROR] LogOutputStream:75 - [STDERR_REDIRECT] 
2026-08-29 10:08:04,702 [ERROR] LogOutputStream:75 - [STDERR_REDIRECT] [Fatal Error] :1:1: Premature end of file.
2026-08-29 10:08:04,702 [ERROR] LogOutputStream:75 - [STDERR_REDIRECT] 
2026-08-29 10:08:05,702 [ERROR] LogOutputStream:75 - [STDERR_REDIRECT] [Fatal Error] :1:1: Premature end of file.
2026-08-29 10:08:05,702 [ERROR] LogOutputStream:75 - [STDERR_REDIRECT] 
2026-08-29 10:08:06,704 [ERROR] LogOutputStream:75 - [STDERR_REDIRECT] [Fatal Error] :1:1: Premature end of file.
2026-08-29 10:08:06,704 [ERROR] LogOutputStream:75 - [STDERR_REDIRECT] 
2026-08-29 10:08:07,703 [ERROR] LogOutputStream:75 - [STDERR_REDIRECT] [Fatal Error] :1:1: Premature end of file.
2026-08-29 10:08:07,703 [ERROR] LogOutputStream:75 - [STDERR_REDIRECT] 
2026-08-29 10:08:08,702 [ERROR] LogOutputStream:75 - [STDERR_REDIRECT] [Fatal Error] :1:1: Premature end of file.
2026-08-29 10:08:08,702 [ERROR] LogOutputStream:75 - [STDERR_REDIRECT] 
2026-08-29 10:08:09,702 [ERROR] LogOutputStream:75 - [STDERR_REDIRECT] [Fatal Error] :1:1: Premature end of file.
2026-08-29 10:08:09,702 [ERROR] LogOutputStream:75 - [STDERR_REDIRECT] 
2026-08-29 10:08:10,704 [ERROR] LogOutputStream:75 - [STDERR_REDIRECT] [Fatal Error] :1:1: Premature end of file.
2026-08-29 10:08:10,704 [ERROR] LogOutputStream:75 - [STDERR_REDIRECT] 
2026-08-29 10:08:11,705 [ERROR] LogOutputStream:75 - [STDERR_REDIRECT] [Fatal Error] :1:1: Premature end of file.
2026-08-29 10:08:11,705 [ERROR] LogOutputStream:75 - [STDERR_REDIRECT] 
2026-08-29 10:08:12,701 [ERROR] LogOutputStream:75 - [STDERR_REDIRECT] [Fatal Error] :1:1: Premature end of file.
2026-08-29 10:08:12,701 [ERROR] LogOutputStream:75 - [STDERR_REDIRECT] 
2026-08-29 10:08:13,703 [ERROR] LogOutputStream:75 - [STDERR_REDIRECT] [Fatal Error] :1:1: Premature end of file.
2026-08-29 10:08:13,704 [ERROR] LogOutputStream:75 - [STDERR_REDIRECT] 
2026-08-29 10:08:14,701 [ERROR] LogOutputStream:75 - [STDERR_REDIRECT] [Fatal Error] :1:1: Premature end of file.
2026-08-29 10:08:14,702 [ERROR] LogOutputStream:75 - [STDERR_REDIRECT] 
2026-08-29 10:08:15,703 [ERROR] LogOutputStream:75 - [STDERR_REDIRECT] [Fatal Error] :1:1: Premature end of file.
2026-08-29 10:08:15,703 [ERROR] LogOutputStream:75 - [STDERR_REDIRECT] 
2026-08-29 10:08:16,702 [ERROR] LogOutputStream:75 - [STDERR_REDIRECT] [Fatal Error] :1:1: Premature end of file.
2026-08-29 10:08:16,702 [ERROR] LogOutputStream:75 - [STDERR_REDIRECT] 
2026-08-29 10:08:17,703 [ERROR] LogOutputStream:75 - [STDERR_REDIRECT] [Fatal Error] :1:1: Premature end of file.
2026-08-29 10:08:17,704 [ERROR] LogOutputStream:75 - [STDERR_REDIRECT] 
2026-08-29 10:08:18,703 [ERROR] LogOutputStream:75 - [STDERR_REDIRECT] [Fatal Error] :1:1: Premature end of file.
2026-08-29 10:08:18,704 [ERROR] LogOutputStream:75 - [STDERR_REDIRECT] 
2026-08-29 10:08:19,702 [ERROR] LogOutputStream:75 - [STDERR_REDIRECT] [Fatal Error] :1:1: Premature end of file.
2026-08-29 10:08:19,702 [ERROR] LogOutputStream:75 - [STDERR_REDIRECT] 
2026-08-29 10:08:20,702 [ERROR] LogOutputStream:75 - [STDERR_REDIRECT] [Fatal Error] :1:1: Premature end of file.
2026-08-29 10:08:20,702 [ERROR] LogOutputStream:75 - [STDERR_REDIRECT] 
2026-08-29 10:08:21,700 [ERROR] LogOutputStream:75 - [STDERR_REDIRECT] [Fatal Error] :1:1: Premature end of file.
2026-08-29 10:08:21,700 [ERROR] LogOutputStream:75 - [STDERR_REDIRECT] 
2026-08-29 10:08:22,703 [ERROR] LogOutputStream:75 - [STDERR_REDIRECT] [Fatal Error] :1:1: Premature end of file.
2026-08-29 10:08:22,703 [ERROR] LogOutputStream:75 - [STDERR_REDIRECT] 
2026-08-29 10:08:23,702 [ERROR] LogOutputStream:75 - [STDERR_REDIRECT] [Fatal Error] :1:1: Premature end of file.
2026-08-29 10:08:23,702 [ERROR] LogOutputStream:75 - [STDERR_REDIRECT] 
2026-08-29 10:08:24,703 [ERROR] LogOutputStream:75 - [STDERR_REDIRECT] [Fatal Error] :1:1: Premature end of file.
2026-08-29 10:08:24,703 [ERROR] LogOutputStream:75 - [STDERR_REDIRECT] 
2026-08-29 10:08:25,701 [ERROR] LogOutputStream:75 - [STDERR_REDIRECT] [Fatal Error] :1:1: Premature end of file.
2026-08-29 10:08:25,701 [ERROR] LogOutputStream:75 - [STDERR_REDIRECT] 
2026-08-29 10:08:26,702 [ERROR] LogOutputStream:75 - [STDERR_REDIRECT] [Fatal Error] :1:1: Premature end of file.
2026-08-29 10:08:26,702 [ERROR] LogOutputStream:75 - [STDERR_REDIRECT] 
2026-08-29 10:08:27,703 [ERROR] LogOutputStream:75 - [STDERR_REDIRECT] [Fatal Error] :1:1: Premature end of file.
2026-08-29 10:08:27,703 [ERROR] LogOutputStream:75 - [STDERR_REDIRECT] 
2026-08-29 10:08:28,701 [ERROR] LogOutputStream:75 - [STDERR_REDIRECT] [Fatal Error] :1:1: Premature end of file.
2026-08-29 10:08:28,701 [ERROR] LogOutputStream:75 - [STDERR_REDIRECT] 
2026-08-29 10:08:29,703 [ERROR] LogOutputStream:75 - [STDERR_REDIRECT] [Fatal Error] :1:1: Premature end of file.
2026-08-29 10:08:29,703 [ERROR] LogOutputStream:75 - [STDERR_REDIRECT] 
2026-08-29 10:08:30,703 [ERROR] LogOutputStream:75 - [STDERR_REDIRECT] [Fatal Error] :1:1: Premature end of file.
2026-08-29 10:08:30,703 [ERROR] LogOutputStream:75 - [STDERR_REDIRECT] 
2026-08-29 10:08:31,704 [ERROR] LogOutputStream:75 - [STDERR_REDIRECT] [Fatal Error] :1:1: Premature end of file.
2026-08-29 10:08:31,704 [ERROR] LogOutputStream:75 - [STDERR_REDIRECT] 
2026-08-29 10:08:32,703 [ERROR] LogOutputStream:75 - [STDERR_REDIRECT] [Fatal Error] :1:1: Premature end of file.
2026-08-29 10:08:32,703 [ERROR] LogOutputStream:75 - [STDERR_REDIRECT] 
2026-08-29 10:08:33,702 [ERROR] LogOutputStream:75 - [STDERR_REDIRECT] [Fatal Error] :1:1: Premature end of file.
2026-08-29 10:08:33,702 [ERROR] LogOutputStream:75 - [STDERR_REDIRECT] 
2026-08-29 10:08:34,703 [ERROR] LogOutputStream:75 - [STDERR_REDIRECT] [Fatal Error] :1:1: Premature end of file.
2026-08-29 10:08:34,703 [ERROR] LogOutputStream:75 - [STDERR_REDIRECT] 
2026-08-29 10:08:35,703 [ERROR] LogOutputStream:75 - [STDERR_REDIRECT] [Fatal Error] :1:1: Premature end of file.
2026-08-29 10:08:35,703 [ERROR] LogOutputStream:75 - [STDERR_REDIRECT] 
2026-08-29 10:08:36,702 [ERROR] LogOutputStream:75 - [STDERR_REDIRECT] [Fatal Error] :1:1: Premature end of file.
2026-08-29 10:08:36,702 [ERROR] LogOutputStream:75 - [STDERR_REDIRECT] 
2026-08-29 10:08:37,703 [ERROR] LogOutputStream:75 - [STDERR_REDIRECT] [Fatal Error] :1:1: Premature end of file.
2026-08-29 10:08:37,703 [ERROR] LogOutputStream:75 - [STDERR_REDIRECT] 
2026-08-29 10:08:38,701 [ERROR] LogOutputStream:75 - [STDERR_REDIRECT] [Fatal Error] :1:1: Premature end of file.
2026-08-29 10:08:38,701 [ERROR] LogOutputStream:75 - [STDERR_REDIRECT] 
2026-08-29 10:08:39,702 [ERROR] LogOutputStream:75 - [STDERR_REDIRECT] [Fatal Error] :1:1: Premature end of file.
2026-08-29 10:08:39,702 [ERROR] LogOutputStream:75 - [STDERR_REDIRECT] 
2026-08-29 10:08:40,702 [ERROR] LogOutputStream:75 - [STDERR_REDIRECT] [Fatal Error] :1:1: Premature end of file.
2026-08-29 10:08:40,702 [ERROR] LogOutputStream:75 - [STDERR_REDIRECT] 
2026-08-29 10:08:41,704 [ERROR] LogOutputStream:75 - [STDERR_REDIRECT] [Fatal Error] :1:1: Premature end of file.
2026-08-29 10:08:41,705 [ERROR] LogOutputStream:75 - [STDERR_REDIRECT] 
2026-08-29 10:08:42,702 [ERROR] LogOutputStream:75 - [STDERR_REDIRECT] [Fatal Error] :1:1: Premature end of file.
2026-08-29 10:08:42,702 [ERROR] LogOutputStream:75 - [STDERR_REDIRECT] 
2026-08-29 10:08:43,702 [ERROR] LogOutputStream:75 - [STDERR_REDIRECT] [Fatal Error] :1:1: Premature end of file.
2026-08-29 10:08:43,702 [ERROR] LogOutputStream:75 - [STDERR_REDIRECT] 
2026-08-29 10:08:44,701 [ERROR] LogOutputStream:75 - [STDERR_REDIRECT] [Fatal Error] :1:1: Premature end of file.
2026-08-29 10:08:44,702 [ERROR] LogOutputStream:75 - [STDERR_REDIRECT] 
2026-08-29 10:08:45,703 [ERROR] LogOutputStream:75 - [STDERR_REDIRECT] [Fatal Error] :1:1: Premature end of file.
2026-08-29 10:08:45,703 [ERROR] LogOutputStream:75 - [STDERR_REDIRECT] 
2026-08-29 10:08:46,702 [ERROR] LogOutputStream:75 - [STDERR_REDIRECT] [Fatal Error] :1:1: Premature end of file.
2026-08-29 10:08:46,702 [ERROR] LogOutputStream:75 - [STDERR_REDIRECT] 
2026-08-29 10:08:47,704 [ERROR] LogOutputStream:75 - [STDERR_REDIRECT] [Fatal Error] :1:1: Premature end of file.
2026-08-29 10:08:47,704 [ERROR] LogOutputStream:75 - [STDERR_REDIRECT] 
2026-08-29 10:08:48,703 [ERROR] LogOutputStream:75 - [STDERR_REDIRECT] [Fatal Error] :1:1: Premature end of file.
2026-08-29 10:08:48,703 [ERROR] LogOutputStream:75 - [STDERR_REDIRECT] 
2026-08-29 10:08:49,701 [ERROR] LogOutputStream:75 - [STDERR_REDIRECT] [Fatal Error] :1:1: Premature end of file.
2026-08-29 10:08:49,702 [ERROR] LogOutputStream:75 - [STDERR_REDIRECT] 
2026-08-29 10:08:50,702 [ERROR] LogOutputStream:75 - [STDERR_REDIRECT] [Fatal Error] :1:1: Premature end of file.
2026-08-29 10:08:50,703 [ERROR] LogOutputStream:75 - [STDERR_REDIRECT] 
2026-08-29 10:08:51,702 [ERROR] LogOutputStream:75 - [STDERR_REDIRECT] [Fatal Error] :1:1: Premature end of file.
2026-08-29 10:08:51,702 [ERROR] LogOutputStream:75 - [STDERR_REDIRECT] 
2026-08-29 10:08:52,704 [ERROR] LogOutputStream:75 - [STDERR_REDIRECT] [Fatal Error] :1:1: Premature end of file.
2026-08-29 10:08:52,704 [ERROR] LogOutputStream:75 - [STDERR_REDIRECT] 
2026-08-29 10:08:53,708 [ERROR] LogOutputStream:75 - [STDERR_REDIRECT] [Fatal Error] :1:1: Premature end of file.
2026-08-29 10:08:53,708 [ERROR] LogOutputStream:75 - [STDERR_REDIRECT] 
2026-08-29 10:08:54,703 [ERROR] LogOutputStream:75 - [STDERR_REDIRECT] [Fatal Error] :1:1: Premature end of file.
2026-08-29 10:08:54,703 [ERROR] LogOutputStream:75 - [STDERR_REDIRECT] 
2026-08-29 10:08:55,702 [ERROR] LogOutputStream:75 - [STDERR_REDIRECT] [Fatal Error] :1:1: Premature end of file.
2026-08-29 10:08:55,702 [ERROR] LogOutputStream:75 - [STDERR_REDIRECT] 
2026-08-29 10:08:56,703 [ERROR] LogOutputStream:75 - [STDERR_REDIRECT] [Fatal Error] :1:1: Premature end of file.
2026-08-29 10:08:56,703 [ERROR] LogOutputStream:75 - [STDERR_REDIRECT] 
2026-08-29 10:08:57,702 [ERROR] LogOutputStream:75 - [STDERR_REDIRECT] [Fatal Error] :1:1: Premature end of file.
2026-08-29 10:08:57,702 [ERROR] LogOutputStream:75 - [STDERR_REDIRECT] 
2026-08-29 10:08:58,700 [ERROR] LogOutputStream:75 - [STDERR_REDIRECT] [Fatal Error] :1:1: Premature end of file.
2026-08-29 10:08:58,701 [ERROR] LogOutputStream:75 - [STDERR_REDIRECT] 
2026-08-29 10:08:59,703 [ERROR] LogOutputStream:75 - [STDERR_REDIRECT] [Fatal Error] :1:1: Premature end of file.
2026-08-29 10:08:59,703 [ERROR] LogOutputStream:75 - [STDERR_REDIRECT] 
2026-08-29 10:09:00,702 [ERROR] LogOutputStream:75 - [STDERR_REDIRECT] [Fatal Error] :1:1: Premature end of file.
2026-08-29 10:09:00,702 [ERROR] LogOutputStream:75 - [STDERR_REDIRECT] 
2026-08-29 10:09:01,702 [ERROR] LogOutputStream:75 - [STDERR_REDIRECT] [Fatal Error] :1:1: Premature end of file.
2026-08-29 10:09:01,703 [ERROR] LogOutputStream:75 - [STDERR_REDIRECT] 
2026-08-29 10:09:02,704 [ERROR] LogOutputStream:75 - [STDERR_REDIRECT] [Fatal Error] :1:1: Premature end of file.
2026-08-29 10:09:02,704 [ERROR] LogOutputStream:75 - [STDERR_REDIRECT] 
2026-08-29 10:09:03,704 [ERROR] LogOutputStream:75 - [STDERR_REDIRECT] [Fatal Error] :1:1: Premature end of file.
2026-08-29 10:09:03,704 [ERROR] LogOutputStream:75 - [STDERR_REDIRECT] 
2026-08-29 10:09:04,701 [ERROR] LogOutputStream:75 - [STDERR_REDIRECT] [Fatal Error] :1:1: Premature end of file.
2026-08-29 10:09:04,701 [ERROR] LogOutputStream:75 - [STDERR_REDIRECT] 
2026-08-29 10:09:05,702 [ERROR] LogOutputStream:75 - [STDERR_REDIRECT] [Fatal Error] :1:1: Premature end of file.
2026-08-29 10:09:05,702 [ERROR] LogOutputStream:75 - [STDERR_REDIRECT] 
2026-08-29 10:09:06,703 [ERROR] LogOutputStream:75 - [STDERR_REDIRECT] [Fatal Error] :1:1: Premature end of file.
2026-08-29 10:09:06,703 [ERROR] LogOutputStream:75 - [STDERR_REDIRECT] 
2026-08-29 10:09:07,704 [ERROR] LogOutputStream:75 - [STDERR_REDIRECT] [Fatal Error] :1:1: Premature end of file.
2026-08-29 10:09:07,704 [ERROR] LogOutputStream:75 - [STDERR_REDIRECT] 
2026-08-29 10:09:08,703 [ERROR] LogOutputStream:75 - [STDERR_REDIRECT] [Fatal Error] :1:1: Premature end of file.
2026-08-29 10:09:08,703 [ERROR] LogOutputStream:75 - [STDERR_REDIRECT] 
2026-08-29 10:09:09,703 [ERROR] LogOutputStream:75 - [STDERR_REDIRECT] [Fatal Error] :1:1: Premature end of file.
2026-08-29 10:09:09,703 [ERROR] LogOutputStream:75 - [STDERR_REDIRECT] 
2026-08-29 10:09:10,702 [ERROR] LogOutputStream:75 - [STDERR_REDIRECT] [Fatal Error] :1:1: Premature end of file.
2026-08-29 10:09:10,702 [ERROR] LogOutputStream:75 - [STDERR_REDIRECT] 
2026-08-29 10:09:11,704 [ERROR] LogOutputStream:75 - [STDERR_REDIRECT] [Fatal Error] :1:1: Premature end of file.
2026-08-29 10:09:11,704 [ERROR] LogOutputStream:75 - [STDERR_REDIRECT] 
2026-08-29 10:09:12,703 [ERROR] LogOutputStream:75 - [STDERR_REDIRECT] [Fatal Error] :1:1: Premature end of file.
2026-08-29 10:09:12,703 [ERROR] LogOutputStream:75 - [STDERR_REDIRECT] 
2026-08-29 10:09:13,702 [ERROR] LogOutputStream:75 - [STDERR_REDIRECT] [Fatal Error] :1:1: Premature end of file.
2026-08-29 10:09:13,702 [ERROR] LogOutputStream:75 - [STDERR_REDIRECT] 
2026-08-29 10:09:14,704 [ERROR] LogOutputStream:75 - [STDERR_REDIRECT] [Fatal Error] :1:1: Premature end of file.
2026-08-29 10:09:14,705 [ERROR] LogOutputStream:75 - [STDERR_REDIRECT] 
2026-08-29 10:09:15,704 [ERROR] LogOutputStream:75 - [STDERR_REDIRECT] [Fatal Error] :1:1: Premature end of file.
2026-08-29 10:09:15,704 [ERROR] LogOutputStream:75 - [STDERR_REDIRECT] 
2026-08-29 10:09:16,702 [ERROR] LogOutputStream:75 - [STDERR_REDIRECT] [Fatal Error] :1:1: Premature end of file.
2026-08-29 10:09:16,702 [ERROR] LogOutputStream:75 - [STDERR_REDIRECT] 
2026-08-29 10:09:17,701 [ERROR] LogOutputStream:75 - [STDERR_REDIRECT] [Fatal Error] :1:1: Premature end of file.
2026-08-29 10:09:17,701 [ERROR] LogOutputStream:75 - [STDERR_REDIRECT] 
2026-08-29 10:09:18,704 [ERROR] LogOutputStream:75 - [STDERR_REDIRECT] [Fatal Error] :1:1: Premature end of file.
2026-08-29 10:09:18,704 [ERROR] LogOutputStream:75 - [STDERR_REDIRECT] 
2026-08-29 10:09:19,703 [ERROR] LogOutputStream:75 - [STDERR_REDIRECT] [Fatal Error] :1:1: Premature end of file.
2026-08-29 10:09:19,703 [ERROR] LogOutputStream:75 - [STDERR_REDIRECT] 
2026-08-29 10:09:20,701 [ERROR] LogOutputStream:75 - [STDERR_REDIRECT] [Fatal Error] :1:1: Premature end of file.
2026-08-29 10:09:20,701 [ERROR] LogOutputStream:75 - [STDERR_REDIRECT] 
2026-08-29 10:09:21,702 [ERROR] LogOutputStream:75 - [STDERR_REDIRECT] [Fatal Error] :1:1: Premature end of file.
2026-08-29 10:09:21,702 [ERROR] LogOutputStream:75 - [STDERR_REDIRECT] 
2026-08-29 10:09:22,703 [ERROR] LogOutputStream:75 - [STDERR_REDIRECT] [Fatal Error] :1:1: Premature end of file.
2026-08-29 10:09:22,703 [ERROR] LogOutputStream:75 - [STDERR_REDIRECT] 
2026-08-29 10:09:23,702 [ERROR] LogOutputStream:75 - [STDERR_REDIRECT] [Fatal Error] :1:1: Premature end of file.
2026-08-29 10:09:23,702 [ERROR] LogOutputStream:75 - [STDERR_REDIRECT] 
2026-08-29 10:09:24,701 [ERROR] LogOutputStream:75 - [STDERR_REDIRECT] [Fatal Error] :1:1: Premature end of file.
2026-08-29 10:09:24,701 [ERROR] LogOutputStream:75 - [STDERR_REDIRECT] 
2026-08-29 10:09:25,701 [ERROR] LogOutputStream:75 - [STDERR_REDIRECT] [Fatal Error] :1:1: Premature end of file.
2026-08-29 10:09:25,701 [ERROR] LogOutputStream:75 - [STDERR_REDIRECT] 
2026-08-29 10:09:26,704 [ERROR] LogOutputStream:75 - [STDERR_REDIRECT] [Fatal Error] :1:1: Premature end of file.
2026-08-29 10:09:26,704 [ERROR] LogOutputStream:75 - [STDERR_REDIRECT] 
2026-08-29 10:09:27,702 [ERROR] LogOutputStream:75 - [STDERR_REDIRECT] [Fatal Error] :1:1: Premature end of file.
2026-08-29 10:09:27,702 [ERROR] LogOutputStream:75 - [STDERR_REDIRECT] 
2026-08-29 10:09:28,703 [ERROR] LogOutputStream:75 - [STDERR_REDIRECT] [Fatal Error] :1:1: Premature end of file.
2026-08-29 10:09:28,703 [ERROR] LogOutputStream:75 - [STDERR_REDIRECT] 
2026-08-29 10:09:29,704 [ERROR] LogOutputStream:75 - [STDERR_REDIRECT] [Fatal Error] :1:1: Premature end of file.
2026-08-29 10:09:29,704 [ERROR] LogOutputStream:75 - [STDERR_REDIRECT] 
2026-08-29 10:09:30,701 [ERROR] LogOutputStream:75 - [STDERR_REDIRECT] [Fatal Error] :1:1: Premature end of file.
2026-08-29 10:09:30,701 [ERROR] LogOutputStream:75 - [STDERR_REDIRECT] 
2026-08-29 10:09:31,702 [ERROR] LogOutputStream:75 - [STDERR_REDIRECT] [Fatal Error] :1:1: Premature end of file.
2026-08-29 10:09:31,702 [ERROR] LogOutputStream:75 - [STDERR_REDIRECT] 
2026-08-29 10:09:32,702 [ERROR] LogOutputStream:75 - [STDERR_REDIRECT] [Fatal Error] :1:1: Premature end of file.
2026-08-29 10:09:32,702 [ERROR] LogOutputStream:75 - [STDERR_REDIRECT] 
2026-08-29 10:09:33,703 [ERROR] LogOutputStream:75 - [STDERR_REDIRECT] [Fatal Error] :1:1: Premature end of file.
2026-08-29 10:09:33,703 [ERROR] LogOutputStream:75 - [STDERR_REDIRECT] 
2026-08-29 10:09:34,704 [ERROR] LogOutputStream:75 - [STDERR_REDIRECT] [Fatal Error] :1:1: Premature end of file.
2026-08-29 10:09:34,704 [ERROR] LogOutputStream:75 - [STDERR_REDIRECT] 
2026-08-29 10:09:35,704 [ERROR] LogOutputStream:75 - [STDERR_REDIRECT] [Fatal Error] :1:1: Premature end of file.
2026-08-29 10:09:35,704 [ERROR] LogOutputStream:75 - [STDERR_REDIRECT] 
2026-08-29 10:09:36,701 [ERROR] LogOutputStream:75 - [STDERR_REDIRECT] [Fatal Error] :1:1: Premature end of file.
2026-08-29 10:09:36,701 [ERROR] LogOutputStream:75 - [STDERR_REDIRECT] 
2026-08-29 10:09:37,704 [ERROR] LogOutputStream:75 - [STDERR_REDIRECT] [Fatal Error] :1:1: Premature end of file.
2026-08-29 10:09:37,704 [ERROR] LogOutputStream:75 - [STDERR_REDIRECT] 
2026-08-29 10:09:38,706 [ERROR] LogOutputStream:75 - [STDERR_REDIRECT] [Fatal Error] :1:1: Premature end of file.
2026-08-29 10:09:38,706 [ERROR] LogOutputStream:75 - [STDERR_REDIRECT] 
2026-08-29 10:09:39,702 [ERROR] LogOutputStream:75 - [STDERR_REDIRECT] [Fatal Error] :1:1: Premature end of file.
2026-08-29 10:09:39,702 [ERROR] LogOutputStream:75 - [STDERR_REDIRECT] 
2026-08-29 10:09:40,702 [ERROR] LogOutputStream:75 - [STDERR_REDIRECT] [Fatal Error] :1:1: Premature end of file.
2026-08-29 10:09:40,702 [ERROR] LogOutputStream:75 - [STDERR_REDIRECT] 
2026-08-29 10:09:41,701 [ERROR] LogOutputStream:75 - [STDERR_REDIRECT] [Fatal Error] :1:1: Premature end of file.
2026-08-29 10:09:41,701 [ERROR] LogOutputStream:75 - [STDERR_REDIRECT] 
2026-08-29 10:09:42,702 [ERROR] LogOutputStream:75 - [STDERR_REDIRECT] [Fatal Error] :1:1: Premature end of file.
2026-08-29 10:09:42,702 [ERROR] LogOutputStream:75 - [STDERR_REDIRECT] 
2026-08-29 10:09:43,704 [ERROR] LogOutputStream:75 - [STDERR_REDIRECT] [Fatal Error] :1:1: Premature end of file.
2026-08-29 10:09:43,704 [ERROR] LogOutputStream:75 - [STDERR_REDIRECT] 
2026-08-29 10:09:44,703 [ERROR] LogOutputStream:75 - [STDERR_REDIRECT] [Fatal Error] :1:1: Premature end of file.
2026-08-29 10:09:44,703 [ERROR] LogOutputStream:75 - [STDERR_REDIRECT] 
2026-08-29 10:09:45,701 [ERROR] LogOutputStream:75 - [STDERR_REDIRECT] [Fatal Error] :1:1: Premature end of file.
2026-08-29 10:09:45,702 [ERROR] LogOutputStream:75 - [STDERR_REDIRECT] 
2026-08-29 10:09:46,702 [ERROR] LogOutputStream:75 - [STDERR_REDIRECT] [Fatal Error] :1:1: Premature end of file.
2026-08-29 10:09:46,702 [ERROR] LogOutputStream:75 - [STDERR_REDIRECT] 
2026-08-29 10:09:47,703 [ERROR] LogOutputStream:75 - [STDERR_REDIRECT] [Fatal Error] :1:1: Premature end of file.
2026-08-29 10:09:47,704 [ERROR] LogOutputStream:75 - [STDERR_REDIRECT] 
2026-08-29 10:09:48,703 [ERROR] LogOutputStream:75 - [STDERR_REDIRECT] [Fatal Error] :1:1: Premature end of file.
2026-08-29 10:09:48,703 [ERROR] LogOutputStream:75 - [STDERR_REDIRECT] 
2026-08-29 10:09:49,702 [ERROR] LogOutputStream:75 - [STDERR_REDIRECT] [Fatal Error] :1:1: Premature end of file.
2026-08-29 10:09:49,702 [ERROR] LogOutputStream:75 - [STDERR_REDIRECT] 
2026-08-29 10:09:50,701 [ERROR] LogOutputStream:75 - [STDERR_REDIRECT] [Fatal Error] :1:1: Premature end of file.
2026-08-29 10:09:50,701 [ERROR] LogOutputStream:75 - [STDERR_REDIRECT] 
2026-08-29 10:09:51,704 [ERROR] LogOutputStream:75 - [STDERR_REDIRECT] [Fatal Error] :1:1: Premature end of file.
2026-08-29 10:09:51,704 [ERROR] LogOutputStream:75 - [STDERR_REDIRECT] 
2026-08-29 10:09:52,703 [ERROR] LogOutputStream:75 - [STDERR_REDIRECT] [Fatal Error] :1:1: Premature end of file.
2026-08-29 10:09:52,703 [ERROR] LogOutputStream:75 - [STDERR_REDIRECT] 
2026-08-29 10:09:53,703 [ERROR] LogOutputStream:75 - [STDERR_REDIRECT] [Fatal Error] :1:1: Premature end of file.
2026-08-29 10:09:53,703 [ERROR] LogOutputStream:75 - [STDERR_REDIRECT] 
2026-08-29 10:09:54,703 [ERROR] LogOutputStream:75 - [STDERR_REDIRECT] [Fatal Error] :1:1: Premature end of file.
2026-08-29 10:09:54,703 [ERROR] LogOutputStream:75 - [STDERR_REDIRECT] 
2026-08-29 10:09:55,703 [ERROR] LogOutputStream:75 - [STDERR_REDIRECT] [Fatal Error] :1:1: Premature end of file.
2026-08-29 10:09:55,703 [ERROR] LogOutputStream:75 - [STDERR_REDIRECT] 
2026-08-29 10:09:56,702 [ERROR] LogOutputStream:75 - [STDERR_REDIRECT] [Fatal Error] :1:1: Premature end of file.
2026-08-29 10:09:56,702 [ERROR] LogOutputStream:75 - [STDERR_REDIRECT] 
2026-08-29 10:09:57,702 [ERROR] LogOutputStream:75 - [STDERR_REDIRECT] [Fatal Error] :1:1: Premature end of file.
2026-08-29 10:09:57,702 [ERROR] LogOutputStream:75 - [STDERR_REDIRECT] 
2026-08-29 10:09:58,703 [ERROR] LogOutputStream:75 - [STDERR_REDIRECT] [Fatal Error] :1:1: Premature end of file.
2026-08-29 10:09:58,703 [ERROR] LogOutputStream:75 - [STDERR_REDIRECT] 
2026-08-29 10:09:59,701 [ERROR] LogOutputStream:75 - [STDERR_REDIRECT] [Fatal Error] :1:1: Premature end of file.
2026-08-29 10:09:59,702 [ERROR] LogOutputStream:75 - [STDERR_REDIRECT] 
2026-08-29 10:10:00,704 [ERROR] LogOutputStream:75 - [STDERR_REDIRECT] [Fatal Error] :1:1: Premature end of file.
2026-08-29 10:10:00,705 [ERROR] LogOutputStream:75 - [STDERR_REDIRECT] 
2026-08-29 10:10:01,703 [ERROR] LogOutputStream:75 - [STDERR_REDIRECT] [Fatal Error] :1:1: Premature end of file.
2026-08-29 10:10:01,703 [ERROR] LogOutputStream:75 - [STDERR_REDIRECT] 
2026-08-29 10:10:02,703 [ERROR] LogOutputStream:75 - [STDERR_REDIRECT] [Fatal Error] :1:1: Premature end of file.
2026-08-29 10:10:02,703 [ERROR] LogOutputStream:75 - [STDERR_REDIRECT] 
2026-08-29 10:10:03,704 [ERROR] LogOutputStream:75 - [STDERR_REDIRECT] [Fatal Error] :1:1: Premature end of file.
2026-08-29 10:10:03,704 [ERROR] LogOutputStream:75 - [STDERR_REDIRECT] 
2026-08-29 10:10:04,704 [ERROR] LogOutputStream:75 - [STDERR_REDIRECT] [Fatal Error] :1:1: Premature end of file.
2026-08-29 10:10:04,704 [ERROR] LogOutputStream:75 - [STDERR_REDIRECT] 
2026-08-29 10:10:05,702 [ERROR] LogOutputStream:75 - [STDERR_REDIRECT] [Fatal Error] :1:1: Premature end of file.
2026-08-29 10:10:05,702 [ERROR] LogOutputStream:75 - [STDERR_REDIRECT] 
2026-08-29 10:10:06,702 [ERROR] LogOutputStream:75 - [STDERR_REDIRECT] [Fatal Error] :1:1: Premature end of file.
2026-08-29 10:10:06,702 [ERROR] LogOutputStream:75 - [STDERR_REDIRECT] 
2026-08-29 10:10:07,702 [ERROR] LogOutputStream:75 - [STDERR_REDIRECT] [Fatal Error] :1:1: Premature end of file.
2026-08-29 10:10:07,702 [ERROR] LogOutputStream:75 - [STDERR_REDIRECT] 
2026-08-29 10:10:08,703 [ERROR] LogOutputStream:75 - [STDERR_REDIRECT] [Fatal Error] :1:1: Premature end of file.
2026-08-29 10:10:08,703 [ERROR] LogOutputStream:75 - [STDERR_REDIRECT] 
2026-08-29 10:10:09,703 [ERROR] LogOutputStream:75 - [STDERR_REDIRECT] [Fatal Error] :1:1: Premature end of file.
2026-08-29 10:10:09,703 [ERROR] LogOutputStream:75 - [STDERR_REDIRECT] 
2026-08-29 10:10:10,703 [ERROR] LogOutputStream:75 - [STDERR_REDIRECT] [Fatal Error] :1:1: Premature end of file.
2026-08-29 10:10:10,703 [ERROR] LogOutputStream:75 - [STDERR_REDIRECT] 
2026-08-29 10:10:11,703 [ERROR] LogOutputStream:75 - [STDERR_REDIRECT] [Fatal Error] :1:1: Premature end of file.
2026-08-29 10:10:11,703 [ERROR] LogOutputStream:75 - [STDERR_REDIRECT] 
2026-08-29 10:10:12,702 [ERROR] LogOutputStream:75 - [STDERR_REDIRECT] [Fatal Error] :1:1: Premature end of file.
2026-08-29 10:10:12,702 [ERROR] LogOutputStream:75 - [STDERR_REDIRECT] 
2026-08-29 10:10:13,701 [ERROR] LogOutputStream:75 - [STDERR_REDIRECT] [Fatal Error] :1:1: Premature end of file.
2026-08-29 10:10:13,701 [ERROR] LogOutputStream:75 - [STDERR_REDIRECT] 
2026-08-29 10:10:14,703 [ERROR] LogOutputStream:75 - [STDERR_REDIRECT] [Fatal Error] :1:1: Premature end of file.
2026-08-29 10:10:14,703 [ERROR] LogOutputStream:75 - [STDERR_REDIRECT] 
2026-08-29 10:10:15,703 [ERROR] LogOutputStream:75 - [STDERR_REDIRECT] [Fatal Error] :1:1: Premature end of file.
2026-08-29 10:10:15,704 [ERROR] LogOutputStream:75 - [STDERR_REDIRECT] 
2026-08-29 10:10:16,702 [ERROR] LogOutputStream:75 - [STDERR_REDIRECT] [Fatal Error] :1:1: Premature end of file.
2026-08-29 10:10:16,702 [ERROR] LogOutputStream:75 - [STDERR_REDIRECT] 
2026-08-29 10:10:17,704 [ERROR] LogOutputStream:75 - [STDERR_REDIRECT] [Fatal Error] :1:1: Premature end of file.
2026-08-29 10:10:17,704 [ERROR] LogOutputStream:75 - [STDERR_REDIRECT] 
2026-08-29 10:10:18,704 [ERROR] LogOutputStream:75 - [STDERR_REDIRECT] [Fatal Error] :1:1: Premature end of file.
2026-08-29 10:10:18,704 [ERROR] LogOutputStream:75 - [STDERR_REDIRECT] 
2026-08-29 10:10:19,702 [ERROR] LogOutputStream:75 - [STDERR_REDIRECT] [Fatal Error] :1:1: Premature end of file.
2026-08-29 10:10:19,702 [ERROR] LogOutputStream:75 - [STDERR_REDIRECT] 
2026-08-29 10:10:20,704 [ERROR] LogOutputStream:75 - [STDERR_REDIRECT] [Fatal Error] :1:1: Premature end of file.
2026-08-29 10:10:20,704 [ERROR] LogOutputStream:75 - [STDERR_REDIRECT] 
2026-08-29 10:10:21,701 [ERROR] LogOutputStream:75 - [STDERR_REDIRECT] [Fatal Error] :1:1: Premature end of file.
2026-08-29 10:10:21,701 [ERROR] LogOutputStream:75 - [STDERR_REDIRECT] 
2026-08-29 10:10:22,703 [ERROR] LogOutputStream:75 - [STDERR_REDIRECT] [Fatal Error] :1:1: Premature end of file.
2026-08-29 10:10:22,703 [ERROR] LogOutputStream:75 - [STDERR_REDIRECT] 
2026-08-29 10:10:23,702 [ERROR] LogOutputStream:75 - [STDERR_REDIRECT] [Fatal Error] :1:1: Premature end of file.
2026-08-29 10:10:23,702 [ERROR] LogOutputStream:75 - [STDERR_REDIRECT] 
2026-08-29 10:10:24,703 [ERROR] LogOutputStream:75 - [STDERR_REDIRECT] [Fatal Error] :1:1: Premature end of file.
2026-08-29 10:10:24,703 [ERROR] LogOutputStream:75 - [STDERR_REDIRECT] 
2026-08-29 10:10:25,702 [ERROR] LogOutputStream:75 - [STDERR_REDIRECT] [Fatal Error] :1:1: Premature end of file.
2026-08-29 10:10:25,702 [ERROR] LogOutputStream:75 - [STDERR_REDIRECT] 
2026-08-29 10:10:26,700 [ERROR] LogOutputStream:75 - [STDERR_REDIRECT] [Fatal Error] :1:1: Premature end of file.
2026-08-29 10:10:26,700 [ERROR] LogOutputStream:75 - [STDERR_REDIRECT] 
2026-08-29 10:10:27,702 [ERROR] LogOutputStream:75 - [STDERR_REDIRECT] [Fatal Error] :1:1: Premature end of file.
2026-08-29 10:10:27,702 [ERROR] LogOutputStream:75 - [STDERR_REDIRECT] 
2026-08-29 10:10:28,703 [ERROR] LogOutputStream:75 - [STDERR_REDIRECT] [Fatal Error] :1:1: Premature end of file.
2026-08-29 10:10:28,703 [ERROR] LogOutputStream:75 - [STDERR_REDIRECT] 
2026-08-29 10:10:29,703 [ERROR] LogOutputStream:75 - [STDERR_REDIRECT] [Fatal Error] :1:1: Premature end of file.
2026-08-29 10:10:29,704 [ERROR] LogOutputStream:75 - [STDERR_REDIRECT] 
2026-08-29 10:10:30,703 [ERROR] LogOutputStream:75 - [STDERR_REDIRECT] [Fatal Error] :1:1: Premature end of file.
2026-08-29 10:10:30,703 [ERROR] LogOutputStream:75 - [STDERR_REDIRECT] 
2026-08-29 10:10:31,701 [ERROR] LogOutputStream:75 - [STDERR_REDIRECT] [Fatal Error] :1:1: Premature end of file.
2026-08-29 10:10:31,701 [ERROR] LogOutputStream:75 - [STDERR_REDIRECT] 
2026-08-29 10:10:32,702 [ERROR] LogOutputStream:75 - [STDERR_REDIRECT] [Fatal Error] :1:1: Premature end of file.
2026-08-29 10:10:32,702 [ERROR] LogOutputStream:75 - [STDERR_REDIRECT] 
2026-08-29 10:10:33,702 [ERROR] LogOutputStream:75 - [STDERR_REDIRECT] [Fatal Error] :1:1: Premature end of file.
2026-08-29 10:10:33,702 [ERROR] LogOutputStream:75 - [STDERR_REDIRECT] 
2026-08-29 10:10:34,703 [ERROR] LogOutputStream:75 - [STDERR_REDIRECT] [Fatal Error] :1:1: Premature end of file.
2026-08-29 10:10:34,703 [ERROR] LogOutputStream:75 - [STDERR_REDIRECT] 
2026-08-29 10:10:35,702 [ERROR] LogOutputStream:75 - [STDERR_REDIRECT] [Fatal Error] :1:1: Premature end of file.
2026-08-29 10:10:35,702 [ERROR] LogOutputStream:75 - [STDERR_REDIRECT] 
2026-08-29 10:10:36,701 [ERROR] LogOutputStream:75 - [STDERR_REDIRECT] [Fatal Error] :1:1: Premature end of file.
2026-08-29 10:10:36,702 [ERROR] LogOutputStream:75 - [STDERR_REDIRECT] 
2026-08-29 10:10:37,702 [ERROR] LogOutputStream:75 - [STDERR_REDIRECT] [Fatal Error] :1:1: Premature end of file.
2026-08-29 10:10:37,702 [ERROR] LogOutputStream:75 - [STDERR_REDIRECT] 
2026-08-29 10:10:38,704 [ERROR] LogOutputStream:75 - [STDERR_REDIRECT] [Fatal Error] :1:1: Premature end of file.
2026-08-29 10:10:38,704 [ERROR] LogOutputStream:75 - [STDERR_REDIRECT] 
2026-08-29 10:10:39,703 [ERROR] LogOutputStream:75 - [STDERR_REDIRECT] [Fatal Error] :1:1: Premature end of file.
2026-08-29 10:10:39,704 [ERROR] LogOutputStream:75 - [STDERR_REDIRECT] 
2026-08-29 10:10:40,702 [ERROR] LogOutputStream:75 - [STDERR_REDIRECT] [Fatal Error] :1:1: Premature end of file.
2026-08-29 10:10:40,702 [ERROR] LogOutputStream:75 - [STDERR_REDIRECT] 
2026-08-29 10:10:41,704 [ERROR] LogOutputStream:75 - [STDERR_REDIRECT] [Fatal Error] :1:1: Premature end of file.
2026-08-29 10:10:41,704 [ERROR] LogOutputStream:75 - [STDERR_REDIRECT] 
2026-08-29 10:10:42,702 [ERROR] LogOutputStream:75 - [STDERR_REDIRECT] [Fatal Error] :1:1: Premature end of file.
2026-08-29 10:10:42,702 [ERROR] LogOutputStream:75 - [STDERR_REDIRECT] 
2026-08-29 10:10:43,701 [ERROR] LogOutputStream:75 - [STDERR_REDIRECT] [Fatal Error] :1:1: Premature end of file.
2026-08-29 10:10:43,702 [ERROR] LogOutputStream:75 - [STDERR_REDIRECT] 
2026-08-29 10:10:44,703 [ERROR] LogOutputStream:75 - [STDERR_REDIRECT] [Fatal Error] :1:1: Premature end of file.
2026-08-29 10:10:44,703 [ERROR] LogOutputStream:75 - [STDERR_REDIRECT] 
2026-08-29 10:10:45,703 [ERROR] LogOutputStream:75 - [STDERR_REDIRECT] [Fatal Error] :1:1: Premature end of file.
2026-08-29 10:10:45,703 [ERROR] LogOutputStream:75 - [STDERR_REDIRECT] 
2026-08-29 10:10:46,701 [ERROR] LogOutputStream:75 - [STDERR_REDIRECT] [Fatal Error] :1:1: Premature end of file.
2026-08-29 10:10:46,701 [ERROR] LogOutputStream:75 - [STDERR_REDIRECT] 
2026-08-29 10:10:47,702 [ERROR] LogOutputStream:75 - [STDERR_REDIRECT] [Fatal Error] :1:1: Premature end of file.
2026-08-29 10:10:47,702 [ERROR] LogOutputStream:75 - [STDERR_REDIRECT] 
2026-08-29 10:10:48,704 [ERROR] LogOutputStream:75 - [STDERR_REDIRECT] [Fatal Error] :1:1: Premature end of file.
2026-08-29 10:10:48,704 [ERROR] LogOutputStream:75 - [STDERR_REDIRECT] 
2026-08-29 10:10:49,703 [ERROR] LogOutputStream:75 - [STDERR_REDIRECT] [Fatal Error] :1:1: Premature end of file.
2026-08-29 10:10:49,703 [ERROR] LogOutputStream:75 - [STDERR_REDIRECT] 
2026-08-29 10:10:50,704 [ERROR] LogOutputStream:75 - [STDERR_REDIRECT] [Fatal Error] :1:1: Premature end of file.
2026-08-29 10:10:50,704 [ERROR] LogOutputStream:75 - [STDERR_REDIRECT] 
2026-08-29 10:10:51,704 [ERROR] LogOutputStream:75 - [STDERR_REDIRECT] [Fatal Error] :1:1: Premature end of file.
2026-08-29 10:10:51,704 [ERROR] LogOutputStream:75 - [STDERR_REDIRECT] 
2026-08-29 10:10:52,703 [ERROR] LogOutputStream:75 - [STDERR_REDIRECT] [Fatal Error] :1:1: Premature end of file.
2026-08-29 10:10:52,703 [ERROR] LogOutputStream:75 - [STDERR_REDIRECT] 
2026-08-29 10:10:53,701 [ERROR] LogOutputStream:75 - [STDERR_REDIRECT] [Fatal Error] :1:1: Premature end of file.
2026-08-29 10:10:53,701 [ERROR] LogOutputStream:75 - [STDERR_REDIRECT] 
2026-08-29 10:10:54,703 [ERROR] LogOutputStream:75 - [STDERR_REDIRECT] [Fatal Error] :1:1: Premature end of file.
2026-08-29 10:10:54,703 [ERROR] LogOutputStream:75 - [STDERR_REDIRECT] 
2026-08-29 10:10:55,702 [ERROR] LogOutputStream:75 - [STDERR_REDIRECT] [Fatal Error] :1:1: Premature end of file.
2026-08-29 10:10:55,702 [ERROR] LogOutputStream:75 - [STDERR_REDIRECT] 
2026-08-29 10:10:56,702 [ERROR] LogOutputStream:75 - [STDERR_REDIRECT] [Fatal Error] :1:1: Premature end of file.
2026-08-29 10:10:56,702 [ERROR] LogOutputStream:75 - [STDERR_REDIRECT] 
2026-08-29 10:10:57,702 [ERROR] LogOutputStream:75 - [STDERR_REDIRECT] [Fatal Error] :1:1: Premature end of file.
2026-08-29 10:10:57,702 [ERROR] LogOutputStream:75 - [STDERR_REDIRECT] 
2026-08-29 10:10:58,702 [ERROR] LogOutputStream:75 - [STDERR_REDIRECT] [Fatal Error] :1:1: Premature end of file.
2026-08-29 10:10:58,702 [ERROR] LogOutputStream:75 - [STDERR_REDIRECT] 
2026-08-29 10:10:59,701 [ERROR] LogOutputStream:75 - [STDERR_REDIRECT] [Fatal Error] :1:1: Premature end of file.
2026-08-29 10:10:59,701 [ERROR] LogOutputStream:75 - [STDERR_REDIRECT] 
2026-08-29 10:11:00,703 [ERROR] LogOutputStream:75 - [STDERR_REDIRECT] [Fatal Error] :1:1: Premature end of file.
2026-08-29 10:11:00,703 [ERROR] LogOutputStream:75 - [STDERR_REDIRECT] 
2026-08-29 10:11:01,705 [ERROR] LogOutputStream:75 - [STDERR_REDIRECT] [Fatal Error] :1:1: Premature end of file.
2026-08-29 10:11:01,705 [ERROR] LogOutputStream:75 - [STDERR_REDIRECT] 
2026-08-29 10:11:02,703 [ERROR] LogOutputStream:75 - [STDERR_REDIRECT] [Fatal Error] :1:1: Premature end of file.
2026-08-29 10:11:02,704 [ERROR] LogOutputStream:75 - [STDERR_REDIRECT] 
2026-08-29 10:11:03,702 [ERROR] LogOutputStream:75 - [STDERR_REDIRECT] [Fatal Error] :1:1: Premature end of file.
2026-08-29 10:11:03,703 [ERROR] LogOutputStream:75 - [STDERR_REDIRECT] 
2026-08-29 10:11:04,702 [ERROR] LogOutputStream:75 - [STDERR_REDIRECT] [Fatal Error] :1:1: Premature end of file.
2026-08-29 10:11:04,702 [ERROR] LogOutputStream:75 - [STDERR_REDIRECT] 
2026-08-29 10:11:05,705 [ERROR] LogOutputStream:75 - [STDERR_REDIRECT] [Fatal Error] :1:1: Premature end of file.
2026-08-29 10:11:05,705 [ERROR] LogOutputStream:75 - [STDERR_REDIRECT] 
2026-08-29 10:11:06,703 [ERROR] LogOutputStream:75 - [STDERR_REDIRECT] [Fatal Error] :1:1: Premature end of file.
2026-08-29 10:11:06,703 [ERROR] LogOutputStream:75 - [STDERR_REDIRECT] 
2026-08-29 10:11:07,703 [ERROR] LogOutputStream:75 - [STDERR_REDIRECT] [Fatal Error] :1:1: Premature end of file.
2026-08-29 10:11:07,704 [ERROR] LogOutputStream:75 - [STDERR_REDIRECT] 
2026-08-29 10:11:08,701 [ERROR] LogOutputStream:75 - [STDERR_REDIRECT] [Fatal Error] :1:1: Premature end of file.
2026-08-29 10:11:08,702 [ERROR] LogOutputStream:75 - [STDERR_REDIRECT] 
2026-08-29 10:11:09,702 [ERROR] LogOutputStream:75 - [STDERR_REDIRECT] [Fatal Error] :1:1: Premature end of file.
2026-08-29 10:11:09,702 [ERROR] LogOutputStream:75 - [STDERR_REDIRECT] 
2026-08-29 10:11:10,703 [ERROR] LogOutputStream:75 - [STDERR_REDIRECT] [Fatal Error] :1:1: Premature end of file.
2026-08-29 10:11:10,703 [ERROR] LogOutputStream:75 - [STDERR_REDIRECT] 
2026-08-29 10:11:11,703 [ERROR] LogOutputStream:75 - [STDERR_REDIRECT] [Fatal Error] :1:1: Premature end of file.
2026-08-29 10:11:11,703 [ERROR] LogOutputStream:75 - [STDERR_REDIRECT] 
2026-08-29 10:11:12,702 [ERROR] LogOutputStream:75 - [STDERR_REDIRECT] [Fatal Error] :1:1: Premature end of file.
2026-08-29 10:11:12,702 [ERROR] LogOutputStream:75 - [STDERR_REDIRECT] 
2026-08-29 10:11:13,701 [ERROR] LogOutputStream:75 - [STDERR_REDIRECT] [Fatal Error] :1:1: Premature end of file.
2026-08-29 10:11:13,701 [ERROR] LogOutputStream:75 - [STDERR_REDIRECT] 
2026-08-29 10:11:14,704 [ERROR] LogOutputStream:75 - [STDERR_REDIRECT] [Fatal Error] :1:1: Premature end of file.
2026-08-29 10:11:14,704 [ERROR] LogOutputStream:75 - [STDERR_REDIRECT] 
2026-08-29 10:11:15,703 [ERROR] LogOutputStream:75 - [STDERR_REDIRECT] [Fatal Error] :1:1: Premature end of file.
2026-08-29 10:11:15,703 [ERROR] LogOutputStream:75 - [STDERR_REDIRECT] 
2026-08-29 10:11:16,703 [ERROR] LogOutputStream:75 - [STDERR_REDIRECT] [Fatal Error] :1:1: Premature end of file.
2026-08-29 10:11:16,703 [ERROR] LogOutputStream:75 - [STDERR_REDIRECT] 
2026-08-29 10:11:17,703 [ERROR] LogOutputStream:75 - [STDERR_REDIRECT] [Fatal Error] :1:1: Premature end of file.
2026-08-29 10:11:17,703 [ERROR] LogOutputStream:75 - [STDERR_REDIRECT] 
2026-08-29 10:11:18,702 [ERROR] LogOutputStream:75 - [STDERR_REDIRECT] [Fatal Error] :1:1: Premature end of file.
2026-08-29 10:11:18,703 [ERROR] LogOutputStream:75 - [STDERR_REDIRECT] 
2026-08-29 10:11:19,702 [ERROR] LogOutputStream:75 - [STDERR_REDIRECT] [Fatal Error] :1:1: Premature end of file.
2026-08-29 10:11:19,702 [ERROR] LogOutputStream:75 - [STDERR_REDIRECT] 
2026-08-29 10:11:20,703 [ERROR] LogOutputStream:75 - [STDERR_REDIRECT] [Fatal Error] :1:1: Premature end of file.
2026-08-29 10:11:20,703 [ERROR] LogOutputStream:75 - [STDERR_REDIRECT] 
2026-08-29 10:11:21,701 [ERROR] LogOutputStream:75 - [STDERR_REDIRECT] [Fatal Error] :1:1: Premature end of file.
2026-08-29 10:11:21,701 [ERROR] LogOutputStream:75 - [STDERR_REDIRECT] 
2026-08-29 10:11:22,703 [ERROR] LogOutputStream:75 - [STDERR_REDIRECT] [Fatal Error] :1:1: Premature end of file.
2026-08-29 10:11:22,703 [ERROR] LogOutputStream:75 - [STDERR_REDIRECT] 
2026-08-29 10:11:23,705 [ERROR] LogOutputStream:75 - [STDERR_REDIRECT] [Fatal Error] :1:1: Premature end of file.
2026-08-29 10:11:23,705 [ERROR] LogOutputStream:75 - [STDERR_REDIRECT] 
2026-08-29 10:11:24,704 [ERROR] LogOutputStream:75 - [STDERR_REDIRECT] [Fatal Error] :1:1: Premature end of file.
2026-08-29 10:11:24,704 [ERROR] LogOutputStream:75 - [STDERR_REDIRECT] 
2026-08-29 10:11:25,704 [ERROR] LogOutputStream:75 - [STDERR_REDIRECT] [Fatal Error] :1:1: Premature end of file.
2026-08-29 10:11:25,704 [ERROR] LogOutputStream:75 - [STDERR_REDIRECT] 
2026-08-29 10:11:26,703 [ERROR] LogOutputStream:75 - [STDERR_REDIRECT] [Fatal Error] :1:1: Premature end of file.
2026-08-29 10:11:26,703 [ERROR] LogOutputStream:75 - [STDERR_REDIRECT] 
2026-08-29 10:11:27,702 [ERROR] LogOutputStream:75 - [STDERR_REDIRECT] [Fatal Error] :1:1: Premature end of file.
2026-08-29 10:11:27,702 [ERROR] LogOutputStream:75 - [STDERR_REDIRECT] 
2026-08-29 10:11:28,709 [ERROR] LogOutputStream:75 - [STDERR_REDIRECT] [Fatal Error] :1:1: Premature end of file.
2026-08-29 10:11:28,709 [ERROR] LogOutputStream:75 - [STDERR_REDIRECT] 
2026-08-29 10:11:29,703 [ERROR] LogOutputStream:75 - [STDERR_REDIRECT] [Fatal Error] :1:1: Premature end of file.
2026-08-29 10:11:29,703 [ERROR] LogOutputStream:75 - [STDERR_REDIRECT] 
2026-08-29 10:11:30,702 [ERROR] LogOutputStream:75 - [STDERR_REDIRECT] [Fatal Error] :1:1: Premature end of file.
2026-08-29 10:11:30,702 [ERROR] LogOutputStream:75 - [STDERR_REDIRECT] 
2026-08-29 10:11:31,701 [ERROR] LogOutputStream:75 - [STDERR_REDIRECT] [Fatal Error] :1:1: Premature end of file.
2026-08-29 10:11:31,701 [ERROR] LogOutputStream:75 - [STDERR_REDIRECT] 
2026-08-29 10:11:32,704 [ERROR] LogOutputStream:75 - [STDERR_REDIRECT] [Fatal Error] :1:1: Premature end of file.
2026-08-29 10:11:32,704 [ERROR] LogOutputStream:75 - [STDERR_REDIRECT] 
2026-08-29 10:11:33,701 [ERROR] LogOutputStream:75 - [STDERR_REDIRECT] [Fatal Error] :1:1: Premature end of file.
2026-08-29 10:11:33,701 [ERROR] LogOutputStream:75 - [STDERR_REDIRECT] 
2026-08-29 10:11:34,703 [ERROR] LogOutputStream:75 - [STDERR_REDIRECT] [Fatal Error] :1:1: Premature end of file.
2026-08-29 10:11:34,703 [ERROR] LogOutputStream:75 - [STDERR_REDIRECT] 
2026-08-29 10:11:35,703 [ERROR] LogOutputStream:75 - [STDERR_REDIRECT] [Fatal Error] :1:1: Premature end of file.
2026-08-29 10:11:35,703 [ERROR] LogOutputStream:75 - [STDERR_REDIRECT] 
2026-08-29 10:11:36,702 [ERROR] LogOutputStream:75 - [STDERR_REDIRECT] [Fatal Error] :1:1: Premature end of file.
2026-08-29 10:11:36,702 [ERROR] LogOutputStream:75 - [STDERR_REDIRECT] 
2026-08-29 10:11:37,704 [ERROR] LogOutputStream:75 - [STDERR_REDIRECT] [Fatal Error] :1:1: Premature end of file.
2026-08-29 10:11:37,704 [ERROR] LogOutputStream:75 - [STDERR_REDIRECT] 
2026-08-29 10:11:38,704 [ERROR] LogOutputStream:75 - [STDERR_REDIRECT] [Fatal Error] :1:1: Premature end of file.
2026-08-29 10:11:38,704 [ERROR] LogOutputStream:75 - [STDERR_REDIRECT] 
2026-08-29 10:11:39,702 [ERROR] LogOutputStream:75 - [STDERR_REDIRECT] [Fatal Error] :1:1: Premature end of file.
2026-08-29 10:11:39,702 [ERROR] LogOutputStream:75 - [STDERR_REDIRECT] 
2026-08-29 10:11:40,702 [ERROR] LogOutputStream:75 - [STDERR_REDIRECT] [Fatal Error] :1:1: Premature end of file.
2026-08-29 10:11:40,703 [ERROR] LogOutputStream:75 - [STDERR_REDIRECT] 
2026-08-29 10:11:41,703 [ERROR] LogOutputStream:75 - [STDERR_REDIRECT] [Fatal Error] :1:1: Premature end of file.
2026-08-29 10:11:41,703 [ERROR] LogOutputStream:75 - [STDERR_REDIRECT] 
2026-08-29 10:11:42,703 [ERROR] LogOutputStream:75 - [STDERR_REDIRECT] [Fatal Error] :1:1: Premature end of file.
2026-08-29 10:11:42,703 [ERROR] LogOutputStream:75 - [STDERR_REDIRECT] 
2026-08-29 10:11:43,702 [ERROR] LogOutputStream:75 - [STDERR_REDIRECT] [Fatal Error] :1:1: Premature end of file.
2026-08-29 10:11:43,702 [ERROR] LogOutputStream:75 - [STDERR_REDIRECT] 
2026-08-29 10:11:44,702 [ERROR] LogOutputStream:75 - [STDERR_REDIRECT] [Fatal Error] :1:1: Premature end of file.
2026-08-29 10:11:44,703 [ERROR] LogOutputStream:75 - [STDERR_REDIRECT] 
2026-08-29 10:11:45,701 [ERROR] LogOutputStream:75 - [STDERR_REDIRECT] [Fatal Error] :1:1: Premature end of file.
2026-08-29 10:11:45,701 [ERROR] LogOutputStream:75 - [STDERR_REDIRECT] 
2026-08-29 10:11:46,701 [ERROR] LogOutputStream:75 - [STDERR_REDIRECT] [Fatal Error] :1:1: Premature end of file.
2026-08-29 10:11:46,702 [ERROR] LogOutputStream:75 - [STDERR_REDIRECT] 
2026-08-29 10:11:47,703 [ERROR] LogOutputStream:75 - [STDERR_REDIRECT] [Fatal Error] :1:1: Premature end of file.
2026-08-29 10:11:47,703 [ERROR] LogOutputStream:75 - [STDERR_REDIRECT] 
2026-08-29 10:11:48,703 [ERROR] LogOutputStream:75 - [STDERR_REDIRECT] [Fatal Error] :1:1: Premature end of file.
2026-08-29 10:11:48,703 [ERROR] LogOutputStream:75 - [STDERR_REDIRECT] 
2026-08-29 10:11:49,702 [ERROR] LogOutputStream:75 - [STDERR_REDIRECT] [Fatal Error] :1:1: Premature end of file.
2026-08-29 10:11:49,702 [ERROR] LogOutputStream:75 - [STDERR_REDIRECT] 
2026-08-29 10:11:50,710 [ERROR] LogOutputStream:75 - [STDERR_REDIRECT] [Fatal Error] :1:1: Premature end of file.
2026-08-29 10:11:50,710 [ERROR] LogOutputStream:75 - [STDERR_REDIRECT] 
2026-08-29 10:11:51,707 [ERROR] LogOutputStream:75 - [STDERR_REDIRECT] [Fatal Error] :1:1: Premature end of file.
2026-08-29 10:11:51,707 [ERROR] LogOutputStream:75 - [STDERR_REDIRECT] 
2026-08-29 10:11:52,711 [ERROR] LogOutputStream:75 - [STDERR_REDIRECT] [Fatal Error] :1:1: Premature end of file.
2026-08-29 10:11:52,711 [ERROR] LogOutputStream:75 - [STDERR_REDIRECT] 
2026-08-29 10:11:53,707 [ERROR] LogOutputStream:75 - [STDERR_REDIRECT] [Fatal Error] :1:1: Premature end of file.
2026-08-29 10:11:53,707 [ERROR] LogOutputStream:75 - [STDERR_REDIRECT] 
2026-08-29 10:11:54,708 [ERROR] LogOutputStream:75 - [STDERR_REDIRECT] [Fatal Error] :1:1: Premature end of file.
2026-08-29 10:11:54,708 [ERROR] LogOutputStream:75 - [STDERR_REDIRECT] 
2026-08-29 10:11:55,719 [ERROR] LogOutputStream:75 - [STDERR_REDIRECT] [Fatal Error] :1:1: Premature end of file.
2026-08-29 10:11:55,719 [ERROR] LogOutputStream:75 - [STDERR_REDIRECT] 
2026-08-29 10:11:56,714 [ERROR] LogOutputStream:75 - [STDERR_REDIRECT] [Fatal Error] :1:1: Premature end of file.
2026-08-29 10:11:56,715 [ERROR] LogOutputStream:75 - [STDERR_REDIRECT] 
2026-08-29 10:11:57,725 [ERROR] LogOutputStream:75 - [STDERR_REDIRECT] [Fatal Error] :1:1: Premature end of file.
2026-08-29 10:11:57,725 [ERROR] LogOutputStream:75 - [STDERR_REDIRECT] 
2026-08-29 10:11:58,726 [ERROR] LogOutputStream:75 - [STDERR_REDIRECT] [Fatal Error] :1:1: Premature end of file.
2026-08-29 10:11:58,726 [ERROR] LogOutputStream:75 - [STDERR_REDIRECT] 
2026-08-29 10:11:59,708 [ERROR] LogOutputStream:75 - [STDERR_REDIRECT] [Fatal Error] :1:1: Premature end of file.
2026-08-29 10:11:59,708 [ERROR] LogOutputStream:75 - [STDERR_REDIRECT] 
2026-08-29 10:12:00,702 [ERROR] LogOutputStream:75 - [STDERR_REDIRECT] [Fatal Error] :1:1: Premature end of file.
2026-08-29 10:12:00,702 [ERROR] LogOutputStream:75 - [STDERR_REDIRECT] 
2026-08-29 10:12:01,703 [ERROR] LogOutputStream:75 - [STDERR_REDIRECT] [Fatal Error] :1:1: Premature end of file.
2026-08-29 10:12:01,703 [ERROR] LogOutputStream:75 - [STDERR_REDIRECT] 
2026-08-29 10:12:02,703 [ERROR] LogOutputStream:75 - [STDERR_REDIRECT] [Fatal Error] :1:1: Premature end of file.
2026-08-29 10:12:02,703 [ERROR] LogOutputStream:75 - [STDERR_REDIRECT] 
2026-08-29 10:12:03,702 [ERROR] LogOutputStream:75 - [STDERR_REDIRECT] [Fatal Error] :1:1: Premature end of file.
2026-08-29 10:12:03,702 [ERROR] LogOutputStream:75 - [STDERR_REDIRECT] 
2026-08-29 10:12:04,703 [ERROR] LogOutputStream:75 - [STDERR_REDIRECT] [Fatal Error] :1:1: Premature end of file.
2026-08-29 10:12:04,703 [ERROR] LogOutputStream:75 - [STDERR_REDIRECT] 
2026-08-29 10:12:05,703 [ERROR] LogOutputStream:75 - [STDERR_REDIRECT] [Fatal Error] :1:1: Premature end of file.
2026-08-29 10:12:05,703 [ERROR] LogOutputStream:75 - [STDERR_REDIRECT] 
2026-08-29 10:12:06,707 [ERROR] LogOutputStream:75 - [STDERR_REDIRECT] [Fatal Error] :1:1: Premature end of file.
2026-08-29 10:12:06,707 [ERROR] LogOutputStream:75 - [STDERR_REDIRECT] 
2026-08-29 10:12:07,706 [ERROR] LogOutputStream:75 - [STDERR_REDIRECT] [Fatal Error] :1:1: Premature end of file.
2026-08-29 10:12:07,706 [ERROR] LogOutputStream:75 - [STDERR_REDIRECT] 
2026-08-29 10:12:08,710 [ERROR] LogOutputStream:75 - [STDERR_REDIRECT] [Fatal Error] :1:1: Premature end of file.
2026-08-29 10:12:08,710 [ERROR] LogOutputStream:75 - [STDERR_REDIRECT] 
2026-08-29 10:12:09,710 [ERROR] LogOutputStream:75 - [STDERR_REDIRECT] [Fatal Error] :1:1: Premature end of file.
2026-08-29 10:12:09,710 [ERROR] LogOutputStream:75 - [STDERR_REDIRECT] 
2026-08-29 10:12:10,706 [ERROR] LogOutputStream:75 - [STDERR_REDIRECT] [Fatal Error] :1:1: Premature end of file.
2026-08-29 10:12:10,706 [ERROR] LogOutputStream:75 - [STDERR_REDIRECT] 
2026-08-29 10:12:11,706 [ERROR] LogOutputStream:75 - [STDERR_REDIRECT] [Fatal Error] :1:1: Premature end of file.
2026-08-29 10:12:11,706 [ERROR] LogOutputStream:75 - [STDERR_REDIRECT] 
2026-08-29 10:12:12,697 [ERROR] LogOutputStream:75 - [STDERR_REDIRECT] [Fatal Error] :1:1: Premature end of file.
2026-08-29 10:12:12,697 [ERROR] LogOutputStream:75 - [STDERR_REDIRECT] 
2026-08-29 10:12:13,717 [ERROR] LogOutputStream:75 - [STDERR_REDIRECT] [Fatal Error] :1:1: Premature end of file.
2026-08-29 10:12:13,717 [ERROR] LogOutputStream:75 - [STDERR_REDIRECT] 
2026-08-29 10:12:14,697 [ERROR] LogOutputStream:75 - [STDERR_REDIRECT] [Fatal Error] :1:1: Premature end of file.
2026-08-29 10:12:14,697 [ERROR] LogOutputStream:75 - [STDERR_REDIRECT] 
2026-08-29 10:12:15,714 [ERROR] LogOutputStream:75 - [STDERR_REDIRECT] [Fatal Error] :1:1: Premature end of file.
2026-08-29 10:12:15,714 [ERROR] LogOutputStream:75 - [STDERR_REDIRECT] 
2026-08-29 10:12:16,700 [ERROR] LogOutputStream:75 - [STDERR_REDIRECT] [Fatal Error] :1:1: Premature end of file.
2026-08-29 10:12:16,700 [ERROR] LogOutputStream:75 - [STDERR_REDIRECT] 
2026-08-29 10:12:17,711 [ERROR] LogOutputStream:75 - [STDERR_REDIRECT] [Fatal Error] :1:1: Premature end of file.
2026-08-29 10:12:17,711 [ERROR] LogOutputStream:75 - [STDERR_REDIRECT] 
2026-08-29 10:12:18,713 [ERROR] LogOutputStream:75 - [STDERR_REDIRECT] [Fatal Error] :1:1: Premature end of file.
2026-08-29 10:12:18,713 [ERROR] LogOutputStream:75 - [STDERR_REDIRECT] 
2026-08-29 10:12:19,714 [ERROR] LogOutputStream:75 - [STDERR_REDIRECT] [Fatal Error] :1:1: Premature end of file.
2026-08-29 10:12:19,714 [ERROR] LogOutputStream:75 - [STDERR_REDIRECT] 
2026-08-29 10:12:20,707 [ERROR] LogOutputStream:75 - [STDERR_REDIRECT] [Fatal Error] :1:1: Premature end of file.
2026-08-29 10:12:20,707 [ERROR] LogOutputStream:75 - [STDERR_REDIRECT] 
2026-08-29 10:12:21,709 [ERROR] LogOutputStream:75 - [STDERR_REDIRECT] [Fatal Error] :1:1: Premature end of file.
2026-08-29 10:12:21,710 [ERROR] LogOutputStream:75 - [STDERR_REDIRECT] 
2026-08-29 10:12:22,701 [ERROR] LogOutputStream:75 - [STDERR_REDIRECT] [Fatal Error] :1:1: Premature end of file.
2026-08-29 10:12:22,701 [ERROR] LogOutputStream:75 - [STDERR_REDIRECT] 
2026-08-29 10:12:23,705 [ERROR] LogOutputStream:75 - [STDERR_REDIRECT] [Fatal Error] :1:1: Premature end of file.
2026-08-29 10:12:23,705 [ERROR] LogOutputStream:75 - [STDERR_REDIRECT] 
2026-08-29 10:12:24,707 [ERROR] LogOutputStream:75 - [STDERR_REDIRECT] [Fatal Error] :1:1: Premature end of file.
2026-08-29 10:12:24,707 [ERROR] LogOutputStream:75 - [STDERR_REDIRECT] 
2026-08-29 10:12:25,705 [ERROR] LogOutputStream:75 - [STDERR_REDIRECT] [Fatal Error] :1:1: Premature end of file.
2026-08-29 10:12:25,705 [ERROR] LogOutputStream:75 - [STDERR_REDIRECT] 
2026-08-29 10:12:26,703 [ERROR] LogOutputStream:75 - [STDERR_REDIRECT] [Fatal Error] :1:1: Premature end of file.
2026-08-29 10:12:26,704 [ERROR] LogOutputStream:75 - [STDERR_REDIRECT] 
2026-08-29 10:12:27,705 [ERROR] LogOutputStream:75 - [STDERR_REDIRECT] [Fatal Error] :1:1: Premature end of file.
2026-08-29 10:12:27,705 [ERROR] LogOutputStream:75 - [STDERR_REDIRECT] 
2026-08-29 10:12:28,704 [ERROR] LogOutputStream:75 - [STDERR_REDIRECT] [Fatal Error] :1:1: Premature end of file.
2026-08-29 10:12:28,705 [ERROR] LogOutputStream:75 - [STDERR_REDIRECT] 
2026-08-29 10:12:29,702 [ERROR] LogOutputStream:75 - [STDERR_REDIRECT] [Fatal Error] :1:1: Premature end of file.
2026-08-29 10:12:29,703 [ERROR] LogOutputStream:75 - [STDERR_REDIRECT] 
2026-08-29 10:12:30,703 [ERROR] LogOutputStream:75 - [STDERR_REDIRECT] [Fatal Error] :1:1: Premature end of file.
2026-08-29 10:12:30,703 [ERROR] LogOutputStream:75 - [STDERR_REDIRECT] 
2026-08-29 10:12:31,702 [ERROR] LogOutputStream:75 - [STDERR_REDIRECT] [Fatal Error] :1:1: Premature end of file.
2026-08-29 10:12:31,702 [ERROR] LogOutputStream:75 - [STDERR_REDIRECT] 
2026-08-29 10:12:32,701 [ERROR] LogOutputStream:75 - [STDERR_REDIRECT] [Fatal Error] :1:1: Premature end of file.
2026-08-29 10:12:32,702 [ERROR] LogOutputStream:75 - [STDERR_REDIRECT] 
2026-08-29 10:12:33,704 [ERROR] LogOutputStream:75 - [STDERR_REDIRECT] [Fatal Error] :1:1: Premature end of file.
2026-08-29 10:12:33,704 [ERROR] LogOutputStream:75 - [STDERR_REDIRECT] 
2026-08-29 10:12:34,702 [ERROR] LogOutputStream:75 - [STDERR_REDIRECT] [Fatal Error] :1:1: Premature end of file.
2026-08-29 10:12:34,702 [ERROR] LogOutputStream:75 - [STDERR_REDIRECT] 
2026-08-29 10:12:35,703 [ERROR] LogOutputStream:75 - [STDERR_REDIRECT] [Fatal Error] :1:1: Premature end of file.
2026-08-29 10:12:35,703 [ERROR] LogOutputStream:75 - [STDERR_REDIRECT] 
2026-08-29 10:12:36,702 [ERROR] LogOutputStream:75 - [STDERR_REDIRECT] [Fatal Error] :1:1: Premature end of file.
2026-08-29 10:12:36,702 [ERROR] LogOutputStream:75 - [STDERR_REDIRECT] 
2026-08-29 10:12:37,702 [ERROR] LogOutputStream:75 - [STDERR_REDIRECT] [Fatal Error] :1:1: Premature end of file.
2026-08-29 10:12:37,702 [ERROR] LogOutputStream:75 - [STDERR_REDIRECT] 
2026-08-29 10:12:38,703 [ERROR] LogOutputStream:75 - [STDERR_REDIRECT] [Fatal Error] :1:1: Premature end of file.
2026-08-29 10:12:38,703 [ERROR] LogOutputStream:75 - [STDERR_REDIRECT] 
2026-08-29 10:12:39,702 [ERROR] LogOutputStream:75 - [STDERR_REDIRECT] [Fatal Error] :1:1: Premature end of file.
2026-08-29 10:12:39,702 [ERROR] LogOutputStream:75 - [STDERR_REDIRECT] 
2026-08-29 10:12:40,703 [ERROR] LogOutputStream:75 - [STDERR_REDIRECT] [Fatal Error] :1:1: Premature end of file.
2026-08-29 10:12:40,703 [ERROR] LogOutputStream:75 - [STDERR_REDIRECT] 
2026-08-29 10:12:41,704 [ERROR] LogOutputStream:75 - [STDERR_REDIRECT] [Fatal Error] :1:1: Premature end of file.
2026-08-29 10:12:41,704 [ERROR] LogOutputStream:75 - [STDERR_REDIRECT] 
2026-08-29 10:12:42,703 [ERROR] LogOutputStream:75 - [STDERR_REDIRECT] [Fatal Error] :1:1: Premature end of file.
2026-08-29 10:12:42,703 [ERROR] LogOutputStream:75 - [STDERR_REDIRECT] 
2026-08-29 10:12:43,704 [ERROR] LogOutputStream:75 - [STDERR_REDIRECT] [Fatal Error] :1:1: Premature end of file.
2026-08-29 10:12:43,704 [ERROR] LogOutputStream:75 - [STDERR_REDIRECT] 
2026-08-29 10:12:44,703 [ERROR] LogOutputStream:75 - [STDERR_REDIRECT] [Fatal Error] :1:1: Premature end of file.
2026-08-29 10:12:44,703 [ERROR] LogOutputStream:75 - [STDERR_REDIRECT] 
2026-08-29 10:12:45,703 [ERROR] LogOutputStream:75 - [STDERR_REDIRECT] [Fatal Error] :1:1: Premature end of file.
2026-08-29 10:12:45,703 [ERROR] LogOutputStream:75 - [STDERR_REDIRECT] 
2026-08-29 10:12:46,703 [ERROR] LogOutputStream:75 - [STDERR_REDIRECT] [Fatal Error] :1:1: Premature end of file.
2026-08-29 10:12:46,703 [ERROR] LogOutputStream:75 - [STDERR_REDIRECT] 
2026-08-29 10:12:47,702 [ERROR] LogOutputStream:75 - [STDERR_REDIRECT] [Fatal Error] :1:1: Premature end of file.
2026-08-29 10:12:47,702 [ERROR] LogOutputStream:75 - [STDERR_REDIRECT] 
2026-08-29 10:12:48,702 [ERROR] LogOutputStream:75 - [STDERR_REDIRECT] [Fatal Error] :1:1: Premature end of file.
2026-08-29 10:12:48,702 [ERROR] LogOutputStream:75 - [STDERR_REDIRECT] 
2026-08-29 10:12:49,704 [ERROR] LogOutputStream:75 - [STDERR_REDIRECT] [Fatal Error] :1:1: Premature end of file.
2026-08-29 10:12:49,704 [ERROR] LogOutputStream:75 - [STDERR_REDIRECT] 
2026-08-29 10:12:50,704 [ERROR] LogOutputStream:75 - [STDERR_REDIRECT] [Fatal Error] :1:1: Premature end of file.
2026-08-29 10:12:50,704 [ERROR] LogOutputStream:75 - [STDERR_REDIRECT] 
2026-08-29 10:12:51,702 [ERROR] LogOutputStream:75 - [STDERR_REDIRECT] [Fatal Error] :1:1: Premature end of file.
2026-08-29 10:12:51,702 [ERROR] LogOutputStream:75 - [STDERR_REDIRECT] 
2026-08-29 10:12:52,702 [ERROR] LogOutputStream:75 - [STDERR_REDIRECT] [Fatal Error] :1:1: Premature end of file.
2026-08-29 10:12:52,702 [ERROR] LogOutputStream:75 - [STDERR_REDIRECT] 
2026-08-29 10:12:53,702 [ERROR] LogOutputStream:75 - [STDERR_REDIRECT] [Fatal Error] :1:1: Premature end of file.
2026-08-29 10:12:53,702 [ERROR] LogOutputStream:75 - [STDERR_REDIRECT] 
2026-08-29 10:12:54,702 [ERROR] LogOutputStream:75 - [STDERR_REDIRECT] [Fatal Error] :1:1: Premature end of file.
2026-08-29 10:12:54,702 [ERROR] LogOutputStream:75 - [STDERR_REDIRECT] 
2026-08-29 10:12:55,702 [ERROR] LogOutputStream:75 - [STDERR_REDIRECT] [Fatal Error] :1:1: Premature end of file.
2026-08-29 10:12:55,702 [ERROR] LogOutputStream:75 - [STDERR_REDIRECT] 
2026-08-29 10:12:56,701 [ERROR] LogOutputStream:75 - [STDERR_REDIRECT] [Fatal Error] :1:1: Premature end of file.
2026-08-29 10:12:56,701 [ERROR] LogOutputStream:75 - [STDERR_REDIRECT] 
2026-08-29 10:12:57,703 [ERROR] LogOutputStream:75 - [STDERR_REDIRECT] [Fatal Error] :1:1: Premature end of file.
2026-08-29 10:12:57,703 [ERROR] LogOutputStream:75 - [STDERR_REDIRECT] 
2026-08-29 10:12:58,703 [ERROR] LogOutputStream:75 - [STDERR_REDIRECT] [Fatal Error] :1:1: Premature end of file.
2026-08-29 10:12:58,703 [ERROR] LogOutputStream:75 - [STDERR_REDIRECT] 
2026-08-29 10:12:59,703 [ERROR] LogOutputStream:75 - [STDERR_REDIRECT] [Fatal Error] :1:1: Premature end of file.
2026-08-29 10:12:59,703 [ERROR] LogOutputStream:75 - [STDERR_REDIRECT] 
2026-08-29 10:13:00,702 [ERROR] LogOutputStream:75 - [STDERR_REDIRECT] [Fatal Error] :1:1: Premature end of file.
2026-08-29 10:13:00,702 [ERROR] LogOutputStream:75 - [STDERR_REDIRECT] 
2026-08-29 10:13:01,701 [ERROR] LogOutputStream:75 - [STDERR_REDIRECT] [Fatal Error] :1:1: Premature end of file.
2026-08-29 10:13:01,701 [ERROR] LogOutputStream:75 - [STDERR_REDIRECT] 
2026-08-29 10:13:02,702 [ERROR] LogOutputStream:75 - [STDERR_REDIRECT] [Fatal Error] :1:1: Premature end of file.
2026-08-29 10:13:02,702 [ERROR] LogOutputStream:75 - [STDERR_REDIRECT] 
2026-08-29 10:13:03,704 [ERROR] LogOutputStream:75 - [STDERR_REDIRECT] [Fatal Error] :1:1: Premature end of file.
2026-08-29 10:13:03,704 [ERROR] LogOutputStream:75 - [STDERR_REDIRECT] 
2026-08-29 10:13:04,702 [ERROR] LogOutputStream:75 - [STDERR_REDIRECT] [Fatal Error] :1:1: Premature end of file.
2026-08-29 10:13:04,702 [ERROR] LogOutputStream:75 - [STDERR_REDIRECT] 
2026-08-29 10:13:05,705 [ERROR] LogOutputStream:75 - [STDERR_REDIRECT] [Fatal Error] :1:1: Premature end of file.
2026-08-29 10:13:05,705 [ERROR] LogOutputStream:75 - [STDERR_REDIRECT] 
2026-08-29 10:13:06,702 [ERROR] LogOutputStream:75 - [STDERR_REDIRECT] [Fatal Error] :1:1: Premature end of file.
2026-08-29 10:13:06,702 [ERROR] LogOutputStream:75 - [STDERR_REDIRECT] 
2026-08-29 10:13:07,704 [ERROR] LogOutputStream:75 - [STDERR_REDIRECT] [Fatal Error] :1:1: Premature end of file.
2026-08-29 10:13:07,704 [ERROR] LogOutputStream:75 - [STDERR_REDIRECT] 
2026-08-29 10:13:08,702 [ERROR] LogOutputStream:75 - [STDERR_REDIRECT] [Fatal Error] :1:1: Premature end of file.
2026-08-29 10:13:08,702 [ERROR] LogOutputStream:75 - [STDERR_REDIRECT] 
2026-08-29 10:13:09,703 [ERROR] LogOutputStream:75 - [STDERR_REDIRECT] [Fatal Error] :1:1: Premature end of file.
2026-08-29 10:13:09,703 [ERROR] LogOutputStream:75 - [STDERR_REDIRECT] 
2026-08-29 10:13:10,704 [ERROR] LogOutputStream:75 - [STDERR_REDIRECT] [Fatal Error] :1:1: Premature end of file.
2026-08-29 10:13:10,704 [ERROR] LogOutputStream:75 - [STDERR_REDIRECT] 
2026-08-29 10:13:11,704 [ERROR] LogOutputStream:75 - [STDERR_REDIRECT] [Fatal Error] :1:1: Premature end of file.
2026-08-29 10:13:11,704 [ERROR] LogOutputStream:75 - [STDERR_REDIRECT] 
2026-08-29 10:13:12,705 [ERROR] LogOutputStream:75 - [STDERR_REDIRECT] [Fatal Error] :1:1: Premature end of file.
2026-08-29 10:13:12,705 [ERROR] LogOutputStream:75 - [STDERR_REDIRECT] 
2026-08-29 10:13:13,702 [ERROR] LogOutputStream:75 - [STDERR_REDIRECT] [Fatal Error] :1:1: Premature end of file.
2026-08-29 10:13:13,702 [ERROR] LogOutputStream:75 - [STDERR_REDIRECT] 
2026-08-29 10:13:14,702 [ERROR] LogOutputStream:75 - [STDERR_REDIRECT] [Fatal Error] :1:1: Premature end of file.
2026-08-29 10:13:14,702 [ERROR] LogOutputStream:75 - [STDERR_REDIRECT] 
2026-08-29 10:13:15,703 [ERROR] LogOutputStream:75 - [STDERR_REDIRECT] [Fatal Error] :1:1: Premature end of file.
2026-08-29 10:13:15,703 [ERROR] LogOutputStream:75 - [STDERR_REDIRECT] 
2026-08-29 10:13:16,703 [ERROR] LogOutputStream:75 - [STDERR_REDIRECT] [Fatal Error] :1:1: Premature end of file.
2026-08-29 10:13:16,703 [ERROR] LogOutputStream:75 - [STDERR_REDIRECT] 
2026-08-29 10:13:17,702 [ERROR] LogOutputStream:75 - [STDERR_REDIRECT] [Fatal Error] :1:1: Premature end of file.
2026-08-29 10:13:17,703 [ERROR] LogOutputStream:75 - [STDERR_REDIRECT] 
2026-08-29 10:13:18,702 [ERROR] LogOutputStream:75 - [STDERR_REDIRECT] [Fatal Error] :1:1: Premature end of file.
2026-08-29 10:13:18,702 [ERROR] LogOutputStream:75 - [STDERR_REDIRECT] 
2026-08-29 10:13:19,704 [ERROR] LogOutputStream:75 - [STDERR_REDIRECT] [Fatal Error] :1:1: Premature end of file.
2026-08-29 10:13:19,704 [ERROR] LogOutputStream:75 - [STDERR_REDIRECT] 
2026-08-29 10:13:20,704 [ERROR] LogOutputStream:75 - [STDERR_REDIRECT] [Fatal Error] :1:1: Premature end of file.
2026-08-29 10:13:20,704 [ERROR] LogOutputStream:75 - [STDERR_REDIRECT] 
2026-08-29 10:13:21,702 [ERROR] LogOutputStream:75 - [STDERR_REDIRECT] [Fatal Error] :1:1: Premature end of file.
2026-08-29 10:13:21,703 [ERROR] LogOutputStream:75 - [STDERR_REDIRECT] 
2026-08-29 10:13:22,704 [ERROR] LogOutputStream:75 - [STDERR_REDIRECT] [Fatal Error] :1:1: Premature end of file.
2026-08-29 10:13:22,704 [ERROR] LogOutputStream:75 - [STDERR_REDIRECT] 
2026-08-29 10:13:23,703 [ERROR] LogOutputStream:75 - [STDERR_REDIRECT] [Fatal Error] :1:1: Premature end of file.
2026-08-29 10:13:23,703 [ERROR] LogOutputStream:75 - [STDERR_REDIRECT] 
2026-08-29 10:13:24,702 [ERROR] LogOutputStream:75 - [STDERR_REDIRECT] [Fatal Error] :1:1: Premature end of file.
2026-08-29 10:13:24,702 [ERROR] LogOutputStream:75 - [STDERR_REDIRECT] 
2026-08-29 10:13:25,703 [ERROR] LogOutputStream:75 - [STDERR_REDIRECT] [Fatal Error] :1:1: Premature end of file.
2026-08-29 10:13:25,703 [ERROR] LogOutputStream:75 - [STDERR_REDIRECT] 
2026-08-29 10:13:26,703 [ERROR] LogOutputStream:75 - [STDERR_REDIRECT] [Fatal Error] :1:1: Premature end of file.
2026-08-29 10:13:26,703 [ERROR] LogOutputStream:75 - [STDERR_REDIRECT] 
2026-08-29 10:13:27,703 [ERROR] LogOutputStream:75 - [STDERR_REDIRECT] [Fatal Error] :1:1: Premature end of file.
2026-08-29 10:13:27,703 [ERROR] LogOutputStream:75 - [STDERR_REDIRECT] 
2026-08-29 10:13:28,704 [ERROR] LogOutputStream:75 - [STDERR_REDIRECT] [Fatal Error] :1:1: Premature end of file.
2026-08-29 10:13:28,704 [ERROR] LogOutputStream:75 - [STDERR_REDIRECT] 
2026-08-29 10:13:29,703 [ERROR] LogOutputStream:75 - [STDERR_REDIRECT] [Fatal Error] :1:1: Premature end of file.
2026-08-29 10:13:29,703 [ERROR] LogOutputStream:75 - [STDERR_REDIRECT] 
2026-08-29 10:13:30,703 [ERROR] LogOutputStream:75 - [STDERR_REDIRECT] [Fatal Error] :1:1: Premature end of file.
2026-08-29 10:13:30,704 [ERROR] LogOutputStream:75 - [STDERR_REDIRECT] 
2026-08-29 10:13:31,705 [ERROR] LogOutputStream:75 - [STDERR_REDIRECT] [Fatal Error] :1:1: Premature end of file.
2026-08-29 10:13:31,705 [ERROR] LogOutputStream:75 - [STDERR_REDIRECT] 
2026-08-29 10:13:32,704 [ERROR] LogOutputStream:75 - [STDERR_REDIRECT] [Fatal Error] :1:1: Premature end of file.
2026-08-29 10:13:32,704 [ERROR] LogOutputStream:75 - [STDERR_REDIRECT] 
2026-08-29 10:13:33,705 [ERROR] LogOutputStream:75 - [STDERR_REDIRECT] [Fatal Error] :1:1: Premature end of file.
2026-08-29 10:13:33,705 [ERROR] LogOutputStream:75 - [STDERR_REDIRECT] 
2026-08-29 10:13:34,703 [ERROR] LogOutputStream:75 - [STDERR_REDIRECT] [Fatal Error] :1:1: Premature end of file.
2026-08-29 10:13:34,703 [ERROR] LogOutputStream:75 - [STDERR_REDIRECT] 
2026-08-29 10:13:35,703 [ERROR] LogOutputStream:75 - [STDERR_REDIRECT] [Fatal Error] :1:1: Premature end of file.
2026-08-29 10:13:35,704 [ERROR] LogOutputStream:75 - [STDERR_REDIRECT] 
2026-08-29 10:13:36,700 [ERROR] LogOutputStream:75 - [STDERR_REDIRECT] [Fatal Error] :1:1: Premature end of file.
2026-08-29 10:13:36,700 [ERROR] LogOutputStream:75 - [STDERR_REDIRECT] 
2026-08-29 10:13:37,702 [ERROR] LogOutputStream:75 - [STDERR_REDIRECT] [Fatal Error] :1:1: Premature end of file.
2026-08-29 10:13:37,702 [ERROR] LogOutputStream:75 - [STDERR_REDIRECT] 
2026-08-29 10:13:38,703 [ERROR] LogOutputStream:75 - [STDERR_REDIRECT] [Fatal Error] :1:1: Premature end of file.
2026-08-29 10:13:38,703 [ERROR] LogOutputStream:75 - [STDERR_REDIRECT] 
2026-08-29 10:13:39,703 [ERROR] LogOutputStream:75 - [STDERR_REDIRECT] [Fatal Error] :1:1: Premature end of file.
2026-08-29 10:13:39,703 [ERROR] LogOutputStream:75 - [STDERR_REDIRECT] 
2026-08-29 10:13:40,703 [ERROR] LogOutputStream:75 - [STDERR_REDIRECT] [Fatal Error] :1:1: Premature end of file.
2026-08-29 10:13:40,703 [ERROR] LogOutputStream:75 - [STDERR_REDIRECT] 
2026-08-29 10:13:41,703 [ERROR] LogOutputStream:75 - [STDERR_REDIRECT] [Fatal Error] :1:1: Premature end of file.
2026-08-29 10:13:41,704 [ERROR] LogOutputStream:75 - [STDERR_REDIRECT] 
2026-08-29 10:13:42,703 [ERROR] LogOutputStream:75 - [STDERR_REDIRECT] [Fatal Error] :1:1: Premature end of file.
2026-08-29 10:13:42,703 [ERROR] LogOutputStream:75 - [STDERR_REDIRECT] 
2026-08-29 10:13:43,704 [ERROR] LogOutputStream:75 - [STDERR_REDIRECT] [Fatal Error] :1:1: Premature end of file.
2026-08-29 10:13:43,704 [ERROR] LogOutputStream:75 - [STDERR_REDIRECT] 
2026-08-29 10:13:44,704 [ERROR] LogOutputStream:75 - [STDERR_REDIRECT] [Fatal Error] :1:1: Premature end of file.
2026-08-29 10:13:44,704 [ERROR] LogOutputStream:75 - [STDERR_REDIRECT] 
2026-08-29 10:13:45,704 [ERROR] LogOutputStream:75 - [STDERR_REDIRECT] [Fatal Error] :1:1: Premature end of file.
2026-08-29 10:13:45,704 [ERROR] LogOutputStream:75 - [STDERR_REDIRECT] 
2026-08-29 10:13:46,704 [ERROR] LogOutputStream:75 - [STDERR_REDIRECT] [Fatal Error] :1:1: Premature end of file.
2026-08-29 10:13:46,704 [ERROR] LogOutputStream:75 - [STDERR_REDIRECT] 
2026-08-29 10:13:47,702 [ERROR] LogOutputStream:75 - [STDERR_REDIRECT] [Fatal Error] :1:1: Premature end of file.
2026-08-29 10:13:47,702 [ERROR] LogOutputStream:75 - [STDERR_REDIRECT] 
2026-08-29 10:13:48,702 [ERROR] LogOutputStream:75 - [STDERR_REDIRECT] [Fatal Error] :1:1: Premature end of file.
2026-08-29 10:13:48,702 [ERROR] LogOutputStream:75 - [STDERR_REDIRECT] 
2026-08-29 10:13:49,702 [ERROR] LogOutputStream:75 - [STDERR_REDIRECT] [Fatal Error] :1:1: Premature end of file.
2026-08-29 10:13:49,702 [ERROR] LogOutputStream:75 - [STDERR_REDIRECT] 
2026-08-29 10:13:50,704 [ERROR] LogOutputStream:75 - [STDERR_REDIRECT] [Fatal Error] :1:1: Premature end of file.
2026-08-29 10:13:50,704 [ERROR] LogOutputStream:75 - [STDERR_REDIRECT] 
2026-08-29 10:13:51,702 [ERROR] LogOutputStream:75 - [STDERR_REDIRECT] [Fatal Error] :1:1: Premature end of file.
2026-08-29 10:13:51,702 [ERROR] LogOutputStream:75 - [STDERR_REDIRECT] 
2026-08-29 10:13:52,702 [ERROR] LogOutputStream:75 - [STDERR_REDIRECT] [Fatal Error] :1:1: Premature end of file.
2026-08-29 10:13:52,702 [ERROR] LogOutputStream:75 - [STDERR_REDIRECT] 
2026-08-29 10:13:53,704 [ERROR] LogOutputStream:75 - [STDERR_REDIRECT] [Fatal Error] :1:1: Premature end of file.
2026-08-29 10:13:53,704 [ERROR] LogOutputStream:75 - [STDERR_REDIRECT] 
2026-08-29 10:13:54,704 [ERROR] LogOutputStream:75 - [STDERR_REDIRECT] [Fatal Error] :1:1: Premature end of file.
2026-08-29 10:13:54,704 [ERROR] LogOutputStream:75 - [STDERR_REDIRECT] 
2026-08-29 10:13:55,702 [ERROR] LogOutputStream:75 - [STDERR_REDIRECT] [Fatal Error] :1:1: Premature end of file.
2026-08-29 10:13:55,702 [ERROR] LogOutputStream:75 - [STDERR_REDIRECT] 
2026-08-29 10:13:56,702 [ERROR] LogOutputStream:75 - [STDERR_REDIRECT] [Fatal Error] :1:1: Premature end of file.
2026-08-29 10:13:56,703 [ERROR] LogOutputStream:75 - [STDERR_REDIRECT] 
2026-08-29 10:13:57,702 [ERROR] LogOutputStream:75 - [STDERR_REDIRECT] [Fatal Error] :1:1: Premature end of file.
2026-08-29 10:13:57,702 [ERROR] LogOutputStream:75 - [STDERR_REDIRECT] 
2026-08-29 10:13:58,701 [ERROR] LogOutputStream:75 - [STDERR_REDIRECT] [Fatal Error] :1:1: Premature end of file.
2026-08-29 10:13:58,701 [ERROR] LogOutputStream:75 - [STDERR_REDIRECT] 
2026-08-29 10:13:59,703 [ERROR] LogOutputStream:75 - [STDERR_REDIRECT] [Fatal Error] :1:1: Premature end of file.
2026-08-29 10:13:59,703 [ERROR] LogOutputStream:75 - [STDERR_REDIRECT] 
2026-08-29 10:14:00,702 [ERROR] LogOutputStream:75 - [STDERR_REDIRECT] [Fatal Error] :1:1: Premature end of file.
2026-08-29 10:14:00,702 [ERROR] LogOutputStream:75 - [STDERR_REDIRECT] 
2026-08-29 10:14:01,701 [ERROR] LogOutputStream:75 - [STDERR_REDIRECT] [Fatal Error] :1:1: Premature end of file.
2026-08-29 10:14:01,701 [ERROR] LogOutputStream:75 - [STDERR_REDIRECT] 
2026-08-29 10:14:02,702 [ERROR] LogOutputStream:75 - [STDERR_REDIRECT] [Fatal Error] :1:1: Premature end of file.
2026-08-29 10:14:02,702 [ERROR] LogOutputStream:75 - [STDERR_REDIRECT] 
2026-08-29 10:14:03,703 [ERROR] LogOutputStream:75 - [STDERR_REDIRECT] [Fatal Error] :1:1: Premature end of file.
2026-08-29 10:14:03,703 [ERROR] LogOutputStream:75 - [STDERR_REDIRECT] 
2026-08-29 10:14:04,703 [ERROR] LogOutputStream:75 - [STDERR_REDIRECT] [Fatal Error] :1:1: Premature end of file.
2026-08-29 10:14:04,703 [ERROR] LogOutputStream:75 - [STDERR_REDIRECT] 
2026-08-29 10:14:05,703 [ERROR] LogOutputStream:75 - [STDERR_REDIRECT] [Fatal Error] :1:1: Premature end of file.
2026-08-29 10:14:05,703 [ERROR] LogOutputStream:75 - [STDERR_REDIRECT] 
2026-08-29 10:14:06,701 [ERROR] LogOutputStream:75 - [STDERR_REDIRECT] [Fatal Error] :1:1: Premature end of file.
2026-08-29 10:14:06,701 [ERROR] LogOutputStream:75 - [STDERR_REDIRECT] 
2026-08-29 10:14:07,703 [ERROR] LogOutputStream:75 - [STDERR_REDIRECT] [Fatal Error] :1:1: Premature end of file.
2026-08-29 10:14:07,703 [ERROR] LogOutputStream:75 - [STDERR_REDIRECT] 
2026-08-29 10:14:08,702 [ERROR] LogOutputStream:75 - [STDERR_REDIRECT] [Fatal Error] :1:1: Premature end of file.
2026-08-29 10:14:08,702 [ERROR] LogOutputStream:75 - [STDERR_REDIRECT] 
2026-08-29 10:14:09,702 [ERROR] LogOutputStream:75 - [STDERR_REDIRECT] [Fatal Error] :1:1: Premature end of file.
2026-08-29 10:14:09,702 [ERROR] LogOutputStream:75 - [STDERR_REDIRECT] 
2026-08-29 10:14:10,703 [ERROR] LogOutputStream:75 - [STDERR_REDIRECT] [Fatal Error] :1:1: Premature end of file.
2026-08-29 10:14:10,703 [ERROR] LogOutputStream:75 - [STDERR_REDIRECT] 
2026-08-29 10:14:11,703 [ERROR] LogOutputStream:75 - [STDERR_REDIRECT] [Fatal Error] :1:1: Premature end of file.
2026-08-29 10:14:11,703 [ERROR] LogOutputStream:75 - [STDERR_REDIRECT] 
2026-08-29 10:14:12,703 [ERROR] LogOutputStream:75 - [STDERR_REDIRECT] [Fatal Error] :1:1: Premature end of file.
2026-08-29 10:14:12,703 [ERROR] LogOutputStream:75 - [STDERR_REDIRECT] 
2026-08-29 10:14:13,703 [ERROR] LogOutputStream:75 - [STDERR_REDIRECT] [Fatal Error] :1:1: Premature end of file.
2026-08-29 10:14:13,703 [ERROR] LogOutputStream:75 - [STDERR_REDIRECT] 
2026-08-29 10:14:14,703 [ERROR] LogOutputStream:75 - [STDERR_REDIRECT] [Fatal Error] :1:1: Premature end of file.
2026-08-29 10:14:14,704 [ERROR] LogOutputStream:75 - [STDERR_REDIRECT] 
2026-08-29 10:14:15,703 [ERROR] LogOutputStream:75 - [STDERR_REDIRECT] [Fatal Error] :1:1: Premature end of file.
2026-08-29 10:14:15,704 [ERROR] LogOutputStream:75 - [STDERR_REDIRECT] 
2026-08-29 10:14:16,705 [ERROR] LogOutputStream:75 - [STDERR_REDIRECT] [Fatal Error] :1:1: Premature end of file.
2026-08-29 10:14:16,705 [ERROR] LogOutputStream:75 - [STDERR_REDIRECT] 
2026-08-29 10:14:17,703 [ERROR] LogOutputStream:75 - [STDERR_REDIRECT] [Fatal Error] :1:1: Premature end of file.
2026-08-29 10:14:17,703 [ERROR] LogOutputStream:75 - [STDERR_REDIRECT] 
2026-08-29 10:14:18,703 [ERROR] LogOutputStream:75 - [STDERR_REDIRECT] [Fatal Error] :1:1: Premature end of file.
2026-08-29 10:14:18,703 [ERROR] LogOutputStream:75 - [STDERR_REDIRECT] 
2026-08-29 10:14:19,702 [ERROR] LogOutputStream:75 - [STDERR_REDIRECT] [Fatal Error] :1:1: Premature end of file.
2026-08-29 10:14:19,702 [ERROR] LogOutputStream:75 - [STDERR_REDIRECT] 
2026-08-29 10:14:20,703 [ERROR] LogOutputStream:75 - [STDERR_REDIRECT] [Fatal Error] :1:1: Premature end of file.
2026-08-29 10:14:20,703 [ERROR] LogOutputStream:75 - [STDERR_REDIRECT] 
2026-08-29 10:14:21,702 [ERROR] LogOutputStream:75 - [STDERR_REDIRECT] [Fatal Error] :1:1: Premature end of file.
2026-08-29 10:14:21,702 [ERROR] LogOutputStream:75 - [STDERR_REDIRECT] 
2026-08-29 10:14:22,702 [ERROR] LogOutputStream:75 - [STDERR_REDIRECT] [Fatal Error] :1:1: Premature end of file.
2026-08-29 10:14:22,702 [ERROR] LogOutputStream:75 - [STDERR_REDIRECT] 
2026-08-29 10:14:23,702 [ERROR] LogOutputStream:75 - [STDERR_REDIRECT] [Fatal Error] :1:1: Premature end of file.
2026-08-29 10:14:23,702 [ERROR] LogOutputStream:75 - [STDERR_REDIRECT] 
2026-08-29 10:14:24,703 [ERROR] LogOutputStream:75 - [STDERR_REDIRECT] [Fatal Error] :1:1: Premature end of file.
2026-08-29 10:14:24,703 [ERROR] LogOutputStream:75 - [STDERR_REDIRECT] 
2026-08-29 10:14:25,702 [ERROR] LogOutputStream:75 - [STDERR_REDIRECT] [Fatal Error] :1:1: Premature end of file.
2026-08-29 10:14:25,702 [ERROR] LogOutputStream:75 - [STDERR_REDIRECT] 
2026-08-29 10:14:26,703 [ERROR] LogOutputStream:75 - [STDERR_REDIRECT] [Fatal Error] :1:1: Premature end of file.
2026-08-29 10:14:26,703 [ERROR] LogOutputStream:75 - [STDERR_REDIRECT] 
2026-08-29 10:14:27,703 [ERROR] LogOutputStream:75 - [STDERR_REDIRECT] [Fatal Error] :1:1: Premature end of file.
2026-08-29 10:14:27,703 [ERROR] LogOutputStream:75 - [STDERR_REDIRECT] 
2026-08-29 10:14:28,702 [ERROR] LogOutputStream:75 - [STDERR_REDIRECT] [Fatal Error] :1:1: Premature end of file.
2026-08-29 10:14:28,702 [ERROR] LogOutputStream:75 - [STDERR_REDIRECT] 
2026-08-29 10:14:29,703 [ERROR] LogOutputStream:75 - [STDERR_REDIRECT] [Fatal Error] :1:1: Premature end of file.
2026-08-29 10:14:29,703 [ERROR] LogOutputStream:75 - [STDERR_REDIRECT] 
2026-08-29 10:14:30,703 [ERROR] LogOutputStream:75 - [STDERR_REDIRECT] [Fatal Error] :1:1: Premature end of file.
2026-08-29 10:14:30,703 [ERROR] LogOutputStream:75 - [STDERR_REDIRECT] 
2026-08-29 10:14:31,702 [ERROR] LogOutputStream:75 - [STDERR_REDIRECT] [Fatal Error] :1:1: Premature end of file.
2026-08-29 10:14:31,702 [ERROR] LogOutputStream:75 - [STDERR_REDIRECT] 
2026-08-29 10:14:32,704 [ERROR] LogOutputStream:75 - [STDERR_REDIRECT] [Fatal Error] :1:1: Premature end of file.
2026-08-29 10:14:32,704 [ERROR] LogOutputStream:75 - [STDERR_REDIRECT] 
2026-08-29 10:14:33,702 [ERROR] LogOutputStream:75 - [STDERR_REDIRECT] [Fatal Error] :1:1: Premature end of file.
2026-08-29 10:14:33,702 [ERROR] LogOutputStream:75 - [STDERR_REDIRECT] 
2026-08-29 10:14:34,703 [ERROR] LogOutputStream:75 - [STDERR_REDIRECT] [Fatal Error] :1:1: Premature end of file.
2026-08-29 10:14:34,703 [ERROR] LogOutputStream:75 - [STDERR_REDIRECT] 
2026-08-29 10:14:35,702 [ERROR] LogOutputStream:75 - [STDERR_REDIRECT] [Fatal Error] :1:1: Premature end of file.
2026-08-29 10:14:35,703 [ERROR] LogOutputStream:75 - [STDERR_REDIRECT] 
2026-08-29 10:14:36,702 [ERROR] LogOutputStream:75 - [STDERR_REDIRECT] [Fatal Error] :1:1: Premature end of file.
2026-08-29 10:14:36,703 [ERROR] LogOutputStream:75 - [STDERR_REDIRECT] 
2026-08-29 10:14:37,701 [ERROR] LogOutputStream:75 - [STDERR_REDIRECT] [Fatal Error] :1:1: Premature end of file.
2026-08-29 10:14:37,701 [ERROR] LogOutputStream:75 - [STDERR_REDIRECT] 
2026-08-29 10:14:38,703 [ERROR] LogOutputStream:75 - [STDERR_REDIRECT] [Fatal Error] :1:1: Premature end of file.
2026-08-29 10:14:38,703 [ERROR] LogOutputStream:75 - [STDERR_REDIRECT] 
2026-08-29 10:14:39,703 [ERROR] LogOutputStream:75 - [STDERR_REDIRECT] [Fatal Error] :1:1: Premature end of file.
2026-08-29 10:14:39,703 [ERROR] LogOutputStream:75 - [STDERR_REDIRECT] 
2026-08-29 10:14:40,703 [ERROR] LogOutputStream:75 - [STDERR_REDIRECT] [Fatal Error] :1:1: Premature end of file.
2026-08-29 10:14:40,703 [ERROR] LogOutputStream:75 - [STDERR_REDIRECT] 
2026-08-29 10:14:41,701 [ERROR] LogOutputStream:75 - [STDERR_REDIRECT] [Fatal Error] :1:1: Premature end of file.
2026-08-29 10:14:41,701 [ERROR] LogOutputStream:75 - [STDERR_REDIRECT] 
2026-08-29 10:14:42,704 [ERROR] LogOutputStream:75 - [STDERR_REDIRECT] [Fatal Error] :1:1: Premature end of file.
2026-08-29 10:14:42,705 [ERROR] LogOutputStream:75 - [STDERR_REDIRECT] 
2026-08-29 10:14:43,702 [ERROR] LogOutputStream:75 - [STDERR_REDIRECT] [Fatal Error] :1:1: Premature end of file.
2026-08-29 10:14:43,702 [ERROR] LogOutputStream:75 - [STDERR_REDIRECT] 
2026-08-29 10:14:44,701 [ERROR] LogOutputStream:75 - [STDERR_REDIRECT] [Fatal Error] :1:1: Premature end of file.
2026-08-29 10:14:44,701 [ERROR] LogOutputStream:75 - [STDERR_REDIRECT] 
2026-08-29 10:14:45,701 [ERROR] LogOutputStream:75 - [STDERR_REDIRECT] [Fatal Error] :1:1: Premature end of file.
2026-08-29 10:14:45,701 [ERROR] LogOutputStream:75 - [STDERR_REDIRECT] 
2026-08-29 10:14:46,703 [ERROR] LogOutputStream:75 - [STDERR_REDIRECT] [Fatal Error] :1:1: Premature end of file.
2026-08-29 10:14:46,703 [ERROR] LogOutputStream:75 - [STDERR_REDIRECT] 
2026-08-29 10:14:47,703 [ERROR] LogOutputStream:75 - [STDERR_REDIRECT] [Fatal Error] :1:1: Premature end of file.
2026-08-29 10:14:47,703 [ERROR] LogOutputStream:75 - [STDERR_REDIRECT] 
2026-08-29 10:14:48,704 [ERROR] LogOutputStream:75 - [STDERR_REDIRECT] [Fatal Error] :1:1: Premature end of file.
2026-08-29 10:14:48,704 [ERROR] LogOutputStream:75 - [STDERR_REDIRECT] 
2026-08-29 10:14:49,703 [ERROR] LogOutputStream:75 - [STDERR_REDIRECT] [Fatal Error] :1:1: Premature end of file.
2026-08-29 10:14:49,703 [ERROR] LogOutputStream:75 - [STDERR_REDIRECT] 
2026-08-29 10:14:50,703 [ERROR] LogOutputStream:75 - [STDERR_REDIRECT] [Fatal Error] :1:1: Premature end of file.
2026-08-29 10:14:50,703 [ERROR] LogOutputStream:75 - [STDERR_REDIRECT] 
2026-08-29 10:14:51,701 [ERROR] LogOutputStream:75 - [STDERR_REDIRECT] [Fatal Error] :1:1: Premature end of file.
2026-08-29 10:14:51,701 [ERROR] LogOutputStream:75 - [STDERR_REDIRECT] 
2026-08-29 10:14:52,703 [ERROR] LogOutputStream:75 - [STDERR_REDIRECT] [Fatal Error] :1:1: Premature end of file.
2026-08-29 10:14:52,703 [ERROR] LogOutputStream:75 - [STDERR_REDIRECT] 
2026-08-29 10:14:53,702 [ERROR] LogOutputStream:75 - [STDERR_REDIRECT] [Fatal Error] :1:1: Premature end of file.
2026-08-29 10:14:53,702 [ERROR] LogOutputStream:75 - [STDERR_REDIRECT] 
2026-08-29 10:14:54,705 [ERROR] LogOutputStream:75 - [STDERR_REDIRECT] [Fatal Error] :1:1: Premature end of file.
2026-08-29 10:14:54,705 [ERROR] LogOutputStream:75 - [STDERR_REDIRECT] 
2026-08-29 10:14:55,702 [ERROR] LogOutputStream:75 - [STDERR_REDIRECT] [Fatal Error] :1:1: Premature end of file.
2026-08-29 10:14:55,702 [ERROR] LogOutputStream:75 - [STDERR_REDIRECT] 
2026-08-29 10:14:56,702 [ERROR] LogOutputStream:75 - [STDERR_REDIRECT] [Fatal Error] :1:1: Premature end of file.
2026-08-29 10:14:56,703 [ERROR] LogOutputStream:75 - [STDERR_REDIRECT] 
2026-08-29 10:14:57,703 [ERROR] LogOutputStream:75 - [STDERR_REDIRECT] [Fatal Error] :1:1: Premature end of file.
2026-08-29 10:14:57,703 [ERROR] LogOutputStream:75 - [STDERR_REDIRECT] 
2026-08-29 10:14:58,699 [ERROR] LogOutputStream:75 - [STDERR_REDIRECT] [Fatal Error] :1:1: Premature end of file.
2026-08-29 10:14:58,700 [ERROR] LogOutputStream:75 - [STDERR_REDIRECT] 
2026-08-29 10:14:59,705 [ERROR] LogOutputStream:75 - [STDERR_REDIRECT] [Fatal Error] :1:1: Premature end of file.
2026-08-29 10:14:59,705 [ERROR] LogOutputStream:75 - [STDERR_REDIRECT] 
2026-08-29 10:15:00,702 [ERROR] LogOutputStream:75 - [STDERR_REDIRECT] [Fatal Error] :1:1: Premature end of file.
2026-08-29 10:15:00,702 [ERROR] LogOutputStream:75 - [STDERR_REDIRECT] 
2026-08-29 10:15:01,702 [ERROR] LogOutputStream:75 - [STDERR_REDIRECT] [Fatal Error] :1:1: Premature end of file.
2026-08-29 10:15:01,702 [ERROR] LogOutputStream:75 - [STDERR_REDIRECT] 
2026-08-29 10:15:02,703 [ERROR] LogOutputStream:75 - [STDERR_REDIRECT] [Fatal Error] :1:1: Premature end of file.
2026-08-29 10:15:02,703 [ERROR] LogOutputStream:75 - [STDERR_REDIRECT] 
2026-08-29 10:15:03,704 [ERROR] LogOutputStream:75 - [STDERR_REDIRECT] [Fatal Error] :1:1: Premature end of file.
2026-08-29 10:15:03,704 [ERROR] LogOutputStream:75 - [STDERR_REDIRECT] 
2026-08-29 10:15:04,701 [ERROR] LogOutputStream:75 - [STDERR_REDIRECT] [Fatal Error] :1:1: Premature end of file.
2026-08-29 10:15:04,701 [ERROR] LogOutputStream:75 - [STDERR_REDIRECT] 
2026-08-29 10:15:05,703 [ERROR] LogOutputStream:75 - [STDERR_REDIRECT] [Fatal Error] :1:1: Premature end of file.
2026-08-29 10:15:05,703 [ERROR] LogOutputStream:75 - [STDERR_REDIRECT] 
2026-08-29 10:15:06,704 [ERROR] LogOutputStream:75 - [STDERR_REDIRECT] [Fatal Error] :1:1: Premature end of file.
2026-08-29 10:15:06,704 [ERROR] LogOutputStream:75 - [STDERR_REDIRECT] 
2026-08-29 10:15:07,702 [ERROR] LogOutputStream:75 - [STDERR_REDIRECT] [Fatal Error] :1:1: Premature end of file.
2026-08-29 10:15:07,702 [ERROR] LogOutputStream:75 - [STDERR_REDIRECT] 
2026-08-29 10:15:08,702 [ERROR] LogOutputStream:75 - [STDERR_REDIRECT] [Fatal Error] :1:1: Premature end of file.
2026-08-29 10:15:08,702 [ERROR] LogOutputStream:75 - [STDERR_REDIRECT] 
2026-08-29 10:15:09,702 [ERROR] LogOutputStream:75 - [STDERR_REDIRECT] [Fatal Error] :1:1: Premature end of file.
2026-08-29 10:15:09,702 [ERROR] LogOutputStream:75 - [STDERR_REDIRECT] 
2026-08-29 10:15:10,703 [ERROR] LogOutputStream:75 - [STDERR_REDIRECT] [Fatal Error] :1:1: Premature end of file.
2026-08-29 10:15:10,703 [ERROR] LogOutputStream:75 - [STDERR_REDIRECT] 
2026-08-29 10:15:11,703 [ERROR] LogOutputStream:75 - [STDERR_REDIRECT] [Fatal Error] :1:1: Premature end of file.
2026-08-29 10:15:11,703 [ERROR] LogOutputStream:75 - [STDERR_REDIRECT] 
2026-08-29 10:15:12,703 [ERROR] LogOutputStream:75 - [STDERR_REDIRECT] [Fatal Error] :1:1: Premature end of file.
2026-08-29 10:15:12,703 [ERROR] LogOutputStream:75 - [STDERR_REDIRECT] 
2026-08-29 10:15:13,704 [ERROR] LogOutputStream:75 - [STDERR_REDIRECT] [Fatal Error] :1:1: Premature end of file.
2026-08-29 10:15:13,704 [ERROR] LogOutputStream:75 - [STDERR_REDIRECT] 
2026-08-29 10:15:14,703 [ERROR] LogOutputStream:75 - [STDERR_REDIRECT] [Fatal Error] :1:1: Premature end of file.
2026-08-29 10:15:14,703 [ERROR] LogOutputStream:75 - [STDERR_REDIRECT] 
2026-08-29 10:15:15,704 [ERROR] LogOutputStream:75 - [STDERR_REDIRECT] [Fatal Error] :1:1: Premature end of file.
2026-08-29 10:15:15,704 [ERROR] LogOutputStream:75 - [STDERR_REDIRECT] 
2026-08-29 10:15:16,704 [ERROR] LogOutputStream:75 - [STDERR_REDIRECT] [Fatal Error] :1:1: Premature end of file.
2026-08-29 10:15:16,704 [ERROR] LogOutputStream:75 - [STDERR_REDIRECT] 
2026-08-29 10:15:17,702 [ERROR] LogOutputStream:75 - [STDERR_REDIRECT] [Fatal Error] :1:1: Premature end of file.
2026-08-29 10:15:17,702 [ERROR] LogOutputStream:75 - [STDERR_REDIRECT] 
2026-08-29 10:15:18,704 [ERROR] LogOutputStream:75 - [STDERR_REDIRECT] [Fatal Error] :1:1: Premature end of file.
2026-08-29 10:15:18,704 [ERROR] LogOutputStream:75 - [STDERR_REDIRECT] 
2026-08-29 10:15:19,703 [ERROR] LogOutputStream:75 - [STDERR_REDIRECT] [Fatal Error] :1:1: Premature end of file.
2026-08-29 10:15:19,703 [ERROR] LogOutputStream:75 - [STDERR_REDIRECT] 
2026-08-29 10:15:20,701 [ERROR] LogOutputStream:75 - [STDERR_REDIRECT] [Fatal Error] :1:1: Premature end of file.
2026-08-29 10:15:20,701 [ERROR] LogOutputStream:75 - [STDERR_REDIRECT] 
2026-08-29 10:15:21,702 [ERROR] LogOutputStream:75 - [STDERR_REDIRECT] [Fatal Error] :1:1: Premature end of file.
2026-08-29 10:15:21,702 [ERROR] LogOutputStream:75 - [STDERR_REDIRECT] 
2026-08-29 10:15:22,702 [ERROR] LogOutputStream:75 - [STDERR_REDIRECT] [Fatal Error] :1:1: Premature end of file.
2026-08-29 10:15:22,702 [ERROR] LogOutputStream:75 - [STDERR_REDIRECT] 
2026-08-29 10:15:23,701 [ERROR] LogOutputStream:75 - [STDERR_REDIRECT] [Fatal Error] :1:1: Premature end of file.
2026-08-29 10:15:23,701 [ERROR] LogOutputStream:75 - [STDERR_REDIRECT] 
2026-08-29 10:15:24,705 [ERROR] LogOutputStream:75 - [STDERR_REDIRECT] [Fatal Error] :1:1: Premature end of file.
2026-08-29 10:15:24,705 [ERROR] LogOutputStream:75 - [STDERR_REDIRECT] 
2026-08-29 10:15:25,701 [ERROR] LogOutputStream:75 - [STDERR_REDIRECT] [Fatal Error] :1:1: Premature end of file.
2026-08-29 10:15:25,701 [ERROR] LogOutputStream:75 - [STDERR_REDIRECT] 
2026-08-29 10:15:26,703 [ERROR] LogOutputStream:75 - [STDERR_REDIRECT] [Fatal Error] :1:1: Premature end of file.
2026-08-29 10:15:26,703 [ERROR] LogOutputStream:75 - [STDERR_REDIRECT] 
2026-08-29 10:15:27,705 [ERROR] LogOutputStream:75 - [STDERR_REDIRECT] [Fatal Error] :1:1: Premature end of file.
2026-08-29 10:15:27,705 [ERROR] LogOutputStream:75 - [STDERR_REDIRECT] 
2026-08-29 10:15:28,702 [ERROR] LogOutputStream:75 - [STDERR_REDIRECT] [Fatal Error] :1:1: Premature end of file.
2026-08-29 10:15:28,702 [ERROR] LogOutputStream:75 - [STDERR_REDIRECT] 
2026-08-29 10:15:29,703 [ERROR] LogOutputStream:75 - [STDERR_REDIRECT] [Fatal Error] :1:1: Premature end of file.
2026-08-29 10:15:29,703 [ERROR] LogOutputStream:75 - [STDERR_REDIRECT] 
2026-08-29 10:15:30,704 [ERROR] LogOutputStream:75 - [STDERR_REDIRECT] [Fatal Error] :1:1: Premature end of file.
2026-08-29 10:15:30,704 [ERROR] LogOutputStream:75 - [STDERR_REDIRECT] 
2026-08-29 10:15:31,702 [ERROR] LogOutputStream:75 - [STDERR_REDIRECT] [Fatal Error] :1:1: Premature end of file.
2026-08-29 10:15:31,702 [ERROR] LogOutputStream:75 - [STDERR_REDIRECT] 
2026-08-29 10:15:32,703 [ERROR] LogOutputStream:75 - [STDERR_REDIRECT] [Fatal Error] :1:1: Premature end of file.
2026-08-29 10:15:32,704 [ERROR] LogOutputStream:75 - [STDERR_REDIRECT] 
2026-08-29 10:15:33,701 [ERROR] LogOutputStream:75 - [STDERR_REDIRECT] [Fatal Error] :1:1: Premature end of file.
2026-08-29 10:15:33,701 [ERROR] LogOutputStream:75 - [STDERR_REDIRECT] 
2026-08-29 10:15:34,704 [ERROR] LogOutputStream:75 - [STDERR_REDIRECT] [Fatal Error] :1:1: Premature end of file.
2026-08-29 10:15:34,704 [ERROR] LogOutputStream:75 - [STDERR_REDIRECT] 
2026-08-29 10:15:35,703 [ERROR] LogOutputStream:75 - [STDERR_REDIRECT] [Fatal Error] :1:1: Premature end of file.
2026-08-29 10:15:35,703 [ERROR] LogOutputStream:75 - [STDERR_REDIRECT] 
2026-08-29 10:15:36,702 [ERROR] LogOutputStream:75 - [STDERR_REDIRECT] [Fatal Error] :1:1: Premature end of file.
2026-08-29 10:15:36,702 [ERROR] LogOutputStream:75 - [STDERR_REDIRECT] 
2026-08-29 10:15:37,702 [ERROR] LogOutputStream:75 - [STDERR_REDIRECT] [Fatal Error] :1:1: Premature end of file.
2026-08-29 10:15:37,703 [ERROR] LogOutputStream:75 - [STDERR_REDIRECT] 
2026-08-29 10:15:38,705 [ERROR] LogOutputStream:75 - [STDERR_REDIRECT] [Fatal Error] :1:1: Premature end of file.
2026-08-29 10:15:38,705 [ERROR] LogOutputStream:75 - [STDERR_REDIRECT] 
2026-08-29 10:15:39,703 [ERROR] LogOutputStream:75 - [STDERR_REDIRECT] [Fatal Error] :1:1: Premature end of file.
2026-08-29 10:15:39,703 [ERROR] LogOutputStream:75 - [STDERR_REDIRECT] 
2026-08-29 10:15:40,702 [ERROR] LogOutputStream:75 - [STDERR_REDIRECT] [Fatal Error] :1:1: Premature end of file.
2026-08-29 10:15:40,702 [ERROR] LogOutputStream:75 - [STDERR_REDIRECT] 
2026-08-29 10:15:41,708 [ERROR] LogOutputStream:75 - [STDERR_REDIRECT] [Fatal Error] :1:1: Premature end of file.
2026-08-29 10:15:41,708 [ERROR] LogOutputStream:75 - [STDERR_REDIRECT] 
2026-08-29 10:15:42,699 [ERROR] LogOutputStream:75 - [STDERR_REDIRECT] [Fatal Error] :1:1: Premature end of file.
2026-08-29 10:15:42,699 [ERROR] LogOutputStream:75 - [STDERR_REDIRECT] 
2026-08-29 10:15:43,704 [ERROR] LogOutputStream:75 - [STDERR_REDIRECT] [Fatal Error] :1:1: Premature end of file.
2026-08-29 10:15:43,704 [ERROR] LogOutputStream:75 - [STDERR_REDIRECT] 
2026-08-29 10:15:44,709 [ERROR] LogOutputStream:75 - [STDERR_REDIRECT] [Fatal Error] :1:1: Premature end of file.
2026-08-29 10:15:44,709 [ERROR] LogOutputStream:75 - [STDERR_REDIRECT] 
2026-08-29 10:15:45,700 [ERROR] LogOutputStream:75 - [STDERR_REDIRECT] [Fatal Error] :1:1: Premature end of file.
2026-08-29 10:15:45,700 [ERROR] LogOutputStream:75 - [STDERR_REDIRECT] 
2026-08-29 10:15:46,706 [ERROR] LogOutputStream:75 - [STDERR_REDIRECT] [Fatal Error] :1:1: Premature end of file.
2026-08-29 10:15:46,706 [ERROR] LogOutputStream:75 - [STDERR_REDIRECT] 
2026-08-29 10:15:47,712 [ERROR] LogOutputStream:75 - [STDERR_REDIRECT] [Fatal Error] :1:1: Premature end of file.
2026-08-29 10:15:47,712 [ERROR] LogOutputStream:75 - [STDERR_REDIRECT] 
2026-08-29 10:15:48,700 [ERROR] LogOutputStream:75 - [STDERR_REDIRECT] [Fatal Error] :1:1: Premature end of file.
2026-08-29 10:15:48,700 [ERROR] LogOutputStream:75 - [STDERR_REDIRECT] 
2026-08-29 10:15:49,714 [ERROR] LogOutputStream:75 - [STDERR_REDIRECT] [Fatal Error] :1:1: Premature end of file.
2026-08-29 10:15:49,714 [ERROR] LogOutputStream:75 - [STDERR_REDIRECT] 
2026-08-29 10:15:50,712 [ERROR] LogOutputStream:75 - [STDERR_REDIRECT] [Fatal Error] :1:1: Premature end of file.
2026-08-29 10:15:50,712 [ERROR] LogOutputStream:75 - [STDERR_REDIRECT] 
2026-08-29 10:15:51,704 [ERROR] LogOutputStream:75 - [STDERR_REDIRECT] [Fatal Error] :1:1: Premature end of file.
2026-08-29 10:15:51,704 [ERROR] LogOutputStream:75 - [STDERR_REDIRECT] 
2026-08-29 10:15:52,704 [ERROR] LogOutputStream:75 - [STDERR_REDIRECT] [Fatal Error] :1:1: Premature end of file.
2026-08-29 10:15:52,704 [ERROR] LogOutputStream:75 - [STDERR_REDIRECT] 
2026-08-29 10:15:53,702 [ERROR] LogOutputStream:75 - [STDERR_REDIRECT] [Fatal Error] :1:1: Premature end of file.
2026-08-29 10:15:53,702 [ERROR] LogOutputStream:75 - [STDERR_REDIRECT] 
2026-08-29 10:15:54,705 [ERROR] LogOutputStream:75 - [STDERR_REDIRECT] [Fatal Error] :1:1: Premature end of file.
2026-08-29 10:15:54,705 [ERROR] LogOutputStream:75 - [STDERR_REDIRECT] 
2026-08-29 10:15:55,700 [ERROR] LogOutputStream:75 - [STDERR_REDIRECT] [Fatal Error] :1:1: Premature end of file.
2026-08-29 10:15:55,700 [ERROR] LogOutputStream:75 - [STDERR_REDIRECT] 
2026-08-29 10:15:56,710 [ERROR] LogOutputStream:75 - [STDERR_REDIRECT] [Fatal Error] :1:1: Premature end of file.
2026-08-29 10:15:56,710 [ERROR] LogOutputStream:75 - [STDERR_REDIRECT] 
2026-08-29 10:15:57,700 [ERROR] LogOutputStream:75 - [STDERR_REDIRECT] [Fatal Error] :1:1: Premature end of file.
2026-08-29 10:15:57,700 [ERROR] LogOutputStream:75 - [STDERR_REDIRECT] 
2026-08-29 10:15:58,713 [ERROR] LogOutputStream:75 - [STDERR_REDIRECT] [Fatal Error] :1:1: Premature end of file.
2026-08-29 10:15:58,713 [ERROR] LogOutputStream:75 - [STDERR_REDIRECT] 
2026-08-29 10:15:59,708 [ERROR] LogOutputStream:75 - [STDERR_REDIRECT] [Fatal Error] :1:1: Premature end of file.
2026-08-29 10:15:59,708 [ERROR] LogOutputStream:75 - [STDERR_REDIRECT] 
2026-08-29 10:16:00,714 [ERROR] LogOutputStream:75 - [STDERR_REDIRECT] [Fatal Error] :1:1: Premature end of file.
2026-08-29 10:16:00,714 [ERROR] LogOutputStream:75 - [STDERR_REDIRECT] 
2026-08-29 10:16:01,704 [ERROR] LogOutputStream:75 - [STDERR_REDIRECT] [Fatal Error] :1:1: Premature end of file.
2026-08-29 10:16:01,704 [ERROR] LogOutputStream:75 - [STDERR_REDIRECT] 
2026-08-29 10:16:02,702 [ERROR] LogOutputStream:75 - [STDERR_REDIRECT] [Fatal Error] :1:1: Premature end of file.
2026-08-29 10:16:02,703 [ERROR] LogOutputStream:75 - [STDERR_REDIRECT] 
2026-08-29 10:16:03,707 [ERROR] LogOutputStream:75 - [STDERR_REDIRECT] [Fatal Error] :1:1: Premature end of file.
2026-08-29 10:16:03,707 [ERROR] LogOutputStream:75 - [STDERR_REDIRECT] 
2026-08-29 10:16:04,707 [ERROR] LogOutputStream:75 - [STDERR_REDIRECT] [Fatal Error] :1:1: Premature end of file.
2026-08-29 10:16:04,708 [ERROR] LogOutputStream:75 - [STDERR_REDIRECT] 
2026-08-29 10:16:05,706 [ERROR] LogOutputStream:75 - [STDERR_REDIRECT] [Fatal Error] :1:1: Premature end of file.
2026-08-29 10:16:05,706 [ERROR] LogOutputStream:75 - [STDERR_REDIRECT] 
2026-08-29 10:16:06,704 [ERROR] LogOutputStream:75 - [STDERR_REDIRECT] [Fatal Error] :1:1: Premature end of file.
2026-08-29 10:16:06,704 [ERROR] LogOutputStream:75 - [STDERR_REDIRECT] 
2026-08-29 10:16:07,702 [ERROR] LogOutputStream:75 - [STDERR_REDIRECT] [Fatal Error] :1:1: Premature end of file.
2026-08-29 10:16:07,702 [ERROR] LogOutputStream:75 - [STDERR_REDIRECT] 
2026-08-29 10:16:08,703 [ERROR] LogOutputStream:75 - [STDERR_REDIRECT] [Fatal Error] :1:1: Premature end of file.
2026-08-29 10:16:08,703 [ERROR] LogOutputStream:75 - [STDERR_REDIRECT] 
2026-08-29 10:16:09,703 [ERROR] LogOutputStream:75 - [STDERR_REDIRECT] [Fatal Error] :1:1: Premature end of file.
2026-08-29 10:16:09,703 [ERROR] LogOutputStream:75 - [STDERR_REDIRECT] 
2026-08-29 10:16:10,702 [ERROR] LogOutputStream:75 - [STDERR_REDIRECT] [Fatal Error] :1:1: Premature end of file.
2026-08-29 10:16:10,702 [ERROR] LogOutputStream:75 - [STDERR_REDIRECT] 
2026-08-29 10:16:11,704 [ERROR] LogOutputStream:75 - [STDERR_REDIRECT] [Fatal Error] :1:1: Premature end of file.
2026-08-29 10:16:11,704 [ERROR] LogOutputStream:75 - [STDERR_REDIRECT] 
2026-08-29 10:16:12,702 [ERROR] LogOutputStream:75 - [STDERR_REDIRECT] [Fatal Error] :1:1: Premature end of file.
2026-08-29 10:16:12,702 [ERROR] LogOutputStream:75 - [STDERR_REDIRECT] 
2026-08-29 10:16:13,703 [ERROR] LogOutputStream:75 - [STDERR_REDIRECT] [Fatal Error] :1:1: Premature end of file.
2026-08-29 10:16:13,703 [ERROR] LogOutputStream:75 - [STDERR_REDIRECT] 
2026-08-29 10:16:14,704 [ERROR] LogOutputStream:75 - [STDERR_REDIRECT] [Fatal Error] :1:1: Premature end of file.
2026-08-29 10:16:14,704 [ERROR] LogOutputStream:75 - [STDERR_REDIRECT] 
2026-08-29 10:16:15,701 [ERROR] LogOutputStream:75 - [STDERR_REDIRECT] [Fatal Error] :1:1: Premature end of file.
2026-08-29 10:16:15,701 [ERROR] LogOutputStream:75 - [STDERR_REDIRECT] 
2026-08-29 10:16:16,703 [ERROR] LogOutputStream:75 - [STDERR_REDIRECT] [Fatal Error] :1:1: Premature end of file.
2026-08-29 10:16:16,703 [ERROR] LogOutputStream:75 - [STDERR_REDIRECT] 
2026-08-29 10:16:17,703 [ERROR] LogOutputStream:75 - [STDERR_REDIRECT] [Fatal Error] :1:1: Premature end of file.
2026-08-29 10:16:17,703 [ERROR] LogOutputStream:75 - [STDERR_REDIRECT] 
2026-08-29 10:16:18,703 [ERROR] LogOutputStream:75 - [STDERR_REDIRECT] [Fatal Error] :1:1: Premature end of file.
2026-08-29 10:16:18,703 [ERROR] LogOutputStream:75 - [STDERR_REDIRECT] 
2026-08-29 10:16:19,704 [ERROR] LogOutputStream:75 - [STDERR_REDIRECT] [Fatal Error] :1:1: Premature end of file.
2026-08-29 10:16:19,704 [ERROR] LogOutputStream:75 - [STDERR_REDIRECT] 
2026-08-29 10:16:20,701 [ERROR] LogOutputStream:75 - [STDERR_REDIRECT] [Fatal Error] :1:1: Premature end of file.
2026-08-29 10:16:20,701 [ERROR] LogOutputStream:75 - [STDERR_REDIRECT] 
2026-08-29 10:16:21,703 [ERROR] LogOutputStream:75 - [STDERR_REDIRECT] [Fatal Error] :1:1: Premature end of file.
2026-08-29 10:16:21,703 [ERROR] LogOutputStream:75 - [STDERR_REDIRECT] 
2026-08-29 10:16:22,702 [ERROR] LogOutputStream:75 - [STDERR_REDIRECT] [Fatal Error] :1:1: Premature end of file.
2026-08-29 10:16:22,702 [ERROR] LogOutputStream:75 - [STDERR_REDIRECT] 
2026-08-29 10:16:23,704 [ERROR] LogOutputStream:75 - [STDERR_REDIRECT] [Fatal Error] :1:1: Premature end of file.
2026-08-29 10:16:23,704 [ERROR] LogOutputStream:75 - [STDERR_REDIRECT] 
2026-08-29 10:16:24,703 [ERROR] LogOutputStream:75 - [STDERR_REDIRECT] [Fatal Error] :1:1: Premature end of file.
2026-08-29 10:16:24,703 [ERROR] LogOutputStream:75 - [STDERR_REDIRECT] 
2026-08-29 10:16:25,701 [ERROR] LogOutputStream:75 - [STDERR_REDIRECT] [Fatal Error] :1:1: Premature end of file.
2026-08-29 10:16:25,701 [ERROR] LogOutputStream:75 - [STDERR_REDIRECT] 
2026-08-29 10:16:26,702 [ERROR] LogOutputStream:75 - [STDERR_REDIRECT] [Fatal Error] :1:1: Premature end of file.
2026-08-29 10:16:26,702 [ERROR] LogOutputStream:75 - [STDERR_REDIRECT] 
2026-08-29 10:16:27,703 [ERROR] LogOutputStream:75 - [STDERR_REDIRECT] [Fatal Error] :1:1: Premature end of file.
2026-08-29 10:16:27,703 [ERROR] LogOutputStream:75 - [STDERR_REDIRECT] 
2026-08-29 10:16:28,703 [ERROR] LogOutputStream:75 - [STDERR_REDIRECT] [Fatal Error] :1:1: Premature end of file.
2026-08-29 10:16:28,703 [ERROR] LogOutputStream:75 - [STDERR_REDIRECT] 
2026-08-29 10:16:29,701 [ERROR] LogOutputStream:75 - [STDERR_REDIRECT] [Fatal Error] :1:1: Premature end of file.
2026-08-29 10:16:29,701 [ERROR] LogOutputStream:75 - [STDERR_REDIRECT] 
2026-08-29 10:16:30,702 [ERROR] LogOutputStream:75 - [STDERR_REDIRECT] [Fatal Error] :1:1: Premature end of file.
2026-08-29 10:16:30,702 [ERROR] LogOutputStream:75 - [STDERR_REDIRECT] 
2026-08-29 10:16:31,704 [ERROR] LogOutputStream:75 - [STDERR_REDIRECT] [Fatal Error] :1:1: Premature end of file.
2026-08-29 10:16:31,704 [ERROR] LogOutputStream:75 - [STDERR_REDIRECT] 
2026-08-29 10:16:32,703 [ERROR] LogOutputStream:75 - [STDERR_REDIRECT] [Fatal Error] :1:1: Premature end of file.
2026-08-29 10:16:32,703 [ERROR] LogOutputStream:75 - [STDERR_REDIRECT] 
2026-08-29 10:16:33,702 [ERROR] LogOutputStream:75 - [STDERR_REDIRECT] [Fatal Error] :1:1: Premature end of file.
2026-08-29 10:16:33,702 [ERROR] LogOutputStream:75 - [STDERR_REDIRECT] 
2026-08-29 10:16:34,703 [ERROR] LogOutputStream:75 - [STDERR_REDIRECT] [Fatal Error] :1:1: Premature end of file.
2026-08-29 10:16:34,703 [ERROR] LogOutputStream:75 - [STDERR_REDIRECT] 
2026-08-29 10:16:35,702 [ERROR] LogOutputStream:75 - [STDERR_REDIRECT] [Fatal Error] :1:1: Premature end of file.
2026-08-29 10:16:35,702 [ERROR] LogOutputStream:75 - [STDERR_REDIRECT] 
2026-08-29 10:16:36,702 [ERROR] LogOutputStream:75 - [STDERR_REDIRECT] [Fatal Error] :1:1: Premature end of file.
2026-08-29 10:16:36,702 [ERROR] LogOutputStream:75 - [STDERR_REDIRECT] 
2026-08-29 10:16:37,704 [ERROR] LogOutputStream:75 - [STDERR_REDIRECT] [Fatal Error] :1:1: Premature end of file.
2026-08-29 10:16:37,704 [ERROR] LogOutputStream:75 - [STDERR_REDIRECT] 
2026-08-29 10:16:38,703 [ERROR] LogOutputStream:75 - [STDERR_REDIRECT] [Fatal Error] :1:1: Premature end of file.
2026-08-29 10:16:38,703 [ERROR] LogOutputStream:75 - [STDERR_REDIRECT] 
2026-08-29 10:16:39,700 [ERROR] LogOutputStream:75 - [STDERR_REDIRECT] [Fatal Error] :1:1: Premature end of file.
2026-08-29 10:16:39,700 [ERROR] LogOutputStream:75 - [STDERR_REDIRECT] 
2026-08-29 10:16:40,704 [ERROR] LogOutputStream:75 - [STDERR_REDIRECT] [Fatal Error] :1:1: Premature end of file.
2026-08-29 10:16:40,704 [ERROR] LogOutputStream:75 - [STDERR_REDIRECT] 
2026-08-29 10:16:41,703 [ERROR] LogOutputStream:75 - [STDERR_REDIRECT] [Fatal Error] :1:1: Premature end of file.
2026-08-29 10:16:41,703 [ERROR] LogOutputStream:75 - [STDERR_REDIRECT] 
2026-08-29 10:16:42,701 [ERROR] LogOutputStream:75 - [STDERR_REDIRECT] [Fatal Error] :1:1: Premature end of file.
2026-08-29 10:16:42,701 [ERROR] LogOutputStream:75 - [STDERR_REDIRECT] 
2026-08-29 10:16:43,702 [ERROR] LogOutputStream:75 - [STDERR_REDIRECT] [Fatal Error] :1:1: Premature end of file.
2026-08-29 10:16:43,702 [ERROR] LogOutputStream:75 - [STDERR_REDIRECT] 
2026-08-29 10:16:44,703 [ERROR] LogOutputStream:75 - [STDERR_REDIRECT] [Fatal Error] :1:1: Premature end of file.
2026-08-29 10:16:44,704 [ERROR] LogOutputStream:75 - [STDERR_REDIRECT] 
2026-08-29 10:16:45,704 [ERROR] LogOutputStream:75 - [STDERR_REDIRECT] [Fatal Error] :1:1: Premature end of file.
2026-08-29 10:16:45,704 [ERROR] LogOutputStream:75 - [STDERR_REDIRECT] 
2026-08-29 10:16:46,701 [ERROR] LogOutputStream:75 - [STDERR_REDIRECT] [Fatal Error] :1:1: Premature end of file.
2026-08-29 10:16:46,701 [ERROR] LogOutputStream:75 - [STDERR_REDIRECT] 
2026-08-29 10:16:47,702 [ERROR] LogOutputStream:75 - [STDERR_REDIRECT] [Fatal Error] :1:1: Premature end of file.
2026-08-29 10:16:47,702 [ERROR] LogOutputStream:75 - [STDERR_REDIRECT] 
2026-08-29 10:16:48,700 [ERROR] LogOutputStream:75 - [STDERR_REDIRECT] [Fatal Error] :1:1: Premature end of file.
2026-08-29 10:16:48,700 [ERROR] LogOutputStream:75 - [STDERR_REDIRECT] 
2026-08-29 10:16:49,702 [ERROR] LogOutputStream:75 - [STDERR_REDIRECT] [Fatal Error] :1:1: Premature end of file.
2026-08-29 10:16:49,702 [ERROR] LogOutputStream:75 - [STDERR_REDIRECT] 
2026-08-29 10:16:50,702 [ERROR] LogOutputStream:75 - [STDERR_REDIRECT] [Fatal Error] :1:1: Premature end of file.
2026-08-29 10:16:50,702 [ERROR] LogOutputStream:75 - [STDERR_REDIRECT] 
2026-08-29 10:16:51,703 [ERROR] LogOutputStream:75 - [STDERR_REDIRECT] [Fatal Error] :1:1: Premature end of file.
2026-08-29 10:16:51,703 [ERROR] LogOutputStream:75 - [STDERR_REDIRECT] 
2026-08-29 10:16:52,703 [ERROR] LogOutputStream:75 - [STDERR_REDIRECT] [Fatal Error] :1:1: Premature end of file.
2026-08-29 10:16:52,703 [ERROR] LogOutputStream:75 - [STDERR_REDIRECT] 
2026-08-29 10:16:53,700 [ERROR] LogOutputStream:75 - [STDERR_REDIRECT] [Fatal Error] :1:1: Premature end of file.
2026-08-29 10:16:53,701 [ERROR] LogOutputStream:75 - [STDERR_REDIRECT] 
2026-08-29 10:16:54,704 [ERROR] LogOutputStream:75 - [STDERR_REDIRECT] [Fatal Error] :1:1: Premature end of file.
2026-08-29 10:16:54,704 [ERROR] LogOutputStream:75 - [STDERR_REDIRECT] 
2026-08-29 10:16:55,701 [ERROR] LogOutputStream:75 - [STDERR_REDIRECT] [Fatal Error] :1:1: Premature end of file.
2026-08-29 10:16:55,701 [ERROR] LogOutputStream:75 - [STDERR_REDIRECT] 
2026-08-29 10:16:56,703 [ERROR] LogOutputStream:75 - [STDERR_REDIRECT] [Fatal Error] :1:1: Premature end of file.
2026-08-29 10:16:56,703 [ERROR] LogOutputStream:75 - [STDERR_REDIRECT] 
2026-08-29 10:16:57,701 [ERROR] LogOutputStream:75 - [STDERR_REDIRECT] [Fatal Error] :1:1: Premature end of file.
2026-08-29 10:16:57,701 [ERROR] LogOutputStream:75 - [STDERR_REDIRECT] 
2026-08-29 10:16:58,702 [ERROR] LogOutputStream:75 - [STDERR_REDIRECT] [Fatal Error] :1:1: Premature end of file.
2026-08-29 10:16:58,702 [ERROR] LogOutputStream:75 - [STDERR_REDIRECT] 
2026-08-29 10:16:59,702 [ERROR] LogOutputStream:75 - [STDERR_REDIRECT] [Fatal Error] :1:1: Premature end of file.
2026-08-29 10:16:59,702 [ERROR] LogOutputStream:75 - [STDERR_REDIRECT] 
2026-08-29 10:17:00,703 [ERROR] LogOutputStream:75 - [STDERR_REDIRECT] [Fatal Error] :1:1: Premature end of file.
2026-08-29 10:17:00,703 [ERROR] LogOutputStream:75 - [STDERR_REDIRECT] 
2026-08-29 10:17:01,704 [ERROR] LogOutputStream:75 - [STDERR_REDIRECT] [Fatal Error] :1:1: Premature end of file.
2026-08-29 10:17:01,704 [ERROR] LogOutputStream:75 - [STDERR_REDIRECT] 
2026-08-29 10:17:02,703 [ERROR] LogOutputStream:75 - [STDERR_REDIRECT] [Fatal Error] :1:1: Premature end of file.
2026-08-29 10:17:02,703 [ERROR] LogOutputStream:75 - [STDERR_REDIRECT] 
2026-08-29 10:17:03,705 [ERROR] LogOutputStream:75 - [STDERR_REDIRECT] [Fatal Error] :1:1: Premature end of file.
2026-08-29 10:17:03,705 [ERROR] LogOutputStream:75 - [STDERR_REDIRECT] 
2026-08-29 10:17:04,702 [ERROR] LogOutputStream:75 - [STDERR_REDIRECT] [Fatal Error] :1:1: Premature end of file.
2026-08-29 10:17:04,702 [ERROR] LogOutputStream:75 - [STDERR_REDIRECT] 
2026-08-29 10:17:05,702 [ERROR] LogOutputStream:75 - [STDERR_REDIRECT] [Fatal Error] :1:1: Premature end of file.
2026-08-29 10:17:05,702 [ERROR] LogOutputStream:75 - [STDERR_REDIRECT] 
2026-08-29 10:17:06,702 [ERROR] LogOutputStream:75 - [STDERR_REDIRECT] [Fatal Error] :1:1: Premature end of file.
2026-08-29 10:17:06,702 [ERROR] LogOutputStream:75 - [STDERR_REDIRECT] 
2026-08-29 10:17:07,703 [ERROR] LogOutputStream:75 - [STDERR_REDIRECT] [Fatal Error] :1:1: Premature end of file.
2026-08-29 10:17:07,703 [ERROR] LogOutputStream:75 - [STDERR_REDIRECT] 
2026-08-29 10:17:08,702 [ERROR] LogOutputStream:75 - [STDERR_REDIRECT] [Fatal Error] :1:1: Premature end of file.
2026-08-29 10:17:08,702 [ERROR] LogOutputStream:75 - [STDERR_REDIRECT] 
2026-08-29 10:17:09,704 [ERROR] LogOutputStream:75 - [STDERR_REDIRECT] [Fatal Error] :1:1: Premature end of file.
2026-08-29 10:17:09,705 [ERROR] LogOutputStream:75 - [STDERR_REDIRECT] 
2026-08-29 10:17:10,702 [ERROR] LogOutputStream:75 - [STDERR_REDIRECT] [Fatal Error] :1:1: Premature end of file.
2026-08-29 10:17:10,702 [ERROR] LogOutputStream:75 - [STDERR_REDIRECT] 
2026-08-29 10:17:11,702 [ERROR] LogOutputStream:75 - [STDERR_REDIRECT] [Fatal Error] :1:1: Premature end of file.
2026-08-29 10:17:11,702 [ERROR] LogOutputStream:75 - [STDERR_REDIRECT] 
2026-08-29 10:17:12,705 [ERROR] LogOutputStream:75 - [STDERR_REDIRECT] [Fatal Error] :1:1: Premature end of file.
2026-08-29 10:17:12,705 [ERROR] LogOutputStream:75 - [STDERR_REDIRECT] 
2026-08-29 10:17:13,704 [ERROR] LogOutputStream:75 - [STDERR_REDIRECT] [Fatal Error] :1:1: Premature end of file.
2026-08-29 10:17:13,704 [ERROR] LogOutputStream:75 - [STDERR_REDIRECT] 
2026-08-29 10:17:14,700 [ERROR] LogOutputStream:75 - [STDERR_REDIRECT] [Fatal Error] :1:1: Premature end of file.
2026-08-29 10:17:14,701 [ERROR] LogOutputStream:75 - [STDERR_REDIRECT] 
2026-08-29 10:17:15,701 [ERROR] LogOutputStream:75 - [STDERR_REDIRECT] [Fatal Error] :1:1: Premature end of file.
2026-08-29 10:17:15,701 [ERROR] LogOutputStream:75 - [STDERR_REDIRECT] 
2026-08-29 10:17:16,797 [ERROR] LogOutputStream:75 - [STDERR_REDIRECT] [Fatal Error] :1:1: Premature end of file.
2026-08-29 10:17:16,798 [ERROR] LogOutputStream:75 - [STDERR_REDIRECT] 
2026-08-29 10:17:17,700 [ERROR] LogOutputStream:75 - [STDERR_REDIRECT] [Fatal Error] :1:1: Premature end of file.
2026-08-29 10:17:17,700 [ERROR] LogOutputStream:75 - [STDERR_REDIRECT] 
2026-08-29 10:17:18,703 [ERROR] LogOutputStream:75 - [STDERR_REDIRECT] [Fatal Error] :1:1: Premature end of file.
2026-08-29 10:17:18,703 [ERROR] LogOutputStream:75 - [STDERR_REDIRECT] 
2026-08-29 10:17:19,702 [ERROR] LogOutputStream:75 - [STDERR_REDIRECT] [Fatal Error] :1:1: Premature end of file.
2026-08-29 10:17:19,702 [ERROR] LogOutputStream:75 - [STDERR_REDIRECT] 
2026-08-29 10:17:20,702 [ERROR] LogOutputStream:75 - [STDERR_REDIRECT] [Fatal Error] :1:1: Premature end of file.
2026-08-29 10:17:20,702 [ERROR] LogOutputStream:75 - [STDERR_REDIRECT] 
2026-08-29 10:17:21,702 [ERROR] LogOutputStream:75 - [STDERR_REDIRECT] [Fatal Error] :1:1: Premature end of file.
2026-08-29 10:17:21,702 [ERROR] LogOutputStream:75 - [STDERR_REDIRECT] 
2026-08-29 10:17:22,704 [ERROR] LogOutputStream:75 - [STDERR_REDIRECT] [Fatal Error] :1:1: Premature end of file.
2026-08-29 10:17:22,704 [ERROR] LogOutputStream:75 - [STDERR_REDIRECT] 
2026-08-29 10:17:23,703 [ERROR] LogOutputStream:75 - [STDERR_REDIRECT] [Fatal Error] :1:1: Premature end of file.
2026-08-29 10:17:23,703 [ERROR] LogOutputStream:75 - [STDERR_REDIRECT] 
2026-08-29 10:17:24,703 [ERROR] LogOutputStream:75 - [STDERR_REDIRECT] [Fatal Error] :1:1: Premature end of file.
2026-08-29 10:17:24,703 [ERROR] LogOutputStream:75 - [STDERR_REDIRECT] 
2026-08-29 10:17:25,703 [ERROR] LogOutputStream:75 - [STDERR_REDIRECT] [Fatal Error] :1:1: Premature end of file.
2026-08-29 10:17:25,703 [ERROR] LogOutputStream:75 - [STDERR_REDIRECT] 
2026-08-29 10:17:26,704 [ERROR] LogOutputStream:75 - [STDERR_REDIRECT] [Fatal Error] :1:1: Premature end of file.
2026-08-29 10:17:26,704 [ERROR] LogOutputStream:75 - [STDERR_REDIRECT] 
2026-08-29 10:17:27,702 [ERROR] LogOutputStream:75 - [STDERR_REDIRECT] [Fatal Error] :1:1: Premature end of file.
2026-08-29 10:17:27,702 [ERROR] LogOutputStream:75 - [STDERR_REDIRECT] 
2026-08-29 10:17:28,705 [ERROR] LogOutputStream:75 - [STDERR_REDIRECT] [Fatal Error] :1:1: Premature end of file.
2026-08-29 10:17:28,705 [ERROR] LogOutputStream:75 - [STDERR_REDIRECT] 
2026-08-29 10:17:29,702 [ERROR] LogOutputStream:75 - [STDERR_REDIRECT] [Fatal Error] :1:1: Premature end of file.
2026-08-29 10:17:29,702 [ERROR] LogOutputStream:75 - [STDERR_REDIRECT] 
2026-08-29 10:17:30,702 [ERROR] LogOutputStream:75 - [STDERR_REDIRECT] [Fatal Error] :1:1: Premature end of file.
2026-08-29 10:17:30,702 [ERROR] LogOutputStream:75 - [STDERR_REDIRECT] 
2026-08-29 10:17:31,703 [ERROR] LogOutputStream:75 - [STDERR_REDIRECT] [Fatal Error] :1:1: Premature end of file.
2026-08-29 10:17:31,703 [ERROR] LogOutputStream:75 - [STDERR_REDIRECT] 
2026-08-29 10:17:32,702 [ERROR] LogOutputStream:75 - [STDERR_REDIRECT] [Fatal Error] :1:1: Premature end of file.
2026-08-29 10:17:32,702 [ERROR] LogOutputStream:75 - [STDERR_REDIRECT] 
2026-08-29 10:17:33,702 [ERROR] LogOutputStream:75 - [STDERR_REDIRECT] [Fatal Error] :1:1: Premature end of file.
2026-08-29 10:17:33,702 [ERROR] LogOutputStream:75 - [STDERR_REDIRECT] 
2026-08-29 10:17:34,702 [ERROR] LogOutputStream:75 - [STDERR_REDIRECT] [Fatal Error] :1:1: Premature end of file.
2026-08-29 10:17:34,702 [ERROR] LogOutputStream:75 - [STDERR_REDIRECT] 
2026-08-29 10:17:35,702 [ERROR] LogOutputStream:75 - [STDERR_REDIRECT] [Fatal Error] :1:1: Premature end of file.
2026-08-29 10:17:35,702 [ERROR] LogOutputStream:75 - [STDERR_REDIRECT] 
2026-08-29 10:17:36,703 [ERROR] LogOutputStream:75 - [STDERR_REDIRECT] [Fatal Error] :1:1: Premature end of file.
2026-08-29 10:17:36,703 [ERROR] LogOutputStream:75 - [STDERR_REDIRECT] 
2026-08-29 10:17:37,703 [ERROR] LogOutputStream:75 - [STDERR_REDIRECT] [Fatal Error] :1:1: Premature end of file.
2026-08-29 10:17:37,703 [ERROR] LogOutputStream:75 - [STDERR_REDIRECT] 
2026-08-29 10:17:38,703 [ERROR] LogOutputStream:75 - [STDERR_REDIRECT] [Fatal Error] :1:1: Premature end of file.
2026-08-29 10:17:38,703 [ERROR] LogOutputStream:75 - [STDERR_REDIRECT] 
2026-08-29 10:17:39,702 [ERROR] LogOutputStream:75 - [STDERR_REDIRECT] [Fatal Error] :1:1: Premature end of file.
2026-08-29 10:17:39,702 [ERROR] LogOutputStream:75 - [STDERR_REDIRECT] 
2026-08-29 10:17:40,702 [ERROR] LogOutputStream:75 - [STDERR_REDIRECT] [Fatal Error] :1:1: Premature end of file.
2026-08-29 10:17:40,702 [ERROR] LogOutputStream:75 - [STDERR_REDIRECT] 
2026-08-29 10:17:41,702 [ERROR] LogOutputStream:75 - [STDERR_REDIRECT] [Fatal Error] :1:1: Premature end of file.
2026-08-29 10:17:41,702 [ERROR] LogOutputStream:75 - [STDERR_REDIRECT] 
2026-08-29 10:17:42,701 [ERROR] LogOutputStream:75 - [STDERR_REDIRECT] [Fatal Error] :1:1: Premature end of file.
2026-08-29 10:17:42,701 [ERROR] LogOutputStream:75 - [STDERR_REDIRECT] 
2026-08-29 10:17:43,702 [ERROR] LogOutputStream:75 - [STDERR_REDIRECT] [Fatal Error] :1:1: Premature end of file.
2026-08-29 10:17:43,702 [ERROR] LogOutputStream:75 - [STDERR_REDIRECT] 
2026-08-29 10:17:44,703 [ERROR] LogOutputStream:75 - [STDERR_REDIRECT] [Fatal Error] :1:1: Premature end of file.
2026-08-29 10:17:44,704 [ERROR] LogOutputStream:75 - [STDERR_REDIRECT] 
2026-08-29 10:17:45,703 [ERROR] LogOutputStream:75 - [STDERR_REDIRECT] [Fatal Error] :1:1: Premature end of file.
2026-08-29 10:17:45,703 [ERROR] LogOutputStream:75 - [STDERR_REDIRECT] 
2026-08-29 10:17:46,703 [ERROR] LogOutputStream:75 - [STDERR_REDIRECT] [Fatal Error] :1:1: Premature end of file.
2026-08-29 10:17:46,703 [ERROR] LogOutputStream:75 - [STDERR_REDIRECT] 
2026-08-29 10:17:47,703 [ERROR] LogOutputStream:75 - [STDERR_REDIRECT] [Fatal Error] :1:1: Premature end of file.
2026-08-29 10:17:47,703 [ERROR] LogOutputStream:75 - [STDERR_REDIRECT] 
2026-08-29 10:17:48,703 [ERROR] LogOutputStream:75 - [STDERR_REDIRECT] [Fatal Error] :1:1: Premature end of file.
2026-08-29 10:17:48,703 [ERROR] LogOutputStream:75 - [STDERR_REDIRECT] 
2026-08-29 10:17:49,702 [ERROR] LogOutputStream:75 - [STDERR_REDIRECT] [Fatal Error] :1:1: Premature end of file.
2026-08-29 10:17:49,703 [ERROR] LogOutputStream:75 - [STDERR_REDIRECT] 
2026-08-29 10:17:50,701 [ERROR] LogOutputStream:75 - [STDERR_REDIRECT] [Fatal Error] :1:1: Premature end of file.
2026-08-29 10:17:50,701 [ERROR] LogOutputStream:75 - [STDERR_REDIRECT] 
2026-08-29 10:17:51,703 [ERROR] LogOutputStream:75 - [STDERR_REDIRECT] [Fatal Error] :1:1: Premature end of file.
2026-08-29 10:17:51,703 [ERROR] LogOutputStream:75 - [STDERR_REDIRECT] 
2026-08-29 10:17:52,702 [ERROR] LogOutputStream:75 - [STDERR_REDIRECT] [Fatal Error] :1:1: Premature end of file.
2026-08-29 10:17:52,702 [ERROR] LogOutputStream:75 - [STDERR_REDIRECT] 
2026-08-29 10:17:53,702 [ERROR] LogOutputStream:75 - [STDERR_REDIRECT] [Fatal Error] :1:1: Premature end of file.
2026-08-29 10:17:53,702 [ERROR] LogOutputStream:75 - [STDERR_REDIRECT] 
2026-08-29 10:17:54,703 [ERROR] LogOutputStream:75 - [STDERR_REDIRECT] [Fatal Error] :1:1: Premature end of file.
2026-08-29 10:17:54,703 [ERROR] LogOutputStream:75 - [STDERR_REDIRECT] 
2026-08-29 10:17:55,701 [ERROR] LogOutputStream:75 - [STDERR_REDIRECT] [Fatal Error] :1:1: Premature end of file.
2026-08-29 10:17:55,701 [ERROR] LogOutputStream:75 - [STDERR_REDIRECT] 
2026-08-29 10:17:56,702 [ERROR] LogOutputStream:75 - [STDERR_REDIRECT] [Fatal Error] :1:1: Premature end of file.
2026-08-29 10:17:56,702 [ERROR] LogOutputStream:75 - [STDERR_REDIRECT] 
2026-08-29 10:17:57,702 [ERROR] LogOutputStream:75 - [STDERR_REDIRECT] [Fatal Error] :1:1: Premature end of file.
2026-08-29 10:17:57,702 [ERROR] LogOutputStream:75 - [STDERR_REDIRECT] 
2026-08-29 10:17:58,702 [ERROR] LogOutputStream:75 - [STDERR_REDIRECT] [Fatal Error] :1:1: Premature end of file.
2026-08-29 10:17:58,702 [ERROR] LogOutputStream:75 - [STDERR_REDIRECT] 
2026-08-29 10:17:59,703 [ERROR] LogOutputStream:75 - [STDERR_REDIRECT] [Fatal Error] :1:1: Premature end of file.
2026-08-29 10:17:59,703 [ERROR] LogOutputStream:75 - [STDERR_REDIRECT] 
2026-08-29 10:18:00,703 [ERROR] LogOutputStream:75 - [STDERR_REDIRECT] [Fatal Error] :1:1: Premature end of file.
2026-08-29 10:18:00,703 [ERROR] LogOutputStream:75 - [STDERR_REDIRECT] 
2026-08-29 10:18:01,702 [ERROR] LogOutputStream:75 - [STDERR_REDIRECT] [Fatal Error] :1:1: Premature end of file.
2026-08-29 10:18:01,702 [ERROR] LogOutputStream:75 - [STDERR_REDIRECT] 
2026-08-29 10:18:02,702 [ERROR] LogOutputStream:75 - [STDERR_REDIRECT] [Fatal Error] :1:1: Premature end of file.
2026-08-29 10:18:02,702 [ERROR] LogOutputStream:75 - [STDERR_REDIRECT] 
2026-08-29 10:18:03,704 [ERROR] LogOutputStream:75 - [STDERR_REDIRECT] [Fatal Error] :1:1: Premature end of file.
2026-08-29 10:18:03,705 [ERROR] LogOutputStream:75 - [STDERR_REDIRECT] 
2026-08-29 10:18:04,704 [ERROR] LogOutputStream:75 - [STDERR_REDIRECT] [Fatal Error] :1:1: Premature end of file.
2026-08-29 10:18:04,704 [ERROR] LogOutputStream:75 - [STDERR_REDIRECT] 
2026-08-29 10:18:05,701 [ERROR] LogOutputStream:75 - [STDERR_REDIRECT] [Fatal Error] :1:1: Premature end of file.
2026-08-29 10:18:05,701 [ERROR] LogOutputStream:75 - [STDERR_REDIRECT] 
2026-08-29 10:18:06,704 [ERROR] LogOutputStream:75 - [STDERR_REDIRECT] [Fatal Error] :1:1: Premature end of file.
2026-08-29 10:18:06,704 [ERROR] LogOutputStream:75 - [STDERR_REDIRECT] 
2026-08-29 10:18:07,703 [ERROR] LogOutputStream:75 - [STDERR_REDIRECT] [Fatal Error] :1:1: Premature end of file.
2026-08-29 10:18:07,704 [ERROR] LogOutputStream:75 - [STDERR_REDIRECT] 
2026-08-29 10:18:08,703 [ERROR] LogOutputStream:75 - [STDERR_REDIRECT] [Fatal Error] :1:1: Premature end of file.
2026-08-29 10:18:08,703 [ERROR] LogOutputStream:75 - [STDERR_REDIRECT] 
2026-08-29 10:18:09,708 [ERROR] LogOutputStream:75 - [STDERR_REDIRECT] [Fatal Error] :1:1: Premature end of file.
2026-08-29 10:18:09,708 [ERROR] LogOutputStream:75 - [STDERR_REDIRECT] 
2026-08-29 10:18:10,702 [ERROR] LogOutputStream:75 - [STDERR_REDIRECT] [Fatal Error] :1:1: Premature end of file.
2026-08-29 10:18:10,702 [ERROR] LogOutputStream:75 - [STDERR_REDIRECT] 
2026-08-29 10:18:11,702 [ERROR] LogOutputStream:75 - [STDERR_REDIRECT] [Fatal Error] :1:1: Premature end of file.
2026-08-29 10:18:11,702 [ERROR] LogOutputStream:75 - [STDERR_REDIRECT] 
2026-08-29 10:18:12,702 [ERROR] LogOutputStream:75 - [STDERR_REDIRECT] [Fatal Error] :1:1: Premature end of file.
2026-08-29 10:18:12,702 [ERROR] LogOutputStream:75 - [STDERR_REDIRECT] 
2026-08-29 10:18:13,703 [ERROR] LogOutputStream:75 - [STDERR_REDIRECT] [Fatal Error] :1:1: Premature end of file.
2026-08-29 10:18:13,704 [ERROR] LogOutputStream:75 - [STDERR_REDIRECT] 
2026-08-29 10:18:14,703 [ERROR] LogOutputStream:75 - [STDERR_REDIRECT] [Fatal Error] :1:1: Premature end of file.
2026-08-29 10:18:14,703 [ERROR] LogOutputStream:75 - [STDERR_REDIRECT] 
2026-08-29 10:18:15,701 [ERROR] LogOutputStream:75 - [STDERR_REDIRECT] [Fatal Error] :1:1: Premature end of file.
2026-08-29 10:18:15,701 [ERROR] LogOutputStream:75 - [STDERR_REDIRECT] 
2026-08-29 10:18:16,701 [ERROR] LogOutputStream:75 - [STDERR_REDIRECT] [Fatal Error] :1:1: Premature end of file.
2026-08-29 10:18:16,701 [ERROR] LogOutputStream:75 - [STDERR_REDIRECT] 
2026-08-29 10:18:17,703 [ERROR] LogOutputStream:75 - [STDERR_REDIRECT] [Fatal Error] :1:1: Premature end of file.
2026-08-29 10:18:17,703 [ERROR] LogOutputStream:75 - [STDERR_REDIRECT] 
2026-08-29 10:18:18,702 [ERROR] LogOutputStream:75 - [STDERR_REDIRECT] [Fatal Error] :1:1: Premature end of file.
2026-08-29 10:18:18,702 [ERROR] LogOutputStream:75 - [STDERR_REDIRECT] 
2026-08-29 10:18:19,703 [ERROR] LogOutputStream:75 - [STDERR_REDIRECT] [Fatal Error] :1:1: Premature end of file.
2026-08-29 10:18:19,703 [ERROR] LogOutputStream:75 - [STDERR_REDIRECT] 
2026-08-29 10:18:20,702 [ERROR] LogOutputStream:75 - [STDERR_REDIRECT] [Fatal Error] :1:1: Premature end of file.
2026-08-29 10:18:20,702 [ERROR] LogOutputStream:75 - [STDERR_REDIRECT] 
2026-08-29 10:18:21,703 [ERROR] LogOutputStream:75 - [STDERR_REDIRECT] [Fatal Error] :1:1: Premature end of file.
2026-08-29 10:18:21,703 [ERROR] LogOutputStream:75 - [STDERR_REDIRECT] 
2026-08-29 10:18:22,703 [ERROR] LogOutputStream:75 - [STDERR_REDIRECT] [Fatal Error] :1:1: Premature end of file.
2026-08-29 10:18:22,703 [ERROR] LogOutputStream:75 - [STDERR_REDIRECT] 
2026-08-29 10:18:23,703 [ERROR] LogOutputStream:75 - [STDERR_REDIRECT] [Fatal Error] :1:1: Premature end of file.
2026-08-29 10:18:23,703 [ERROR] LogOutputStream:75 - [STDERR_REDIRECT] 
2026-08-29 10:18:24,703 [ERROR] LogOutputStream:75 - [STDERR_REDIRECT] [Fatal Error] :1:1: Premature end of file.
2026-08-29 10:18:24,703 [ERROR] LogOutputStream:75 - [STDERR_REDIRECT] 
2026-08-29 10:18:25,704 [ERROR] LogOutputStream:75 - [STDERR_REDIRECT] [Fatal Error] :1:1: Premature end of file.
2026-08-29 10:18:25,704 [ERROR] LogOutputStream:75 - [STDERR_REDIRECT] 
2026-08-29 10:18:26,703 [ERROR] LogOutputStream:75 - [STDERR_REDIRECT] [Fatal Error] :1:1: Premature end of file.
2026-08-29 10:18:26,703 [ERROR] LogOutputStream:75 - [STDERR_REDIRECT] 
2026-08-29 10:18:27,705 [ERROR] LogOutputStream:75 - [STDERR_REDIRECT] [Fatal Error] :1:1: Premature end of file.
2026-08-29 10:18:27,705 [ERROR] LogOutputStream:75 - [STDERR_REDIRECT] 
2026-08-29 10:18:28,702 [ERROR] LogOutputStream:75 - [STDERR_REDIRECT] [Fatal Error] :1:1: Premature end of file.
2026-08-29 10:18:28,702 [ERROR] LogOutputStream:75 - [STDERR_REDIRECT] 
2026-08-29 10:18:29,702 [ERROR] LogOutputStream:75 - [STDERR_REDIRECT] [Fatal Error] :1:1: Premature end of file.
2026-08-29 10:18:29,702 [ERROR] LogOutputStream:75 - [STDERR_REDIRECT] 
2026-08-29 10:18:30,705 [ERROR] LogOutputStream:75 - [STDERR_REDIRECT] [Fatal Error] :1:1: Premature end of file.
2026-08-29 10:18:30,705 [ERROR] LogOutputStream:75 - [STDERR_REDIRECT] 
2026-08-29 10:18:31,702 [ERROR] LogOutputStream:75 - [STDERR_REDIRECT] [Fatal Error] :1:1: Premature end of file.
2026-08-29 10:18:31,702 [ERROR] LogOutputStream:75 - [STDERR_REDIRECT] 
2026-08-29 10:18:32,703 [ERROR] LogOutputStream:75 - [STDERR_REDIRECT] [Fatal Error] :1:1: Premature end of file.
2026-08-29 10:18:32,703 [ERROR] LogOutputStream:75 - [STDERR_REDIRECT] 
2026-08-29 10:18:33,703 [ERROR] LogOutputStream:75 - [STDERR_REDIRECT] [Fatal Error] :1:1: Premature end of file.
2026-08-29 10:18:33,703 [ERROR] LogOutputStream:75 - [STDERR_REDIRECT] 
2026-08-29 10:18:34,703 [ERROR] LogOutputStream:75 - [STDERR_REDIRECT] [Fatal Error] :1:1: Premature end of file.
2026-08-29 10:18:34,703 [ERROR] LogOutputStream:75 - [STDERR_REDIRECT] 
2026-08-29 10:18:35,702 [ERROR] LogOutputStream:75 - [STDERR_REDIRECT] [Fatal Error] :1:1: Premature end of file.
2026-08-29 10:18:35,702 [ERROR] LogOutputStream:75 - [STDERR_REDIRECT] 
2026-08-29 10:18:36,703 [ERROR] LogOutputStream:75 - [STDERR_REDIRECT] [Fatal Error] :1:1: Premature end of file.
2026-08-29 10:18:36,703 [ERROR] LogOutputStream:75 - [STDERR_REDIRECT] 
2026-08-29 10:18:37,701 [ERROR] LogOutputStream:75 - [STDERR_REDIRECT] [Fatal Error] :1:1: Premature end of file.
2026-08-29 10:18:37,701 [ERROR] LogOutputStream:75 - [STDERR_REDIRECT] 
2026-08-29 10:18:38,701 [ERROR] LogOutputStream:75 - [STDERR_REDIRECT] [Fatal Error] :1:1: Premature end of file.
2026-08-29 10:18:38,701 [ERROR] LogOutputStream:75 - [STDERR_REDIRECT] 
2026-08-29 10:18:39,702 [ERROR] LogOutputStream:75 - [STDERR_REDIRECT] [Fatal Error] :1:1: Premature end of file.
2026-08-29 10:18:39,702 [ERROR] LogOutputStream:75 - [STDERR_REDIRECT] 
2026-08-29 10:18:40,705 [ERROR] LogOutputStream:75 - [STDERR_REDIRECT] [Fatal Error] :1:1: Premature end of file.
2026-08-29 10:18:40,705 [ERROR] LogOutputStream:75 - [STDERR_REDIRECT] 
2026-08-29 10:18:41,703 [ERROR] LogOutputStream:75 - [STDERR_REDIRECT] [Fatal Error] :1:1: Premature end of file.
2026-08-29 10:18:41,703 [ERROR] LogOutputStream:75 - [STDERR_REDIRECT] 
2026-08-29 10:18:42,704 [ERROR] LogOutputStream:75 - [STDERR_REDIRECT] [Fatal Error] :1:1: Premature end of file.
2026-08-29 10:18:42,704 [ERROR] LogOutputStream:75 - [STDERR_REDIRECT] 
2026-08-29 10:18:43,704 [ERROR] LogOutputStream:75 - [STDERR_REDIRECT] [Fatal Error] :1:1: Premature end of file.
2026-08-29 10:18:43,704 [ERROR] LogOutputStream:75 - [STDERR_REDIRECT] 
2026-08-29 10:18:44,703 [ERROR] LogOutputStream:75 - [STDERR_REDIRECT] [Fatal Error] :1:1: Premature end of file.
2026-08-29 10:18:44,703 [ERROR] LogOutputStream:75 - [STDERR_REDIRECT] 
2026-08-29 10:18:45,702 [ERROR] LogOutputStream:75 - [STDERR_REDIRECT] [Fatal Error] :1:1: Premature end of file.
2026-08-29 10:18:45,702 [ERROR] LogOutputStream:75 - [STDERR_REDIRECT] 
2026-08-29 10:18:46,702 [ERROR] LogOutputStream:75 - [STDERR_REDIRECT] [Fatal Error] :1:1: Premature end of file.
2026-08-29 10:18:46,702 [ERROR] LogOutputStream:75 - [STDERR_REDIRECT] 
2026-08-29 10:18:47,703 [ERROR] LogOutputStream:75 - [STDERR_REDIRECT] [Fatal Error] :1:1: Premature end of file.
2026-08-29 10:18:47,703 [ERROR] LogOutputStream:75 - [STDERR_REDIRECT] 
2026-08-29 10:18:48,702 [ERROR] LogOutputStream:75 - [STDERR_REDIRECT] [Fatal Error] :1:1: Premature end of file.
2026-08-29 10:18:48,703 [ERROR] LogOutputStream:75 - [STDERR_REDIRECT] 
2026-08-29 10:18:49,704 [ERROR] LogOutputStream:75 - [STDERR_REDIRECT] [Fatal Error] :1:1: Premature end of file.
2026-08-29 10:18:49,704 [ERROR] LogOutputStream:75 - [STDERR_REDIRECT] 
2026-08-29 10:18:50,702 [ERROR] LogOutputStream:75 - [STDERR_REDIRECT] [Fatal Error] :1:1: Premature end of file.
2026-08-29 10:18:50,702 [ERROR] LogOutputStream:75 - [STDERR_REDIRECT] 
2026-08-29 10:18:51,704 [ERROR] LogOutputStream:75 - [STDERR_REDIRECT] [Fatal Error] :1:1: Premature end of file.
2026-08-29 10:18:51,704 [ERROR] LogOutputStream:75 - [STDERR_REDIRECT] 
2026-08-29 10:18:52,704 [ERROR] LogOutputStream:75 - [STDERR_REDIRECT] [Fatal Error] :1:1: Premature end of file.
2026-08-29 10:18:52,704 [ERROR] LogOutputStream:75 - [STDERR_REDIRECT] 
2026-08-29 10:18:53,699 [ERROR] LogOutputStream:75 - [STDERR_REDIRECT] [Fatal Error] :1:1: Premature end of file.
2026-08-29 10:18:53,700 [ERROR] LogOutputStream:75 - [STDERR_REDIRECT] 
2026-08-29 10:18:54,706 [ERROR] LogOutputStream:75 - [STDERR_REDIRECT] [Fatal Error] :1:1: Premature end of file.
2026-08-29 10:18:54,706 [ERROR] LogOutputStream:75 - [STDERR_REDIRECT] 
2026-08-29 10:18:55,700 [ERROR] LogOutputStream:75 - [STDERR_REDIRECT] [Fatal Error] :1:1: Premature end of file.
2026-08-29 10:18:55,700 [ERROR] LogOutputStream:75 - [STDERR_REDIRECT] 
2026-08-29 10:18:56,701 [ERROR] LogOutputStream:75 - [STDERR_REDIRECT] [Fatal Error] :1:1: Premature end of file.
2026-08-29 10:18:56,701 [ERROR] LogOutputStream:75 - [STDERR_REDIRECT] 
2026-08-29 10:18:57,703 [ERROR] LogOutputStream:75 - [STDERR_REDIRECT] [Fatal Error] :1:1: Premature end of file.
2026-08-29 10:18:57,703 [ERROR] LogOutputStream:75 - [STDERR_REDIRECT] 
2026-08-29 10:18:58,702 [ERROR] LogOutputStream:75 - [STDERR_REDIRECT] [Fatal Error] :1:1: Premature end of file.
2026-08-29 10:18:58,702 [ERROR] LogOutputStream:75 - [STDERR_REDIRECT] 
2026-08-29 10:18:59,703 [ERROR] LogOutputStream:75 - [STDERR_REDIRECT] [Fatal Error] :1:1: Premature end of file.
2026-08-29 10:18:59,703 [ERROR] LogOutputStream:75 - [STDERR_REDIRECT] 
2026-08-29 10:19:00,703 [ERROR] LogOutputStream:75 - [STDERR_REDIRECT] [Fatal Error] :1:1: Premature end of file.
2026-08-29 10:19:00,703 [ERROR] LogOutputStream:75 - [STDERR_REDIRECT] 
2026-08-29 10:19:01,702 [ERROR] LogOutputStream:75 - [STDERR_REDIRECT] [Fatal Error] :1:1: Premature end of file.
2026-08-29 10:19:01,702 [ERROR] LogOutputStream:75 - [STDERR_REDIRECT] 
2026-08-29 10:19:02,702 [ERROR] LogOutputStream:75 - [STDERR_REDIRECT] [Fatal Error] :1:1: Premature end of file.
2026-08-29 10:19:02,702 [ERROR] LogOutputStream:75 - [STDERR_REDIRECT] 
2026-08-29 10:19:03,702 [ERROR] LogOutputStream:75 - [STDERR_REDIRECT] [Fatal Error] :1:1: Premature end of file.
2026-08-29 10:19:03,702 [ERROR] LogOutputStream:75 - [STDERR_REDIRECT] 
2026-08-29 10:19:04,702 [ERROR] LogOutputStream:75 - [STDERR_REDIRECT] [Fatal Error] :1:1: Premature end of file.
2026-08-29 10:19:04,702 [ERROR] LogOutputStream:75 - [STDERR_REDIRECT] 
2026-08-29 10:19:05,704 [ERROR] LogOutputStream:75 - [STDERR_REDIRECT] [Fatal Error] :1:1: Premature end of file.
2026-08-29 10:19:05,704 [ERROR] LogOutputStream:75 - [STDERR_REDIRECT] 
2026-08-29 10:19:06,703 [ERROR] LogOutputStream:75 - [STDERR_REDIRECT] [Fatal Error] :1:1: Premature end of file.
2026-08-29 10:19:06,703 [ERROR] LogOutputStream:75 - [STDERR_REDIRECT] 
2026-08-29 10:19:07,702 [ERROR] LogOutputStream:75 - [STDERR_REDIRECT] [Fatal Error] :1:1: Premature end of file.
2026-08-29 10:19:07,702 [ERROR] LogOutputStream:75 - [STDERR_REDIRECT] 
2026-08-29 10:19:08,703 [ERROR] LogOutputStream:75 - [STDERR_REDIRECT] [Fatal Error] :1:1: Premature end of file.
2026-08-29 10:19:08,704 [ERROR] LogOutputStream:75 - [STDERR_REDIRECT] 
2026-08-29 10:19:09,703 [ERROR] LogOutputStream:75 - [STDERR_REDIRECT] [Fatal Error] :1:1: Premature end of file.
2026-08-29 10:19:09,703 [ERROR] LogOutputStream:75 - [STDERR_REDIRECT] 
2026-08-29 10:19:10,704 [ERROR] LogOutputStream:75 - [STDERR_REDIRECT] [Fatal Error] :1:1: Premature end of file.
2026-08-29 10:19:10,704 [ERROR] LogOutputStream:75 - [STDERR_REDIRECT] 
2026-08-29 10:19:11,701 [ERROR] LogOutputStream:75 - [STDERR_REDIRECT] [Fatal Error] :1:1: Premature end of file.
2026-08-29 10:19:11,701 [ERROR] LogOutputStream:75 - [STDERR_REDIRECT] 
2026-08-29 10:19:12,702 [ERROR] LogOutputStream:75 - [STDERR_REDIRECT] [Fatal Error] :1:1: Premature end of file.
2026-08-29 10:19:12,702 [ERROR] LogOutputStream:75 - [STDERR_REDIRECT] 
2026-08-29 10:19:13,703 [ERROR] LogOutputStream:75 - [STDERR_REDIRECT] [Fatal Error] :1:1: Premature end of file.
2026-08-29 10:19:13,704 [ERROR] LogOutputStream:75 - [STDERR_REDIRECT] 
2026-08-29 10:19:14,702 [ERROR] LogOutputStream:75 - [STDERR_REDIRECT] [Fatal Error] :1:1: Premature end of file.
2026-08-29 10:19:14,702 [ERROR] LogOutputStream:75 - [STDERR_REDIRECT] 
2026-08-29 10:19:15,706 [ERROR] LogOutputStream:75 - [STDERR_REDIRECT] [Fatal Error] :1:1: Premature end of file.
2026-08-29 10:19:15,706 [ERROR] LogOutputStream:75 - [STDERR_REDIRECT] 
2026-08-29 10:19:16,702 [ERROR] LogOutputStream:75 - [STDERR_REDIRECT] [Fatal Error] :1:1: Premature end of file.
2026-08-29 10:19:16,702 [ERROR] LogOutputStream:75 - [STDERR_REDIRECT] 
2026-08-29 10:19:17,704 [ERROR] LogOutputStream:75 - [STDERR_REDIRECT] [Fatal Error] :1:1: Premature end of file.
2026-08-29 10:19:17,704 [ERROR] LogOutputStream:75 - [STDERR_REDIRECT] 
2026-08-29 10:19:18,702 [ERROR] LogOutputStream:75 - [STDERR_REDIRECT] [Fatal Error] :1:1: Premature end of file.
2026-08-29 10:19:18,702 [ERROR] LogOutputStream:75 - [STDERR_REDIRECT] 
2026-08-29 10:19:19,702 [ERROR] LogOutputStream:75 - [STDERR_REDIRECT] [Fatal Error] :1:1: Premature end of file.
2026-08-29 10:19:19,703 [ERROR] LogOutputStream:75 - [STDERR_REDIRECT] 
2026-08-29 10:19:20,702 [ERROR] LogOutputStream:75 - [STDERR_REDIRECT] [Fatal Error] :1:1: Premature end of file.
2026-08-29 10:19:20,702 [ERROR] LogOutputStream:75 - [STDERR_REDIRECT] 
2026-08-29 10:19:21,702 [ERROR] LogOutputStream:75 - [STDERR_REDIRECT] [Fatal Error] :1:1: Premature end of file.
2026-08-29 10:19:21,702 [ERROR] LogOutputStream:75 - [STDERR_REDIRECT] 
2026-08-29 10:19:22,706 [ERROR] LogOutputStream:75 - [STDERR_REDIRECT] [Fatal Error] :1:1: Premature end of file.
2026-08-29 10:19:22,706 [ERROR] LogOutputStream:75 - [STDERR_REDIRECT] 
2026-08-29 10:19:23,702 [ERROR] LogOutputStream:75 - [STDERR_REDIRECT] [Fatal Error] :1:1: Premature end of file.
2026-08-29 10:19:23,702 [ERROR] LogOutputStream:75 - [STDERR_REDIRECT] 
2026-08-29 10:19:24,702 [ERROR] LogOutputStream:75 - [STDERR_REDIRECT] [Fatal Error] :1:1: Premature end of file.
2026-08-29 10:19:24,702 [ERROR] LogOutputStream:75 - [STDERR_REDIRECT] 
2026-08-29 10:19:25,702 [ERROR] LogOutputStream:75 - [STDERR_REDIRECT] [Fatal Error] :1:1: Premature end of file.
2026-08-29 10:19:25,702 [ERROR] LogOutputStream:75 - [STDERR_REDIRECT] 
2026-08-29 10:19:26,704 [ERROR] LogOutputStream:75 - [STDERR_REDIRECT] [Fatal Error] :1:1: Premature end of file.
2026-08-29 10:19:26,704 [ERROR] LogOutputStream:75 - [STDERR_REDIRECT] 
2026-08-29 10:19:27,708 [ERROR] LogOutputStream:75 - [STDERR_REDIRECT] [Fatal Error] :1:1: Premature end of file.
2026-08-29 10:19:27,708 [ERROR] LogOutputStream:75 - [STDERR_REDIRECT] 
2026-08-29 10:19:28,705 [ERROR] LogOutputStream:75 - [STDERR_REDIRECT] [Fatal Error] :1:1: Premature end of file.
2026-08-29 10:19:28,705 [ERROR] LogOutputStream:75 - [STDERR_REDIRECT] 
2026-08-29 10:19:29,703 [ERROR] LogOutputStream:75 - [STDERR_REDIRECT] [Fatal Error] :1:1: Premature end of file.
2026-08-29 10:19:29,703 [ERROR] LogOutputStream:75 - [STDERR_REDIRECT] 
2026-08-29 10:19:30,702 [ERROR] LogOutputStream:75 - [STDERR_REDIRECT] [Fatal Error] :1:1: Premature end of file.
2026-08-29 10:19:30,702 [ERROR] LogOutputStream:75 - [STDERR_REDIRECT] 
2026-08-29 10:19:31,702 [ERROR] LogOutputStream:75 - [STDERR_REDIRECT] [Fatal Error] :1:1: Premature end of file.
2026-08-29 10:19:31,702 [ERROR] LogOutputStream:75 - [STDERR_REDIRECT] 
2026-08-29 10:19:32,701 [ERROR] LogOutputStream:75 - [STDERR_REDIRECT] [Fatal Error] :1:1: Premature end of file.
2026-08-29 10:19:32,701 [ERROR] LogOutputStream:75 - [STDERR_REDIRECT] 
2026-08-29 10:19:33,703 [ERROR] LogOutputStream:75 - [STDERR_REDIRECT] [Fatal Error] :1:1: Premature end of file.
2026-08-29 10:19:33,703 [ERROR] LogOutputStream:75 - [STDERR_REDIRECT] 
2026-08-29 10:19:34,703 [ERROR] LogOutputStream:75 - [STDERR_REDIRECT] [Fatal Error] :1:1: Premature end of file.
2026-08-29 10:19:34,704 [ERROR] LogOutputStream:75 - [STDERR_REDIRECT] 
2026-08-29 10:19:35,703 [ERROR] LogOutputStream:75 - [STDERR_REDIRECT] [Fatal Error] :1:1: Premature end of file.
2026-08-29 10:19:35,704 [ERROR] LogOutputStream:75 - [STDERR_REDIRECT] 
2026-08-29 10:19:36,705 [ERROR] LogOutputStream:75 - [STDERR_REDIRECT] [Fatal Error] :1:1: Premature end of file.
2026-08-29 10:19:36,705 [ERROR] LogOutputStream:75 - [STDERR_REDIRECT] 
2026-08-29 10:19:37,703 [ERROR] LogOutputStream:75 - [STDERR_REDIRECT] [Fatal Error] :1:1: Premature end of file.
2026-08-29 10:19:37,703 [ERROR] LogOutputStream:75 - [STDERR_REDIRECT] 
2026-08-29 10:19:38,704 [ERROR] LogOutputStream:75 - [STDERR_REDIRECT] [Fatal Error] :1:1: Premature end of file.
2026-08-29 10:19:38,704 [ERROR] LogOutputStream:75 - [STDERR_REDIRECT] 
2026-08-29 10:19:39,703 [ERROR] LogOutputStream:75 - [STDERR_REDIRECT] [Fatal Error] :1:1: Premature end of file.
2026-08-29 10:19:39,704 [ERROR] LogOutputStream:75 - [STDERR_REDIRECT] 
2026-08-29 10:19:40,704 [ERROR] LogOutputStream:75 - [STDERR_REDIRECT] [Fatal Error] :1:1: Premature end of file.
2026-08-29 10:19:40,704 [ERROR] LogOutputStream:75 - [STDERR_REDIRECT] 
2026-08-29 10:19:41,702 [ERROR] LogOutputStream:75 - [STDERR_REDIRECT] [Fatal Error] :1:1: Premature end of file.
2026-08-29 10:19:41,702 [ERROR] LogOutputStream:75 - [STDERR_REDIRECT] 
2026-08-29 10:19:42,710 [ERROR] LogOutputStream:75 - [STDERR_REDIRECT] [Fatal Error] :1:1: Premature end of file.
2026-08-29 10:19:42,710 [ERROR] LogOutputStream:75 - [STDERR_REDIRECT] 
2026-08-29 10:19:43,701 [ERROR] LogOutputStream:75 - [STDERR_REDIRECT] [Fatal Error] :1:1: Premature end of file.
2026-08-29 10:19:43,701 [ERROR] LogOutputStream:75 - [STDERR_REDIRECT] 
2026-08-29 10:19:44,703 [ERROR] LogOutputStream:75 - [STDERR_REDIRECT] [Fatal Error] :1:1: Premature end of file.
2026-08-29 10:19:44,703 [ERROR] LogOutputStream:75 - [STDERR_REDIRECT] 
2026-08-29 10:19:45,703 [ERROR] LogOutputStream:75 - [STDERR_REDIRECT] [Fatal Error] :1:1: Premature end of file.
2026-08-29 10:19:45,703 [ERROR] LogOutputStream:75 - [STDERR_REDIRECT] 
2026-08-29 10:19:46,703 [ERROR] LogOutputStream:75 - [STDERR_REDIRECT] [Fatal Error] :1:1: Premature end of file.
2026-08-29 10:19:46,704 [ERROR] LogOutputStream:75 - [STDERR_REDIRECT] 
2026-08-29 10:19:47,704 [ERROR] LogOutputStream:75 - [STDERR_REDIRECT] [Fatal Error] :1:1: Premature end of file.
2026-08-29 10:19:47,704 [ERROR] LogOutputStream:75 - [STDERR_REDIRECT] 
2026-08-29 10:19:48,704 [ERROR] LogOutputStream:75 - [STDERR_REDIRECT] [Fatal Error] :1:1: Premature end of file.
2026-08-29 10:19:48,704 [ERROR] LogOutputStream:75 - [STDERR_REDIRECT] 
2026-08-29 10:19:49,702 [ERROR] LogOutputStream:75 - [STDERR_REDIRECT] [Fatal Error] :1:1: Premature end of file.
2026-08-29 10:19:49,702 [ERROR] LogOutputStream:75 - [STDERR_REDIRECT] 
2026-08-29 10:19:50,703 [ERROR] LogOutputStream:75 - [STDERR_REDIRECT] [Fatal Error] :1:1: Premature end of file.
2026-08-29 10:19:50,703 [ERROR] LogOutputStream:75 - [STDERR_REDIRECT] 
2026-08-29 10:19:51,704 [ERROR] LogOutputStream:75 - [STDERR_REDIRECT] [Fatal Error] :1:1: Premature end of file.
2026-08-29 10:19:51,704 [ERROR] LogOutputStream:75 - [STDERR_REDIRECT] 
2026-08-29 10:19:52,703 [ERROR] LogOutputStream:75 - [STDERR_REDIRECT] [Fatal Error] :1:1: Premature end of file.
2026-08-29 10:19:52,703 [ERROR] LogOutputStream:75 - [STDERR_REDIRECT] 
2026-08-29 10:19:53,704 [ERROR] LogOutputStream:75 - [STDERR_REDIRECT] [Fatal Error] :1:1: Premature end of file.
2026-08-29 10:19:53,704 [ERROR] LogOutputStream:75 - [STDERR_REDIRECT] 
2026-08-29 10:19:54,702 [ERROR] LogOutputStream:75 - [STDERR_REDIRECT] [Fatal Error] :1:1: Premature end of file.
2026-08-29 10:19:54,702 [ERROR] LogOutputStream:75 - [STDERR_REDIRECT] 
2026-08-29 10:19:55,705 [ERROR] LogOutputStream:75 - [STDERR_REDIRECT] [Fatal Error] :1:1: Premature end of file.
2026-08-29 10:19:55,705 [ERROR] LogOutputStream:75 - [STDERR_REDIRECT] 
2026-08-29 10:19:56,703 [ERROR] LogOutputStream:75 - [STDERR_REDIRECT] [Fatal Error] :1:1: Premature end of file.
2026-08-29 10:19:56,703 [ERROR] LogOutputStream:75 - [STDERR_REDIRECT] 
2026-08-29 10:19:57,703 [ERROR] LogOutputStream:75 - [STDERR_REDIRECT] [Fatal Error] :1:1: Premature end of file.
2026-08-29 10:19:57,703 [ERROR] LogOutputStream:75 - [STDERR_REDIRECT] 
2026-08-29 10:19:58,701 [ERROR] LogOutputStream:75 - [STDERR_REDIRECT] [Fatal Error] :1:1: Premature end of file.
2026-08-29 10:19:58,701 [ERROR] LogOutputStream:75 - [STDERR_REDIRECT] 
2026-08-29 10:19:59,702 [ERROR] LogOutputStream:75 - [STDERR_REDIRECT] [Fatal Error] :1:1: Premature end of file.
2026-08-29 10:19:59,703 [ERROR] LogOutputStream:75 - [STDERR_REDIRECT] 
2026-08-29 10:20:00,703 [ERROR] LogOutputStream:75 - [STDERR_REDIRECT] [Fatal Error] :1:1: Premature end of file.
2026-08-29 10:20:00,703 [ERROR] LogOutputStream:75 - [STDERR_REDIRECT] 
2026-08-29 10:20:01,701 [ERROR] LogOutputStream:75 - [STDERR_REDIRECT] [Fatal Error] :1:1: Premature end of file.
2026-08-29 10:20:01,701 [ERROR] LogOutputStream:75 - [STDERR_REDIRECT] 
2026-08-29 10:20:02,703 [ERROR] LogOutputStream:75 - [STDERR_REDIRECT] [Fatal Error] :1:1: Premature end of file.
2026-08-29 10:20:02,703 [ERROR] LogOutputStream:75 - [STDERR_REDIRECT] 
2026-08-29 10:20:03,702 [ERROR] LogOutputStream:75 - [STDERR_REDIRECT] [Fatal Error] :1:1: Premature end of file.
2026-08-29 10:20:03,702 [ERROR] LogOutputStream:75 - [STDERR_REDIRECT] 
2026-08-29 10:20:04,706 [ERROR] LogOutputStream:75 - [STDERR_REDIRECT] [Fatal Error] :1:1: Premature end of file.
2026-08-29 10:20:04,706 [ERROR] LogOutputStream:75 - [STDERR_REDIRECT] 
2026-08-29 10:20:05,702 [ERROR] LogOutputStream:75 - [STDERR_REDIRECT] [Fatal Error] :1:1: Premature end of file.
2026-08-29 10:20:05,702 [ERROR] LogOutputStream:75 - [STDERR_REDIRECT] 
2026-08-29 10:20:06,702 [ERROR] LogOutputStream:75 - [STDERR_REDIRECT] [Fatal Error] :1:1: Premature end of file.
2026-08-29 10:20:06,702 [ERROR] LogOutputStream:75 - [STDERR_REDIRECT] 
2026-08-29 10:20:07,703 [ERROR] LogOutputStream:75 - [STDERR_REDIRECT] [Fatal Error] :1:1: Premature end of file.
2026-08-29 10:20:07,703 [ERROR] LogOutputStream:75 - [STDERR_REDIRECT] 
2026-08-29 10:20:08,704 [ERROR] LogOutputStream:75 - [STDERR_REDIRECT] [Fatal Error] :1:1: Premature end of file.
2026-08-29 10:20:08,704 [ERROR] LogOutputStream:75 - [STDERR_REDIRECT] 
2026-08-29 10:20:09,703 [ERROR] LogOutputStream:75 - [STDERR_REDIRECT] [Fatal Error] :1:1: Premature end of file.
2026-08-29 10:20:09,703 [ERROR] LogOutputStream:75 - [STDERR_REDIRECT] 
2026-08-29 10:20:10,701 [ERROR] LogOutputStream:75 - [STDERR_REDIRECT] [Fatal Error] :1:1: Premature end of file.
2026-08-29 10:20:10,701 [ERROR] LogOutputStream:75 - [STDERR_REDIRECT] 
2026-08-29 10:20:11,703 [ERROR] LogOutputStream:75 - [STDERR_REDIRECT] [Fatal Error] :1:1: Premature end of file.
2026-08-29 10:20:11,703 [ERROR] LogOutputStream:75 - [STDERR_REDIRECT] 
2026-08-29 10:20:12,703 [ERROR] LogOutputStream:75 - [STDERR_REDIRECT] [Fatal Error] :1:1: Premature end of file.
2026-08-29 10:20:12,703 [ERROR] LogOutputStream:75 - [STDERR_REDIRECT] 
2026-08-29 10:20:13,702 [ERROR] LogOutputStream:75 - [STDERR_REDIRECT] [Fatal Error] :1:1: Premature end of file.
2026-08-29 10:20:13,702 [ERROR] LogOutputStream:75 - [STDERR_REDIRECT] 
2026-08-29 10:20:14,703 [ERROR] LogOutputStream:75 - [STDERR_REDIRECT] [Fatal Error] :1:1: Premature end of file.
2026-08-29 10:20:14,704 [ERROR] LogOutputStream:75 - [STDERR_REDIRECT] 
2026-08-29 10:20:15,702 [ERROR] LogOutputStream:75 - [STDERR_REDIRECT] [Fatal Error] :1:1: Premature end of file.
2026-08-29 10:20:15,702 [ERROR] LogOutputStream:75 - [STDERR_REDIRECT] 
2026-08-29 10:20:16,704 [ERROR] LogOutputStream:75 - [STDERR_REDIRECT] [Fatal Error] :1:1: Premature end of file.
2026-08-29 10:20:16,704 [ERROR] LogOutputStream:75 - [STDERR_REDIRECT] 
2026-08-29 10:20:17,702 [ERROR] LogOutputStream:75 - [STDERR_REDIRECT] [Fatal Error] :1:1: Premature end of file.
2026-08-29 10:20:17,702 [ERROR] LogOutputStream:75 - [STDERR_REDIRECT] 
2026-08-29 10:20:18,701 [ERROR] LogOutputStream:75 - [STDERR_REDIRECT] [Fatal Error] :1:1: Premature end of file.
2026-08-29 10:20:18,701 [ERROR] LogOutputStream:75 - [STDERR_REDIRECT] 
2026-08-29 10:20:19,703 [ERROR] LogOutputStream:75 - [STDERR_REDIRECT] [Fatal Error] :1:1: Premature end of file.
2026-08-29 10:20:19,703 [ERROR] LogOutputStream:75 - [STDERR_REDIRECT] 
2026-08-29 10:20:20,703 [ERROR] LogOutputStream:75 - [STDERR_REDIRECT] [Fatal Error] :1:1: Premature end of file.
2026-08-29 10:20:20,703 [ERROR] LogOutputStream:75 - [STDERR_REDIRECT] 
2026-08-29 10:20:21,702 [ERROR] LogOutputStream:75 - [STDERR_REDIRECT] [Fatal Error] :1:1: Premature end of file.
2026-08-29 10:20:21,702 [ERROR] LogOutputStream:75 - [STDERR_REDIRECT] 
2026-08-29 10:20:22,701 [ERROR] LogOutputStream:75 - [STDERR_REDIRECT] [Fatal Error] :1:1: Premature end of file.
2026-08-29 10:20:22,701 [ERROR] LogOutputStream:75 - [STDERR_REDIRECT] 
2026-08-29 10:20:23,704 [ERROR] LogOutputStream:75 - [STDERR_REDIRECT] [Fatal Error] :1:1: Premature end of file.
2026-08-29 10:20:23,705 [ERROR] LogOutputStream:75 - [STDERR_REDIRECT] 
2026-08-29 10:20:24,702 [ERROR] LogOutputStream:75 - [STDERR_REDIRECT] [Fatal Error] :1:1: Premature end of file.
2026-08-29 10:20:24,702 [ERROR] LogOutputStream:75 - [STDERR_REDIRECT] 
2026-08-29 10:20:25,701 [ERROR] LogOutputStream:75 - [STDERR_REDIRECT] [Fatal Error] :1:1: Premature end of file.
2026-08-29 10:20:25,701 [ERROR] LogOutputStream:75 - [STDERR_REDIRECT] 
2026-08-29 10:20:26,703 [ERROR] LogOutputStream:75 - [STDERR_REDIRECT] [Fatal Error] :1:1: Premature end of file.
2026-08-29 10:20:26,703 [ERROR] LogOutputStream:75 - [STDERR_REDIRECT] 
2026-08-29 10:20:27,703 [ERROR] LogOutputStream:75 - [STDERR_REDIRECT] [Fatal Error] :1:1: Premature end of file.
2026-08-29 10:20:27,703 [ERROR] LogOutputStream:75 - [STDERR_REDIRECT] 
2026-08-29 10:20:28,703 [ERROR] LogOutputStream:75 - [STDERR_REDIRECT] [Fatal Error] :1:1: Premature end of file.
2026-08-29 10:20:28,703 [ERROR] LogOutputStream:75 - [STDERR_REDIRECT] 
2026-08-29 10:20:29,701 [ERROR] LogOutputStream:75 - [STDERR_REDIRECT] [Fatal Error] :1:1: Premature end of file.
2026-08-29 10:20:29,701 [ERROR] LogOutputStream:75 - [STDERR_REDIRECT] 
2026-08-29 10:20:30,703 [ERROR] LogOutputStream:75 - [STDERR_REDIRECT] [Fatal Error] :1:1: Premature end of file.
2026-08-29 10:20:30,703 [ERROR] LogOutputStream:75 - [STDERR_REDIRECT] 
2026-08-29 10:20:31,702 [ERROR] LogOutputStream:75 - [STDERR_REDIRECT] [Fatal Error] :1:1: Premature end of file.
2026-08-29 10:20:31,702 [ERROR] LogOutputStream:75 - [STDERR_REDIRECT] 
2026-08-29 10:20:32,702 [ERROR] LogOutputStream:75 - [STDERR_REDIRECT] [Fatal Error] :1:1: Premature end of file.
2026-08-29 10:20:32,702 [ERROR] LogOutputStream:75 - [STDERR_REDIRECT] 
2026-08-29 10:20:33,703 [ERROR] LogOutputStream:75 - [STDERR_REDIRECT] [Fatal Error] :1:1: Premature end of file.
2026-08-29 10:20:33,703 [ERROR] LogOutputStream:75 - [STDERR_REDIRECT] 
2026-08-29 10:20:34,702 [ERROR] LogOutputStream:75 - [STDERR_REDIRECT] [Fatal Error] :1:1: Premature end of file.
2026-08-29 10:20:34,702 [ERROR] LogOutputStream:75 - [STDERR_REDIRECT] 
2026-08-29 10:20:35,703 [ERROR] LogOutputStream:75 - [STDERR_REDIRECT] [Fatal Error] :1:1: Premature end of file.
2026-08-29 10:20:35,703 [ERROR] LogOutputStream:75 - [STDERR_REDIRECT] 
2026-08-29 10:20:36,703 [ERROR] LogOutputStream:75 - [STDERR_REDIRECT] [Fatal Error] :1:1: Premature end of file.
2026-08-29 10:20:36,703 [ERROR] LogOutputStream:75 - [STDERR_REDIRECT] 
2026-08-29 10:20:37,704 [ERROR] LogOutputStream:75 - [STDERR_REDIRECT] [Fatal Error] :1:1: Premature end of file.
2026-08-29 10:20:37,704 [ERROR] LogOutputStream:75 - [STDERR_REDIRECT] 
2026-08-29 10:20:38,701 [ERROR] LogOutputStream:75 - [STDERR_REDIRECT] [Fatal Error] :1:1: Premature end of file.
2026-08-29 10:20:38,702 [ERROR] LogOutputStream:75 - [STDERR_REDIRECT] 
2026-08-29 10:20:39,705 [ERROR] LogOutputStream:75 - [STDERR_REDIRECT] [Fatal Error] :1:1: Premature end of file.
2026-08-29 10:20:39,705 [ERROR] LogOutputStream:75 - [STDERR_REDIRECT] 
2026-08-29 10:20:40,703 [ERROR] LogOutputStream:75 - [STDERR_REDIRECT] [Fatal Error] :1:1: Premature end of file.
2026-08-29 10:20:40,703 [ERROR] LogOutputStream:75 - [STDERR_REDIRECT] 
2026-08-29 10:20:41,703 [ERROR] LogOutputStream:75 - [STDERR_REDIRECT] [Fatal Error] :1:1: Premature end of file.
2026-08-29 10:20:41,703 [ERROR] LogOutputStream:75 - [STDERR_REDIRECT] 
2026-08-29 10:20:42,702 [ERROR] LogOutputStream:75 - [STDERR_REDIRECT] [Fatal Error] :1:1: Premature end of file.
2026-08-29 10:20:42,702 [ERROR] LogOutputStream:75 - [STDERR_REDIRECT] 
2026-08-29 10:20:43,702 [ERROR] LogOutputStream:75 - [STDERR_REDIRECT] [Fatal Error] :1:1: Premature end of file.
2026-08-29 10:20:43,702 [ERROR] LogOutputStream:75 - [STDERR_REDIRECT] 
2026-08-29 10:20:44,702 [ERROR] LogOutputStream:75 - [STDERR_REDIRECT] [Fatal Error] :1:1: Premature end of file.
2026-08-29 10:20:44,703 [ERROR] LogOutputStream:75 - [STDERR_REDIRECT] 
2026-08-29 10:20:45,701 [ERROR] LogOutputStream:75 - [STDERR_REDIRECT] [Fatal Error] :1:1: Premature end of file.
2026-08-29 10:20:45,701 [ERROR] LogOutputStream:75 - [STDERR_REDIRECT] 
2026-08-29 10:20:46,702 [ERROR] LogOutputStream:75 - [STDERR_REDIRECT] [Fatal Error] :1:1: Premature end of file.
2026-08-29 10:20:46,702 [ERROR] LogOutputStream:75 - [STDERR_REDIRECT] 
2026-08-29 10:20:47,704 [ERROR] LogOutputStream:75 - [STDERR_REDIRECT] [Fatal Error] :1:1: Premature end of file.
2026-08-29 10:20:47,704 [ERROR] LogOutputStream:75 - [STDERR_REDIRECT] 
2026-08-29 10:20:48,701 [ERROR] LogOutputStream:75 - [STDERR_REDIRECT] [Fatal Error] :1:1: Premature end of file.
2026-08-29 10:20:48,701 [ERROR] LogOutputStream:75 - [STDERR_REDIRECT] 
2026-08-29 10:20:49,700 [ERROR] LogOutputStream:75 - [STDERR_REDIRECT] [Fatal Error] :1:1: Premature end of file.
2026-08-29 10:20:49,700 [ERROR] LogOutputStream:75 - [STDERR_REDIRECT] 
2026-08-29 10:20:50,703 [ERROR] LogOutputStream:75 - [STDERR_REDIRECT] [Fatal Error] :1:1: Premature end of file.
2026-08-29 10:20:50,703 [ERROR] LogOutputStream:75 - [STDERR_REDIRECT] 
2026-08-29 10:20:51,703 [ERROR] LogOutputStream:75 - [STDERR_REDIRECT] [Fatal Error] :1:1: Premature end of file.
2026-08-29 10:20:51,703 [ERROR] LogOutputStream:75 - [STDERR_REDIRECT] 
2026-08-29 10:20:52,703 [ERROR] LogOutputStream:75 - [STDERR_REDIRECT] [Fatal Error] :1:1: Premature end of file.
2026-08-29 10:20:52,703 [ERROR] LogOutputStream:75 - [STDERR_REDIRECT] 
2026-08-29 10:20:53,703 [ERROR] LogOutputStream:75 - [STDERR_REDIRECT] [Fatal Error] :1:1: Premature end of file.
2026-08-29 10:20:53,703 [ERROR] LogOutputStream:75 - [STDERR_REDIRECT] 
2026-08-29 10:20:54,702 [ERROR] LogOutputStream:75 - [STDERR_REDIRECT] [Fatal Error] :1:1: Premature end of file.
2026-08-29 10:20:54,703 [ERROR] LogOutputStream:75 - [STDERR_REDIRECT] 
2026-08-29 10:20:55,704 [ERROR] LogOutputStream:75 - [STDERR_REDIRECT] [Fatal Error] :1:1: Premature end of file.
2026-08-29 10:20:55,704 [ERROR] LogOutputStream:75 - [STDERR_REDIRECT] 
2026-08-29 10:20:56,702 [ERROR] LogOutputStream:75 - [STDERR_REDIRECT] [Fatal Error] :1:1: Premature end of file.
2026-08-29 10:20:56,702 [ERROR] LogOutputStream:75 - [STDERR_REDIRECT] 
2026-08-29 10:20:57,704 [ERROR] LogOutputStream:75 - [STDERR_REDIRECT] [Fatal Error] :1:1: Premature end of file.
2026-08-29 10:20:57,704 [ERROR] LogOutputStream:75 - [STDERR_REDIRECT] 
2026-08-29 10:20:58,704 [ERROR] LogOutputStream:75 - [STDERR_REDIRECT] [Fatal Error] :1:1: Premature end of file.
2026-08-29 10:20:58,704 [ERROR] LogOutputStream:75 - [STDERR_REDIRECT] 
2026-08-29 10:20:59,701 [ERROR] LogOutputStream:75 - [STDERR_REDIRECT] [Fatal Error] :1:1: Premature end of file.
2026-08-29 10:20:59,701 [ERROR] LogOutputStream:75 - [STDERR_REDIRECT] 
2026-08-29 10:21:00,702 [ERROR] LogOutputStream:75 - [STDERR_REDIRECT] [Fatal Error] :1:1: Premature end of file.
2026-08-29 10:21:00,702 [ERROR] LogOutputStream:75 - [STDERR_REDIRECT] 
2026-08-29 10:21:01,701 [ERROR] LogOutputStream:75 - [STDERR_REDIRECT] [Fatal Error] :1:1: Premature end of file.
2026-08-29 10:21:01,701 [ERROR] LogOutputStream:75 - [STDERR_REDIRECT] 
2026-08-29 10:21:02,702 [ERROR] LogOutputStream:75 - [STDERR_REDIRECT] [Fatal Error] :1:1: Premature end of file.
2026-08-29 10:21:02,702 [ERROR] LogOutputStream:75 - [STDERR_REDIRECT] 
2026-08-29 10:21:03,702 [ERROR] LogOutputStream:75 - [STDERR_REDIRECT] [Fatal Error] :1:1: Premature end of file.
2026-08-29 10:21:03,702 [ERROR] LogOutputStream:75 - [STDERR_REDIRECT] 
2026-08-29 10:21:04,703 [ERROR] LogOutputStream:75 - [STDERR_REDIRECT] [Fatal Error] :1:1: Premature end of file.
2026-08-29 10:21:04,703 [ERROR] LogOutputStream:75 - [STDERR_REDIRECT] 
2026-08-29 10:21:05,704 [ERROR] LogOutputStream:75 - [STDERR_REDIRECT] [Fatal Error] :1:1: Premature end of file.
2026-08-29 10:21:05,704 [ERROR] LogOutputStream:75 - [STDERR_REDIRECT] 
2026-08-29 10:21:06,703 [ERROR] LogOutputStream:75 - [STDERR_REDIRECT] [Fatal Error] :1:1: Premature end of file.
2026-08-29 10:21:06,703 [ERROR] LogOutputStream:75 - [STDERR_REDIRECT] 
2026-08-29 10:21:07,703 [ERROR] LogOutputStream:75 - [STDERR_REDIRECT] [Fatal Error] :1:1: Premature end of file.
2026-08-29 10:21:07,703 [ERROR] LogOutputStream:75 - [STDERR_REDIRECT] 
2026-08-29 10:21:08,704 [ERROR] LogOutputStream:75 - [STDERR_REDIRECT] [Fatal Error] :1:1: Premature end of file.
2026-08-29 10:21:08,704 [ERROR] LogOutputStream:75 - [STDERR_REDIRECT] 
2026-08-29 10:21:09,703 [ERROR] LogOutputStream:75 - [STDERR_REDIRECT] [Fatal Error] :1:1: Premature end of file.
2026-08-29 10:21:09,703 [ERROR] LogOutputStream:75 - [STDERR_REDIRECT] 
2026-08-29 10:21:10,702 [ERROR] LogOutputStream:75 - [STDERR_REDIRECT] [Fatal Error] :1:1: Premature end of file.
2026-08-29 10:21:10,702 [ERROR] LogOutputStream:75 - [STDERR_REDIRECT] 
2026-08-29 10:21:11,703 [ERROR] LogOutputStream:75 - [STDERR_REDIRECT] [Fatal Error] :1:1: Premature end of file.
2026-08-29 10:21:11,703 [ERROR] LogOutputStream:75 - [STDERR_REDIRECT] 
2026-08-29 10:21:12,702 [ERROR] LogOutputStream:75 - [STDERR_REDIRECT] [Fatal Error] :1:1: Premature end of file.
2026-08-29 10:21:12,702 [ERROR] LogOutputStream:75 - [STDERR_REDIRECT] 
2026-08-29 10:21:13,701 [ERROR] LogOutputStream:75 - [STDERR_REDIRECT] [Fatal Error] :1:1: Premature end of file.
2026-08-29 10:21:13,701 [ERROR] LogOutputStream:75 - [STDERR_REDIRECT] 
2026-08-29 10:21:14,702 [ERROR] LogOutputStream:75 - [STDERR_REDIRECT] [Fatal Error] :1:1: Premature end of file.
2026-08-29 10:21:14,702 [ERROR] LogOutputStream:75 - [STDERR_REDIRECT] 
2026-08-29 10:21:15,704 [ERROR] LogOutputStream:75 - [STDERR_REDIRECT] [Fatal Error] :1:1: Premature end of file.
2026-08-29 10:21:15,704 [ERROR] LogOutputStream:75 - [STDERR_REDIRECT] 
2026-08-29 10:21:16,704 [ERROR] LogOutputStream:75 - [STDERR_REDIRECT] [Fatal Error] :1:1: Premature end of file.
2026-08-29 10:21:16,704 [ERROR] LogOutputStream:75 - [STDERR_REDIRECT] 
2026-08-29 10:21:17,703 [ERROR] LogOutputStream:75 - [STDERR_REDIRECT] [Fatal Error] :1:1: Premature end of file.
2026-08-29 10:21:17,703 [ERROR] LogOutputStream:75 - [STDERR_REDIRECT] 
2026-08-29 10:21:18,702 [ERROR] LogOutputStream:75 - [STDERR_REDIRECT] [Fatal Error] :1:1: Premature end of file.
2026-08-29 10:21:18,702 [ERROR] LogOutputStream:75 - [STDERR_REDIRECT] 
2026-08-29 10:21:19,704 [ERROR] LogOutputStream:75 - [STDERR_REDIRECT] [Fatal Error] :1:1: Premature end of file.
2026-08-29 10:21:19,704 [ERROR] LogOutputStream:75 - [STDERR_REDIRECT] 
2026-08-29 10:21:20,704 [ERROR] LogOutputStream:75 - [STDERR_REDIRECT] [Fatal Error] :1:1: Premature end of file.
2026-08-29 10:21:20,704 [ERROR] LogOutputStream:75 - [STDERR_REDIRECT] 
2026-08-29 10:21:21,703 [ERROR] LogOutputStream:75 - [STDERR_REDIRECT] [Fatal Error] :1:1: Premature end of file.
2026-08-29 10:21:21,703 [ERROR] LogOutputStream:75 - [STDERR_REDIRECT] 
2026-08-29 10:21:22,703 [ERROR] LogOutputStream:75 - [STDERR_REDIRECT] [Fatal Error] :1:1: Premature end of file.
2026-08-29 10:21:22,703 [ERROR] LogOutputStream:75 - [STDERR_REDIRECT] 
2026-08-29 10:21:23,701 [ERROR] LogOutputStream:75 - [STDERR_REDIRECT] [Fatal Error] :1:1: Premature end of file.
2026-08-29 10:21:23,701 [ERROR] LogOutputStream:75 - [STDERR_REDIRECT] 
2026-08-29 10:21:24,702 [ERROR] LogOutputStream:75 - [STDERR_REDIRECT] [Fatal Error] :1:1: Premature end of file.
2026-08-29 10:21:24,702 [ERROR] LogOutputStream:75 - [STDERR_REDIRECT] 
2026-08-29 10:21:25,703 [ERROR] LogOutputStream:75 - [STDERR_REDIRECT] [Fatal Error] :1:1: Premature end of file.
2026-08-29 10:21:25,703 [ERROR] LogOutputStream:75 - [STDERR_REDIRECT] 
2026-08-29 10:21:26,702 [ERROR] LogOutputStream:75 - [STDERR_REDIRECT] [Fatal Error] :1:1: Premature end of file.
2026-08-29 10:21:26,702 [ERROR] LogOutputStream:75 - [STDERR_REDIRECT] 
2026-08-29 10:21:27,703 [ERROR] LogOutputStream:75 - [STDERR_REDIRECT] [Fatal Error] :1:1: Premature end of file.
2026-08-29 10:21:27,703 [ERROR] LogOutputStream:75 - [STDERR_REDIRECT] 
2026-08-29 10:21:28,702 [ERROR] LogOutputStream:75 - [STDERR_REDIRECT] [Fatal Error] :1:1: Premature end of file.
2026-08-29 10:21:28,702 [ERROR] LogOutputStream:75 - [STDERR_REDIRECT] 
2026-08-29 10:21:29,702 [ERROR] LogOutputStream:75 - [STDERR_REDIRECT] [Fatal Error] :1:1: Premature end of file.
2026-08-29 10:21:29,702 [ERROR] LogOutputStream:75 - [STDERR_REDIRECT] 
2026-08-29 10:21:30,701 [ERROR] LogOutputStream:75 - [STDERR_REDIRECT] [Fatal Error] :1:1: Premature end of file.
2026-08-29 10:21:30,701 [ERROR] LogOutputStream:75 - [STDERR_REDIRECT] 
2026-08-29 10:21:31,702 [ERROR] LogOutputStream:75 - [STDERR_REDIRECT] [Fatal Error] :1:1: Premature end of file.
2026-08-29 10:21:31,702 [ERROR] LogOutputStream:75 - [STDERR_REDIRECT] 
2026-08-29 10:21:32,704 [ERROR] LogOutputStream:75 - [STDERR_REDIRECT] [Fatal Error] :1:1: Premature end of file.
2026-08-29 10:21:32,704 [ERROR] LogOutputStream:75 - [STDERR_REDIRECT] 
2026-08-29 10:21:33,702 [ERROR] LogOutputStream:75 - [STDERR_REDIRECT] [Fatal Error] :1:1: Premature end of file.
2026-08-29 10:21:33,702 [ERROR] LogOutputStream:75 - [STDERR_REDIRECT] 
2026-08-29 10:21:34,702 [ERROR] LogOutputStream:75 - [STDERR_REDIRECT] [Fatal Error] :1:1: Premature end of file.
2026-08-29 10:21:34,703 [ERROR] LogOutputStream:75 - [STDERR_REDIRECT] 
2026-08-29 10:21:35,703 [ERROR] LogOutputStream:75 - [STDERR_REDIRECT] [Fatal Error] :1:1: Premature end of file.
2026-08-29 10:21:35,703 [ERROR] LogOutputStream:75 - [STDERR_REDIRECT] 
2026-08-29 10:21:36,704 [ERROR] LogOutputStream:75 - [STDERR_REDIRECT] [Fatal Error] :1:1: Premature end of file.
2026-08-29 10:21:36,704 [ERROR] LogOutputStream:75 - [STDERR_REDIRECT] 
2026-08-29 10:21:37,705 [ERROR] LogOutputStream:75 - [STDERR_REDIRECT] [Fatal Error] :1:1: Premature end of file.
2026-08-29 10:21:37,705 [ERROR] LogOutputStream:75 - [STDERR_REDIRECT] 
2026-08-29 10:21:38,702 [ERROR] LogOutputStream:75 - [STDERR_REDIRECT] [Fatal Error] :1:1: Premature end of file.
2026-08-29 10:21:38,702 [ERROR] LogOutputStream:75 - [STDERR_REDIRECT] 
2026-08-29 10:21:39,704 [ERROR] LogOutputStream:75 - [STDERR_REDIRECT] [Fatal Error] :1:1: Premature end of file.
2026-08-29 10:21:39,704 [ERROR] LogOutputStream:75 - [STDERR_REDIRECT] 
2026-08-29 10:21:40,703 [ERROR] LogOutputStream:75 - [STDERR_REDIRECT] [Fatal Error] :1:1: Premature end of file.
2026-08-29 10:21:40,703 [ERROR] LogOutputStream:75 - [STDERR_REDIRECT] 
2026-08-29 10:21:41,703 [ERROR] LogOutputStream:75 - [STDERR_REDIRECT] [Fatal Error] :1:1: Premature end of file.
2026-08-29 10:21:41,703 [ERROR] LogOutputStream:75 - [STDERR_REDIRECT] 
2026-08-29 10:21:42,705 [ERROR] LogOutputStream:75 - [STDERR_REDIRECT] [Fatal Error] :1:1: Premature end of file.
2026-08-29 10:21:42,705 [ERROR] LogOutputStream:75 - [STDERR_REDIRECT] 
2026-08-29 10:21:43,701 [ERROR] LogOutputStream:75 - [STDERR_REDIRECT] [Fatal Error] :1:1: Premature end of file.
2026-08-29 10:21:43,701 [ERROR] LogOutputStream:75 - [STDERR_REDIRECT] 
2026-08-29 10:21:44,704 [ERROR] LogOutputStream:75 - [STDERR_REDIRECT] [Fatal Error] :1:1: Premature end of file.
2026-08-29 10:21:44,704 [ERROR] LogOutputStream:75 - [STDERR_REDIRECT] 
2026-08-29 10:21:45,704 [ERROR] LogOutputStream:75 - [STDERR_REDIRECT] [Fatal Error] :1:1: Premature end of file.
2026-08-29 10:21:45,704 [ERROR] LogOutputStream:75 - [STDERR_REDIRECT] 
2026-08-29 10:21:46,702 [ERROR] LogOutputStream:75 - [STDERR_REDIRECT] [Fatal Error] :1:1: Premature end of file.
2026-08-29 10:21:46,702 [ERROR] LogOutputStream:75 - [STDERR_REDIRECT] 
2026-08-29 10:21:47,701 [ERROR] LogOutputStream:75 - [STDERR_REDIRECT] [Fatal Error] :1:1: Premature end of file.
2026-08-29 10:21:47,701 [ERROR] LogOutputStream:75 - [STDERR_REDIRECT] 
2026-08-29 10:21:48,704 [ERROR] LogOutputStream:75 - [STDERR_REDIRECT] [Fatal Error] :1:1: Premature end of file.
2026-08-29 10:21:48,704 [ERROR] LogOutputStream:75 - [STDERR_REDIRECT] 
2026-08-29 10:21:49,702 [ERROR] LogOutputStream:75 - [STDERR_REDIRECT] [Fatal Error] :1:1: Premature end of file.
2026-08-29 10:21:49,702 [ERROR] LogOutputStream:75 - [STDERR_REDIRECT] 
2026-08-29 10:21:50,702 [ERROR] LogOutputStream:75 - [STDERR_REDIRECT] [Fatal Error] :1:1: Premature end of file.
2026-08-29 10:21:50,702 [ERROR] LogOutputStream:75 - [STDERR_REDIRECT] 
2026-08-29 10:21:51,701 [ERROR] LogOutputStream:75 - [STDERR_REDIRECT] [Fatal Error] :1:1: Premature end of file.
2026-08-29 10:21:51,701 [ERROR] LogOutputStream:75 - [STDERR_REDIRECT] 
2026-08-29 10:21:52,702 [ERROR] LogOutputStream:75 - [STDERR_REDIRECT] [Fatal Error] :1:1: Premature end of file.
2026-08-29 10:21:52,702 [ERROR] LogOutputStream:75 - [STDERR_REDIRECT] 
2026-08-29 10:21:53,704 [ERROR] LogOutputStream:75 - [STDERR_REDIRECT] [Fatal Error] :1:1: Premature end of file.
2026-08-29 10:21:53,704 [ERROR] LogOutputStream:75 - [STDERR_REDIRECT] 
2026-08-29 10:21:54,702 [ERROR] LogOutputStream:75 - [STDERR_REDIRECT] [Fatal Error] :1:1: Premature end of file.
2026-08-29 10:21:54,702 [ERROR] LogOutputStream:75 - [STDERR_REDIRECT] 
2026-08-29 10:21:55,702 [ERROR] LogOutputStream:75 - [STDERR_REDIRECT] [Fatal Error] :1:1: Premature end of file.
2026-08-29 10:21:55,702 [ERROR] LogOutputStream:75 - [STDERR_REDIRECT] 
2026-08-29 10:21:56,703 [ERROR] LogOutputStream:75 - [STDERR_REDIRECT] [Fatal Error] :1:1: Premature end of file.
2026-08-29 10:21:56,703 [ERROR] LogOutputStream:75 - [STDERR_REDIRECT] 
2026-08-29 10:21:57,702 [ERROR] LogOutputStream:75 - [STDERR_REDIRECT] [Fatal Error] :1:1: Premature end of file.
2026-08-29 10:21:57,703 [ERROR] LogOutputStream:75 - [STDERR_REDIRECT] 
2026-08-29 10:21:58,704 [ERROR] LogOutputStream:75 - [STDERR_REDIRECT] [Fatal Error] :1:1: Premature end of file.
2026-08-29 10:21:58,704 [ERROR] LogOutputStream:75 - [STDERR_REDIRECT] 
2026-08-29 10:21:59,702 [ERROR] LogOutputStream:75 - [STDERR_REDIRECT] [Fatal Error] :1:1: Premature end of file.
2026-08-29 10:21:59,702 [ERROR] LogOutputStream:75 - [STDERR_REDIRECT] 
2026-08-29 10:22:00,703 [ERROR] LogOutputStream:75 - [STDERR_REDIRECT] [Fatal Error] :1:1: Premature end of file.
2026-08-29 10:22:00,703 [ERROR] LogOutputStream:75 - [STDERR_REDIRECT] 
2026-08-29 10:22:01,702 [ERROR] LogOutputStream:75 - [STDERR_REDIRECT] [Fatal Error] :1:1: Premature end of file.
2026-08-29 10:22:01,703 [ERROR] LogOutputStream:75 - [STDERR_REDIRECT] 
2026-08-29 10:22:02,702 [ERROR] LogOutputStream:75 - [STDERR_REDIRECT] [Fatal Error] :1:1: Premature end of file.
2026-08-29 10:22:02,702 [ERROR] LogOutputStream:75 - [STDERR_REDIRECT] 
2026-08-29 10:22:03,702 [ERROR] LogOutputStream:75 - [STDERR_REDIRECT] [Fatal Error] :1:1: Premature end of file.
2026-08-29 10:22:03,702 [ERROR] LogOutputStream:75 - [STDERR_REDIRECT] 
2026-08-29 10:22:04,704 [ERROR] LogOutputStream:75 - [STDERR_REDIRECT] [Fatal Error] :1:1: Premature end of file.
2026-08-29 10:22:04,704 [ERROR] LogOutputStream:75 - [STDERR_REDIRECT] 
2026-08-29 10:22:05,704 [ERROR] LogOutputStream:75 - [STDERR_REDIRECT] [Fatal Error] :1:1: Premature end of file.
2026-08-29 10:22:05,705 [ERROR] LogOutputStream:75 - [STDERR_REDIRECT] 
2026-08-29 10:22:06,702 [ERROR] LogOutputStream:75 - [STDERR_REDIRECT] [Fatal Error] :1:1: Premature end of file.
2026-08-29 10:22:06,703 [ERROR] LogOutputStream:75 - [STDERR_REDIRECT] 
2026-08-29 10:22:07,704 [ERROR] LogOutputStream:75 - [STDERR_REDIRECT] [Fatal Error] :1:1: Premature end of file.
2026-08-29 10:22:07,704 [ERROR] LogOutputStream:75 - [STDERR_REDIRECT] 
2026-08-29 10:22:08,704 [ERROR] LogOutputStream:75 - [STDERR_REDIRECT] [Fatal Error] :1:1: Premature end of file.
2026-08-29 10:22:08,705 [ERROR] LogOutputStream:75 - [STDERR_REDIRECT] 
2026-08-29 10:22:09,702 [ERROR] LogOutputStream:75 - [STDERR_REDIRECT] [Fatal Error] :1:1: Premature end of file.
2026-08-29 10:22:09,702 [ERROR] LogOutputStream:75 - [STDERR_REDIRECT] 
2026-08-29 10:22:10,702 [ERROR] LogOutputStream:75 - [STDERR_REDIRECT] [Fatal Error] :1:1: Premature end of file.
2026-08-29 10:22:10,702 [ERROR] LogOutputStream:75 - [STDERR_REDIRECT] 
2026-08-29 10:22:11,703 [ERROR] LogOutputStream:75 - [STDERR_REDIRECT] [Fatal Error] :1:1: Premature end of file.
2026-08-29 10:22:11,703 [ERROR] LogOutputStream:75 - [STDERR_REDIRECT] 
2026-08-29 10:22:12,701 [ERROR] LogOutputStream:75 - [STDERR_REDIRECT] [Fatal Error] :1:1: Premature end of file.
2026-08-29 10:22:12,702 [ERROR] LogOutputStream:75 - [STDERR_REDIRECT] 
2026-08-29 10:22:13,702 [ERROR] LogOutputStream:75 - [STDERR_REDIRECT] [Fatal Error] :1:1: Premature end of file.
2026-08-29 10:22:13,702 [ERROR] LogOutputStream:75 - [STDERR_REDIRECT] 
2026-08-29 10:22:14,702 [ERROR] LogOutputStream:75 - [STDERR_REDIRECT] [Fatal Error] :1:1: Premature end of file.
2026-08-29 10:22:14,702 [ERROR] LogOutputStream:75 - [STDERR_REDIRECT] 
2026-08-29 10:22:15,702 [ERROR] LogOutputStream:75 - [STDERR_REDIRECT] [Fatal Error] :1:1: Premature end of file.
2026-08-29 10:22:15,702 [ERROR] LogOutputStream:75 - [STDERR_REDIRECT] 
2026-08-29 10:22:16,703 [ERROR] LogOutputStream:75 - [STDERR_REDIRECT] [Fatal Error] :1:1: Premature end of file.
2026-08-29 10:22:16,703 [ERROR] LogOutputStream:75 - [STDERR_REDIRECT] 
2026-08-29 10:22:17,704 [ERROR] LogOutputStream:75 - [STDERR_REDIRECT] [Fatal Error] :1:1: Premature end of file.
2026-08-29 10:22:17,704 [ERROR] LogOutputStream:75 - [STDERR_REDIRECT] 
2026-08-29 10:22:18,701 [ERROR] LogOutputStream:75 - [STDERR_REDIRECT] [Fatal Error] :1:1: Premature end of file.
2026-08-29 10:22:18,702 [ERROR] LogOutputStream:75 - [STDERR_REDIRECT] 
2026-08-29 10:22:19,703 [ERROR] LogOutputStream:75 - [STDERR_REDIRECT] [Fatal Error] :1:1: Premature end of file.
2026-08-29 10:22:19,703 [ERROR] LogOutputStream:75 - [STDERR_REDIRECT] 
2026-08-29 10:22:20,702 [ERROR] LogOutputStream:75 - [STDERR_REDIRECT] [Fatal Error] :1:1: Premature end of file.
2026-08-29 10:22:20,702 [ERROR] LogOutputStream:75 - [STDERR_REDIRECT] 
2026-08-29 10:22:21,704 [ERROR] LogOutputStream:75 - [STDERR_REDIRECT] [Fatal Error] :1:1: Premature end of file.
2026-08-29 10:22:21,704 [ERROR] LogOutputStream:75 - [STDERR_REDIRECT] 
2026-08-29 10:22:22,705 [ERROR] LogOutputStream:75 - [STDERR_REDIRECT] [Fatal Error] :1:1: Premature end of file.
2026-08-29 10:22:22,705 [ERROR] LogOutputStream:75 - [STDERR_REDIRECT] 
2026-08-29 10:22:23,703 [ERROR] LogOutputStream:75 - [STDERR_REDIRECT] [Fatal Error] :1:1: Premature end of file.
2026-08-29 10:22:23,703 [ERROR] LogOutputStream:75 - [STDERR_REDIRECT] 
2026-08-29 10:22:24,704 [ERROR] LogOutputStream:75 - [STDERR_REDIRECT] [Fatal Error] :1:1: Premature end of file.
2026-08-29 10:22:24,705 [ERROR] LogOutputStream:75 - [STDERR_REDIRECT] 
2026-08-29 10:22:25,704 [ERROR] LogOutputStream:75 - [STDERR_REDIRECT] [Fatal Error] :1:1: Premature end of file.
2026-08-29 10:22:25,704 [ERROR] LogOutputStream:75 - [STDERR_REDIRECT] 
2026-08-29 10:22:26,701 [ERROR] LogOutputStream:75 - [STDERR_REDIRECT] [Fatal Error] :1:1: Premature end of file.
2026-08-29 10:22:26,701 [ERROR] LogOutputStream:75 - [STDERR_REDIRECT] 
2026-08-29 10:22:27,706 [ERROR] LogOutputStream:75 - [STDERR_REDIRECT] [Fatal Error] :1:1: Premature end of file.
2026-08-29 10:22:27,706 [ERROR] LogOutputStream:75 - [STDERR_REDIRECT] 
2026-08-29 10:22:28,704 [ERROR] LogOutputStream:75 - [STDERR_REDIRECT] [Fatal Error] :1:1: Premature end of file.
2026-08-29 10:22:28,705 [ERROR] LogOutputStream:75 - [STDERR_REDIRECT] 
2026-08-29 10:22:29,703 [ERROR] LogOutputStream:75 - [STDERR_REDIRECT] [Fatal Error] :1:1: Premature end of file.
2026-08-29 10:22:29,703 [ERROR] LogOutputStream:75 - [STDERR_REDIRECT] 
2026-08-29 10:22:30,703 [ERROR] LogOutputStream:75 - [STDERR_REDIRECT] [Fatal Error] :1:1: Premature end of file.
2026-08-29 10:22:30,703 [ERROR] LogOutputStream:75 - [STDERR_REDIRECT] 
2026-08-29 10:22:31,703 [ERROR] LogOutputStream:75 - [STDERR_REDIRECT] [Fatal Error] :1:1: Premature end of file.
2026-08-29 10:22:31,703 [ERROR] LogOutputStream:75 - [STDERR_REDIRECT] 
2026-08-29 10:22:32,701 [ERROR] LogOutputStream:75 - [STDERR_REDIRECT] [Fatal Error] :1:1: Premature end of file.
2026-08-29 10:22:32,701 [ERROR] LogOutputStream:75 - [STDERR_REDIRECT] 
2026-08-29 10:22:33,705 [ERROR] LogOutputStream:75 - [STDERR_REDIRECT] [Fatal Error] :1:1: Premature end of file.
2026-08-29 10:22:33,705 [ERROR] LogOutputStream:75 - [STDERR_REDIRECT] 
2026-08-29 10:22:34,703 [ERROR] LogOutputStream:75 - [STDERR_REDIRECT] [Fatal Error] :1:1: Premature end of file.
2026-08-29 10:22:34,703 [ERROR] LogOutputStream:75 - [STDERR_REDIRECT] 
2026-08-29 10:22:35,701 [ERROR] LogOutputStream:75 - [STDERR_REDIRECT] [Fatal Error] :1:1: Premature end of file.
2026-08-29 10:22:35,702 [ERROR] LogOutputStream:75 - [STDERR_REDIRECT] 
2026-08-29 10:22:36,702 [ERROR] LogOutputStream:75 - [STDERR_REDIRECT] [Fatal Error] :1:1: Premature end of file.
2026-08-29 10:22:36,702 [ERROR] LogOutputStream:75 - [STDERR_REDIRECT] 
2026-08-29 10:22:37,702 [ERROR] LogOutputStream:75 - [STDERR_REDIRECT] [Fatal Error] :1:1: Premature end of file.
2026-08-29 10:22:37,702 [ERROR] LogOutputStream:75 - [STDERR_REDIRECT] 
2026-08-29 10:22:38,702 [ERROR] LogOutputStream:75 - [STDERR_REDIRECT] [Fatal Error] :1:1: Premature end of file.
2026-08-29 10:22:38,702 [ERROR] LogOutputStream:75 - [STDERR_REDIRECT] 
2026-08-29 10:22:39,703 [ERROR] LogOutputStream:75 - [STDERR_REDIRECT] [Fatal Error] :1:1: Premature end of file.
2026-08-29 10:22:39,703 [ERROR] LogOutputStream:75 - [STDERR_REDIRECT] 
2026-08-29 10:22:40,703 [ERROR] LogOutputStream:75 - [STDERR_REDIRECT] [Fatal Error] :1:1: Premature end of file.
2026-08-29 10:22:40,703 [ERROR] LogOutputStream:75 - [STDERR_REDIRECT] 
2026-08-29 10:22:41,704 [ERROR] LogOutputStream:75 - [STDERR_REDIRECT] [Fatal Error] :1:1: Premature end of file.
2026-08-29 10:22:41,704 [ERROR] LogOutputStream:75 - [STDERR_REDIRECT] 
2026-08-29 10:22:42,703 [ERROR] LogOutputStream:75 - [STDERR_REDIRECT] [Fatal Error] :1:1: Premature end of file.
2026-08-29 10:22:42,704 [ERROR] LogOutputStream:75 - [STDERR_REDIRECT] 
2026-08-29 10:22:43,704 [ERROR] LogOutputStream:75 - [STDERR_REDIRECT] [Fatal Error] :1:1: Premature end of file.
2026-08-29 10:22:43,704 [ERROR] LogOutputStream:75 - [STDERR_REDIRECT] 
2026-08-29 10:22:44,702 [ERROR] LogOutputStream:75 - [STDERR_REDIRECT] [Fatal Error] :1:1: Premature end of file.
2026-08-29 10:22:44,702 [ERROR] LogOutputStream:75 - [STDERR_REDIRECT] 
2026-08-29 10:22:45,704 [ERROR] LogOutputStream:75 - [STDERR_REDIRECT] [Fatal Error] :1:1: Premature end of file.
2026-08-29 10:22:45,704 [ERROR] LogOutputStream:75 - [STDERR_REDIRECT] 
2026-08-29 10:22:46,702 [ERROR] LogOutputStream:75 - [STDERR_REDIRECT] [Fatal Error] :1:1: Premature end of file.
2026-08-29 10:22:46,702 [ERROR] LogOutputStream:75 - [STDERR_REDIRECT] 
2026-08-29 10:22:47,702 [ERROR] LogOutputStream:75 - [STDERR_REDIRECT] [Fatal Error] :1:1: Premature end of file.
2026-08-29 10:22:47,702 [ERROR] LogOutputStream:75 - [STDERR_REDIRECT] 
2026-08-29 10:22:48,702 [ERROR] LogOutputStream:75 - [STDERR_REDIRECT] [Fatal Error] :1:1: Premature end of file.
2026-08-29 10:22:48,703 [ERROR] LogOutputStream:75 - [STDERR_REDIRECT] 
2026-08-29 10:22:49,703 [ERROR] LogOutputStream:75 - [STDERR_REDIRECT] [Fatal Error] :1:1: Premature end of file.
2026-08-29 10:22:49,703 [ERROR] LogOutputStream:75 - [STDERR_REDIRECT] 
2026-08-29 10:22:50,703 [ERROR] LogOutputStream:75 - [STDERR_REDIRECT] [Fatal Error] :1:1: Premature end of file.
2026-08-29 10:22:50,703 [ERROR] LogOutputStream:75 - [STDERR_REDIRECT] 
2026-08-29 10:22:51,705 [ERROR] LogOutputStream:75 - [STDERR_REDIRECT] [Fatal Error] :1:1: Premature end of file.
2026-08-29 10:22:51,705 [ERROR] LogOutputStream:75 - [STDERR_REDIRECT] 
2026-08-29 10:22:52,701 [ERROR] LogOutputStream:75 - [STDERR_REDIRECT] [Fatal Error] :1:1: Premature end of file.
2026-08-29 10:22:52,701 [ERROR] LogOutputStream:75 - [STDERR_REDIRECT] 
2026-08-29 10:22:53,701 [ERROR] LogOutputStream:75 - [STDERR_REDIRECT] [Fatal Error] :1:1: Premature end of file.
2026-08-29 10:22:53,701 [ERROR] LogOutputStream:75 - [STDERR_REDIRECT] 
2026-08-29 10:22:54,704 [ERROR] LogOutputStream:75 - [STDERR_REDIRECT] [Fatal Error] :1:1: Premature end of file.
2026-08-29 10:22:54,704 [ERROR] LogOutputStream:75 - [STDERR_REDIRECT] 
2026-08-29 10:22:55,703 [ERROR] LogOutputStream:75 - [STDERR_REDIRECT] [Fatal Error] :1:1: Premature end of file.
2026-08-29 10:22:55,703 [ERROR] LogOutputStream:75 - [STDERR_REDIRECT] 
2026-08-29 10:22:56,702 [ERROR] LogOutputStream:75 - [STDERR_REDIRECT] [Fatal Error] :1:1: Premature end of file.
2026-08-29 10:22:56,702 [ERROR] LogOutputStream:75 - [STDERR_REDIRECT] 
2026-08-29 10:22:57,702 [ERROR] LogOutputStream:75 - [STDERR_REDIRECT] [Fatal Error] :1:1: Premature end of file.
2026-08-29 10:22:57,702 [ERROR] LogOutputStream:75 - [STDERR_REDIRECT] 
2026-08-29 10:22:58,703 [ERROR] LogOutputStream:75 - [STDERR_REDIRECT] [Fatal Error] :1:1: Premature end of file.
2026-08-29 10:22:58,703 [ERROR] LogOutputStream:75 - [STDERR_REDIRECT] 
2026-08-29 10:22:59,702 [ERROR] LogOutputStream:75 - [STDERR_REDIRECT] [Fatal Error] :1:1: Premature end of file.
2026-08-29 10:22:59,702 [ERROR] LogOutputStream:75 - [STDERR_REDIRECT] 
2026-08-29 10:23:00,704 [ERROR] LogOutputStream:75 - [STDERR_REDIRECT] [Fatal Error] :1:1: Premature end of file.
2026-08-29 10:23:00,704 [ERROR] LogOutputStream:75 - [STDERR_REDIRECT] 
2026-08-29 10:23:01,702 [ERROR] LogOutputStream:75 - [STDERR_REDIRECT] [Fatal Error] :1:1: Premature end of file.
2026-08-29 10:23:01,702 [ERROR] LogOutputStream:75 - [STDERR_REDIRECT] 
2026-08-29 10:23:02,701 [ERROR] LogOutputStream:75 - [STDERR_REDIRECT] [Fatal Error] :1:1: Premature end of file.
2026-08-29 10:23:02,701 [ERROR] LogOutputStream:75 - [STDERR_REDIRECT] 
2026-08-29 10:23:03,702 [ERROR] LogOutputStream:75 - [STDERR_REDIRECT] [Fatal Error] :1:1: Premature end of file.
2026-08-29 10:23:03,702 [ERROR] LogOutputStream:75 - [STDERR_REDIRECT] 
2026-08-29 10:23:04,704 [ERROR] LogOutputStream:75 - [STDERR_REDIRECT] [Fatal Error] :1:1: Premature end of file.
2026-08-29 10:23:04,704 [ERROR] LogOutputStream:75 - [STDERR_REDIRECT] 
2026-08-29 10:23:05,704 [ERROR] LogOutputStream:75 - [STDERR_REDIRECT] [Fatal Error] :1:1: Premature end of file.
2026-08-29 10:23:05,704 [ERROR] LogOutputStream:75 - [STDERR_REDIRECT] 
2026-08-29 10:23:06,701 [ERROR] LogOutputStream:75 - [STDERR_REDIRECT] [Fatal Error] :1:1: Premature end of file.
2026-08-29 10:23:06,701 [ERROR] LogOutputStream:75 - [STDERR_REDIRECT] 
2026-08-29 10:23:07,703 [ERROR] LogOutputStream:75 - [STDERR_REDIRECT] [Fatal Error] :1:1: Premature end of file.
2026-08-29 10:23:07,704 [ERROR] LogOutputStream:75 - [STDERR_REDIRECT] 
2026-08-29 10:23:08,701 [ERROR] LogOutputStream:75 - [STDERR_REDIRECT] [Fatal Error] :1:1: Premature end of file.
2026-08-29 10:23:08,701 [ERROR] LogOutputStream:75 - [STDERR_REDIRECT] 
2026-08-29 10:23:09,703 [ERROR] LogOutputStream:75 - [STDERR_REDIRECT] [Fatal Error] :1:1: Premature end of file.
2026-08-29 10:23:09,703 [ERROR] LogOutputStream:75 - [STDERR_REDIRECT] 
2026-08-29 10:23:10,702 [ERROR] LogOutputStream:75 - [STDERR_REDIRECT] [Fatal Error] :1:1: Premature end of file.
2026-08-29 10:23:10,702 [ERROR] LogOutputStream:75 - [STDERR_REDIRECT] 
2026-08-29 10:23:11,702 [ERROR] LogOutputStream:75 - [STDERR_REDIRECT] [Fatal Error] :1:1: Premature end of file.
2026-08-29 10:23:11,702 [ERROR] LogOutputStream:75 - [STDERR_REDIRECT] 
2026-08-29 10:23:12,702 [ERROR] LogOutputStream:75 - [STDERR_REDIRECT] [Fatal Error] :1:1: Premature end of file.
2026-08-29 10:23:12,702 [ERROR] LogOutputStream:75 - [STDERR_REDIRECT] 
2026-08-29 10:23:13,702 [ERROR] LogOutputStream:75 - [STDERR_REDIRECT] [Fatal Error] :1:1: Premature end of file.
2026-08-29 10:23:13,702 [ERROR] LogOutputStream:75 - [STDERR_REDIRECT] 
2026-08-29 10:23:14,704 [ERROR] LogOutputStream:75 - [STDERR_REDIRECT] [Fatal Error] :1:1: Premature end of file.
2026-08-29 10:23:14,704 [ERROR] LogOutputStream:75 - [STDERR_REDIRECT] 
2026-08-29 10:23:15,701 [ERROR] LogOutputStream:75 - [STDERR_REDIRECT] [Fatal Error] :1:1: Premature end of file.
2026-08-29 10:23:15,701 [ERROR] LogOutputStream:75 - [STDERR_REDIRECT] 
2026-08-29 10:23:16,703 [ERROR] LogOutputStream:75 - [STDERR_REDIRECT] [Fatal Error] :1:1: Premature end of file.
2026-08-29 10:23:16,703 [ERROR] LogOutputStream:75 - [STDERR_REDIRECT] 
2026-08-29 10:23:17,703 [ERROR] LogOutputStream:75 - [STDERR_REDIRECT] [Fatal Error] :1:1: Premature end of file.
2026-08-29 10:23:17,703 [ERROR] LogOutputStream:75 - [STDERR_REDIRECT] 
2026-08-29 10:23:18,703 [ERROR] LogOutputStream:75 - [STDERR_REDIRECT] [Fatal Error] :1:1: Premature end of file.
2026-08-29 10:23:18,703 [ERROR] LogOutputStream:75 - [STDERR_REDIRECT] 
2026-08-29 10:23:19,703 [ERROR] LogOutputStream:75 - [STDERR_REDIRECT] [Fatal Error] :1:1: Premature end of file.
2026-08-29 10:23:19,704 [ERROR] LogOutputStream:75 - [STDERR_REDIRECT] 
2026-08-29 10:23:20,702 [ERROR] LogOutputStream:75 - [STDERR_REDIRECT] [Fatal Error] :1:1: Premature end of file.
2026-08-29 10:23:20,702 [ERROR] LogOutputStream:75 - [STDERR_REDIRECT] 
2026-08-29 10:23:21,703 [ERROR] LogOutputStream:75 - [STDERR_REDIRECT] [Fatal Error] :1:1: Premature end of file.
2026-08-29 10:23:21,703 [ERROR] LogOutputStream:75 - [STDERR_REDIRECT] 
2026-08-29 10:23:22,702 [ERROR] LogOutputStream:75 - [STDERR_REDIRECT] [Fatal Error] :1:1: Premature end of file.
2026-08-29 10:23:22,702 [ERROR] LogOutputStream:75 - [STDERR_REDIRECT] 
2026-08-29 10:23:23,703 [ERROR] LogOutputStream:75 - [STDERR_REDIRECT] [Fatal Error] :1:1: Premature end of file.
2026-08-29 10:23:23,703 [ERROR] LogOutputStream:75 - [STDERR_REDIRECT] 
2026-08-29 10:23:24,702 [ERROR] LogOutputStream:75 - [STDERR_REDIRECT] [Fatal Error] :1:1: Premature end of file.
2026-08-29 10:23:24,702 [ERROR] LogOutputStream:75 - [STDERR_REDIRECT] 
2026-08-29 10:23:25,702 [ERROR] LogOutputStream:75 - [STDERR_REDIRECT] [Fatal Error] :1:1: Premature end of file.
2026-08-29 10:23:25,702 [ERROR] LogOutputStream:75 - [STDERR_REDIRECT] 
2026-08-29 10:23:26,702 [ERROR] LogOutputStream:75 - [STDERR_REDIRECT] [Fatal Error] :1:1: Premature end of file.
2026-08-29 10:23:26,703 [ERROR] LogOutputStream:75 - [STDERR_REDIRECT] 
2026-08-29 10:23:27,702 [ERROR] LogOutputStream:75 - [STDERR_REDIRECT] [Fatal Error] :1:1: Premature end of file.
2026-08-29 10:23:27,702 [ERROR] LogOutputStream:75 - [STDERR_REDIRECT] 
2026-08-29 10:23:28,702 [ERROR] LogOutputStream:75 - [STDERR_REDIRECT] [Fatal Error] :1:1: Premature end of file.
2026-08-29 10:23:28,702 [ERROR] LogOutputStream:75 - [STDERR_REDIRECT] 
2026-08-29 10:23:29,704 [ERROR] LogOutputStream:75 - [STDERR_REDIRECT] [Fatal Error] :1:1: Premature end of file.
2026-08-29 10:23:29,704 [ERROR] LogOutputStream:75 - [STDERR_REDIRECT] 
2026-08-29 10:23:30,702 [ERROR] LogOutputStream:75 - [STDERR_REDIRECT] [Fatal Error] :1:1: Premature end of file.
2026-08-29 10:23:30,702 [ERROR] LogOutputStream:75 - [STDERR_REDIRECT] 
2026-08-29 10:23:31,703 [ERROR] LogOutputStream:75 - [STDERR_REDIRECT] [Fatal Error] :1:1: Premature end of file.
2026-08-29 10:23:31,704 [ERROR] LogOutputStream:75 - [STDERR_REDIRECT] 
2026-08-29 10:23:32,703 [ERROR] LogOutputStream:75 - [STDERR_REDIRECT] [Fatal Error] :1:1: Premature end of file.
2026-08-29 10:23:32,703 [ERROR] LogOutputStream:75 - [STDERR_REDIRECT] 
2026-08-29 10:23:33,703 [ERROR] LogOutputStream:75 - [STDERR_REDIRECT] [Fatal Error] :1:1: Premature end of file.
2026-08-29 10:23:33,704 [ERROR] LogOutputStream:75 - [STDERR_REDIRECT] 
2026-08-29 10:23:34,700 [ERROR] LogOutputStream:75 - [STDERR_REDIRECT] [Fatal Error] :1:1: Premature end of file.
2026-08-29 10:23:34,700 [ERROR] LogOutputStream:75 - [STDERR_REDIRECT] 
2026-08-29 10:23:35,701 [ERROR] LogOutputStream:75 - [STDERR_REDIRECT] [Fatal Error] :1:1: Premature end of file.
2026-08-29 10:23:35,701 [ERROR] LogOutputStream:75 - [STDERR_REDIRECT] 
2026-08-29 10:23:36,702 [ERROR] LogOutputStream:75 - [STDERR_REDIRECT] [Fatal Error] :1:1: Premature end of file.
2026-08-29 10:23:36,702 [ERROR] LogOutputStream:75 - [STDERR_REDIRECT] 
2026-08-29 10:23:37,703 [ERROR] LogOutputStream:75 - [STDERR_REDIRECT] [Fatal Error] :1:1: Premature end of file.
2026-08-29 10:23:37,703 [ERROR] LogOutputStream:75 - [STDERR_REDIRECT] 
2026-08-29 10:23:38,702 [ERROR] LogOutputStream:75 - [STDERR_REDIRECT] [Fatal Error] :1:1: Premature end of file.
2026-08-29 10:23:38,702 [ERROR] LogOutputStream:75 - [STDERR_REDIRECT] 
2026-08-29 10:23:39,703 [ERROR] LogOutputStream:75 - [STDERR_REDIRECT] [Fatal Error] :1:1: Premature end of file.
2026-08-29 10:23:39,703 [ERROR] LogOutputStream:75 - [STDERR_REDIRECT] 
2026-08-29 10:23:40,703 [ERROR] LogOutputStream:75 - [STDERR_REDIRECT] [Fatal Error] :1:1: Premature end of file.
2026-08-29 10:23:40,704 [ERROR] LogOutputStream:75 - [STDERR_REDIRECT] 
2026-08-29 10:23:41,702 [ERROR] LogOutputStream:75 - [STDERR_REDIRECT] [Fatal Error] :1:1: Premature end of file.
2026-08-29 10:23:41,702 [ERROR] LogOutputStream:75 - [STDERR_REDIRECT] 
2026-08-29 10:23:42,702 [ERROR] LogOutputStream:75 - [STDERR_REDIRECT] [Fatal Error] :1:1: Premature end of file.
2026-08-29 10:23:42,702 [ERROR] LogOutputStream:75 - [STDERR_REDIRECT] 
2026-08-29 10:23:43,704 [ERROR] LogOutputStream:75 - [STDERR_REDIRECT] [Fatal Error] :1:1: Premature end of file.
2026-08-29 10:23:43,704 [ERROR] LogOutputStream:75 - [STDERR_REDIRECT] 
2026-08-29 10:23:44,704 [ERROR] LogOutputStream:75 - [STDERR_REDIRECT] [Fatal Error] :1:1: Premature end of file.
2026-08-29 10:23:44,704 [ERROR] LogOutputStream:75 - [STDERR_REDIRECT] 
2026-08-29 10:23:45,704 [ERROR] LogOutputStream:75 - [STDERR_REDIRECT] [Fatal Error] :1:1: Premature end of file.
2026-08-29 10:23:45,704 [ERROR] LogOutputStream:75 - [STDERR_REDIRECT] 
2026-08-29 10:23:46,703 [ERROR] LogOutputStream:75 - [STDERR_REDIRECT] [Fatal Error] :1:1: Premature end of file.
2026-08-29 10:23:46,703 [ERROR] LogOutputStream:75 - [STDERR_REDIRECT] 
2026-08-29 10:23:47,703 [ERROR] LogOutputStream:75 - [STDERR_REDIRECT] [Fatal Error] :1:1: Premature end of file.
2026-08-29 10:23:47,703 [ERROR] LogOutputStream:75 - [STDERR_REDIRECT] 
2026-08-29 10:23:48,705 [ERROR] LogOutputStream:75 - [STDERR_REDIRECT] [Fatal Error] :1:1: Premature end of file.
2026-08-29 10:23:48,705 [ERROR] LogOutputStream:75 - [STDERR_REDIRECT] 
2026-08-29 10:23:49,703 [ERROR] LogOutputStream:75 - [STDERR_REDIRECT] [Fatal Error] :1:1: Premature end of file.
2026-08-29 10:23:49,703 [ERROR] LogOutputStream:75 - [STDERR_REDIRECT] 
2026-08-29 10:23:50,703 [ERROR] LogOutputStream:75 - [STDERR_REDIRECT] [Fatal Error] :1:1: Premature end of file.
2026-08-29 10:23:50,704 [ERROR] LogOutputStream:75 - [STDERR_REDIRECT] 
2026-08-29 10:23:51,704 [ERROR] LogOutputStream:75 - [STDERR_REDIRECT] [Fatal Error] :1:1: Premature end of file.
2026-08-29 10:23:51,704 [ERROR] LogOutputStream:75 - [STDERR_REDIRECT] 
2026-08-29 10:23:52,701 [ERROR] LogOutputStream:75 - [STDERR_REDIRECT] [Fatal Error] :1:1: Premature end of file.
2026-08-29 10:23:52,701 [ERROR] LogOutputStream:75 - [STDERR_REDIRECT] 
2026-08-29 10:23:53,702 [ERROR] LogOutputStream:75 - [STDERR_REDIRECT] [Fatal Error] :1:1: Premature end of file.
2026-08-29 10:23:53,702 [ERROR] LogOutputStream:75 - [STDERR_REDIRECT] 
2026-08-29 10:23:54,701 [ERROR] LogOutputStream:75 - [STDERR_REDIRECT] [Fatal Error] :1:1: Premature end of file.
2026-08-29 10:23:54,701 [ERROR] LogOutputStream:75 - [STDERR_REDIRECT] 
2026-08-29 10:23:55,702 [ERROR] LogOutputStream:75 - [STDERR_REDIRECT] [Fatal Error] :1:1: Premature end of file.
2026-08-29 10:23:55,702 [ERROR] LogOutputStream:75 - [STDERR_REDIRECT] 
2026-08-29 10:23:56,702 [ERROR] LogOutputStream:75 - [STDERR_REDIRECT] [Fatal Error] :1:1: Premature end of file.
2026-08-29 10:23:56,702 [ERROR] LogOutputStream:75 - [STDERR_REDIRECT] 
2026-08-29 10:23:57,703 [ERROR] LogOutputStream:75 - [STDERR_REDIRECT] [Fatal Error] :1:1: Premature end of file.
2026-08-29 10:23:57,703 [ERROR] LogOutputStream:75 - [STDERR_REDIRECT] 
2026-08-29 10:23:58,702 [ERROR] LogOutputStream:75 - [STDERR_REDIRECT] [Fatal Error] :1:1: Premature end of file.
2026-08-29 10:23:58,702 [ERROR] LogOutputStream:75 - [STDERR_REDIRECT] 
2026-08-29 10:23:59,701 [ERROR] LogOutputStream:75 - [STDERR_REDIRECT] [Fatal Error] :1:1: Premature end of file.
2026-08-29 10:23:59,701 [ERROR] LogOutputStream:75 - [STDERR_REDIRECT] 
2026-08-29 10:24:00,704 [ERROR] LogOutputStream:75 - [STDERR_REDIRECT] [Fatal Error] :1:1: Premature end of file.
2026-08-29 10:24:00,704 [ERROR] LogOutputStream:75 - [STDERR_REDIRECT] 
2026-08-29 10:24:01,703 [ERROR] LogOutputStream:75 - [STDERR_REDIRECT] [Fatal Error] :1:1: Premature end of file.
2026-08-29 10:24:01,703 [ERROR] LogOutputStream:75 - [STDERR_REDIRECT] 
2026-08-29 10:24:02,702 [ERROR] LogOutputStream:75 - [STDERR_REDIRECT] [Fatal Error] :1:1: Premature end of file.
2026-08-29 10:24:02,702 [ERROR] LogOutputStream:75 - [STDERR_REDIRECT] 
2026-08-29 10:24:03,702 [ERROR] LogOutputStream:75 - [STDERR_REDIRECT] [Fatal Error] :1:1: Premature end of file.
2026-08-29 10:24:03,702 [ERROR] LogOutputStream:75 - [STDERR_REDIRECT] 
2026-08-29 10:24:04,704 [ERROR] LogOutputStream:75 - [STDERR_REDIRECT] [Fatal Error] :1:1: Premature end of file.
2026-08-29 10:24:04,704 [ERROR] LogOutputStream:75 - [STDERR_REDIRECT] 
2026-08-29 10:24:05,704 [ERROR] LogOutputStream:75 - [STDERR_REDIRECT] [Fatal Error] :1:1: Premature end of file.
2026-08-29 10:24:05,704 [ERROR] LogOutputStream:75 - [STDERR_REDIRECT] 
2026-08-29 10:24:06,703 [ERROR] LogOutputStream:75 - [STDERR_REDIRECT] [Fatal Error] :1:1: Premature end of file.
2026-08-29 10:24:06,703 [ERROR] LogOutputStream:75 - [STDERR_REDIRECT] 
2026-08-29 10:24:07,703 [ERROR] LogOutputStream:75 - [STDERR_REDIRECT] [Fatal Error] :1:1: Premature end of file.
2026-08-29 10:24:07,703 [ERROR] LogOutputStream:75 - [STDERR_REDIRECT] 
2026-08-29 10:24:08,704 [ERROR] LogOutputStream:75 - [STDERR_REDIRECT] [Fatal Error] :1:1: Premature end of file.
2026-08-29 10:24:08,704 [ERROR] LogOutputStream:75 - [STDERR_REDIRECT] 
2026-08-29 10:24:09,704 [ERROR] LogOutputStream:75 - [STDERR_REDIRECT] [Fatal Error] :1:1: Premature end of file.
2026-08-29 10:24:09,704 [ERROR] LogOutputStream:75 - [STDERR_REDIRECT] 
2026-08-29 10:24:10,702 [ERROR] LogOutputStream:75 - [STDERR_REDIRECT] [Fatal Error] :1:1: Premature end of file.
2026-08-29 10:24:10,702 [ERROR] LogOutputStream:75 - [STDERR_REDIRECT] 
2026-08-29 10:24:11,702 [ERROR] LogOutputStream:75 - [STDERR_REDIRECT] [Fatal Error] :1:1: Premature end of file.
2026-08-29 10:24:11,703 [ERROR] LogOutputStream:75 - [STDERR_REDIRECT] 
2026-08-29 10:24:12,700 [ERROR] LogOutputStream:75 - [STDERR_REDIRECT] [Fatal Error] :1:1: Premature end of file.
2026-08-29 10:24:12,700 [ERROR] LogOutputStream:75 - [STDERR_REDIRECT] 
2026-08-29 10:24:13,703 [ERROR] LogOutputStream:75 - [STDERR_REDIRECT] [Fatal Error] :1:1: Premature end of file.
2026-08-29 10:24:13,703 [ERROR] LogOutputStream:75 - [STDERR_REDIRECT] 
2026-08-29 10:24:14,702 [ERROR] LogOutputStream:75 - [STDERR_REDIRECT] [Fatal Error] :1:1: Premature end of file.
2026-08-29 10:24:14,702 [ERROR] LogOutputStream:75 - [STDERR_REDIRECT] 
2026-08-29 10:24:15,703 [ERROR] LogOutputStream:75 - [STDERR_REDIRECT] [Fatal Error] :1:1: Premature end of file.
2026-08-29 10:24:15,703 [ERROR] LogOutputStream:75 - [STDERR_REDIRECT] 
2026-08-29 10:24:16,701 [ERROR] LogOutputStream:75 - [STDERR_REDIRECT] [Fatal Error] :1:1: Premature end of file.
2026-08-29 10:24:16,701 [ERROR] LogOutputStream:75 - [STDERR_REDIRECT] 
2026-08-29 10:24:17,703 [ERROR] LogOutputStream:75 - [STDERR_REDIRECT] [Fatal Error] :1:1: Premature end of file.
2026-08-29 10:24:17,703 [ERROR] LogOutputStream:75 - [STDERR_REDIRECT] 
2026-08-29 10:24:18,702 [ERROR] LogOutputStream:75 - [STDERR_REDIRECT] [Fatal Error] :1:1: Premature end of file.
2026-08-29 10:24:18,702 [ERROR] LogOutputStream:75 - [STDERR_REDIRECT] 
2026-08-29 10:24:19,702 [ERROR] LogOutputStream:75 - [STDERR_REDIRECT] [Fatal Error] :1:1: Premature end of file.
2026-08-29 10:24:19,702 [ERROR] LogOutputStream:75 - [STDERR_REDIRECT] 
2026-08-29 10:24:20,701 [ERROR] LogOutputStream:75 - [STDERR_REDIRECT] [Fatal Error] :1:1: Premature end of file.
2026-08-29 10:24:20,701 [ERROR] LogOutputStream:75 - [STDERR_REDIRECT] 
2026-08-29 10:24:21,702 [ERROR] LogOutputStream:75 - [STDERR_REDIRECT] [Fatal Error] :1:1: Premature end of file.
2026-08-29 10:24:21,702 [ERROR] LogOutputStream:75 - [STDERR_REDIRECT] 
2026-08-29 10:24:22,702 [ERROR] LogOutputStream:75 - [STDERR_REDIRECT] [Fatal Error] :1:1: Premature end of file.
2026-08-29 10:24:22,702 [ERROR] LogOutputStream:75 - [STDERR_REDIRECT] 
2026-08-29 10:24:23,702 [ERROR] LogOutputStream:75 - [STDERR_REDIRECT] [Fatal Error] :1:1: Premature end of file.
2026-08-29 10:24:23,702 [ERROR] LogOutputStream:75 - [STDERR_REDIRECT] 
2026-08-29 10:24:24,703 [ERROR] LogOutputStream:75 - [STDERR_REDIRECT] [Fatal Error] :1:1: Premature end of file.
2026-08-29 10:24:24,703 [ERROR] LogOutputStream:75 - [STDERR_REDIRECT] 
2026-08-29 10:24:25,705 [ERROR] LogOutputStream:75 - [STDERR_REDIRECT] [Fatal Error] :1:1: Premature end of file.
2026-08-29 10:24:25,705 [ERROR] LogOutputStream:75 - [STDERR_REDIRECT] 
2026-08-29 10:24:26,703 [ERROR] LogOutputStream:75 - [STDERR_REDIRECT] [Fatal Error] :1:1: Premature end of file.
2026-08-29 10:24:26,703 [ERROR] LogOutputStream:75 - [STDERR_REDIRECT] 
2026-08-29 10:24:27,704 [ERROR] LogOutputStream:75 - [STDERR_REDIRECT] [Fatal Error] :1:1: Premature end of file.
2026-08-29 10:24:27,704 [ERROR] LogOutputStream:75 - [STDERR_REDIRECT] 
2026-08-29 10:24:28,703 [ERROR] LogOutputStream:75 - [STDERR_REDIRECT] [Fatal Error] :1:1: Premature end of file.
2026-08-29 10:24:28,703 [ERROR] LogOutputStream:75 - [STDERR_REDIRECT] 
2026-08-29 10:24:29,706 [ERROR] LogOutputStream:75 - [STDERR_REDIRECT] [Fatal Error] :1:1: Premature end of file.
2026-08-29 10:24:29,706 [ERROR] LogOutputStream:75 - [STDERR_REDIRECT] 
2026-08-29 10:24:30,704 [ERROR] LogOutputStream:75 - [STDERR_REDIRECT] [Fatal Error] :1:1: Premature end of file.
2026-08-29 10:24:30,704 [ERROR] LogOutputStream:75 - [STDERR_REDIRECT] 
2026-08-29 10:24:31,705 [ERROR] LogOutputStream:75 - [STDERR_REDIRECT] [Fatal Error] :1:1: Premature end of file.
2026-08-29 10:24:31,705 [ERROR] LogOutputStream:75 - [STDERR_REDIRECT] 
2026-08-29 10:24:32,701 [ERROR] LogOutputStream:75 - [STDERR_REDIRECT] [Fatal Error] :1:1: Premature end of file.
2026-08-29 10:24:32,701 [ERROR] LogOutputStream:75 - [STDERR_REDIRECT] 
2026-08-29 10:24:33,705 [ERROR] LogOutputStream:75 - [STDERR_REDIRECT] [Fatal Error] :1:1: Premature end of file.
2026-08-29 10:24:33,705 [ERROR] LogOutputStream:75 - [STDERR_REDIRECT] 
2026-08-29 10:24:34,702 [ERROR] LogOutputStream:75 - [STDERR_REDIRECT] [Fatal Error] :1:1: Premature end of file.
2026-08-29 10:24:34,702 [ERROR] LogOutputStream:75 - [STDERR_REDIRECT] 
2026-08-29 10:24:35,702 [ERROR] LogOutputStream:75 - [STDERR_REDIRECT] [Fatal Error] :1:1: Premature end of file.
2026-08-29 10:24:35,702 [ERROR] LogOutputStream:75 - [STDERR_REDIRECT] 
2026-08-29 10:24:36,704 [ERROR] LogOutputStream:75 - [STDERR_REDIRECT] [Fatal Error] :1:1: Premature end of file.
2026-08-29 10:24:36,704 [ERROR] LogOutputStream:75 - [STDERR_REDIRECT] 
2026-08-29 10:24:37,704 [ERROR] LogOutputStream:75 - [STDERR_REDIRECT] [Fatal Error] :1:1: Premature end of file.
2026-08-29 10:24:37,704 [ERROR] LogOutputStream:75 - [STDERR_REDIRECT] 
2026-08-29 10:24:38,703 [ERROR] LogOutputStream:75 - [STDERR_REDIRECT] [Fatal Error] :1:1: Premature end of file.
2026-08-29 10:24:38,703 [ERROR] LogOutputStream:75 - [STDERR_REDIRECT] 
2026-08-29 10:24:39,701 [ERROR] LogOutputStream:75 - [STDERR_REDIRECT] [Fatal Error] :1:1: Premature end of file.
2026-08-29 10:24:39,701 [ERROR] LogOutputStream:75 - [STDERR_REDIRECT] 
2026-08-29 10:24:40,702 [ERROR] LogOutputStream:75 - [STDERR_REDIRECT] [Fatal Error] :1:1: Premature end of file.
2026-08-29 10:24:40,702 [ERROR] LogOutputStream:75 - [STDERR_REDIRECT] 
2026-08-29 10:24:41,703 [ERROR] LogOutputStream:75 - [STDERR_REDIRECT] [Fatal Error] :1:1: Premature end of file.
2026-08-29 10:24:41,703 [ERROR] LogOutputStream:75 - [STDERR_REDIRECT] 
2026-08-29 10:24:42,701 [ERROR] LogOutputStream:75 - [STDERR_REDIRECT] [Fatal Error] :1:1: Premature end of file.
2026-08-29 10:24:42,701 [ERROR] LogOutputStream:75 - [STDERR_REDIRECT] 
2026-08-29 10:24:43,704 [ERROR] LogOutputStream:75 - [STDERR_REDIRECT] [Fatal Error] :1:1: Premature end of file.
2026-08-29 10:24:43,704 [ERROR] LogOutputStream:75 - [STDERR_REDIRECT] 
2026-08-29 10:24:44,703 [ERROR] LogOutputStream:75 - [STDERR_REDIRECT] [Fatal Error] :1:1: Premature end of file.
2026-08-29 10:24:44,703 [ERROR] LogOutputStream:75 - [STDERR_REDIRECT] 
2026-08-29 10:24:45,703 [ERROR] LogOutputStream:75 - [STDERR_REDIRECT] [Fatal Error] :1:1: Premature end of file.
2026-08-29 10:24:45,703 [ERROR] LogOutputStream:75 - [STDERR_REDIRECT] 
2026-08-29 10:24:46,702 [ERROR] LogOutputStream:75 - [STDERR_REDIRECT] [Fatal Error] :1:1: Premature end of file.
2026-08-29 10:24:46,703 [ERROR] LogOutputStream:75 - [STDERR_REDIRECT] 
2026-08-29 10:24:47,702 [ERROR] LogOutputStream:75 - [STDERR_REDIRECT] [Fatal Error] :1:1: Premature end of file.
2026-08-29 10:24:47,702 [ERROR] LogOutputStream:75 - [STDERR_REDIRECT] 
2026-08-29 10:24:48,703 [ERROR] LogOutputStream:75 - [STDERR_REDIRECT] [Fatal Error] :1:1: Premature end of file.
2026-08-29 10:24:48,703 [ERROR] LogOutputStream:75 - [STDERR_REDIRECT] 
2026-08-29 10:24:49,703 [ERROR] LogOutputStream:75 - [STDERR_REDIRECT] [Fatal Error] :1:1: Premature end of file.
2026-08-29 10:24:49,703 [ERROR] LogOutputStream:75 - [STDERR_REDIRECT] 
2026-08-29 10:24:50,703 [ERROR] LogOutputStream:75 - [STDERR_REDIRECT] [Fatal Error] :1:1: Premature end of file.
2026-08-29 10:24:50,704 [ERROR] LogOutputStream:75 - [STDERR_REDIRECT] 
2026-08-29 10:24:51,704 [ERROR] LogOutputStream:75 - [STDERR_REDIRECT] [Fatal Error] :1:1: Premature end of file.
2026-08-29 10:24:51,704 [ERROR] LogOutputStream:75 - [STDERR_REDIRECT] 
2026-08-29 10:24:52,703 [ERROR] LogOutputStream:75 - [STDERR_REDIRECT] [Fatal Error] :1:1: Premature end of file.
2026-08-29 10:24:52,703 [ERROR] LogOutputStream:75 - [STDERR_REDIRECT] 
2026-08-29 10:24:53,705 [ERROR] LogOutputStream:75 - [STDERR_REDIRECT] [Fatal Error] :1:1: Premature end of file.
2026-08-29 10:24:53,705 [ERROR] LogOutputStream:75 - [STDERR_REDIRECT] 
2026-08-29 10:24:54,704 [ERROR] LogOutputStream:75 - [STDERR_REDIRECT] [Fatal Error] :1:1: Premature end of file.
2026-08-29 10:24:54,704 [ERROR] LogOutputStream:75 - [STDERR_REDIRECT] 
2026-08-29 10:24:55,705 [ERROR] LogOutputStream:75 - [STDERR_REDIRECT] [Fatal Error] :1:1: Premature end of file.
2026-08-29 10:24:55,705 [ERROR] LogOutputStream:75 - [STDERR_REDIRECT] 
2026-08-29 10:24:56,703 [ERROR] LogOutputStream:75 - [STDERR_REDIRECT] [Fatal Error] :1:1: Premature end of file.
2026-08-29 10:24:56,703 [ERROR] LogOutputStream:75 - [STDERR_REDIRECT] 
2026-08-29 10:24:57,702 [ERROR] LogOutputStream:75 - [STDERR_REDIRECT] [Fatal Error] :1:1: Premature end of file.
2026-08-29 10:24:57,702 [ERROR] LogOutputStream:75 - [STDERR_REDIRECT] 
2026-08-29 10:24:58,702 [ERROR] LogOutputStream:75 - [STDERR_REDIRECT] [Fatal Error] :1:1: Premature end of file.
2026-08-29 10:24:58,702 [ERROR] LogOutputStream:75 - [STDERR_REDIRECT] 
2026-08-29 10:24:59,701 [ERROR] LogOutputStream:75 - [STDERR_REDIRECT] [Fatal Error] :1:1: Premature end of file.
2026-08-29 10:24:59,701 [ERROR] LogOutputStream:75 - [STDERR_REDIRECT] 
2026-08-29 10:25:00,703 [ERROR] LogOutputStream:75 - [STDERR_REDIRECT] [Fatal Error] :1:1: Premature end of file.
2026-08-29 10:25:00,703 [ERROR] LogOutputStream:75 - [STDERR_REDIRECT] 
2026-08-29 10:25:01,702 [ERROR] LogOutputStream:75 - [STDERR_REDIRECT] [Fatal Error] :1:1: Premature end of file.
2026-08-29 10:25:01,702 [ERROR] LogOutputStream:75 - [STDERR_REDIRECT] 
2026-08-29 10:25:02,701 [ERROR] LogOutputStream:75 - [STDERR_REDIRECT] [Fatal Error] :1:1: Premature end of file.
2026-08-29 10:25:02,701 [ERROR] LogOutputStream:75 - [STDERR_REDIRECT] 
2026-08-29 10:25:03,704 [ERROR] LogOutputStream:75 - [STDERR_REDIRECT] [Fatal Error] :1:1: Premature end of file.
2026-08-29 10:25:03,704 [ERROR] LogOutputStream:75 - [STDERR_REDIRECT] 
2026-08-29 10:25:04,703 [ERROR] LogOutputStream:75 - [STDERR_REDIRECT] [Fatal Error] :1:1: Premature end of file.
2026-08-29 10:25:04,703 [ERROR] LogOutputStream:75 - [STDERR_REDIRECT] 
2026-08-29 10:25:05,702 [ERROR] LogOutputStream:75 - [STDERR_REDIRECT] [Fatal Error] :1:1: Premature end of file.
2026-08-29 10:25:05,702 [ERROR] LogOutputStream:75 - [STDERR_REDIRECT] 
2026-08-29 10:25:06,703 [ERROR] LogOutputStream:75 - [STDERR_REDIRECT] [Fatal Error] :1:1: Premature end of file.
2026-08-29 10:25:06,703 [ERROR] LogOutputStream:75 - [STDERR_REDIRECT] 
2026-08-29 10:25:07,703 [ERROR] LogOutputStream:75 - [STDERR_REDIRECT] [Fatal Error] :1:1: Premature end of file.
2026-08-29 10:25:07,703 [ERROR] LogOutputStream:75 - [STDERR_REDIRECT] 
2026-08-29 10:25:08,703 [ERROR] LogOutputStream:75 - [STDERR_REDIRECT] [Fatal Error] :1:1: Premature end of file.
2026-08-29 10:25:08,703 [ERROR] LogOutputStream:75 - [STDERR_REDIRECT] 
2026-08-29 10:25:09,702 [ERROR] LogOutputStream:75 - [STDERR_REDIRECT] [Fatal Error] :1:1: Premature end of file.
2026-08-29 10:25:09,702 [ERROR] LogOutputStream:75 - [STDERR_REDIRECT] 
2026-08-29 10:25:10,704 [ERROR] LogOutputStream:75 - [STDERR_REDIRECT] [Fatal Error] :1:1: Premature end of file.
2026-08-29 10:25:10,704 [ERROR] LogOutputStream:75 - [STDERR_REDIRECT] 
2026-08-29 10:25:11,704 [ERROR] LogOutputStream:75 - [STDERR_REDIRECT] [Fatal Error] :1:1: Premature end of file.
2026-08-29 10:25:11,704 [ERROR] LogOutputStream:75 - [STDERR_REDIRECT] 
2026-08-29 10:25:12,704 [ERROR] LogOutputStream:75 - [STDERR_REDIRECT] [Fatal Error] :1:1: Premature end of file.
2026-08-29 10:25:12,704 [ERROR] LogOutputStream:75 - [STDERR_REDIRECT] 
2026-08-29 10:25:13,704 [ERROR] LogOutputStream:75 - [STDERR_REDIRECT] [Fatal Error] :1:1: Premature end of file.
2026-08-29 10:25:13,704 [ERROR] LogOutputStream:75 - [STDERR_REDIRECT] 
2026-08-29 10:25:14,703 [ERROR] LogOutputStream:75 - [STDERR_REDIRECT] [Fatal Error] :1:1: Premature end of file.
2026-08-29 10:25:14,704 [ERROR] LogOutputStream:75 - [STDERR_REDIRECT] 
2026-08-29 10:25:15,704 [ERROR] LogOutputStream:75 - [STDERR_REDIRECT] [Fatal Error] :1:1: Premature end of file.
2026-08-29 10:25:15,704 [ERROR] LogOutputStream:75 - [STDERR_REDIRECT] 
2026-08-29 10:25:16,702 [ERROR] LogOutputStream:75 - [STDERR_REDIRECT] [Fatal Error] :1:1: Premature end of file.
2026-08-29 10:25:16,702 [ERROR] LogOutputStream:75 - [STDERR_REDIRECT] 
2026-08-29 10:25:17,702 [ERROR] LogOutputStream:75 - [STDERR_REDIRECT] [Fatal Error] :1:1: Premature end of file.
2026-08-29 10:25:17,702 [ERROR] LogOutputStream:75 - [STDERR_REDIRECT] 
2026-08-29 10:25:18,703 [ERROR] LogOutputStream:75 - [STDERR_REDIRECT] [Fatal Error] :1:1: Premature end of file.
2026-08-29 10:25:18,703 [ERROR] LogOutputStream:75 - [STDERR_REDIRECT] 
2026-08-29 10:25:19,702 [ERROR] LogOutputStream:75 - [STDERR_REDIRECT] [Fatal Error] :1:1: Premature end of file.
2026-08-29 10:25:19,702 [ERROR] LogOutputStream:75 - [STDERR_REDIRECT] 
2026-08-29 10:25:20,703 [ERROR] LogOutputStream:75 - [STDERR_REDIRECT] [Fatal Error] :1:1: Premature end of file.
2026-08-29 10:25:20,704 [ERROR] LogOutputStream:75 - [STDERR_REDIRECT] 
2026-08-29 10:25:21,701 [ERROR] LogOutputStream:75 - [STDERR_REDIRECT] [Fatal Error] :1:1: Premature end of file.
2026-08-29 10:25:21,701 [ERROR] LogOutputStream:75 - [STDERR_REDIRECT] 
2026-08-29 10:25:22,702 [ERROR] LogOutputStream:75 - [STDERR_REDIRECT] [Fatal Error] :1:1: Premature end of file.
2026-08-29 10:25:22,702 [ERROR] LogOutputStream:75 - [STDERR_REDIRECT] 
2026-08-29 10:25:23,700 [ERROR] LogOutputStream:75 - [STDERR_REDIRECT] [Fatal Error] :1:1: Premature end of file.
2026-08-29 10:25:23,700 [ERROR] LogOutputStream:75 - [STDERR_REDIRECT] 
2026-08-29 10:25:24,702 [ERROR] LogOutputStream:75 - [STDERR_REDIRECT] [Fatal Error] :1:1: Premature end of file.
2026-08-29 10:25:24,702 [ERROR] LogOutputStream:75 - [STDERR_REDIRECT] 
2026-08-29 10:25:25,701 [ERROR] LogOutputStream:75 - [STDERR_REDIRECT] [Fatal Error] :1:1: Premature end of file.
2026-08-29 10:25:25,701 [ERROR] LogOutputStream:75 - [STDERR_REDIRECT] 
2026-08-29 10:25:26,704 [ERROR] LogOutputStream:75 - [STDERR_REDIRECT] [Fatal Error] :1:1: Premature end of file.
2026-08-29 10:25:26,704 [ERROR] LogOutputStream:75 - [STDERR_REDIRECT] 
2026-08-29 10:25:27,701 [ERROR] LogOutputStream:75 - [STDERR_REDIRECT] [Fatal Error] :1:1: Premature end of file.
2026-08-29 10:25:27,701 [ERROR] LogOutputStream:75 - [STDERR_REDIRECT] 
2026-08-29 10:25:28,705 [ERROR] LogOutputStream:75 - [STDERR_REDIRECT] [Fatal Error] :1:1: Premature end of file.
2026-08-29 10:25:28,705 [ERROR] LogOutputStream:75 - [STDERR_REDIRECT] 
2026-08-29 10:25:29,703 [ERROR] LogOutputStream:75 - [STDERR_REDIRECT] [Fatal Error] :1:1: Premature end of file.
2026-08-29 10:25:29,704 [ERROR] LogOutputStream:75 - [STDERR_REDIRECT] 
2026-08-29 10:25:30,703 [ERROR] LogOutputStream:75 - [STDERR_REDIRECT] [Fatal Error] :1:1: Premature end of file.
2026-08-29 10:25:30,703 [ERROR] LogOutputStream:75 - [STDERR_REDIRECT] 
2026-08-29 10:25:31,704 [ERROR] LogOutputStream:75 - [STDERR_REDIRECT] [Fatal Error] :1:1: Premature end of file.
2026-08-29 10:25:31,704 [ERROR] LogOutputStream:75 - [STDERR_REDIRECT] 
2026-08-29 10:25:32,701 [ERROR] LogOutputStream:75 - [STDERR_REDIRECT] [Fatal Error] :1:1: Premature end of file.
2026-08-29 10:25:32,701 [ERROR] LogOutputStream:75 - [STDERR_REDIRECT] 
2026-08-29 10:25:33,704 [ERROR] LogOutputStream:75 - [STDERR_REDIRECT] [Fatal Error] :1:1: Premature end of file.
2026-08-29 10:25:33,704 [ERROR] LogOutputStream:75 - [STDERR_REDIRECT] 
2026-08-29 10:25:34,702 [ERROR] LogOutputStream:75 - [STDERR_REDIRECT] [Fatal Error] :1:1: Premature end of file.
2026-08-29 10:25:34,703 [ERROR] LogOutputStream:75 - [STDERR_REDIRECT] 
2026-08-29 10:25:35,702 [ERROR] LogOutputStream:75 - [STDERR_REDIRECT] [Fatal Error] :1:1: Premature end of file.
2026-08-29 10:25:35,702 [ERROR] LogOutputStream:75 - [STDERR_REDIRECT] 
2026-08-29 10:25:36,705 [ERROR] LogOutputStream:75 - [STDERR_REDIRECT] [Fatal Error] :1:1: Premature end of file.
2026-08-29 10:25:36,705 [ERROR] LogOutputStream:75 - [STDERR_REDIRECT] 
2026-08-29 10:25:37,706 [ERROR] LogOutputStream:75 - [STDERR_REDIRECT] [Fatal Error] :1:1: Premature end of file.
2026-08-29 10:25:37,706 [ERROR] LogOutputStream:75 - [STDERR_REDIRECT] 
2026-08-29 10:25:38,702 [ERROR] LogOutputStream:75 - [STDERR_REDIRECT] [Fatal Error] :1:1: Premature end of file.
2026-08-29 10:25:38,702 [ERROR] LogOutputStream:75 - [STDERR_REDIRECT] 
2026-08-29 10:25:39,701 [ERROR] LogOutputStream:75 - [STDERR_REDIRECT] [Fatal Error] :1:1: Premature end of file.
2026-08-29 10:25:39,701 [ERROR] LogOutputStream:75 - [STDERR_REDIRECT] 
2026-08-29 10:25:40,703 [ERROR] LogOutputStream:75 - [STDERR_REDIRECT] [Fatal Error] :1:1: Premature end of file.
2026-08-29 10:25:40,703 [ERROR] LogOutputStream:75 - [STDERR_REDIRECT] 
2026-08-29 10:25:41,702 [ERROR] LogOutputStream:75 - [STDERR_REDIRECT] [Fatal Error] :1:1: Premature end of file.
2026-08-29 10:25:41,702 [ERROR] LogOutputStream:75 - [STDERR_REDIRECT] 
2026-08-29 10:25:42,704 [ERROR] LogOutputStream:75 - [STDERR_REDIRECT] [Fatal Error] :1:1: Premature end of file.
2026-08-29 10:25:42,704 [ERROR] LogOutputStream:75 - [STDERR_REDIRECT] 
2026-08-29 10:25:43,702 [ERROR] LogOutputStream:75 - [STDERR_REDIRECT] [Fatal Error] :1:1: Premature end of file.
2026-08-29 10:25:43,702 [ERROR] LogOutputStream:75 - [STDERR_REDIRECT] 
2026-08-29 10:25:44,704 [ERROR] LogOutputStream:75 - [STDERR_REDIRECT] [Fatal Error] :1:1: Premature end of file.
2026-08-29 10:25:44,704 [ERROR] LogOutputStream:75 - [STDERR_REDIRECT] 
2026-08-29 10:25:45,703 [ERROR] LogOutputStream:75 - [STDERR_REDIRECT] [Fatal Error] :1:1: Premature end of file.
2026-08-29 10:25:45,704 [ERROR] LogOutputStream:75 - [STDERR_REDIRECT] 
2026-08-29 10:25:46,703 [ERROR] LogOutputStream:75 - [STDERR_REDIRECT] [Fatal Error] :1:1: Premature end of file.
2026-08-29 10:25:46,703 [ERROR] LogOutputStream:75 - [STDERR_REDIRECT] 
2026-08-29 10:25:47,700 [ERROR] LogOutputStream:75 - [STDERR_REDIRECT] [Fatal Error] :1:1: Premature end of file.
2026-08-29 10:25:47,701 [ERROR] LogOutputStream:75 - [STDERR_REDIRECT] 
2026-08-29 10:25:48,704 [ERROR] LogOutputStream:75 - [STDERR_REDIRECT] [Fatal Error] :1:1: Premature end of file.
2026-08-29 10:25:48,704 [ERROR] LogOutputStream:75 - [STDERR_REDIRECT] 
2026-08-29 10:25:49,702 [ERROR] LogOutputStream:75 - [STDERR_REDIRECT] [Fatal Error] :1:1: Premature end of file.
2026-08-29 10:25:49,702 [ERROR] LogOutputStream:75 - [STDERR_REDIRECT] 
2026-08-29 10:25:50,703 [ERROR] LogOutputStream:75 - [STDERR_REDIRECT] [Fatal Error] :1:1: Premature end of file.
2026-08-29 10:25:50,703 [ERROR] LogOutputStream:75 - [STDERR_REDIRECT] 
2026-08-29 10:25:51,699 [ERROR] LogOutputStream:75 - [STDERR_REDIRECT] [Fatal Error] :1:1: Premature end of file.
2026-08-29 10:25:51,699 [ERROR] LogOutputStream:75 - [STDERR_REDIRECT] 
2026-08-29 10:25:52,702 [ERROR] LogOutputStream:75 - [STDERR_REDIRECT] [Fatal Error] :1:1: Premature end of file.
2026-08-29 10:25:52,702 [ERROR] LogOutputStream:75 - [STDERR_REDIRECT] 
2026-08-29 10:25:53,702 [ERROR] LogOutputStream:75 - [STDERR_REDIRECT] [Fatal Error] :1:1: Premature end of file.
2026-08-29 10:25:53,702 [ERROR] LogOutputStream:75 - [STDERR_REDIRECT] 
2026-08-29 10:25:54,703 [ERROR] LogOutputStream:75 - [STDERR_REDIRECT] [Fatal Error] :1:1: Premature end of file.
2026-08-29 10:25:54,703 [ERROR] LogOutputStream:75 - [STDERR_REDIRECT] 
2026-08-29 10:25:55,702 [ERROR] LogOutputStream:75 - [STDERR_REDIRECT] [Fatal Error] :1:1: Premature end of file.
2026-08-29 10:25:55,703 [ERROR] LogOutputStream:75 - [STDERR_REDIRECT] 
2026-08-29 10:25:56,704 [ERROR] LogOutputStream:75 - [STDERR_REDIRECT] [Fatal Error] :1:1: Premature end of file.
2026-08-29 10:25:56,704 [ERROR] LogOutputStream:75 - [STDERR_REDIRECT] 
2026-08-29 10:25:57,703 [ERROR] LogOutputStream:75 - [STDERR_REDIRECT] [Fatal Error] :1:1: Premature end of file.
2026-08-29 10:25:57,703 [ERROR] LogOutputStream:75 - [STDERR_REDIRECT] 
2026-08-29 10:25:58,702 [ERROR] LogOutputStream:75 - [STDERR_REDIRECT] [Fatal Error] :1:1: Premature end of file.
2026-08-29 10:25:58,702 [ERROR] LogOutputStream:75 - [STDERR_REDIRECT] 
2026-08-29 10:25:59,702 [ERROR] LogOutputStream:75 - [STDERR_REDIRECT] [Fatal Error] :1:1: Premature end of file.
2026-08-29 10:25:59,702 [ERROR] LogOutputStream:75 - [STDERR_REDIRECT] 
2026-08-29 10:26:00,704 [ERROR] LogOutputStream:75 - [STDERR_REDIRECT] [Fatal Error] :1:1: Premature end of file.
2026-08-29 10:26:00,704 [ERROR] LogOutputStream:75 - [STDERR_REDIRECT] 
2026-08-29 10:26:01,702 [ERROR] LogOutputStream:75 - [STDERR_REDIRECT] [Fatal Error] :1:1: Premature end of file.
2026-08-29 10:26:01,702 [ERROR] LogOutputStream:75 - [STDERR_REDIRECT] 
2026-08-29 10:26:02,702 [ERROR] LogOutputStream:75 - [STDERR_REDIRECT] [Fatal Error] :1:1: Premature end of file.
2026-08-29 10:26:02,702 [ERROR] LogOutputStream:75 - [STDERR_REDIRECT] 
2026-08-29 10:26:03,702 [ERROR] LogOutputStream:75 - [STDERR_REDIRECT] [Fatal Error] :1:1: Premature end of file.
2026-08-29 10:26:03,702 [ERROR] LogOutputStream:75 - [STDERR_REDIRECT] 
2026-08-29 10:26:04,702 [ERROR] LogOutputStream:75 - [STDERR_REDIRECT] [Fatal Error] :1:1: Premature end of file.
2026-08-29 10:26:04,702 [ERROR] LogOutputStream:75 - [STDERR_REDIRECT] 
2026-08-29 10:26:05,702 [ERROR] LogOutputStream:75 - [STDERR_REDIRECT] [Fatal Error] :1:1: Premature end of file.
2026-08-29 10:26:05,702 [ERROR] LogOutputStream:75 - [STDERR_REDIRECT] 
2026-08-29 10:26:06,702 [ERROR] LogOutputStream:75 - [STDERR_REDIRECT] [Fatal Error] :1:1: Premature end of file.
2026-08-29 10:26:06,702 [ERROR] LogOutputStream:75 - [STDERR_REDIRECT] 
2026-08-29 10:26:07,703 [ERROR] LogOutputStream:75 - [STDERR_REDIRECT] [Fatal Error] :1:1: Premature end of file.
2026-08-29 10:26:07,703 [ERROR] LogOutputStream:75 - [STDERR_REDIRECT] 
2026-08-29 10:26:08,701 [ERROR] LogOutputStream:75 - [STDERR_REDIRECT] [Fatal Error] :1:1: Premature end of file.
2026-08-29 10:26:08,702 [ERROR] LogOutputStream:75 - [STDERR_REDIRECT] 
2026-08-29 10:26:09,702 [ERROR] LogOutputStream:75 - [STDERR_REDIRECT] [Fatal Error] :1:1: Premature end of file.
2026-08-29 10:26:09,702 [ERROR] LogOutputStream:75 - [STDERR_REDIRECT] 
2026-08-29 10:26:10,701 [ERROR] LogOutputStream:75 - [STDERR_REDIRECT] [Fatal Error] :1:1: Premature end of file.
2026-08-29 10:26:10,701 [ERROR] LogOutputStream:75 - [STDERR_REDIRECT] 
2026-08-29 10:26:11,702 [ERROR] LogOutputStream:75 - [STDERR_REDIRECT] [Fatal Error] :1:1: Premature end of file.
2026-08-29 10:26:11,702 [ERROR] LogOutputStream:75 - [STDERR_REDIRECT] 
2026-08-29 10:26:12,701 [ERROR] LogOutputStream:75 - [STDERR_REDIRECT] [Fatal Error] :1:1: Premature end of file.
2026-08-29 10:26:12,701 [ERROR] LogOutputStream:75 - [STDERR_REDIRECT] 
2026-08-29 10:26:13,701 [ERROR] LogOutputStream:75 - [STDERR_REDIRECT] [Fatal Error] :1:1: Premature end of file.
2026-08-29 10:26:13,701 [ERROR] LogOutputStream:75 - [STDERR_REDIRECT] 
2026-08-29 10:26:14,703 [ERROR] LogOutputStream:75 - [STDERR_REDIRECT] [Fatal Error] :1:1: Premature end of file.
2026-08-29 10:26:14,703 [ERROR] LogOutputStream:75 - [STDERR_REDIRECT] 
2026-08-29 10:26:15,703 [ERROR] LogOutputStream:75 - [STDERR_REDIRECT] [Fatal Error] :1:1: Premature end of file.
2026-08-29 10:26:15,703 [ERROR] LogOutputStream:75 - [STDERR_REDIRECT] 
2026-08-29 10:26:16,703 [ERROR] LogOutputStream:75 - [STDERR_REDIRECT] [Fatal Error] :1:1: Premature end of file.
2026-08-29 10:26:16,703 [ERROR] LogOutputStream:75 - [STDERR_REDIRECT] 
2026-08-29 10:26:17,704 [ERROR] LogOutputStream:75 - [STDERR_REDIRECT] [Fatal Error] :1:1: Premature end of file.
2026-08-29 10:26:17,704 [ERROR] LogOutputStream:75 - [STDERR_REDIRECT] 
2026-08-29 10:26:18,705 [ERROR] LogOutputStream:75 - [STDERR_REDIRECT] [Fatal Error] :1:1: Premature end of file.
2026-08-29 10:26:18,705 [ERROR] LogOutputStream:75 - [STDERR_REDIRECT] 
2026-08-29 10:26:19,705 [ERROR] LogOutputStream:75 - [STDERR_REDIRECT] [Fatal Error] :1:1: Premature end of file.
2026-08-29 10:26:19,705 [ERROR] LogOutputStream:75 - [STDERR_REDIRECT] 
2026-08-29 10:26:20,705 [ERROR] LogOutputStream:75 - [STDERR_REDIRECT] [Fatal Error] :1:1: Premature end of file.
2026-08-29 10:26:20,705 [ERROR] LogOutputStream:75 - [STDERR_REDIRECT] 
2026-08-29 10:26:21,696 [ERROR] LogOutputStream:75 - [STDERR_REDIRECT] [Fatal Error] :1:1: Premature end of file.
2026-08-29 10:26:21,696 [ERROR] LogOutputStream:75 - [STDERR_REDIRECT] 
2026-08-29 10:26:22,706 [ERROR] LogOutputStream:75 - [STDERR_REDIRECT] [Fatal Error] :1:1: Premature end of file.
2026-08-29 10:26:22,706 [ERROR] LogOutputStream:75 - [STDERR_REDIRECT] 
2026-08-29 10:26:23,707 [ERROR] LogOutputStream:75 - [STDERR_REDIRECT] [Fatal Error] :1:1: Premature end of file.
2026-08-29 10:26:23,707 [ERROR] LogOutputStream:75 - [STDERR_REDIRECT] 
2026-08-29 10:26:24,707 [ERROR] LogOutputStream:75 - [STDERR_REDIRECT] [Fatal Error] :1:1: Premature end of file.
2026-08-29 10:26:24,707 [ERROR] LogOutputStream:75 - [STDERR_REDIRECT] 
2026-08-29 10:26:25,701 [ERROR] LogOutputStream:75 - [STDERR_REDIRECT] [Fatal Error] :1:1: Premature end of file.
2026-08-29 10:26:25,701 [ERROR] LogOutputStream:75 - [STDERR_REDIRECT] 
2026-08-29 10:26:26,703 [ERROR] LogOutputStream:75 - [STDERR_REDIRECT] [Fatal Error] :1:1: Premature end of file.
2026-08-29 10:26:26,703 [ERROR] LogOutputStream:75 - [STDERR_REDIRECT] 
2026-08-29 10:26:27,699 [ERROR] LogOutputStream:75 - [STDERR_REDIRECT] [Fatal Error] :1:1: Premature end of file.
2026-08-29 10:26:27,699 [ERROR] LogOutputStream:75 - [STDERR_REDIRECT] 
2026-08-29 10:26:28,707 [ERROR] LogOutputStream:75 - [STDERR_REDIRECT] [Fatal Error] :1:1: Premature end of file.
2026-08-29 10:26:28,707 [ERROR] LogOutputStream:75 - [STDERR_REDIRECT] 
2026-08-29 10:26:29,695 [ERROR] LogOutputStream:75 - [STDERR_REDIRECT] [Fatal Error] :1:1: Premature end of file.
2026-08-29 10:26:29,695 [ERROR] LogOutputStream:75 - [STDERR_REDIRECT] 
2026-08-29 10:26:30,699 [ERROR] LogOutputStream:75 - [STDERR_REDIRECT] [Fatal Error] :1:1: Premature end of file.
2026-08-29 10:26:30,699 [ERROR] LogOutputStream:75 - [STDERR_REDIRECT] 
2026-08-29 10:26:31,703 [ERROR] LogOutputStream:75 - [STDERR_REDIRECT] [Fatal Error] :1:1: Premature end of file.
2026-08-29 10:26:31,703 [ERROR] LogOutputStream:75 - [STDERR_REDIRECT] 
2026-08-29 10:26:32,704 [ERROR] LogOutputStream:75 - [STDERR_REDIRECT] [Fatal Error] :1:1: Premature end of file.
2026-08-29 10:26:32,704 [ERROR] LogOutputStream:75 - [STDERR_REDIRECT] 
2026-08-29 10:26:33,703 [ERROR] LogOutputStream:75 - [STDERR_REDIRECT] [Fatal Error] :1:1: Premature end of file.
2026-08-29 10:26:33,703 [ERROR] LogOutputStream:75 - [STDERR_REDIRECT] 
2026-08-29 10:26:34,702 [ERROR] LogOutputStream:75 - [STDERR_REDIRECT] [Fatal Error] :1:1: Premature end of file.
2026-08-29 10:26:34,702 [ERROR] LogOutputStream:75 - [STDERR_REDIRECT] 
2026-08-29 10:26:35,702 [ERROR] LogOutputStream:75 - [STDERR_REDIRECT] [Fatal Error] :1:1: Premature end of file.
2026-08-29 10:26:35,702 [ERROR] LogOutputStream:75 - [STDERR_REDIRECT] 
2026-08-29 10:26:36,705 [ERROR] LogOutputStream:75 - [STDERR_REDIRECT] [Fatal Error] :1:1: Premature end of file.
2026-08-29 10:26:36,705 [ERROR] LogOutputStream:75 - [STDERR_REDIRECT] 
2026-08-29 10:26:37,703 [ERROR] LogOutputStream:75 - [STDERR_REDIRECT] [Fatal Error] :1:1: Premature end of file.
2026-08-29 10:26:37,703 [ERROR] LogOutputStream:75 - [STDERR_REDIRECT] 
2026-08-29 10:26:38,709 [ERROR] LogOutputStream:75 - [STDERR_REDIRECT] [Fatal Error] :1:1: Premature end of file.
2026-08-29 10:26:38,709 [ERROR] LogOutputStream:75 - [STDERR_REDIRECT] 
2026-08-29 10:26:39,709 [ERROR] LogOutputStream:75 - [STDERR_REDIRECT] [Fatal Error] :1:1: Premature end of file.
2026-08-29 10:26:39,709 [ERROR] LogOutputStream:75 - [STDERR_REDIRECT] 
2026-08-29 10:26:40,702 [ERROR] LogOutputStream:75 - [STDERR_REDIRECT] [Fatal Error] :1:1: Premature end of file.
2026-08-29 10:26:40,702 [ERROR] LogOutputStream:75 - [STDERR_REDIRECT] 
2026-08-29 10:26:41,701 [ERROR] LogOutputStream:75 - [STDERR_REDIRECT] [Fatal Error] :1:1: Premature end of file.
2026-08-29 10:26:41,701 [ERROR] LogOutputStream:75 - [STDERR_REDIRECT] 
2026-08-29 10:26:42,711 [ERROR] LogOutputStream:75 - [STDERR_REDIRECT] [Fatal Error] :1:1: Premature end of file.
2026-08-29 10:26:42,711 [ERROR] LogOutputStream:75 - [STDERR_REDIRECT] 
2026-08-29 10:26:43,705 [ERROR] LogOutputStream:75 - [STDERR_REDIRECT] [Fatal Error] :1:1: Premature end of file.
2026-08-29 10:26:43,705 [ERROR] LogOutputStream:75 - [STDERR_REDIRECT] 
2026-08-29 10:26:44,697 [ERROR] LogOutputStream:75 - [STDERR_REDIRECT] [Fatal Error] :1:1: Premature end of file.
2026-08-29 10:26:44,697 [ERROR] LogOutputStream:75 - [STDERR_REDIRECT] 
2026-08-29 10:26:45,698 [ERROR] LogOutputStream:75 - [STDERR_REDIRECT] [Fatal Error] :1:1: Premature end of file.
2026-08-29 10:26:45,698 [ERROR] LogOutputStream:75 - [STDERR_REDIRECT] 
2026-08-29 10:26:46,701 [ERROR] LogOutputStream:75 - [STDERR_REDIRECT] [Fatal Error] :1:1: Premature end of file.
2026-08-29 10:26:46,701 [ERROR] LogOutputStream:75 - [STDERR_REDIRECT] 
2026-08-29 10:26:47,716 [ERROR] LogOutputStream:75 - [STDERR_REDIRECT] [Fatal Error] :1:1: Premature end of file.
2026-08-29 10:26:47,716 [ERROR] LogOutputStream:75 - [STDERR_REDIRECT] 
2026-08-29 10:26:48,705 [ERROR] LogOutputStream:75 - [STDERR_REDIRECT] [Fatal Error] :1:1: Premature end of file.
2026-08-29 10:26:48,706 [ERROR] LogOutputStream:75 - [STDERR_REDIRECT] 
2026-08-29 10:26:49,706 [ERROR] LogOutputStream:75 - [STDERR_REDIRECT] [Fatal Error] :1:1: Premature end of file.
2026-08-29 10:26:49,706 [ERROR] LogOutputStream:75 - [STDERR_REDIRECT] 
2026-08-29 10:26:50,716 [ERROR] LogOutputStream:75 - [STDERR_REDIRECT] [Fatal Error] :1:1: Premature end of file.
2026-08-29 10:26:50,716 [ERROR] LogOutputStream:75 - [STDERR_REDIRECT] 
2026-08-29 10:26:51,711 [ERROR] LogOutputStream:75 - [STDERR_REDIRECT] [Fatal Error] :1:1: Premature end of file.
2026-08-29 10:26:51,711 [ERROR] LogOutputStream:75 - [STDERR_REDIRECT] 
2026-08-29 10:26:52,709 [ERROR] LogOutputStream:75 - [STDERR_REDIRECT] [Fatal Error] :1:1: Premature end of file.
2026-08-29 10:26:52,709 [ERROR] LogOutputStream:75 - [STDERR_REDIRECT] 
2026-08-29 10:26:53,704 [ERROR] LogOutputStream:75 - [STDERR_REDIRECT] [Fatal Error] :1:1: Premature end of file.
2026-08-29 10:26:53,704 [ERROR] LogOutputStream:75 - [STDERR_REDIRECT] 
2026-08-29 10:26:54,707 [ERROR] LogOutputStream:75 - [STDERR_REDIRECT] [Fatal Error] :1:1: Premature end of file.
2026-08-29 10:26:54,707 [ERROR] LogOutputStream:75 - [STDERR_REDIRECT] 
2026-08-29 10:26:55,716 [ERROR] LogOutputStream:75 - [STDERR_REDIRECT] [Fatal Error] :1:1: Premature end of file.
2026-08-29 10:26:55,716 [ERROR] LogOutputStream:75 - [STDERR_REDIRECT] 
2026-08-29 10:26:56,703 [ERROR] LogOutputStream:75 - [STDERR_REDIRECT] [Fatal Error] :1:1: Premature end of file.
2026-08-29 10:26:56,703 [ERROR] LogOutputStream:75 - [STDERR_REDIRECT] 
2026-08-29 10:26:57,705 [ERROR] LogOutputStream:75 - [STDERR_REDIRECT] [Fatal Error] :1:1: Premature end of file.
2026-08-29 10:26:57,705 [ERROR] LogOutputStream:75 - [STDERR_REDIRECT] 
2026-08-29 10:26:58,703 [ERROR] LogOutputStream:75 - [STDERR_REDIRECT] [Fatal Error] :1:1: Premature end of file.
2026-08-29 10:26:58,703 [ERROR] LogOutputStream:75 - [STDERR_REDIRECT] 
2026-08-29 10:26:59,707 [ERROR] LogOutputStream:75 - [STDERR_REDIRECT] [Fatal Error] :1:1: Premature end of file.
2026-08-29 10:26:59,707 [ERROR] LogOutputStream:75 - [STDERR_REDIRECT] 
2026-08-29 10:27:00,709 [ERROR] LogOutputStream:75 - [STDERR_REDIRECT] [Fatal Error] :1:1: Premature end of file.
2026-08-29 10:27:00,709 [ERROR] LogOutputStream:75 - [STDERR_REDIRECT] 
2026-08-29 10:27:01,708 [ERROR] LogOutputStream:75 - [STDERR_REDIRECT] [Fatal Error] :1:1: Premature end of file.
2026-08-29 10:27:01,708 [ERROR] LogOutputStream:75 - [STDERR_REDIRECT] 
2026-08-29 10:27:02,706 [ERROR] LogOutputStream:75 - [STDERR_REDIRECT] [Fatal Error] :1:1: Premature end of file.
2026-08-29 10:27:02,707 [ERROR] LogOutputStream:75 - [STDERR_REDIRECT] 
2026-08-29 10:27:03,705 [ERROR] LogOutputStream:75 - [STDERR_REDIRECT] [Fatal Error] :1:1: Premature end of file.
2026-08-29 10:27:03,705 [ERROR] LogOutputStream:75 - [STDERR_REDIRECT] 
2026-08-29 10:27:04,704 [ERROR] LogOutputStream:75 - [STDERR_REDIRECT] [Fatal Error] :1:1: Premature end of file.
2026-08-29 10:27:04,704 [ERROR] LogOutputStream:75 - [STDERR_REDIRECT] 
2026-08-29 10:27:05,709 [ERROR] LogOutputStream:75 - [STDERR_REDIRECT] [Fatal Error] :1:1: Premature end of file.
2026-08-29 10:27:05,709 [ERROR] LogOutputStream:75 - [STDERR_REDIRECT] 
2026-08-29 10:27:06,708 [ERROR] LogOutputStream:75 - [STDERR_REDIRECT] [Fatal Error] :1:1: Premature end of file.
2026-08-29 10:27:06,708 [ERROR] LogOutputStream:75 - [STDERR_REDIRECT] 
2026-08-29 10:27:07,713 [ERROR] LogOutputStream:75 - [STDERR_REDIRECT] [Fatal Error] :1:1: Premature end of file.
2026-08-29 10:27:07,714 [ERROR] LogOutputStream:75 - [STDERR_REDIRECT] 
2026-08-29 10:27:08,711 [ERROR] LogOutputStream:75 - [STDERR_REDIRECT] [Fatal Error] :1:1: Premature end of file.
2026-08-29 10:27:08,711 [ERROR] LogOutputStream:75 - [STDERR_REDIRECT] 
2026-08-29 10:27:09,708 [ERROR] LogOutputStream:75 - [STDERR_REDIRECT] [Fatal Error] :1:1: Premature end of file.
2026-08-29 10:27:09,708 [ERROR] LogOutputStream:75 - [STDERR_REDIRECT] 
2026-08-29 10:27:10,712 [ERROR] LogOutputStream:75 - [STDERR_REDIRECT] [Fatal Error] :1:1: Premature end of file.
2026-08-29 10:27:10,712 [ERROR] LogOutputStream:75 - [STDERR_REDIRECT] 
2026-08-29 10:27:11,710 [ERROR] LogOutputStream:75 - [STDERR_REDIRECT] [Fatal Error] :1:1: Premature end of file.
2026-08-29 10:27:11,710 [ERROR] LogOutputStream:75 - [STDERR_REDIRECT] 
2026-08-29 10:27:12,702 [ERROR] LogOutputStream:75 - [STDERR_REDIRECT] [Fatal Error] :1:1: Premature end of file.
2026-08-29 10:27:12,702 [ERROR] LogOutputStream:75 - [STDERR_REDIRECT] 
2026-08-29 10:27:13,701 [ERROR] LogOutputStream:75 - [STDERR_REDIRECT] [Fatal Error] :1:1: Premature end of file.
2026-08-29 10:27:13,701 [ERROR] LogOutputStream:75 - [STDERR_REDIRECT] 
2026-08-29 10:27:14,702 [ERROR] LogOutputStream:75 - [STDERR_REDIRECT] [Fatal Error] :1:1: Premature end of file.
2026-08-29 10:27:14,702 [ERROR] LogOutputStream:75 - [STDERR_REDIRECT] 
2026-08-29 10:27:15,704 [ERROR] LogOutputStream:75 - [STDERR_REDIRECT] [Fatal Error] :1:1: Premature end of file.
2026-08-29 10:27:15,704 [ERROR] LogOutputStream:75 - [STDERR_REDIRECT] 
2026-08-29 10:27:16,710 [ERROR] LogOutputStream:75 - [STDERR_REDIRECT] [Fatal Error] :1:1: Premature end of file.
2026-08-29 10:27:16,710 [ERROR] LogOutputStream:75 - [STDERR_REDIRECT] 
2026-08-29 10:27:17,712 [ERROR] LogOutputStream:75 - [STDERR_REDIRECT] [Fatal Error] :1:1: Premature end of file.
2026-08-29 10:27:17,712 [ERROR] LogOutputStream:75 - [STDERR_REDIRECT] 
2026-08-29 10:27:18,707 [ERROR] LogOutputStream:75 - [STDERR_REDIRECT] [Fatal Error] :1:1: Premature end of file.
2026-08-29 10:27:18,707 [ERROR] LogOutputStream:75 - [STDERR_REDIRECT] 
2026-08-29 10:27:19,715 [ERROR] LogOutputStream:75 - [STDERR_REDIRECT] [Fatal Error] :1:1: Premature end of file.
2026-08-29 10:27:19,715 [ERROR] LogOutputStream:75 - [STDERR_REDIRECT] 
2026-08-29 10:27:20,706 [ERROR] LogOutputStream:75 - [STDERR_REDIRECT] [Fatal Error] :1:1: Premature end of file.
2026-08-29 10:27:20,706 [ERROR] LogOutputStream:75 - [STDERR_REDIRECT] 
2026-08-29 10:27:21,711 [ERROR] LogOutputStream:75 - [STDERR_REDIRECT] [Fatal Error] :1:1: Premature end of file.
2026-08-29 10:27:21,711 [ERROR] LogOutputStream:75 - [STDERR_REDIRECT] 
2026-08-29 10:27:22,705 [ERROR] LogOutputStream:75 - [STDERR_REDIRECT] [Fatal Error] :1:1: Premature end of file.
2026-08-29 10:27:22,705 [ERROR] LogOutputStream:75 - [STDERR_REDIRECT] 
2026-08-29 10:27:23,704 [ERROR] LogOutputStream:75 - [STDERR_REDIRECT] [Fatal Error] :1:1: Premature end of file.
2026-08-29 10:27:23,704 [ERROR] LogOutputStream:75 - [STDERR_REDIRECT] 
2026-08-29 10:27:24,725 [ERROR] LogOutputStream:75 - [STDERR_REDIRECT] [Fatal Error] :1:1: Premature end of file.
2026-08-29 10:27:24,725 [ERROR] LogOutputStream:75 - [STDERR_REDIRECT] 
2026-08-29 10:27:25,705 [ERROR] LogOutputStream:75 - [STDERR_REDIRECT] [Fatal Error] :1:1: Premature end of file.
2026-08-29 10:27:25,705 [ERROR] LogOutputStream:75 - [STDERR_REDIRECT] 
2026-08-29 10:27:26,708 [ERROR] LogOutputStream:75 - [STDERR_REDIRECT] [Fatal Error] :1:1: Premature end of file.
2026-08-29 10:27:26,708 [ERROR] LogOutputStream:75 - [STDERR_REDIRECT] 
2026-08-29 10:27:27,715 [ERROR] LogOutputStream:75 - [STDERR_REDIRECT] [Fatal Error] :1:1: Premature end of file.
2026-08-29 10:27:27,715 [ERROR] LogOutputStream:75 - [STDERR_REDIRECT] 
2026-08-29 10:27:28,705 [ERROR] LogOutputStream:75 - [STDERR_REDIRECT] [Fatal Error] :1:1: Premature end of file.
2026-08-29 10:27:28,705 [ERROR] LogOutputStream:75 - [STDERR_REDIRECT] 
2026-08-29 10:27:29,711 [ERROR] LogOutputStream:75 - [STDERR_REDIRECT] [Fatal Error] :1:1: Premature end of file.
2026-08-29 10:27:29,711 [ERROR] LogOutputStream:75 - [STDERR_REDIRECT] 
2026-08-29 10:27:30,713 [ERROR] LogOutputStream:75 - [STDERR_REDIRECT] [Fatal Error] :1:1: Premature end of file.
2026-08-29 10:27:30,713 [ERROR] LogOutputStream:75 - [STDERR_REDIRECT] 
2026-08-29 10:27:31,699 [ERROR] LogOutputStream:75 - [STDERR_REDIRECT] [Fatal Error] :1:1: Premature end of file.
2026-08-29 10:27:31,699 [ERROR] LogOutputStream:75 - [STDERR_REDIRECT] 
2026-08-29 10:27:32,689 [ERROR] LogOutputStream:75 - [STDERR_REDIRECT] [Fatal Error] :1:1: Premature end of file.
2026-08-29 10:27:32,689 [ERROR] LogOutputStream:75 - [STDERR_REDIRECT] 
2026-08-29 10:27:33,720 [ERROR] LogOutputStream:75 - [STDERR_REDIRECT] [Fatal Error] :1:1: Premature end of file.
2026-08-29 10:27:33,720 [ERROR] LogOutputStream:75 - [STDERR_REDIRECT] 
2026-08-29 10:27:34,704 [ERROR] LogOutputStream:75 - [STDERR_REDIRECT] [Fatal Error] :1:1: Premature end of file.
2026-08-29 10:27:34,704 [ERROR] LogOutputStream:75 - [STDERR_REDIRECT] 
2026-08-29 10:27:35,697 [ERROR] LogOutputStream:75 - [STDERR_REDIRECT] [Fatal Error] :1:1: Premature end of file.
2026-08-29 10:27:35,697 [ERROR] LogOutputStream:75 - [STDERR_REDIRECT] 
2026-08-29 10:27:36,713 [ERROR] LogOutputStream:75 - [STDERR_REDIRECT] [Fatal Error] :1:1: Premature end of file.
2026-08-29 10:27:36,713 [ERROR] LogOutputStream:75 - [STDERR_REDIRECT] 
2026-08-29 10:27:37,703 [ERROR] LogOutputStream:75 - [STDERR_REDIRECT] [Fatal Error] :1:1: Premature end of file.
2026-08-29 10:27:37,711 [ERROR] LogOutputStream:75 - [STDERR_REDIRECT] 
2026-08-29 10:27:38,705 [ERROR] LogOutputStream:75 - [STDERR_REDIRECT] [Fatal Error] :1:1: Premature end of file.
2026-08-29 10:27:38,705 [ERROR] LogOutputStream:75 - [STDERR_REDIRECT] 
2026-08-29 10:27:39,702 [ERROR] LogOutputStream:75 - [STDERR_REDIRECT] [Fatal Error] :1:1: Premature end of file.
2026-08-29 10:27:39,702 [ERROR] LogOutputStream:75 - [STDERR_REDIRECT] 
2026-08-29 10:27:40,706 [ERROR] LogOutputStream:75 - [STDERR_REDIRECT] [Fatal Error] :1:1: Premature end of file.
2026-08-29 10:27:40,706 [ERROR] LogOutputStream:75 - [STDERR_REDIRECT] 
2026-08-29 10:27:41,706 [ERROR] LogOutputStream:75 - [STDERR_REDIRECT] [Fatal Error] :1:1: Premature end of file.
2026-08-29 10:27:41,706 [ERROR] LogOutputStream:75 - [STDERR_REDIRECT] 
2026-08-29 10:27:42,715 [ERROR] LogOutputStream:75 - [STDERR_REDIRECT] [Fatal Error] :1:1: Premature end of file.
2026-08-29 10:27:42,715 [ERROR] LogOutputStream:75 - [STDERR_REDIRECT] 
2026-08-29 10:27:43,723 [ERROR] LogOutputStream:75 - [STDERR_REDIRECT] [Fatal Error] :1:1: Premature end of file.
2026-08-29 10:27:43,723 [ERROR] LogOutputStream:75 - [STDERR_REDIRECT] 
2026-08-29 10:27:44,724 [ERROR] LogOutputStream:75 - [STDERR_REDIRECT] [Fatal Error] :1:1: Premature end of file.
2026-08-29 10:27:44,724 [ERROR] LogOutputStream:75 - [STDERR_REDIRECT] 
2026-08-29 10:27:45,714 [ERROR] LogOutputStream:75 - [STDERR_REDIRECT] [Fatal Error] :1:1: Premature end of file.
2026-08-29 10:27:45,714 [ERROR] LogOutputStream:75 - [STDERR_REDIRECT] 
2026-08-29 10:27:46,704 [ERROR] LogOutputStream:75 - [STDERR_REDIRECT] [Fatal Error] :1:1: Premature end of file.
2026-08-29 10:27:46,704 [ERROR] LogOutputStream:75 - [STDERR_REDIRECT] 
2026-08-29 10:27:47,704 [ERROR] LogOutputStream:75 - [STDERR_REDIRECT] [Fatal Error] :1:1: Premature end of file.
2026-08-29 10:27:47,704 [ERROR] LogOutputStream:75 - [STDERR_REDIRECT] 
2026-08-29 10:27:48,717 [ERROR] LogOutputStream:75 - [STDERR_REDIRECT] [Fatal Error] :1:1: Premature end of file.
2026-08-29 10:27:48,717 [ERROR] LogOutputStream:75 - [STDERR_REDIRECT] 
2026-08-29 10:27:49,698 [ERROR] LogOutputStream:75 - [STDERR_REDIRECT] [Fatal Error] :1:1: Premature end of file.
2026-08-29 10:27:49,698 [ERROR] LogOutputStream:75 - [STDERR_REDIRECT] 
2026-08-29 10:27:50,716 [ERROR] LogOutputStream:75 - [STDERR_REDIRECT] [Fatal Error] :1:1: Premature end of file.
2026-08-29 10:27:50,716 [ERROR] LogOutputStream:75 - [STDERR_REDIRECT] 
2026-08-29 10:27:51,698 [ERROR] LogOutputStream:75 - [STDERR_REDIRECT] [Fatal Error] :1:1: Premature end of file.
2026-08-29 10:27:51,698 [ERROR] LogOutputStream:75 - [STDERR_REDIRECT] 
2026-08-29 10:27:52,699 [ERROR] LogOutputStream:75 - [STDERR_REDIRECT] [Fatal Error] :1:1: Premature end of file.
2026-08-29 10:27:52,699 [ERROR] LogOutputStream:75 - [STDERR_REDIRECT] 
2026-08-29 10:27:53,700 [ERROR] LogOutputStream:75 - [STDERR_REDIRECT] [Fatal Error] :1:1: Premature end of file.
2026-08-29 10:27:53,700 [ERROR] LogOutputStream:75 - [STDERR_REDIRECT] 
2026-08-29 10:27:54,702 [ERROR] LogOutputStream:75 - [STDERR_REDIRECT] [Fatal Error] :1:1: Premature end of file.
2026-08-29 10:27:54,702 [ERROR] LogOutputStream:75 - [STDERR_REDIRECT] 
2026-08-29 10:27:55,702 [ERROR] LogOutputStream:75 - [STDERR_REDIRECT] [Fatal Error] :1:1: Premature end of file.
2026-08-29 10:27:55,702 [ERROR] LogOutputStream:75 - [STDERR_REDIRECT] 
2026-08-29 10:27:56,707 [ERROR] LogOutputStream:75 - [STDERR_REDIRECT] [Fatal Error] :1:1: Premature end of file.
2026-08-29 10:27:56,707 [ERROR] LogOutputStream:75 - [STDERR_REDIRECT] 
2026-08-29 10:27:57,700 [ERROR] LogOutputStream:75 - [STDERR_REDIRECT] [Fatal Error] :1:1: Premature end of file.
2026-08-29 10:27:57,700 [ERROR] LogOutputStream:75 - [STDERR_REDIRECT] 
2026-08-29 10:27:58,712 [ERROR] LogOutputStream:75 - [STDERR_REDIRECT] [Fatal Error] :1:1: Premature end of file.
2026-08-29 10:27:58,712 [ERROR] LogOutputStream:75 - [STDERR_REDIRECT] 
2026-08-29 10:27:59,714 [ERROR] LogOutputStream:75 - [STDERR_REDIRECT] [Fatal Error] :1:1: Premature end of file.
2026-08-29 10:27:59,714 [ERROR] LogOutputStream:75 - [STDERR_REDIRECT] 
2026-08-29 10:28:00,697 [ERROR] LogOutputStream:75 - [STDERR_REDIRECT] [Fatal Error] :1:1: Premature end of file.
2026-08-29 10:28:00,697 [ERROR] LogOutputStream:75 - [STDERR_REDIRECT] 
2026-08-29 10:28:01,703 [ERROR] LogOutputStream:75 - [STDERR_REDIRECT] [Fatal Error] :1:1: Premature end of file.
2026-08-29 10:28:01,703 [ERROR] LogOutputStream:75 - [STDERR_REDIRECT] 
2026-08-29 10:28:02,700 [ERROR] LogOutputStream:75 - [STDERR_REDIRECT] [Fatal Error] :1:1: Premature end of file.
2026-08-29 10:28:02,700 [ERROR] LogOutputStream:75 - [STDERR_REDIRECT] 
2026-08-29 10:28:03,708 [ERROR] LogOutputStream:75 - [STDERR_REDIRECT] [Fatal Error] :1:1: Premature end of file.
2026-08-29 10:28:03,708 [ERROR] LogOutputStream:75 - [STDERR_REDIRECT] 
2026-08-29 10:28:04,701 [ERROR] LogOutputStream:75 - [STDERR_REDIRECT] [Fatal Error] :1:1: Premature end of file.
2026-08-29 10:28:04,701 [ERROR] LogOutputStream:75 - [STDERR_REDIRECT] 
2026-08-29 10:28:05,704 [ERROR] LogOutputStream:75 - [STDERR_REDIRECT] [Fatal Error] :1:1: Premature end of file.
2026-08-29 10:28:05,704 [ERROR] LogOutputStream:75 - [STDERR_REDIRECT] 
2026-08-29 10:28:06,713 [ERROR] LogOutputStream:75 - [STDERR_REDIRECT] [Fatal Error] :1:1: Premature end of file.
2026-08-29 10:28:06,713 [ERROR] LogOutputStream:75 - [STDERR_REDIRECT] 
2026-08-29 10:28:07,697 [ERROR] LogOutputStream:75 - [STDERR_REDIRECT] [Fatal Error] :1:1: Premature end of file.
2026-08-29 10:28:07,697 [ERROR] LogOutputStream:75 - [STDERR_REDIRECT] 
2026-08-29 10:28:08,706 [ERROR] LogOutputStream:75 - [STDERR_REDIRECT] [Fatal Error] :1:1: Premature end of file.
2026-08-29 10:28:08,706 [ERROR] LogOutputStream:75 - [STDERR_REDIRECT] 
2026-08-29 10:28:09,710 [ERROR] LogOutputStream:75 - [STDERR_REDIRECT] [Fatal Error] :1:1: Premature end of file.
2026-08-29 10:28:09,710 [ERROR] LogOutputStream:75 - [STDERR_REDIRECT] 
2026-08-29 10:28:10,702 [ERROR] LogOutputStream:75 - [STDERR_REDIRECT] [Fatal Error] :1:1: Premature end of file.
2026-08-29 10:28:10,702 [ERROR] LogOutputStream:75 - [STDERR_REDIRECT] 
2026-08-29 10:28:11,709 [ERROR] LogOutputStream:75 - [STDERR_REDIRECT] [Fatal Error] :1:1: Premature end of file.
2026-08-29 10:28:11,709 [ERROR] LogOutputStream:75 - [STDERR_REDIRECT] 
2026-08-29 10:28:12,696 [ERROR] LogOutputStream:75 - [STDERR_REDIRECT] [Fatal Error] :1:1: Premature end of file.
2026-08-29 10:28:12,696 [ERROR] LogOutputStream:75 - [STDERR_REDIRECT] 
2026-08-29 10:28:13,709 [ERROR] LogOutputStream:75 - [STDERR_REDIRECT] [Fatal Error] :1:1: Premature end of file.
2026-08-29 10:28:13,709 [ERROR] LogOutputStream:75 - [STDERR_REDIRECT] 
2026-08-29 10:28:14,710 [ERROR] LogOutputStream:75 - [STDERR_REDIRECT] [Fatal Error] :1:1: Premature end of file.
2026-08-29 10:28:14,710 [ERROR] LogOutputStream:75 - [STDERR_REDIRECT] 
2026-08-29 10:28:15,701 [ERROR] LogOutputStream:75 - [STDERR_REDIRECT] [Fatal Error] :1:1: Premature end of file.
2026-08-29 10:28:15,701 [ERROR] LogOutputStream:75 - [STDERR_REDIRECT] 
2026-08-29 10:28:16,706 [ERROR] LogOutputStream:75 - [STDERR_REDIRECT] [Fatal Error] :1:1: Premature end of file.
2026-08-29 10:28:16,706 [ERROR] LogOutputStream:75 - [STDERR_REDIRECT] 
2026-08-29 10:28:17,703 [ERROR] LogOutputStream:75 - [STDERR_REDIRECT] [Fatal Error] :1:1: Premature end of file.
2026-08-29 10:28:17,703 [ERROR] LogOutputStream:75 - [STDERR_REDIRECT] 
2026-08-29 10:28:18,704 [ERROR] LogOutputStream:75 - [STDERR_REDIRECT] [Fatal Error] :1:1: Premature end of file.
2026-08-29 10:28:18,704 [ERROR] LogOutputStream:75 - [STDERR_REDIRECT] 
2026-08-29 10:28:19,701 [ERROR] LogOutputStream:75 - [STDERR_REDIRECT] [Fatal Error] :1:1: Premature end of file.
2026-08-29 10:28:19,701 [ERROR] LogOutputStream:75 - [STDERR_REDIRECT] 
2026-08-29 10:28:20,699 [ERROR] LogOutputStream:75 - [STDERR_REDIRECT] [Fatal Error] :1:1: Premature end of file.
2026-08-29 10:28:20,699 [ERROR] LogOutputStream:75 - [STDERR_REDIRECT] 
2026-08-29 10:28:21,704 [ERROR] LogOutputStream:75 - [STDERR_REDIRECT] [Fatal Error] :1:1: Premature end of file.
2026-08-29 10:28:21,704 [ERROR] LogOutputStream:75 - [STDERR_REDIRECT] 
2026-08-29 10:28:22,695 [ERROR] LogOutputStream:75 - [STDERR_REDIRECT] [Fatal Error] :1:1: Premature end of file.
2026-08-29 10:28:22,695 [ERROR] LogOutputStream:75 - [STDERR_REDIRECT] 
2026-08-29 10:28:23,703 [ERROR] LogOutputStream:75 - [STDERR_REDIRECT] [Fatal Error] :1:1: Premature end of file.
2026-08-29 10:28:23,703 [ERROR] LogOutputStream:75 - [STDERR_REDIRECT] 
2026-08-29 10:28:24,703 [ERROR] LogOutputStream:75 - [STDERR_REDIRECT] [Fatal Error] :1:1: Premature end of file.
2026-08-29 10:28:24,703 [ERROR] LogOutputStream:75 - [STDERR_REDIRECT] 
2026-08-29 10:28:25,705 [ERROR] LogOutputStream:75 - [STDERR_REDIRECT] [Fatal Error] :1:1: Premature end of file.
2026-08-29 10:28:25,705 [ERROR] LogOutputStream:75 - [STDERR_REDIRECT] 
2026-08-29 10:28:26,699 [ERROR] LogOutputStream:75 - [STDERR_REDIRECT] [Fatal Error] :1:1: Premature end of file.
2026-08-29 10:28:26,699 [ERROR] LogOutputStream:75 - [STDERR_REDIRECT] 
2026-08-29 10:28:27,713 [ERROR] LogOutputStream:75 - [STDERR_REDIRECT] [Fatal Error] :1:1: Premature end of file.
2026-08-29 10:28:27,714 [ERROR] LogOutputStream:75 - [STDERR_REDIRECT] 
2026-08-29 10:28:28,703 [ERROR] LogOutputStream:75 - [STDERR_REDIRECT] [Fatal Error] :1:1: Premature end of file.
2026-08-29 10:28:28,703 [ERROR] LogOutputStream:75 - [STDERR_REDIRECT] 
2026-08-29 10:28:29,706 [ERROR] LogOutputStream:75 - [STDERR_REDIRECT] [Fatal Error] :1:1: Premature end of file.
2026-08-29 10:28:29,706 [ERROR] LogOutputStream:75 - [STDERR_REDIRECT] 
2026-08-29 10:28:30,696 [ERROR] LogOutputStream:75 - [STDERR_REDIRECT] [Fatal Error] :1:1: Premature end of file.
2026-08-29 10:28:30,696 [ERROR] LogOutputStream:75 - [STDERR_REDIRECT] 
2026-08-29 10:28:31,710 [ERROR] LogOutputStream:75 - [STDERR_REDIRECT] [Fatal Error] :1:1: Premature end of file.
2026-08-29 10:28:31,710 [ERROR] LogOutputStream:75 - [STDERR_REDIRECT] 
2026-08-29 10:28:32,710 [ERROR] LogOutputStream:75 - [STDERR_REDIRECT] [Fatal Error] :1:1: Premature end of file.
2026-08-29 10:28:32,710 [ERROR] LogOutputStream:75 - [STDERR_REDIRECT] 
2026-08-29 10:28:33,704 [ERROR] LogOutputStream:75 - [STDERR_REDIRECT] [Fatal Error] :1:1: Premature end of file.
2026-08-29 10:28:33,704 [ERROR] LogOutputStream:75 - [STDERR_REDIRECT] 
2026-08-29 10:28:34,701 [ERROR] LogOutputStream:75 - [STDERR_REDIRECT] [Fatal Error] :1:1: Premature end of file.
2026-08-29 10:28:34,701 [ERROR] LogOutputStream:75 - [STDERR_REDIRECT] 
2026-08-29 10:28:35,708 [ERROR] LogOutputStream:75 - [STDERR_REDIRECT] [Fatal Error] :1:1: Premature end of file.
2026-08-29 10:28:35,708 [ERROR] LogOutputStream:75 - [STDERR_REDIRECT] 
2026-08-29 10:28:36,709 [ERROR] LogOutputStream:75 - [STDERR_REDIRECT] [Fatal Error] :1:1: Premature end of file.
2026-08-29 10:28:36,709 [ERROR] LogOutputStream:75 - [STDERR_REDIRECT] 
2026-08-29 10:28:37,701 [ERROR] LogOutputStream:75 - [STDERR_REDIRECT] [Fatal Error] :1:1: Premature end of file.
2026-08-29 10:28:37,701 [ERROR] LogOutputStream:75 - [STDERR_REDIRECT] 
2026-08-29 10:28:38,703 [ERROR] LogOutputStream:75 - [STDERR_REDIRECT] [Fatal Error] :1:1: Premature end of file.
2026-08-29 10:28:38,703 [ERROR] LogOutputStream:75 - [STDERR_REDIRECT] 
2026-08-29 10:28:39,703 [ERROR] LogOutputStream:75 - [STDERR_REDIRECT] [Fatal Error] :1:1: Premature end of file.
2026-08-29 10:28:39,703 [ERROR] LogOutputStream:75 - [STDERR_REDIRECT] 
2026-08-29 10:28:40,701 [ERROR] LogOutputStream:75 - [STDERR_REDIRECT] [Fatal Error] :1:1: Premature end of file.
2026-08-29 10:28:40,701 [ERROR] LogOutputStream:75 - [STDERR_REDIRECT] 
2026-08-29 10:28:41,701 [ERROR] LogOutputStream:75 - [STDERR_REDIRECT] [Fatal Error] :1:1: Premature end of file.
2026-08-29 10:28:41,701 [ERROR] LogOutputStream:75 - [STDERR_REDIRECT] 
2026-08-29 10:28:42,702 [ERROR] LogOutputStream:75 - [STDERR_REDIRECT] [Fatal Error] :1:1: Premature end of file.
2026-08-29 10:28:42,702 [ERROR] LogOutputStream:75 - [STDERR_REDIRECT] 
2026-08-29 10:28:43,707 [ERROR] LogOutputStream:75 - [STDERR_REDIRECT] [Fatal Error] :1:1: Premature end of file.
2026-08-29 10:28:43,707 [ERROR] LogOutputStream:75 - [STDERR_REDIRECT] 
2026-08-29 10:28:44,698 [ERROR] LogOutputStream:75 - [STDERR_REDIRECT] [Fatal Error] :1:1: Premature end of file.
2026-08-29 10:28:44,698 [ERROR] LogOutputStream:75 - [STDERR_REDIRECT] 
2026-08-29 10:28:45,702 [ERROR] LogOutputStream:75 - [STDERR_REDIRECT] [Fatal Error] :1:1: Premature end of file.
2026-08-29 10:28:45,702 [ERROR] LogOutputStream:75 - [STDERR_REDIRECT] 
2026-08-29 10:28:46,700 [ERROR] LogOutputStream:75 - [STDERR_REDIRECT] [Fatal Error] :1:1: Premature end of file.
2026-08-29 10:28:46,700 [ERROR] LogOutputStream:75 - [STDERR_REDIRECT] 
2026-08-29 10:28:47,704 [ERROR] LogOutputStream:75 - [STDERR_REDIRECT] [Fatal Error] :1:1: Premature end of file.
2026-08-29 10:28:47,704 [ERROR] LogOutputStream:75 - [STDERR_REDIRECT] 
2026-08-29 10:28:48,702 [ERROR] LogOutputStream:75 - [STDERR_REDIRECT] [Fatal Error] :1:1: Premature end of file.
2026-08-29 10:28:48,702 [ERROR] LogOutputStream:75 - [STDERR_REDIRECT] 
2026-08-29 10:28:49,709 [ERROR] LogOutputStream:75 - [STDERR_REDIRECT] [Fatal Error] :1:1: Premature end of file.
2026-08-29 10:28:49,709 [ERROR] LogOutputStream:75 - [STDERR_REDIRECT] 
2026-08-29 10:28:50,707 [ERROR] LogOutputStream:75 - [STDERR_REDIRECT] [Fatal Error] :1:1: Premature end of file.
2026-08-29 10:28:50,707 [ERROR] LogOutputStream:75 - [STDERR_REDIRECT] 
2026-08-29 10:28:51,708 [ERROR] LogOutputStream:75 - [STDERR_REDIRECT] [Fatal Error] :1:1: Premature end of file.
2026-08-29 10:28:51,708 [ERROR] LogOutputStream:75 - [STDERR_REDIRECT] 
2026-08-29 10:28:52,707 [ERROR] LogOutputStream:75 - [STDERR_REDIRECT] [Fatal Error] :1:1: Premature end of file.
2026-08-29 10:28:52,707 [ERROR] LogOutputStream:75 - [STDERR_REDIRECT] 
2026-08-29 10:28:53,710 [ERROR] LogOutputStream:75 - [STDERR_REDIRECT] [Fatal Error] :1:1: Premature end of file.
2026-08-29 10:28:53,710 [ERROR] LogOutputStream:75 - [STDERR_REDIRECT] 
2026-08-29 10:28:54,708 [ERROR] LogOutputStream:75 - [STDERR_REDIRECT] [Fatal Error] :1:1: Premature end of file.
2026-08-29 10:28:54,708 [ERROR] LogOutputStream:75 - [STDERR_REDIRECT] 
2026-08-29 10:28:55,704 [ERROR] LogOutputStream:75 - [STDERR_REDIRECT] [Fatal Error] :1:1: Premature end of file.
2026-08-29 10:28:55,704 [ERROR] LogOutputStream:75 - [STDERR_REDIRECT] 
2026-08-29 10:28:56,710 [ERROR] LogOutputStream:75 - [STDERR_REDIRECT] [Fatal Error] :1:1: Premature end of file.
2026-08-29 10:28:56,710 [ERROR] LogOutputStream:75 - [STDERR_REDIRECT] 
2026-08-29 10:28:57,710 [ERROR] LogOutputStream:75 - [STDERR_REDIRECT] [Fatal Error] :1:1: Premature end of file.
2026-08-29 10:28:57,711 [ERROR] LogOutputStream:75 - [STDERR_REDIRECT] 
2026-08-29 10:28:58,695 [ERROR] LogOutputStream:75 - [STDERR_REDIRECT] [Fatal Error] :1:1: Premature end of file.
2026-08-29 10:28:58,695 [ERROR] LogOutputStream:75 - [STDERR_REDIRECT] 
2026-08-29 10:28:59,699 [ERROR] LogOutputStream:75 - [STDERR_REDIRECT] [Fatal Error] :1:1: Premature end of file.
2026-08-29 10:28:59,699 [ERROR] LogOutputStream:75 - [STDERR_REDIRECT] 
2026-08-29 10:29:00,702 [ERROR] LogOutputStream:75 - [STDERR_REDIRECT] [Fatal Error] :1:1: Premature end of file.
2026-08-29 10:29:00,702 [ERROR] LogOutputStream:75 - [STDERR_REDIRECT] 
2026-08-29 10:29:01,712 [ERROR] LogOutputStream:75 - [STDERR_REDIRECT] [Fatal Error] :1:1: Premature end of file.
2026-08-29 10:29:01,712 [ERROR] LogOutputStream:75 - [STDERR_REDIRECT] 
2026-08-29 10:29:02,708 [ERROR] LogOutputStream:75 - [STDERR_REDIRECT] [Fatal Error] :1:1: Premature end of file.
2026-08-29 10:29:02,708 [ERROR] LogOutputStream:75 - [STDERR_REDIRECT] 
2026-08-29 10:29:03,704 [ERROR] LogOutputStream:75 - [STDERR_REDIRECT] [Fatal Error] :1:1: Premature end of file.
2026-08-29 10:29:03,704 [ERROR] LogOutputStream:75 - [STDERR_REDIRECT] 
2026-08-29 10:29:04,716 [ERROR] LogOutputStream:75 - [STDERR_REDIRECT] [Fatal Error] :1:1: Premature end of file.
2026-08-29 10:29:04,716 [ERROR] LogOutputStream:75 - [STDERR_REDIRECT] 
2026-08-29 10:29:05,706 [ERROR] LogOutputStream:75 - [STDERR_REDIRECT] [Fatal Error] :1:1: Premature end of file.
2026-08-29 10:29:05,706 [ERROR] LogOutputStream:75 - [STDERR_REDIRECT] 
2026-08-29 10:29:06,704 [ERROR] LogOutputStream:75 - [STDERR_REDIRECT] [Fatal Error] :1:1: Premature end of file.
2026-08-29 10:29:06,704 [ERROR] LogOutputStream:75 - [STDERR_REDIRECT] 
2026-08-29 10:29:07,705 [ERROR] LogOutputStream:75 - [STDERR_REDIRECT] [Fatal Error] :1:1: Premature end of file.
2026-08-29 10:29:07,705 [ERROR] LogOutputStream:75 - [STDERR_REDIRECT] 
2026-08-29 10:29:08,715 [ERROR] LogOutputStream:75 - [STDERR_REDIRECT] [Fatal Error] :1:1: Premature end of file.
2026-08-29 10:29:08,715 [ERROR] LogOutputStream:75 - [STDERR_REDIRECT] 
2026-08-29 10:29:09,696 [ERROR] LogOutputStream:75 - [STDERR_REDIRECT] [Fatal Error] :1:1: Premature end of file.
2026-08-29 10:29:09,696 [ERROR] LogOutputStream:75 - [STDERR_REDIRECT] 
2026-08-29 10:29:10,709 [ERROR] LogOutputStream:75 - [STDERR_REDIRECT] [Fatal Error] :1:1: Premature end of file.
2026-08-29 10:29:10,709 [ERROR] LogOutputStream:75 - [STDERR_REDIRECT] 
2026-08-29 10:29:11,698 [ERROR] LogOutputStream:75 - [STDERR_REDIRECT] [Fatal Error] :1:1: Premature end of file.
2026-08-29 10:29:11,698 [ERROR] LogOutputStream:75 - [STDERR_REDIRECT] 
2026-08-29 10:29:12,699 [ERROR] LogOutputStream:75 - [STDERR_REDIRECT] [Fatal Error] :1:1: Premature end of file.
2026-08-29 10:29:12,699 [ERROR] LogOutputStream:75 - [STDERR_REDIRECT] 
2026-08-29 10:29:13,698 [ERROR] LogOutputStream:75 - [STDERR_REDIRECT] [Fatal Error] :1:1: Premature end of file.
2026-08-29 10:29:13,698 [ERROR] LogOutputStream:75 - [STDERR_REDIRECT] 
2026-08-29 10:29:14,707 [ERROR] LogOutputStream:75 - [STDERR_REDIRECT] [Fatal Error] :1:1: Premature end of file.
2026-08-29 10:29:14,707 [ERROR] LogOutputStream:75 - [STDERR_REDIRECT] 
2026-08-29 10:29:15,704 [ERROR] LogOutputStream:75 - [STDERR_REDIRECT] [Fatal Error] :1:1: Premature end of file.
2026-08-29 10:29:15,704 [ERROR] LogOutputStream:75 - [STDERR_REDIRECT] 
2026-08-29 10:29:16,707 [ERROR] LogOutputStream:75 - [STDERR_REDIRECT] [Fatal Error] :1:1: Premature end of file.
2026-08-29 10:29:16,707 [ERROR] LogOutputStream:75 - [STDERR_REDIRECT] 
2026-08-29 10:29:17,707 [ERROR] LogOutputStream:75 - [STDERR_REDIRECT] [Fatal Error] :1:1: Premature end of file.
2026-08-29 10:29:17,707 [ERROR] LogOutputStream:75 - [STDERR_REDIRECT] 
2026-08-29 10:29:18,707 [ERROR] LogOutputStream:75 - [STDERR_REDIRECT] [Fatal Error] :1:1: Premature end of file.
2026-08-29 10:29:18,707 [ERROR] LogOutputStream:75 - [STDERR_REDIRECT] 
2026-08-29 10:29:19,708 [ERROR] LogOutputStream:75 - [STDERR_REDIRECT] [Fatal Error] :1:1: Premature end of file.
2026-08-29 10:29:19,708 [ERROR] LogOutputStream:75 - [STDERR_REDIRECT] 
2026-08-29 10:29:20,709 [ERROR] LogOutputStream:75 - [STDERR_REDIRECT] [Fatal Error] :1:1: Premature end of file.
2026-08-29 10:29:20,709 [ERROR] LogOutputStream:75 - [STDERR_REDIRECT] 
2026-08-29 10:29:21,712 [ERROR] LogOutputStream:75 - [STDERR_REDIRECT] [Fatal Error] :1:1: Premature end of file.
2026-08-29 10:29:21,712 [ERROR] LogOutputStream:75 - [STDERR_REDIRECT] 
2026-08-29 10:29:22,698 [ERROR] LogOutputStream:75 - [STDERR_REDIRECT] [Fatal Error] :1:1: Premature end of file.
2026-08-29 10:29:22,698 [ERROR] LogOutputStream:75 - [STDERR_REDIRECT] 
2026-08-29 10:29:23,701 [ERROR] LogOutputStream:75 - [STDERR_REDIRECT] [Fatal Error] :1:1: Premature end of file.
2026-08-29 10:29:23,701 [ERROR] LogOutputStream:75 - [STDERR_REDIRECT] 
2026-08-29 10:29:24,700 [ERROR] LogOutputStream:75 - [STDERR_REDIRECT] [Fatal Error] :1:1: Premature end of file.
2026-08-29 10:29:24,700 [ERROR] LogOutputStream:75 - [STDERR_REDIRECT] 
2026-08-29 10:29:25,709 [ERROR] LogOutputStream:75 - [STDERR_REDIRECT] [Fatal Error] :1:1: Premature end of file.
2026-08-29 10:29:25,709 [ERROR] LogOutputStream:75 - [STDERR_REDIRECT] 
2026-08-29 10:29:26,706 [ERROR] LogOutputStream:75 - [STDERR_REDIRECT] [Fatal Error] :1:1: Premature end of file.
2026-08-29 10:29:26,706 [ERROR] LogOutputStream:75 - [STDERR_REDIRECT] 
2026-08-29 10:29:27,707 [ERROR] LogOutputStream:75 - [STDERR_REDIRECT] [Fatal Error] :1:1: Premature end of file.
2026-08-29 10:29:27,707 [ERROR] LogOutputStream:75 - [STDERR_REDIRECT] 
2026-08-29 10:29:28,704 [ERROR] LogOutputStream:75 - [STDERR_REDIRECT] [Fatal Error] :1:1: Premature end of file.
2026-08-29 10:29:28,704 [ERROR] LogOutputStream:75 - [STDERR_REDIRECT] 
2026-08-29 10:29:29,701 [ERROR] LogOutputStream:75 - [STDERR_REDIRECT] [Fatal Error] :1:1: Premature end of file.
2026-08-29 10:29:29,701 [ERROR] LogOutputStream:75 - [STDERR_REDIRECT] 
2026-08-29 10:29:30,695 [ERROR] LogOutputStream:75 - [STDERR_REDIRECT] [Fatal Error] :1:1: Premature end of file.
2026-08-29 10:29:30,695 [ERROR] LogOutputStream:75 - [STDERR_REDIRECT] 
2026-08-29 10:29:31,704 [ERROR] LogOutputStream:75 - [STDERR_REDIRECT] [Fatal Error] :1:1: Premature end of file.
2026-08-29 10:29:31,704 [ERROR] LogOutputStream:75 - [STDERR_REDIRECT] 
2026-08-29 10:29:32,706 [ERROR] LogOutputStream:75 - [STDERR_REDIRECT] [Fatal Error] :1:1: Premature end of file.
2026-08-29 10:29:32,706 [ERROR] LogOutputStream:75 - [STDERR_REDIRECT] 
2026-08-29 10:29:33,715 [ERROR] LogOutputStream:75 - [STDERR_REDIRECT] [Fatal Error] :1:1: Premature end of file.
2026-08-29 10:29:33,715 [ERROR] LogOutputStream:75 - [STDERR_REDIRECT] 
2026-08-29 10:29:34,706 [ERROR] LogOutputStream:75 - [STDERR_REDIRECT] [Fatal Error] :1:1: Premature end of file.
2026-08-29 10:29:34,706 [ERROR] LogOutputStream:75 - [STDERR_REDIRECT] 
2026-08-29 10:29:35,701 [ERROR] LogOutputStream:75 - [STDERR_REDIRECT] [Fatal Error] :1:1: Premature end of file.
2026-08-29 10:29:35,701 [ERROR] LogOutputStream:75 - [STDERR_REDIRECT] 
2026-08-29 10:29:36,706 [ERROR] LogOutputStream:75 - [STDERR_REDIRECT] [Fatal Error] :1:1: Premature end of file.
2026-08-29 10:29:36,706 [ERROR] LogOutputStream:75 - [STDERR_REDIRECT] 
2026-08-29 10:29:37,711 [ERROR] LogOutputStream:75 - [STDERR_REDIRECT] [Fatal Error] :1:1: Premature end of file.
2026-08-29 10:29:37,711 [ERROR] LogOutputStream:75 - [STDERR_REDIRECT] 
2026-08-29 10:29:38,712 [ERROR] LogOutputStream:75 - [STDERR_REDIRECT] [Fatal Error] :1:1: Premature end of file.
2026-08-29 10:29:38,712 [ERROR] LogOutputStream:75 - [STDERR_REDIRECT] 
2026-08-29 10:29:39,704 [ERROR] LogOutputStream:75 - [STDERR_REDIRECT] [Fatal Error] :1:1: Premature end of file.
2026-08-29 10:29:39,704 [ERROR] LogOutputStream:75 - [STDERR_REDIRECT] 
2026-08-29 10:29:40,699 [ERROR] LogOutputStream:75 - [STDERR_REDIRECT] [Fatal Error] :1:1: Premature end of file.
2026-08-29 10:29:40,699 [ERROR] LogOutputStream:75 - [STDERR_REDIRECT] 
2026-08-29 10:29:41,695 [ERROR] LogOutputStream:75 - [STDERR_REDIRECT] [Fatal Error] :1:1: Premature end of file.
2026-08-29 10:29:41,695 [ERROR] LogOutputStream:75 - [STDERR_REDIRECT] 
2026-08-29 10:29:42,708 [ERROR] LogOutputStream:75 - [STDERR_REDIRECT] [Fatal Error] :1:1: Premature end of file.
2026-08-29 10:29:42,708 [ERROR] LogOutputStream:75 - [STDERR_REDIRECT] 
2026-08-29 10:29:43,698 [ERROR] LogOutputStream:75 - [STDERR_REDIRECT] [Fatal Error] :1:1: Premature end of file.
2026-08-29 10:29:43,698 [ERROR] LogOutputStream:75 - [STDERR_REDIRECT] 
2026-08-29 10:29:44,711 [ERROR] LogOutputStream:75 - [STDERR_REDIRECT] [Fatal Error] :1:1: Premature end of file.
2026-08-29 10:29:44,711 [ERROR] LogOutputStream:75 - [STDERR_REDIRECT] 
2026-08-29 10:29:45,715 [ERROR] LogOutputStream:75 - [STDERR_REDIRECT] [Fatal Error] :1:1: Premature end of file.
2026-08-29 10:29:45,715 [ERROR] LogOutputStream:75 - [STDERR_REDIRECT] 
2026-08-29 10:29:46,707 [ERROR] LogOutputStream:75 - [STDERR_REDIRECT] [Fatal Error] :1:1: Premature end of file.
2026-08-29 10:29:46,707 [ERROR] LogOutputStream:75 - [STDERR_REDIRECT] 
2026-08-29 10:29:47,711 [ERROR] LogOutputStream:75 - [STDERR_REDIRECT] [Fatal Error] :1:1: Premature end of file.
2026-08-29 10:29:47,712 [ERROR] LogOutputStream:75 - [STDERR_REDIRECT] 
2026-08-29 10:29:48,703 [ERROR] LogOutputStream:75 - [STDERR_REDIRECT] [Fatal Error] :1:1: Premature end of file.
2026-08-29 10:29:48,703 [ERROR] LogOutputStream:75 - [STDERR_REDIRECT] 
2026-08-29 10:29:49,712 [ERROR] LogOutputStream:75 - [STDERR_REDIRECT] [Fatal Error] :1:1: Premature end of file.
2026-08-29 10:29:49,712 [ERROR] LogOutputStream:75 - [STDERR_REDIRECT] 
2026-08-29 10:29:50,715 [ERROR] LogOutputStream:75 - [STDERR_REDIRECT] [Fatal Error] :1:1: Premature end of file.
2026-08-29 10:29:50,715 [ERROR] LogOutputStream:75 - [STDERR_REDIRECT] 
2026-08-29 10:29:51,711 [ERROR] LogOutputStream:75 - [STDERR_REDIRECT] [Fatal Error] :1:1: Premature end of file.
2026-08-29 10:29:51,713 [ERROR] LogOutputStream:75 - [STDERR_REDIRECT] 
2026-08-29 10:29:52,718 [ERROR] LogOutputStream:75 - [STDERR_REDIRECT] [Fatal Error] :1:1: Premature end of file.
2026-08-29 10:29:52,718 [ERROR] LogOutputStream:75 - [STDERR_REDIRECT] 
2026-08-29 10:29:53,706 [ERROR] LogOutputStream:75 - [STDERR_REDIRECT] [Fatal Error] :1:1: Premature end of file.
2026-08-29 10:29:53,706 [ERROR] LogOutputStream:75 - [STDERR_REDIRECT] 
2026-08-29 10:29:54,705 [ERROR] LogOutputStream:75 - [STDERR_REDIRECT] [Fatal Error] :1:1: Premature end of file.
2026-08-29 10:29:54,705 [ERROR] LogOutputStream:75 - [STDERR_REDIRECT] 
2026-08-29 10:29:55,700 [ERROR] LogOutputStream:75 - [STDERR_REDIRECT] [Fatal Error] :1:1: Premature end of file.
2026-08-29 10:29:55,700 [ERROR] LogOutputStream:75 - [STDERR_REDIRECT] 
2026-08-29 10:29:56,699 [ERROR] LogOutputStream:75 - [STDERR_REDIRECT] [Fatal Error] :1:1: Premature end of file.
2026-08-29 10:29:56,699 [ERROR] LogOutputStream:75 - [STDERR_REDIRECT] 
2026-08-29 10:29:57,709 [ERROR] LogOutputStream:75 - [STDERR_REDIRECT] [Fatal Error] :1:1: Premature end of file.
2026-08-29 10:29:57,709 [ERROR] LogOutputStream:75 - [STDERR_REDIRECT] 
2026-08-29 10:29:58,701 [ERROR] LogOutputStream:75 - [STDERR_REDIRECT] [Fatal Error] :1:1: Premature end of file.
2026-08-29 10:29:58,701 [ERROR] LogOutputStream:75 - [STDERR_REDIRECT] 
2026-08-29 10:29:59,720 [ERROR] LogOutputStream:75 - [STDERR_REDIRECT] [Fatal Error] :1:1: Premature end of file.
2026-08-29 10:29:59,720 [ERROR] LogOutputStream:75 - [STDERR_REDIRECT] 
2026-08-29 10:30:00,701 [ERROR] LogOutputStream:75 - [STDERR_REDIRECT] [Fatal Error] :1:1: Premature end of file.
2026-08-29 10:30:00,701 [ERROR] LogOutputStream:75 - [STDERR_REDIRECT] 
2026-08-29 10:30:01,710 [ERROR] LogOutputStream:75 - [STDERR_REDIRECT] [Fatal Error] :1:1: Premature end of file.
2026-08-29 10:30:01,710 [ERROR] LogOutputStream:75 - [STDERR_REDIRECT] 
2026-08-29 10:30:02,711 [ERROR] LogOutputStream:75 - [STDERR_REDIRECT] [Fatal Error] :1:1: Premature end of file.
2026-08-29 10:30:02,711 [ERROR] LogOutputStream:75 - [STDERR_REDIRECT] 
2026-08-29 10:30:03,698 [ERROR] LogOutputStream:75 - [STDERR_REDIRECT] [Fatal Error] :1:1: Premature end of file.
2026-08-29 10:30:03,698 [ERROR] LogOutputStream:75 - [STDERR_REDIRECT] 
2026-08-29 10:30:04,706 [ERROR] LogOutputStream:75 - [STDERR_REDIRECT] [Fatal Error] :1:1: Premature end of file.
2026-08-29 10:30:04,706 [ERROR] LogOutputStream:75 - [STDERR_REDIRECT] 
2026-08-29 10:30:05,707 [ERROR] LogOutputStream:75 - [STDERR_REDIRECT] [Fatal Error] :1:1: Premature end of file.
2026-08-29 10:30:05,707 [ERROR] LogOutputStream:75 - [STDERR_REDIRECT] 
2026-08-29 10:30:06,697 [ERROR] LogOutputStream:75 - [STDERR_REDIRECT] [Fatal Error] :1:1: Premature end of file.
2026-08-29 10:30:06,697 [ERROR] LogOutputStream:75 - [STDERR_REDIRECT] 
2026-08-29 10:30:07,706 [ERROR] LogOutputStream:75 - [STDERR_REDIRECT] [Fatal Error] :1:1: Premature end of file.
2026-08-29 10:30:07,706 [ERROR] LogOutputStream:75 - [STDERR_REDIRECT] 
2026-08-29 10:30:08,700 [ERROR] LogOutputStream:75 - [STDERR_REDIRECT] [Fatal Error] :1:1: Premature end of file.
2026-08-29 10:30:08,700 [ERROR] LogOutputStream:75 - [STDERR_REDIRECT] 
2026-08-29 10:30:09,710 [ERROR] LogOutputStream:75 - [STDERR_REDIRECT] [Fatal Error] :1:1: Premature end of file.
2026-08-29 10:30:09,710 [ERROR] LogOutputStream:75 - [STDERR_REDIRECT] 
2026-08-29 10:30:10,703 [ERROR] LogOutputStream:75 - [STDERR_REDIRECT] [Fatal Error] :1:1: Premature end of file.
2026-08-29 10:30:10,703 [ERROR] LogOutputStream:75 - [STDERR_REDIRECT] 
2026-08-29 10:30:11,703 [ERROR] LogOutputStream:75 - [STDERR_REDIRECT] [Fatal Error] :1:1: Premature end of file.
2026-08-29 10:30:11,703 [ERROR] LogOutputStream:75 - [STDERR_REDIRECT] 
2026-08-29 10:30:12,698 [ERROR] LogOutputStream:75 - [STDERR_REDIRECT] [Fatal Error] :1:1: Premature end of file.
2026-08-29 10:30:12,698 [ERROR] LogOutputStream:75 - [STDERR_REDIRECT] 
2026-08-29 10:30:13,713 [ERROR] LogOutputStream:75 - [STDERR_REDIRECT] [Fatal Error] :1:1: Premature end of file.
2026-08-29 10:30:13,713 [ERROR] LogOutputStream:75 - [STDERR_REDIRECT] 
2026-08-29 10:30:14,708 [ERROR] LogOutputStream:75 - [STDERR_REDIRECT] [Fatal Error] :1:1: Premature end of file.
2026-08-29 10:30:14,708 [ERROR] LogOutputStream:75 - [STDERR_REDIRECT] 
2026-08-29 10:30:15,705 [ERROR] LogOutputStream:75 - [STDERR_REDIRECT] [Fatal Error] :1:1: Premature end of file.
2026-08-29 10:30:15,705 [ERROR] LogOutputStream:75 - [STDERR_REDIRECT] 
2026-08-29 10:30:16,699 [ERROR] LogOutputStream:75 - [STDERR_REDIRECT] [Fatal Error] :1:1: Premature end of file.
2026-08-29 10:30:16,699 [ERROR] LogOutputStream:75 - [STDERR_REDIRECT] 
2026-08-29 10:30:17,709 [ERROR] LogOutputStream:75 - [STDERR_REDIRECT] [Fatal Error] :1:1: Premature end of file.
2026-08-29 10:30:17,709 [ERROR] LogOutputStream:75 - [STDERR_REDIRECT] 
2026-08-29 10:30:18,704 [ERROR] LogOutputStream:75 - [STDERR_REDIRECT] [Fatal Error] :1:1: Premature end of file.
2026-08-29 10:30:18,704 [ERROR] LogOutputStream:75 - [STDERR_REDIRECT] 
2026-08-29 10:30:19,698 [ERROR] LogOutputStream:75 - [STDERR_REDIRECT] [Fatal Error] :1:1: Premature end of file.
2026-08-29 10:30:19,698 [ERROR] LogOutputStream:75 - [STDERR_REDIRECT] 
2026-08-29 10:30:20,714 [ERROR] LogOutputStream:75 - [STDERR_REDIRECT] [Fatal Error] :1:1: Premature end of file.
2026-08-29 10:30:20,714 [ERROR] LogOutputStream:75 - [STDERR_REDIRECT] 
2026-08-29 10:30:21,701 [ERROR] LogOutputStream:75 - [STDERR_REDIRECT] [Fatal Error] :1:1: Premature end of file.
2026-08-29 10:30:21,701 [ERROR] LogOutputStream:75 - [STDERR_REDIRECT] 
2026-08-29 10:30:22,695 [ERROR] LogOutputStream:75 - [STDERR_REDIRECT] [Fatal Error] :1:1: Premature end of file.
2026-08-29 10:30:22,695 [ERROR] LogOutputStream:75 - [STDERR_REDIRECT] 
2026-08-29 10:30:23,715 [ERROR] LogOutputStream:75 - [STDERR_REDIRECT] [Fatal Error] :1:1: Premature end of file.
2026-08-29 10:30:23,715 [ERROR] LogOutputStream:75 - [STDERR_REDIRECT] 
2026-08-29 10:30:24,702 [ERROR] LogOutputStream:75 - [STDERR_REDIRECT] [Fatal Error] :1:1: Premature end of file.
2026-08-29 10:30:24,702 [ERROR] LogOutputStream:75 - [STDERR_REDIRECT] 
2026-08-29 10:30:25,695 [ERROR] LogOutputStream:75 - [STDERR_REDIRECT] [Fatal Error] :1:1: Premature end of file.
2026-08-29 10:30:25,695 [ERROR] LogOutputStream:75 - [STDERR_REDIRECT] 
2026-08-29 10:30:26,710 [ERROR] LogOutputStream:75 - [STDERR_REDIRECT] [Fatal Error] :1:1: Premature end of file.
2026-08-29 10:30:26,710 [ERROR] LogOutputStream:75 - [STDERR_REDIRECT] 
2026-08-29 10:30:27,705 [ERROR] LogOutputStream:75 - [STDERR_REDIRECT] [Fatal Error] :1:1: Premature end of file.
2026-08-29 10:30:27,705 [ERROR] LogOutputStream:75 - [STDERR_REDIRECT] 
2026-08-29 10:30:28,701 [ERROR] LogOutputStream:75 - [STDERR_REDIRECT] [Fatal Error] :1:1: Premature end of file.
2026-08-29 10:30:28,701 [ERROR] LogOutputStream:75 - [STDERR_REDIRECT] 
2026-08-29 10:30:29,716 [ERROR] LogOutputStream:75 - [STDERR_REDIRECT] [Fatal Error] :1:1: Premature end of file.
2026-08-29 10:30:29,716 [ERROR] LogOutputStream:75 - [STDERR_REDIRECT] 
2026-08-29 10:30:30,706 [ERROR] LogOutputStream:75 - [STDERR_REDIRECT] [Fatal Error] :1:1: Premature end of file.
2026-08-29 10:30:30,706 [ERROR] LogOutputStream:75 - [STDERR_REDIRECT] 
2026-08-29 10:30:31,703 [ERROR] LogOutputStream:75 - [STDERR_REDIRECT] [Fatal Error] :1:1: Premature end of file.
2026-08-29 10:30:31,703 [ERROR] LogOutputStream:75 - [STDERR_REDIRECT] 
2026-08-29 10:30:32,702 [ERROR] LogOutputStream:75 - [STDERR_REDIRECT] [Fatal Error] :1:1: Premature end of file.
2026-08-29 10:30:32,702 [ERROR] LogOutputStream:75 - [STDERR_REDIRECT] 
2026-08-29 10:30:33,702 [ERROR] LogOutputStream:75 - [STDERR_REDIRECT] [Fatal Error] :1:1: Premature end of file.
2026-08-29 10:30:33,702 [ERROR] LogOutputStream:75 - [STDERR_REDIRECT] 
2026-08-29 10:30:34,707 [ERROR] LogOutputStream:75 - [STDERR_REDIRECT] [Fatal Error] :1:1: Premature end of file.
2026-08-29 10:30:34,707 [ERROR] LogOutputStream:75 - [STDERR_REDIRECT] 
2026-08-29 10:30:35,702 [ERROR] LogOutputStream:75 - [STDERR_REDIRECT] [Fatal Error] :1:1: Premature end of file.
2026-08-29 10:30:35,702 [ERROR] LogOutputStream:75 - [STDERR_REDIRECT] 
2026-08-29 10:30:36,711 [ERROR] LogOutputStream:75 - [STDERR_REDIRECT] [Fatal Error] :1:1: Premature end of file.
2026-08-29 10:30:36,711 [ERROR] LogOutputStream:75 - [STDERR_REDIRECT] 
2026-08-29 10:30:37,709 [ERROR] LogOutputStream:75 - [STDERR_REDIRECT] [Fatal Error] :1:1: Premature end of file.
2026-08-29 10:30:37,709 [ERROR] LogOutputStream:75 - [STDERR_REDIRECT] 
2026-08-29 10:30:38,712 [ERROR] LogOutputStream:75 - [STDERR_REDIRECT] [Fatal Error] :1:1: Premature end of file.
2026-08-29 10:30:38,712 [ERROR] LogOutputStream:75 - [STDERR_REDIRECT] 
2026-08-29 10:30:39,710 [ERROR] LogOutputStream:75 - [STDERR_REDIRECT] [Fatal Error] :1:1: Premature end of file.
2026-08-29 10:30:39,710 [ERROR] LogOutputStream:75 - [STDERR_REDIRECT] 
2026-08-29 10:30:40,703 [ERROR] LogOutputStream:75 - [STDERR_REDIRECT] [Fatal Error] :1:1: Premature end of file.
2026-08-29 10:30:40,703 [ERROR] LogOutputStream:75 - [STDERR_REDIRECT] 
2026-08-29 10:30:41,698 [ERROR] LogOutputStream:75 - [STDERR_REDIRECT] [Fatal Error] :1:1: Premature end of file.
2026-08-29 10:30:41,698 [ERROR] LogOutputStream:75 - [STDERR_REDIRECT] 
2026-08-29 10:30:42,709 [ERROR] LogOutputStream:75 - [STDERR_REDIRECT] [Fatal Error] :1:1: Premature end of file.
2026-08-29 10:30:42,709 [ERROR] LogOutputStream:75 - [STDERR_REDIRECT] 
2026-08-29 10:30:43,714 [ERROR] LogOutputStream:75 - [STDERR_REDIRECT] [Fatal Error] :1:1: Premature end of file.
2026-08-29 10:30:43,714 [ERROR] LogOutputStream:75 - [STDERR_REDIRECT] 
2026-08-29 10:30:44,709 [ERROR] LogOutputStream:75 - [STDERR_REDIRECT] [Fatal Error] :1:1: Premature end of file.
2026-08-29 10:30:44,709 [ERROR] LogOutputStream:75 - [STDERR_REDIRECT] 
2026-08-29 10:30:45,702 [ERROR] LogOutputStream:75 - [STDERR_REDIRECT] [Fatal Error] :1:1: Premature end of file.
2026-08-29 10:30:45,702 [ERROR] LogOutputStream:75 - [STDERR_REDIRECT] 
2026-08-29 10:30:46,706 [ERROR] LogOutputStream:75 - [STDERR_REDIRECT] [Fatal Error] :1:1: Premature end of file.
2026-08-29 10:30:46,706 [ERROR] LogOutputStream:75 - [STDERR_REDIRECT] 
2026-08-29 10:30:47,706 [ERROR] LogOutputStream:75 - [STDERR_REDIRECT] [Fatal Error] :1:1: Premature end of file.
2026-08-29 10:30:47,706 [ERROR] LogOutputStream:75 - [STDERR_REDIRECT] 
2026-08-29 10:30:48,697 [ERROR] LogOutputStream:75 - [STDERR_REDIRECT] [Fatal Error] :1:1: Premature end of file.
2026-08-29 10:30:48,697 [ERROR] LogOutputStream:75 - [STDERR_REDIRECT] 
2026-08-29 10:30:49,700 [ERROR] LogOutputStream:75 - [STDERR_REDIRECT] [Fatal Error] :1:1: Premature end of file.
2026-08-29 10:30:49,700 [ERROR] LogOutputStream:75 - [STDERR_REDIRECT] 
2026-08-29 10:30:50,713 [ERROR] LogOutputStream:75 - [STDERR_REDIRECT] [Fatal Error] :1:1: Premature end of file.
2026-08-29 10:30:50,713 [ERROR] LogOutputStream:75 - [STDERR_REDIRECT] 
2026-08-29 10:30:51,716 [ERROR] LogOutputStream:75 - [STDERR_REDIRECT] [Fatal Error] :1:1: Premature end of file.
2026-08-29 10:30:51,716 [ERROR] LogOutputStream:75 - [STDERR_REDIRECT] 
2026-08-29 10:30:52,703 [ERROR] LogOutputStream:75 - [STDERR_REDIRECT] [Fatal Error] :1:1: Premature end of file.
2026-08-29 10:30:52,703 [ERROR] LogOutputStream:75 - [STDERR_REDIRECT] 
2026-08-29 10:30:53,713 [ERROR] LogOutputStream:75 - [STDERR_REDIRECT] [Fatal Error] :1:1: Premature end of file.
2026-08-29 10:30:53,713 [ERROR] LogOutputStream:75 - [STDERR_REDIRECT] 
2026-08-29 10:30:54,715 [ERROR] LogOutputStream:75 - [STDERR_REDIRECT] [Fatal Error] :1:1: Premature end of file.
2026-08-29 10:30:54,715 [ERROR] LogOutputStream:75 - [STDERR_REDIRECT] 
2026-08-29 10:30:55,710 [ERROR] LogOutputStream:75 - [STDERR_REDIRECT] [Fatal Error] :1:1: Premature end of file.
2026-08-29 10:30:55,710 [ERROR] LogOutputStream:75 - [STDERR_REDIRECT] 
2026-08-29 10:30:56,705 [ERROR] LogOutputStream:75 - [STDERR_REDIRECT] [Fatal Error] :1:1: Premature end of file.
2026-08-29 10:30:56,705 [ERROR] LogOutputStream:75 - [STDERR_REDIRECT] 
2026-08-29 10:30:57,696 [ERROR] LogOutputStream:75 - [STDERR_REDIRECT] [Fatal Error] :1:1: Premature end of file.
2026-08-29 10:30:57,696 [ERROR] LogOutputStream:75 - [STDERR_REDIRECT] 
2026-08-29 10:30:58,713 [ERROR] LogOutputStream:75 - [STDERR_REDIRECT] [Fatal Error] :1:1: Premature end of file.
2026-08-29 10:30:58,713 [ERROR] LogOutputStream:75 - [STDERR_REDIRECT] 
2026-08-29 10:30:59,703 [ERROR] LogOutputStream:75 - [STDERR_REDIRECT] [Fatal Error] :1:1: Premature end of file.
2026-08-29 10:30:59,703 [ERROR] LogOutputStream:75 - [STDERR_REDIRECT] 
2026-08-29 10:31:00,707 [ERROR] LogOutputStream:75 - [STDERR_REDIRECT] [Fatal Error] :1:1: Premature end of file.
2026-08-29 10:31:00,707 [ERROR] LogOutputStream:75 - [STDERR_REDIRECT] 
2026-08-29 10:31:01,703 [ERROR] LogOutputStream:75 - [STDERR_REDIRECT] [Fatal Error] :1:1: Premature end of file.
2026-08-29 10:31:01,703 [ERROR] LogOutputStream:75 - [STDERR_REDIRECT] 
2026-08-29 10:31:02,708 [ERROR] LogOutputStream:75 - [STDERR_REDIRECT] [Fatal Error] :1:1: Premature end of file.
2026-08-29 10:31:02,708 [ERROR] LogOutputStream:75 - [STDERR_REDIRECT] 
2026-08-29 10:31:03,705 [ERROR] LogOutputStream:75 - [STDERR_REDIRECT] [Fatal Error] :1:1: Premature end of file.
2026-08-29 10:31:03,705 [ERROR] LogOutputStream:75 - [STDERR_REDIRECT] 
2026-08-29 10:31:04,712 [ERROR] LogOutputStream:75 - [STDERR_REDIRECT] [Fatal Error] :1:1: Premature end of file.
2026-08-29 10:31:04,712 [ERROR] LogOutputStream:75 - [STDERR_REDIRECT] 
2026-08-29 10:31:05,706 [ERROR] LogOutputStream:75 - [STDERR_REDIRECT] [Fatal Error] :1:1: Premature end of file.
2026-08-29 10:31:05,706 [ERROR] LogOutputStream:75 - [STDERR_REDIRECT] 
2026-08-29 10:31:06,711 [ERROR] LogOutputStream:75 - [STDERR_REDIRECT] [Fatal Error] :1:1: Premature end of file.
2026-08-29 10:31:06,711 [ERROR] LogOutputStream:75 - [STDERR_REDIRECT] 
2026-08-29 10:31:07,705 [ERROR] LogOutputStream:75 - [STDERR_REDIRECT] [Fatal Error] :1:1: Premature end of file.
2026-08-29 10:31:07,705 [ERROR] LogOutputStream:75 - [STDERR_REDIRECT] 
2026-08-29 10:31:08,701 [ERROR] LogOutputStream:75 - [STDERR_REDIRECT] [Fatal Error] :1:1: Premature end of file.
2026-08-29 10:31:08,701 [ERROR] LogOutputStream:75 - [STDERR_REDIRECT] 
2026-08-29 10:31:09,703 [ERROR] LogOutputStream:75 - [STDERR_REDIRECT] [Fatal Error] :1:1: Premature end of file.
2026-08-29 10:31:09,703 [ERROR] LogOutputStream:75 - [STDERR_REDIRECT] 
2026-08-29 10:31:10,695 [ERROR] LogOutputStream:75 - [STDERR_REDIRECT] [Fatal Error] :1:1: Premature end of file.
2026-08-29 10:31:10,695 [ERROR] LogOutputStream:75 - [STDERR_REDIRECT] 
2026-08-29 10:31:11,708 [ERROR] LogOutputStream:75 - [STDERR_REDIRECT] [Fatal Error] :1:1: Premature end of file.
2026-08-29 10:31:11,708 [ERROR] LogOutputStream:75 - [STDERR_REDIRECT] 
2026-08-29 10:31:12,700 [ERROR] LogOutputStream:75 - [STDERR_REDIRECT] [Fatal Error] :1:1: Premature end of file.
2026-08-29 10:31:12,700 [ERROR] LogOutputStream:75 - [STDERR_REDIRECT] 
2026-08-29 10:31:13,695 [ERROR] LogOutputStream:75 - [STDERR_REDIRECT] [Fatal Error] :1:1: Premature end of file.
2026-08-29 10:31:13,695 [ERROR] LogOutputStream:75 - [STDERR_REDIRECT] 
2026-08-29 10:31:14,715 [ERROR] LogOutputStream:75 - [STDERR_REDIRECT] [Fatal Error] :1:1: Premature end of file.
2026-08-29 10:31:14,715 [ERROR] LogOutputStream:75 - [STDERR_REDIRECT] 
2026-08-29 10:31:15,713 [ERROR] LogOutputStream:75 - [STDERR_REDIRECT] [Fatal Error] :1:1: Premature end of file.
2026-08-29 10:31:15,713 [ERROR] LogOutputStream:75 - [STDERR_REDIRECT] 
2026-08-29 10:31:16,700 [ERROR] LogOutputStream:75 - [STDERR_REDIRECT] [Fatal Error] :1:1: Premature end of file.
2026-08-29 10:31:16,700 [ERROR] LogOutputStream:75 - [STDERR_REDIRECT] 
2026-08-29 10:31:17,705 [ERROR] LogOutputStream:75 - [STDERR_REDIRECT] [Fatal Error] :1:1: Premature end of file.
2026-08-29 10:31:17,705 [ERROR] LogOutputStream:75 - [STDERR_REDIRECT] 
2026-08-29 10:31:18,706 [ERROR] LogOutputStream:75 - [STDERR_REDIRECT] [Fatal Error] :1:1: Premature end of file.
2026-08-29 10:31:18,706 [ERROR] LogOutputStream:75 - [STDERR_REDIRECT] 
2026-08-29 10:31:19,704 [ERROR] LogOutputStream:75 - [STDERR_REDIRECT] [Fatal Error] :1:1: Premature end of file.
2026-08-29 10:31:19,704 [ERROR] LogOutputStream:75 - [STDERR_REDIRECT] 
2026-08-29 10:31:20,709 [ERROR] LogOutputStream:75 - [STDERR_REDIRECT] [Fatal Error] :1:1: Premature end of file.
2026-08-29 10:31:20,709 [ERROR] LogOutputStream:75 - [STDERR_REDIRECT] 
2026-08-29 10:31:21,704 [ERROR] LogOutputStream:75 - [STDERR_REDIRECT] [Fatal Error] :1:1: Premature end of file.
2026-08-29 10:31:21,704 [ERROR] LogOutputStream:75 - [STDERR_REDIRECT] 
2026-08-29 10:31:22,713 [ERROR] LogOutputStream:75 - [STDERR_REDIRECT] [Fatal Error] :1:1: Premature end of file.
2026-08-29 10:31:22,713 [ERROR] LogOutputStream:75 - [STDERR_REDIRECT] 
2026-08-29 10:31:23,709 [ERROR] LogOutputStream:75 - [STDERR_REDIRECT] [Fatal Error] :1:1: Premature end of file.
2026-08-29 10:31:23,709 [ERROR] LogOutputStream:75 - [STDERR_REDIRECT] 
2026-08-29 10:31:24,702 [ERROR] LogOutputStream:75 - [STDERR_REDIRECT] [Fatal Error] :1:1: Premature end of file.
2026-08-29 10:31:24,702 [ERROR] LogOutputStream:75 - [STDERR_REDIRECT] 
2026-08-29 10:31:25,702 [ERROR] LogOutputStream:75 - [STDERR_REDIRECT] [Fatal Error] :1:1: Premature end of file.
2026-08-29 10:31:25,702 [ERROR] LogOutputStream:75 - [STDERR_REDIRECT] 
2026-08-29 10:31:26,702 [ERROR] LogOutputStream:75 - [STDERR_REDIRECT] [Fatal Error] :1:1: Premature end of file.
2026-08-29 10:31:26,702 [ERROR] LogOutputStream:75 - [STDERR_REDIRECT] 
2026-08-29 10:31:27,713 [ERROR] LogOutputStream:75 - [STDERR_REDIRECT] [Fatal Error] :1:1: Premature end of file.
2026-08-29 10:31:27,713 [ERROR] LogOutputStream:75 - [STDERR_REDIRECT] 
2026-08-29 10:31:28,703 [ERROR] LogOutputStream:75 - [STDERR_REDIRECT] [Fatal Error] :1:1: Premature end of file.
2026-08-29 10:31:28,703 [ERROR] LogOutputStream:75 - [STDERR_REDIRECT] 
2026-08-29 10:31:29,708 [ERROR] LogOutputStream:75 - [STDERR_REDIRECT] [Fatal Error] :1:1: Premature end of file.
2026-08-29 10:31:29,708 [ERROR] LogOutputStream:75 - [STDERR_REDIRECT] 
2026-08-29 10:31:30,704 [ERROR] LogOutputStream:75 - [STDERR_REDIRECT] [Fatal Error] :1:1: Premature end of file.
2026-08-29 10:31:30,704 [ERROR] LogOutputStream:75 - [STDERR_REDIRECT] 
2026-08-29 10:31:31,705 [ERROR] LogOutputStream:75 - [STDERR_REDIRECT] [Fatal Error] :1:1: Premature end of file.
2026-08-29 10:31:31,705 [ERROR] LogOutputStream:75 - [STDERR_REDIRECT] 
2026-08-29 10:31:32,701 [ERROR] LogOutputStream:75 - [STDERR_REDIRECT] [Fatal Error] :1:1: Premature end of file.
2026-08-29 10:31:32,701 [ERROR] LogOutputStream:75 - [STDERR_REDIRECT] 
2026-08-29 10:31:33,715 [ERROR] LogOutputStream:75 - [STDERR_REDIRECT] [Fatal Error] :1:1: Premature end of file.
2026-08-29 10:31:33,715 [ERROR] LogOutputStream:75 - [STDERR_REDIRECT] 
2026-08-29 10:31:34,709 [ERROR] LogOutputStream:75 - [STDERR_REDIRECT] [Fatal Error] :1:1: Premature end of file.
2026-08-29 10:31:34,709 [ERROR] LogOutputStream:75 - [STDERR_REDIRECT] 
2026-08-29 10:31:35,706 [ERROR] LogOutputStream:75 - [STDERR_REDIRECT] [Fatal Error] :1:1: Premature end of file.
2026-08-29 10:31:35,706 [ERROR] LogOutputStream:75 - [STDERR_REDIRECT] 
2026-08-29 10:31:36,696 [ERROR] LogOutputStream:75 - [STDERR_REDIRECT] [Fatal Error] :1:1: Premature end of file.
2026-08-29 10:31:36,696 [ERROR] LogOutputStream:75 - [STDERR_REDIRECT] 
2026-08-29 10:31:37,712 [ERROR] LogOutputStream:75 - [STDERR_REDIRECT] [Fatal Error] :1:1: Premature end of file.
2026-08-29 10:31:37,712 [ERROR] LogOutputStream:75 - [STDERR_REDIRECT] 
2026-08-29 10:31:38,710 [ERROR] LogOutputStream:75 - [STDERR_REDIRECT] [Fatal Error] :1:1: Premature end of file.
2026-08-29 10:31:38,710 [ERROR] LogOutputStream:75 - [STDERR_REDIRECT] 
2026-08-29 10:31:39,708 [ERROR] LogOutputStream:75 - [STDERR_REDIRECT] [Fatal Error] :1:1: Premature end of file.
2026-08-29 10:31:39,708 [ERROR] LogOutputStream:75 - [STDERR_REDIRECT] 
2026-08-29 10:31:40,709 [ERROR] LogOutputStream:75 - [STDERR_REDIRECT] [Fatal Error] :1:1: Premature end of file.
2026-08-29 10:31:40,709 [ERROR] LogOutputStream:75 - [STDERR_REDIRECT] 
2026-08-29 10:31:41,709 [ERROR] LogOutputStream:75 - [STDERR_REDIRECT] [Fatal Error] :1:1: Premature end of file.
2026-08-29 10:31:41,709 [ERROR] LogOutputStream:75 - [STDERR_REDIRECT] 
2026-08-29 10:31:42,703 [ERROR] LogOutputStream:75 - [STDERR_REDIRECT] [Fatal Error] :1:1: Premature end of file.
2026-08-29 10:31:42,703 [ERROR] LogOutputStream:75 - [STDERR_REDIRECT] 
2026-08-29 10:31:43,705 [ERROR] LogOutputStream:75 - [STDERR_REDIRECT] [Fatal Error] :1:1: Premature end of file.
2026-08-29 10:31:43,705 [ERROR] LogOutputStream:75 - [STDERR_REDIRECT] 
2026-08-29 10:31:44,714 [ERROR] LogOutputStream:75 - [STDERR_REDIRECT] [Fatal Error] :1:1: Premature end of file.
2026-08-29 10:31:44,714 [ERROR] LogOutputStream:75 - [STDERR_REDIRECT] 
2026-08-29 10:31:45,711 [ERROR] LogOutputStream:75 - [STDERR_REDIRECT] [Fatal Error] :1:1: Premature end of file.
2026-08-29 10:31:45,711 [ERROR] LogOutputStream:75 - [STDERR_REDIRECT] 
2026-08-29 10:31:46,712 [ERROR] LogOutputStream:75 - [STDERR_REDIRECT] [Fatal Error] :1:1: Premature end of file.
2026-08-29 10:31:46,712 [ERROR] LogOutputStream:75 - [STDERR_REDIRECT] 
2026-08-29 10:31:47,718 [ERROR] LogOutputStream:75 - [STDERR_REDIRECT] [Fatal Error] :1:1: Premature end of file.
2026-08-29 10:31:47,718 [ERROR] LogOutputStream:75 - [STDERR_REDIRECT] 
2026-08-29 10:31:48,710 [ERROR] LogOutputStream:75 - [STDERR_REDIRECT] [Fatal Error] :1:1: Premature end of file.
2026-08-29 10:31:48,710 [ERROR] LogOutputStream:75 - [STDERR_REDIRECT] 
2026-08-29 10:31:49,707 [ERROR] LogOutputStream:75 - [STDERR_REDIRECT] [Fatal Error] :1:1: Premature end of file.
2026-08-29 10:31:49,708 [ERROR] LogOutputStream:75 - [STDERR_REDIRECT] 
2026-08-29 10:31:50,711 [ERROR] LogOutputStream:75 - [STDERR_REDIRECT] [Fatal Error] :1:1: Premature end of file.
2026-08-29 10:31:50,711 [ERROR] LogOutputStream:75 - [STDERR_REDIRECT] 
2026-08-29 10:31:51,720 [ERROR] LogOutputStream:75 - [STDERR_REDIRECT] [Fatal Error] :1:1: Premature end of file.
2026-08-29 10:31:51,720 [ERROR] LogOutputStream:75 - [STDERR_REDIRECT] 
2026-08-29 10:31:52,719 [ERROR] LogOutputStream:75 - [STDERR_REDIRECT] [Fatal Error] :1:1: Premature end of file.
2026-08-29 10:31:52,719 [ERROR] LogOutputStream:75 - [STDERR_REDIRECT] 
2026-08-29 10:31:53,711 [ERROR] LogOutputStream:75 - [STDERR_REDIRECT] [Fatal Error] :1:1: Premature end of file.
2026-08-29 10:31:53,711 [ERROR] LogOutputStream:75 - [STDERR_REDIRECT] 
2026-08-29 10:31:54,709 [ERROR] LogOutputStream:75 - [STDERR_REDIRECT] [Fatal Error] :1:1: Premature end of file.
2026-08-29 10:31:54,709 [ERROR] LogOutputStream:75 - [STDERR_REDIRECT] 
2026-08-29 10:31:55,722 [ERROR] LogOutputStream:75 - [STDERR_REDIRECT] [Fatal Error] :1:1: Premature end of file.
2026-08-29 10:31:55,722 [ERROR] LogOutputStream:75 - [STDERR_REDIRECT] 
2026-08-29 10:31:56,720 [ERROR] LogOutputStream:75 - [STDERR_REDIRECT] [Fatal Error] :1:1: Premature end of file.
2026-08-29 10:31:56,720 [ERROR] LogOutputStream:75 - [STDERR_REDIRECT] 
2026-08-29 10:31:57,705 [ERROR] LogOutputStream:75 - [STDERR_REDIRECT] [Fatal Error] :1:1: Premature end of file.
2026-08-29 10:31:57,705 [ERROR] LogOutputStream:75 - [STDERR_REDIRECT] 
2026-08-29 10:31:58,715 [ERROR] LogOutputStream:75 - [STDERR_REDIRECT] [Fatal Error] :1:1: Premature end of file.
2026-08-29 10:31:58,715 [ERROR] LogOutputStream:75 - [STDERR_REDIRECT] 
2026-08-29 10:31:59,704 [ERROR] LogOutputStream:75 - [STDERR_REDIRECT] [Fatal Error] :1:1: Premature end of file.
2026-08-29 10:31:59,704 [ERROR] LogOutputStream:75 - [STDERR_REDIRECT] 
2026-08-29 10:32:00,715 [ERROR] LogOutputStream:75 - [STDERR_REDIRECT] [Fatal Error] :1:1: Premature end of file.
2026-08-29 10:32:00,715 [ERROR] LogOutputStream:75 - [STDERR_REDIRECT] 
2026-08-29 10:32:01,724 [ERROR] LogOutputStream:75 - [STDERR_REDIRECT] [Fatal Error] :1:1: Premature end of file.
2026-08-29 10:32:01,724 [ERROR] LogOutputStream:75 - [STDERR_REDIRECT] 
2026-08-29 10:32:02,705 [ERROR] LogOutputStream:75 - [STDERR_REDIRECT] [Fatal Error] :1:1: Premature end of file.
2026-08-29 10:32:02,705 [ERROR] LogOutputStream:75 - [STDERR_REDIRECT] 
2026-08-29 10:32:03,710 [ERROR] LogOutputStream:75 - [STDERR_REDIRECT] [Fatal Error] :1:1: Premature end of file.
2026-08-29 10:32:03,710 [ERROR] LogOutputStream:75 - [STDERR_REDIRECT] 
2026-08-29 10:32:04,714 [ERROR] LogOutputStream:75 - [STDERR_REDIRECT] [Fatal Error] :1:1: Premature end of file.
2026-08-29 10:32:04,714 [ERROR] LogOutputStream:75 - [STDERR_REDIRECT] 
2026-08-29 10:32:05,710 [ERROR] LogOutputStream:75 - [STDERR_REDIRECT] [Fatal Error] :1:1: Premature end of file.
2026-08-29 10:32:05,710 [ERROR] LogOutputStream:75 - [STDERR_REDIRECT] 
2026-08-29 10:32:06,712 [ERROR] LogOutputStream:75 - [STDERR_REDIRECT] [Fatal Error] :1:1: Premature end of file.
2026-08-29 10:32:06,712 [ERROR] LogOutputStream:75 - [STDERR_REDIRECT] 
2026-08-29 10:32:07,712 [ERROR] LogOutputStream:75 - [STDERR_REDIRECT] [Fatal Error] :1:1: Premature end of file.
2026-08-29 10:32:07,712 [ERROR] LogOutputStream:75 - [STDERR_REDIRECT] 
2026-08-29 10:32:08,708 [ERROR] LogOutputStream:75 - [STDERR_REDIRECT] [Fatal Error] :1:1: Premature end of file.
2026-08-29 10:32:08,708 [ERROR] LogOutputStream:75 - [STDERR_REDIRECT] 
2026-08-29 10:32:09,719 [ERROR] LogOutputStream:75 - [STDERR_REDIRECT] [Fatal Error] :1:1: Premature end of file.
2026-08-29 10:32:09,719 [ERROR] LogOutputStream:75 - [STDERR_REDIRECT] 
2026-08-29 10:32:10,713 [ERROR] LogOutputStream:75 - [STDERR_REDIRECT] [Fatal Error] :1:1: Premature end of file.
2026-08-29 10:32:10,713 [ERROR] LogOutputStream:75 - [STDERR_REDIRECT] 
2026-08-29 10:32:11,710 [ERROR] LogOutputStream:75 - [STDERR_REDIRECT] [Fatal Error] :1:1: Premature end of file.
2026-08-29 10:32:11,710 [ERROR] LogOutputStream:75 - [STDERR_REDIRECT] 
2026-08-29 10:32:12,703 [ERROR] LogOutputStream:75 - [STDERR_REDIRECT] [Fatal Error] :1:1: Premature end of file.
2026-08-29 10:32:12,703 [ERROR] LogOutputStream:75 - [STDERR_REDIRECT] 
2026-08-29 10:32:13,715 [ERROR] LogOutputStream:75 - [STDERR_REDIRECT] [Fatal Error] :1:1: Premature end of file.
2026-08-29 10:32:13,715 [ERROR] LogOutputStream:75 - [STDERR_REDIRECT] 
2026-08-29 10:32:14,711 [ERROR] LogOutputStream:75 - [STDERR_REDIRECT] [Fatal Error] :1:1: Premature end of file.
2026-08-29 10:32:14,711 [ERROR] LogOutputStream:75 - [STDERR_REDIRECT] 
2026-08-29 10:32:15,704 [ERROR] LogOutputStream:75 - [STDERR_REDIRECT] [Fatal Error] :1:1: Premature end of file.
2026-08-29 10:32:15,704 [ERROR] LogOutputStream:75 - [STDERR_REDIRECT] 
2026-08-29 10:32:16,717 [ERROR] LogOutputStream:75 - [STDERR_REDIRECT] [Fatal Error] :1:1: Premature end of file.
2026-08-29 10:32:16,717 [ERROR] LogOutputStream:75 - [STDERR_REDIRECT] 
2026-08-29 10:32:17,712 [ERROR] LogOutputStream:75 - [STDERR_REDIRECT] [Fatal Error] :1:1: Premature end of file.
2026-08-29 10:32:17,712 [ERROR] LogOutputStream:75 - [STDERR_REDIRECT] 
2026-08-29 10:32:18,706 [ERROR] LogOutputStream:75 - [STDERR_REDIRECT] [Fatal Error] :1:1: Premature end of file.
2026-08-29 10:32:18,706 [ERROR] LogOutputStream:75 - [STDERR_REDIRECT] 
2026-08-29 10:32:19,717 [ERROR] LogOutputStream:75 - [STDERR_REDIRECT] [Fatal Error] :1:1: Premature end of file.
2026-08-29 10:32:19,718 [ERROR] LogOutputStream:75 - [STDERR_REDIRECT] 
2026-08-29 10:32:20,706 [ERROR] LogOutputStream:75 - [STDERR_REDIRECT] [Fatal Error] :1:1: Premature end of file.
2026-08-29 10:32:20,706 [ERROR] LogOutputStream:75 - [STDERR_REDIRECT] 
2026-08-29 10:32:21,705 [ERROR] LogOutputStream:75 - [STDERR_REDIRECT] [Fatal Error] :1:1: Premature end of file.
2026-08-29 10:32:21,705 [ERROR] LogOutputStream:75 - [STDERR_REDIRECT] 
2026-08-29 10:32:22,715 [ERROR] LogOutputStream:75 - [STDERR_REDIRECT] [Fatal Error] :1:1: Premature end of file.
2026-08-29 10:32:22,715 [ERROR] LogOutputStream:75 - [STDERR_REDIRECT] 
2026-08-29 10:32:23,704 [ERROR] LogOutputStream:75 - [STDERR_REDIRECT] [Fatal Error] :1:1: Premature end of file.
2026-08-29 10:32:23,704 [ERROR] LogOutputStream:75 - [STDERR_REDIRECT] 
2026-08-29 10:32:24,717 [ERROR] LogOutputStream:75 - [STDERR_REDIRECT] [Fatal Error] :1:1: Premature end of file.
2026-08-29 10:32:24,718 [ERROR] LogOutputStream:75 - [STDERR_REDIRECT] 
2026-08-29 10:32:25,710 [ERROR] LogOutputStream:75 - [STDERR_REDIRECT] [Fatal Error] :1:1: Premature end of file.
2026-08-29 10:32:25,710 [ERROR] LogOutputStream:75 - [STDERR_REDIRECT] 
2026-08-29 10:32:26,715 [ERROR] LogOutputStream:75 - [STDERR_REDIRECT] [Fatal Error] :1:1: Premature end of file.
2026-08-29 10:32:26,715 [ERROR] LogOutputStream:75 - [STDERR_REDIRECT] 
2026-08-29 10:32:27,707 [ERROR] LogOutputStream:75 - [STDERR_REDIRECT] [Fatal Error] :1:1: Premature end of file.
2026-08-29 10:32:27,707 [ERROR] LogOutputStream:75 - [STDERR_REDIRECT] 
2026-08-29 10:32:28,715 [ERROR] LogOutputStream:75 - [STDERR_REDIRECT] [Fatal Error] :1:1: Premature end of file.
2026-08-29 10:32:28,715 [ERROR] LogOutputStream:75 - [STDERR_REDIRECT] 
2026-08-29 10:32:29,719 [ERROR] LogOutputStream:75 - [STDERR_REDIRECT] [Fatal Error] :1:1: Premature end of file.
2026-08-29 10:32:29,719 [ERROR] LogOutputStream:75 - [STDERR_REDIRECT] 
2026-08-29 10:32:30,714 [ERROR] LogOutputStream:75 - [STDERR_REDIRECT] [Fatal Error] :1:1: Premature end of file.
2026-08-29 10:32:30,714 [ERROR] LogOutputStream:75 - [STDERR_REDIRECT] 
2026-08-29 10:32:31,712 [ERROR] LogOutputStream:75 - [STDERR_REDIRECT] [Fatal Error] :1:1: Premature end of file.
2026-08-29 10:32:31,712 [ERROR] LogOutputStream:75 - [STDERR_REDIRECT] 
2026-08-29 10:32:32,700 [ERROR] LogOutputStream:75 - [STDERR_REDIRECT] [Fatal Error] :1:1: Premature end of file.
2026-08-29 10:32:32,700 [ERROR] LogOutputStream:75 - [STDERR_REDIRECT] 
2026-08-29 10:32:33,704 [ERROR] LogOutputStream:75 - [STDERR_REDIRECT] [Fatal Error] :1:1: Premature end of file.
2026-08-29 10:32:33,704 [ERROR] LogOutputStream:75 - [STDERR_REDIRECT] 
2026-08-29 10:32:34,703 [ERROR] LogOutputStream:75 - [STDERR_REDIRECT] [Fatal Error] :1:1: Premature end of file.
2026-08-29 10:32:34,703 [ERROR] LogOutputStream:75 - [STDERR_REDIRECT] 
2026-08-29 10:32:35,709 [ERROR] LogOutputStream:75 - [STDERR_REDIRECT] [Fatal Error] :1:1: Premature end of file.
2026-08-29 10:32:35,709 [ERROR] LogOutputStream:75 - [STDERR_REDIRECT] 
2026-08-29 10:32:36,707 [ERROR] LogOutputStream:75 - [STDERR_REDIRECT] [Fatal Error] :1:1: Premature end of file.
2026-08-29 10:32:36,707 [ERROR] LogOutputStream:75 - [STDERR_REDIRECT] 
2026-08-29 10:32:37,721 [ERROR] LogOutputStream:75 - [STDERR_REDIRECT] [Fatal Error] :1:1: Premature end of file.
2026-08-29 10:32:37,721 [ERROR] LogOutputStream:75 - [STDERR_REDIRECT] 
2026-08-29 10:32:38,713 [ERROR] LogOutputStream:75 - [STDERR_REDIRECT] [Fatal Error] :1:1: Premature end of file.
2026-08-29 10:32:38,713 [ERROR] LogOutputStream:75 - [STDERR_REDIRECT] 
2026-08-29 10:32:39,706 [ERROR] LogOutputStream:75 - [STDERR_REDIRECT] [Fatal Error] :1:1: Premature end of file.
2026-08-29 10:32:39,706 [ERROR] LogOutputStream:75 - [STDERR_REDIRECT] 
2026-08-29 10:32:40,703 [ERROR] LogOutputStream:75 - [STDERR_REDIRECT] [Fatal Error] :1:1: Premature end of file.
2026-08-29 10:32:40,703 [ERROR] LogOutputStream:75 - [STDERR_REDIRECT] 
2026-08-29 10:32:41,704 [ERROR] LogOutputStream:75 - [STDERR_REDIRECT] [Fatal Error] :1:1: Premature end of file.
2026-08-29 10:32:41,704 [ERROR] LogOutputStream:75 - [STDERR_REDIRECT] 
2026-08-29 10:32:42,714 [ERROR] LogOutputStream:75 - [STDERR_REDIRECT] [Fatal Error] :1:1: Premature end of file.
2026-08-29 10:32:42,714 [ERROR] LogOutputStream:75 - [STDERR_REDIRECT] 
2026-08-29 10:32:43,703 [ERROR] LogOutputStream:75 - [STDERR_REDIRECT] [Fatal Error] :1:1: Premature end of file.
2026-08-29 10:32:43,705 [ERROR] LogOutputStream:75 - [STDERR_REDIRECT] 
2026-08-29 10:32:44,705 [ERROR] LogOutputStream:75 - [STDERR_REDIRECT] [Fatal Error] :1:1: Premature end of file.
2026-08-29 10:32:44,706 [ERROR] LogOutputStream:75 - [STDERR_REDIRECT] 
2026-08-29 10:32:45,726 [ERROR] LogOutputStream:75 - [STDERR_REDIRECT] [Fatal Error] :1:1: Premature end of file.
2026-08-29 10:32:45,726 [ERROR] LogOutputStream:75 - [STDERR_REDIRECT] 
2026-08-29 10:32:46,709 [ERROR] LogOutputStream:75 - [STDERR_REDIRECT] [Fatal Error] :1:1: Premature end of file.
2026-08-29 10:32:46,709 [ERROR] LogOutputStream:75 - [STDERR_REDIRECT] 
2026-08-29 10:32:47,717 [ERROR] LogOutputStream:75 - [STDERR_REDIRECT] [Fatal Error] :1:1: Premature end of file.
2026-08-29 10:32:47,718 [ERROR] LogOutputStream:75 - [STDERR_REDIRECT] 
2026-08-29 10:32:48,706 [ERROR] LogOutputStream:75 - [STDERR_REDIRECT] [Fatal Error] :1:1: Premature end of file.
2026-08-29 10:32:48,706 [ERROR] LogOutputStream:75 - [STDERR_REDIRECT] 
2026-08-29 10:32:49,711 [ERROR] LogOutputStream:75 - [STDERR_REDIRECT] [Fatal Error] :1:1: Premature end of file.
2026-08-29 10:32:49,711 [ERROR] LogOutputStream:75 - [STDERR_REDIRECT] 
2026-08-29 10:32:50,708 [ERROR] LogOutputStream:75 - [STDERR_REDIRECT] [Fatal Error] :1:1: Premature end of file.
2026-08-29 10:32:50,708 [ERROR] LogOutputStream:75 - [STDERR_REDIRECT] 
2026-08-29 10:32:51,709 [ERROR] LogOutputStream:75 - [STDERR_REDIRECT] [Fatal Error] :1:1: Premature end of file.
2026-08-29 10:32:51,709 [ERROR] LogOutputStream:75 - [STDERR_REDIRECT] 
2026-08-29 10:32:52,702 [ERROR] LogOutputStream:75 - [STDERR_REDIRECT] [Fatal Error] :1:1: Premature end of file.
2026-08-29 10:32:52,702 [ERROR] LogOutputStream:75 - [STDERR_REDIRECT] 
2026-08-29 10:32:53,703 [ERROR] LogOutputStream:75 - [STDERR_REDIRECT] [Fatal Error] :1:1: Premature end of file.
2026-08-29 10:32:53,703 [ERROR] LogOutputStream:75 - [STDERR_REDIRECT] 
2026-08-29 10:32:54,710 [ERROR] LogOutputStream:75 - [STDERR_REDIRECT] [Fatal Error] :1:1: Premature end of file.
2026-08-29 10:32:54,710 [ERROR] LogOutputStream:75 - [STDERR_REDIRECT] 
2026-08-29 10:32:55,720 [ERROR] LogOutputStream:75 - [STDERR_REDIRECT] [Fatal Error] :1:1: Premature end of file.
2026-08-29 10:32:55,720 [ERROR] LogOutputStream:75 - [STDERR_REDIRECT] 
2026-08-29 10:32:56,720 [ERROR] LogOutputStream:75 - [STDERR_REDIRECT] [Fatal Error] :1:1: Premature end of file.
2026-08-29 10:32:56,720 [ERROR] LogOutputStream:75 - [STDERR_REDIRECT] 
2026-08-29 10:32:57,702 [ERROR] LogOutputStream:75 - [STDERR_REDIRECT] [Fatal Error] :1:1: Premature end of file.
2026-08-29 10:32:57,702 [ERROR] LogOutputStream:75 - [STDERR_REDIRECT] 
2026-08-29 10:32:58,721 [ERROR] LogOutputStream:75 - [STDERR_REDIRECT] [Fatal Error] :1:1: Premature end of file.
2026-08-29 10:32:58,721 [ERROR] LogOutputStream:75 - [STDERR_REDIRECT] 
2026-08-29 10:32:59,722 [ERROR] LogOutputStream:75 - [STDERR_REDIRECT] [Fatal Error] :1:1: Premature end of file.
2026-08-29 10:32:59,722 [ERROR] LogOutputStream:75 - [STDERR_REDIRECT] 
2026-08-29 10:33:00,711 [ERROR] LogOutputStream:75 - [STDERR_REDIRECT] [Fatal Error] :1:1: Premature end of file.
2026-08-29 10:33:00,711 [ERROR] LogOutputStream:75 - [STDERR_REDIRECT] 
2026-08-29 10:33:01,695 [ERROR] LogOutputStream:75 - [STDERR_REDIRECT] [Fatal Error] :1:1: Premature end of file.
2026-08-29 10:33:01,695 [ERROR] LogOutputStream:75 - [STDERR_REDIRECT] 
2026-08-29 10:33:02,705 [ERROR] LogOutputStream:75 - [STDERR_REDIRECT] [Fatal Error] :1:1: Premature end of file.
2026-08-29 10:33:02,705 [ERROR] LogOutputStream:75 - [STDERR_REDIRECT] 
2026-08-29 10:33:03,722 [ERROR] LogOutputStream:75 - [STDERR_REDIRECT] [Fatal Error] :1:1: Premature end of file.
2026-08-29 10:33:03,723 [ERROR] LogOutputStream:75 - [STDERR_REDIRECT] 
2026-08-29 10:33:04,725 [ERROR] LogOutputStream:75 - [STDERR_REDIRECT] [Fatal Error] :1:1: Premature end of file.
2026-08-29 10:33:04,725 [ERROR] LogOutputStream:75 - [STDERR_REDIRECT] 
2026-08-29 10:33:05,707 [ERROR] LogOutputStream:75 - [STDERR_REDIRECT] [Fatal Error] :1:1: Premature end of file.
2026-08-29 10:33:05,707 [ERROR] LogOutputStream:75 - [STDERR_REDIRECT] 
2026-08-29 10:33:06,715 [ERROR] LogOutputStream:75 - [STDERR_REDIRECT] [Fatal Error] :1:1: Premature end of file.
2026-08-29 10:33:06,715 [ERROR] LogOutputStream:75 - [STDERR_REDIRECT] 
2026-08-29 10:33:07,704 [ERROR] LogOutputStream:75 - [STDERR_REDIRECT] [Fatal Error] :1:1: Premature end of file.
2026-08-29 10:33:07,704 [ERROR] LogOutputStream:75 - [STDERR_REDIRECT] 
2026-08-29 10:33:08,726 [ERROR] LogOutputStream:75 - [STDERR_REDIRECT] [Fatal Error] :1:1: Premature end of file.
2026-08-29 10:33:08,726 [ERROR] LogOutputStream:75 - [STDERR_REDIRECT] 
2026-08-29 10:33:09,727 [ERROR] LogOutputStream:75 - [STDERR_REDIRECT] [Fatal Error] :1:1: Premature end of file.
2026-08-29 10:33:09,727 [ERROR] LogOutputStream:75 - [STDERR_REDIRECT] 
2026-08-29 10:33:10,702 [ERROR] LogOutputStream:75 - [STDERR_REDIRECT] [Fatal Error] :1:1: Premature end of file.
2026-08-29 10:33:10,702 [ERROR] LogOutputStream:75 - [STDERR_REDIRECT] 
2026-08-29 10:33:11,708 [ERROR] LogOutputStream:75 - [STDERR_REDIRECT] [Fatal Error] :1:1: Premature end of file.
2026-08-29 10:33:11,708 [ERROR] LogOutputStream:75 - [STDERR_REDIRECT] 
2026-08-29 10:33:12,718 [ERROR] LogOutputStream:75 - [STDERR_REDIRECT] [Fatal Error] :1:1: Premature end of file.
2026-08-29 10:33:12,718 [ERROR] LogOutputStream:75 - [STDERR_REDIRECT] 
2026-08-29 10:33:13,709 [ERROR] LogOutputStream:75 - [STDERR_REDIRECT] [Fatal Error] :1:1: Premature end of file.
2026-08-29 10:33:13,709 [ERROR] LogOutputStream:75 - [STDERR_REDIRECT] 
2026-08-29 10:33:14,710 [ERROR] LogOutputStream:75 - [STDERR_REDIRECT] [Fatal Error] :1:1: Premature end of file.
2026-08-29 10:33:14,710 [ERROR] LogOutputStream:75 - [STDERR_REDIRECT] 
2026-08-29 10:33:15,704 [ERROR] LogOutputStream:75 - [STDERR_REDIRECT] [Fatal Error] :1:1: Premature end of file.
2026-08-29 10:33:15,704 [ERROR] LogOutputStream:75 - [STDERR_REDIRECT] 
2026-08-29 10:33:16,719 [ERROR] LogOutputStream:75 - [STDERR_REDIRECT] [Fatal Error] :1:1: Premature end of file.
2026-08-29 10:33:16,719 [ERROR] LogOutputStream:75 - [STDERR_REDIRECT] 
2026-08-29 10:33:17,720 [ERROR] LogOutputStream:75 - [STDERR_REDIRECT] [Fatal Error] :1:1: Premature end of file.
2026-08-29 10:33:17,721 [ERROR] LogOutputStream:75 - [STDERR_REDIRECT] 
2026-08-29 10:33:18,705 [ERROR] LogOutputStream:75 - [STDERR_REDIRECT] [Fatal Error] :1:1: Premature end of file.
2026-08-29 10:33:18,705 [ERROR] LogOutputStream:75 - [STDERR_REDIRECT] 
2026-08-29 10:33:19,722 [ERROR] LogOutputStream:75 - [STDERR_REDIRECT] [Fatal Error] :1:1: Premature end of file.
2026-08-29 10:33:19,722 [ERROR] LogOutputStream:75 - [STDERR_REDIRECT] 
2026-08-29 10:33:20,705 [ERROR] LogOutputStream:75 - [STDERR_REDIRECT] [Fatal Error] :1:1: Premature end of file.
2026-08-29 10:33:20,705 [ERROR] LogOutputStream:75 - [STDERR_REDIRECT] 
2026-08-29 10:33:21,723 [ERROR] LogOutputStream:75 - [STDERR_REDIRECT] [Fatal Error] :1:1: Premature end of file.
2026-08-29 10:33:21,723 [ERROR] LogOutputStream:75 - [STDERR_REDIRECT] 
2026-08-29 10:33:22,723 [ERROR] LogOutputStream:75 - [STDERR_REDIRECT] [Fatal Error] :1:1: Premature end of file.
2026-08-29 10:33:22,723 [ERROR] LogOutputStream:75 - [STDERR_REDIRECT] 
2026-08-29 10:33:23,713 [ERROR] LogOutputStream:75 - [STDERR_REDIRECT] [Fatal Error] :1:1: Premature end of file.
2026-08-29 10:33:23,713 [ERROR] LogOutputStream:75 - [STDERR_REDIRECT] 
2026-08-29 10:33:24,696 [ERROR] LogOutputStream:75 - [STDERR_REDIRECT] [Fatal Error] :1:1: Premature end of file.
2026-08-29 10:33:24,696 [ERROR] LogOutputStream:75 - [STDERR_REDIRECT] 
2026-08-29 10:33:25,713 [ERROR] LogOutputStream:75 - [STDERR_REDIRECT] [Fatal Error] :1:1: Premature end of file.
2026-08-29 10:33:25,713 [ERROR] LogOutputStream:75 - [STDERR_REDIRECT] 
2026-08-29 10:33:26,707 [ERROR] LogOutputStream:75 - [STDERR_REDIRECT] [Fatal Error] :1:1: Premature end of file.
2026-08-29 10:33:26,707 [ERROR] LogOutputStream:75 - [STDERR_REDIRECT] 
2026-08-29 10:33:27,708 [ERROR] LogOutputStream:75 - [STDERR_REDIRECT] [Fatal Error] :1:1: Premature end of file.
2026-08-29 10:33:27,708 [ERROR] LogOutputStream:75 - [STDERR_REDIRECT] 
2026-08-29 10:33:28,715 [ERROR] LogOutputStream:75 - [STDERR_REDIRECT] [Fatal Error] :1:1: Premature end of file.
2026-08-29 10:33:28,715 [ERROR] LogOutputStream:75 - [STDERR_REDIRECT] 
2026-08-29 10:33:29,714 [ERROR] LogOutputStream:75 - [STDERR_REDIRECT] [Fatal Error] :1:1: Premature end of file.
2026-08-29 10:33:29,714 [ERROR] LogOutputStream:75 - [STDERR_REDIRECT] 
2026-08-29 10:33:30,707 [ERROR] LogOutputStream:75 - [STDERR_REDIRECT] [Fatal Error] :1:1: Premature end of file.
2026-08-29 10:33:30,707 [ERROR] LogOutputStream:75 - [STDERR_REDIRECT] 
2026-08-29 10:33:31,700 [ERROR] LogOutputStream:75 - [STDERR_REDIRECT] [Fatal Error] :1:1: Premature end of file.
2026-08-29 10:33:31,700 [ERROR] LogOutputStream:75 - [STDERR_REDIRECT] 
2026-08-29 10:33:32,711 [ERROR] LogOutputStream:75 - [STDERR_REDIRECT] [Fatal Error] :1:1: Premature end of file.
2026-08-29 10:33:32,711 [ERROR] LogOutputStream:75 - [STDERR_REDIRECT] 
2026-08-29 10:33:33,707 [ERROR] LogOutputStream:75 - [STDERR_REDIRECT] [Fatal Error] :1:1: Premature end of file.
2026-08-29 10:33:33,707 [ERROR] LogOutputStream:75 - [STDERR_REDIRECT] 
2026-08-29 10:33:34,708 [ERROR] LogOutputStream:75 - [STDERR_REDIRECT] [Fatal Error] :1:1: Premature end of file.
2026-08-29 10:33:34,708 [ERROR] LogOutputStream:75 - [STDERR_REDIRECT] 
2026-08-29 10:33:35,716 [ERROR] LogOutputStream:75 - [STDERR_REDIRECT] [Fatal Error] :1:1: Premature end of file.
2026-08-29 10:33:35,716 [ERROR] LogOutputStream:75 - [STDERR_REDIRECT] 
2026-08-29 10:33:36,701 [ERROR] LogOutputStream:75 - [STDERR_REDIRECT] [Fatal Error] :1:1: Premature end of file.
2026-08-29 10:33:36,701 [ERROR] LogOutputStream:75 - [STDERR_REDIRECT] 
2026-08-29 10:33:37,721 [ERROR] LogOutputStream:75 - [STDERR_REDIRECT] [Fatal Error] :1:1: Premature end of file.
2026-08-29 10:33:37,721 [ERROR] LogOutputStream:75 - [STDERR_REDIRECT] 
2026-08-29 10:33:38,715 [ERROR] LogOutputStream:75 - [STDERR_REDIRECT] [Fatal Error] :1:1: Premature end of file.
2026-08-29 10:33:38,715 [ERROR] LogOutputStream:75 - [STDERR_REDIRECT] 
2026-08-29 10:33:39,715 [ERROR] LogOutputStream:75 - [STDERR_REDIRECT] [Fatal Error] :1:1: Premature end of file.
2026-08-29 10:33:39,715 [ERROR] LogOutputStream:75 - [STDERR_REDIRECT] 
2026-08-29 10:33:40,713 [ERROR] LogOutputStream:75 - [STDERR_REDIRECT] [Fatal Error] :1:1: Premature end of file.
2026-08-29 10:33:40,713 [ERROR] LogOutputStream:75 - [STDERR_REDIRECT] 
2026-08-29 10:33:41,703 [ERROR] LogOutputStream:75 - [STDERR_REDIRECT] [Fatal Error] :1:1: Premature end of file.
2026-08-29 10:33:41,703 [ERROR] LogOutputStream:75 - [STDERR_REDIRECT] 
2026-08-29 10:33:42,723 [ERROR] LogOutputStream:75 - [STDERR_REDIRECT] [Fatal Error] :1:1: Premature end of file.
2026-08-29 10:33:42,723 [ERROR] LogOutputStream:75 - [STDERR_REDIRECT] 
2026-08-29 10:33:43,713 [ERROR] LogOutputStream:75 - [STDERR_REDIRECT] [Fatal Error] :1:1: Premature end of file.
2026-08-29 10:33:43,713 [ERROR] LogOutputStream:75 - [STDERR_REDIRECT] 
2026-08-29 10:33:44,707 [ERROR] LogOutputStream:75 - [STDERR_REDIRECT] [Fatal Error] :1:1: Premature end of file.
2026-08-29 10:33:44,707 [ERROR] LogOutputStream:75 - [STDERR_REDIRECT] 
2026-08-29 10:33:45,724 [ERROR] LogOutputStream:75 - [STDERR_REDIRECT] [Fatal Error] :1:1: Premature end of file.
2026-08-29 10:33:45,724 [ERROR] LogOutputStream:75 - [STDERR_REDIRECT] 
2026-08-29 10:33:46,714 [ERROR] LogOutputStream:75 - [STDERR_REDIRECT] [Fatal Error] :1:1: Premature end of file.
2026-08-29 10:33:46,714 [ERROR] LogOutputStream:75 - [STDERR_REDIRECT] 
2026-08-29 10:33:47,707 [ERROR] LogOutputStream:75 - [STDERR_REDIRECT] [Fatal Error] :1:1: Premature end of file.
2026-08-29 10:33:47,707 [ERROR] LogOutputStream:75 - [STDERR_REDIRECT] 
2026-08-29 10:33:48,725 [ERROR] LogOutputStream:75 - [STDERR_REDIRECT] [Fatal Error] :1:1: Premature end of file.
2026-08-29 10:33:48,725 [ERROR] LogOutputStream:75 - [STDERR_REDIRECT] 
2026-08-29 10:33:49,716 [ERROR] LogOutputStream:75 - [STDERR_REDIRECT] [Fatal Error] :1:1: Premature end of file.
2026-08-29 10:33:49,716 [ERROR] LogOutputStream:75 - [STDERR_REDIRECT] 
2026-08-29 10:33:50,725 [ERROR] LogOutputStream:75 - [STDERR_REDIRECT] [Fatal Error] :1:1: Premature end of file.
2026-08-29 10:33:50,725 [ERROR] LogOutputStream:75 - [STDERR_REDIRECT] 
2026-08-29 10:33:51,727 [ERROR] LogOutputStream:75 - [STDERR_REDIRECT] [Fatal Error] :1:1: Premature end of file.
2026-08-29 10:33:51,727 [ERROR] LogOutputStream:75 - [STDERR_REDIRECT] 
2026-08-29 10:33:52,707 [ERROR] LogOutputStream:75 - [STDERR_REDIRECT] [Fatal Error] :1:1: Premature end of file.
2026-08-29 10:33:52,707 [ERROR] LogOutputStream:75 - [STDERR_REDIRECT] 
2026-08-29 10:33:53,717 [ERROR] LogOutputStream:75 - [STDERR_REDIRECT] [Fatal Error] :1:1: Premature end of file.
2026-08-29 10:33:53,717 [ERROR] LogOutputStream:75 - [STDERR_REDIRECT] 
2026-08-29 10:33:54,711 [ERROR] LogOutputStream:75 - [STDERR_REDIRECT] [Fatal Error] :1:1: Premature end of file.
2026-08-29 10:33:54,711 [ERROR] LogOutputStream:75 - [STDERR_REDIRECT] 
2026-08-29 10:33:55,718 [ERROR] LogOutputStream:75 - [STDERR_REDIRECT] [Fatal Error] :1:1: Premature end of file.
2026-08-29 10:33:55,718 [ERROR] LogOutputStream:75 - [STDERR_REDIRECT] 
2026-08-29 10:33:56,709 [ERROR] LogOutputStream:75 - [STDERR_REDIRECT] [Fatal Error] :1:1: Premature end of file.
2026-08-29 10:33:56,710 [ERROR] LogOutputStream:75 - [STDERR_REDIRECT] 
2026-08-29 10:33:57,703 [ERROR] LogOutputStream:75 - [STDERR_REDIRECT] [Fatal Error] :1:1: Premature end of file.
2026-08-29 10:33:57,703 [ERROR] LogOutputStream:75 - [STDERR_REDIRECT] 
2026-08-29 10:33:58,719 [ERROR] LogOutputStream:75 - [STDERR_REDIRECT] [Fatal Error] :1:1: Premature end of file.
2026-08-29 10:33:58,719 [ERROR] LogOutputStream:75 - [STDERR_REDIRECT] 
2026-08-29 10:33:59,712 [ERROR] LogOutputStream:75 - [STDERR_REDIRECT] [Fatal Error] :1:1: Premature end of file.
2026-08-29 10:33:59,712 [ERROR] LogOutputStream:75 - [STDERR_REDIRECT] 
2026-08-29 10:34:00,705 [ERROR] LogOutputStream:75 - [STDERR_REDIRECT] [Fatal Error] :1:1: Premature end of file.
2026-08-29 10:34:00,705 [ERROR] LogOutputStream:75 - [STDERR_REDIRECT] 
2026-08-29 10:34:01,712 [ERROR] LogOutputStream:75 - [STDERR_REDIRECT] [Fatal Error] :1:1: Premature end of file.
2026-08-29 10:34:01,712 [ERROR] LogOutputStream:75 - [STDERR_REDIRECT] 
2026-08-29 10:34:02,706 [ERROR] LogOutputStream:75 - [STDERR_REDIRECT] [Fatal Error] :1:1: Premature end of file.
2026-08-29 10:34:02,706 [ERROR] LogOutputStream:75 - [STDERR_REDIRECT] 
2026-08-29 10:34:03,723 [ERROR] LogOutputStream:75 - [STDERR_REDIRECT] [Fatal Error] :1:1: Premature end of file.
2026-08-29 10:34:03,723 [ERROR] LogOutputStream:75 - [STDERR_REDIRECT] 
2026-08-29 10:34:04,724 [ERROR] LogOutputStream:75 - [STDERR_REDIRECT] [Fatal Error] :1:1: Premature end of file.
2026-08-29 10:34:04,724 [ERROR] LogOutputStream:75 - [STDERR_REDIRECT] 
2026-08-29 10:34:05,707 [ERROR] LogOutputStream:75 - [STDERR_REDIRECT] [Fatal Error] :1:1: Premature end of file.
2026-08-29 10:34:05,707 [ERROR] LogOutputStream:75 - [STDERR_REDIRECT] 
2026-08-29 10:34:06,724 [ERROR] LogOutputStream:75 - [STDERR_REDIRECT] [Fatal Error] :1:1: Premature end of file.
2026-08-29 10:34:06,724 [ERROR] LogOutputStream:75 - [STDERR_REDIRECT] 
2026-08-29 10:34:07,725 [ERROR] LogOutputStream:75 - [STDERR_REDIRECT] [Fatal Error] :1:1: Premature end of file.
2026-08-29 10:34:07,725 [ERROR] LogOutputStream:75 - [STDERR_REDIRECT] 
2026-08-29 10:34:08,714 [ERROR] LogOutputStream:75 - [STDERR_REDIRECT] [Fatal Error] :1:1: Premature end of file.
2026-08-29 10:34:08,715 [ERROR] LogOutputStream:75 - [STDERR_REDIRECT] 
2026-08-29 10:34:09,715 [ERROR] LogOutputStream:75 - [STDERR_REDIRECT] [Fatal Error] :1:1: Premature end of file.
2026-08-29 10:34:09,715 [ERROR] LogOutputStream:75 - [STDERR_REDIRECT] 
2026-08-29 10:34:10,709 [ERROR] LogOutputStream:75 - [STDERR_REDIRECT] [Fatal Error] :1:1: Premature end of file.
2026-08-29 10:34:10,709 [ERROR] LogOutputStream:75 - [STDERR_REDIRECT] 
2026-08-29 10:34:11,726 [ERROR] LogOutputStream:75 - [STDERR_REDIRECT] [Fatal Error] :1:1: Premature end of file.
2026-08-29 10:34:11,726 [ERROR] LogOutputStream:75 - [STDERR_REDIRECT] 
2026-08-29 10:34:12,716 [ERROR] LogOutputStream:75 - [STDERR_REDIRECT] [Fatal Error] :1:1: Premature end of file.
2026-08-29 10:34:12,716 [ERROR] LogOutputStream:75 - [STDERR_REDIRECT] 
2026-08-29 10:34:13,697 [ERROR] LogOutputStream:75 - [STDERR_REDIRECT] [Fatal Error] :1:1: Premature end of file.
2026-08-29 10:34:13,697 [ERROR] LogOutputStream:75 - [STDERR_REDIRECT] 
2026-08-29 10:34:14,712 [ERROR] LogOutputStream:75 - [STDERR_REDIRECT] [Fatal Error] :1:1: Premature end of file.
2026-08-29 10:34:14,712 [ERROR] LogOutputStream:75 - [STDERR_REDIRECT] 
2026-08-29 10:34:15,708 [ERROR] LogOutputStream:75 - [STDERR_REDIRECT] [Fatal Error] :1:1: Premature end of file.
2026-08-29 10:34:15,708 [ERROR] LogOutputStream:75 - [STDERR_REDIRECT] 
2026-08-29 10:34:16,709 [ERROR] LogOutputStream:75 - [STDERR_REDIRECT] [Fatal Error] :1:1: Premature end of file.
2026-08-29 10:34:16,709 [ERROR] LogOutputStream:75 - [STDERR_REDIRECT] 
2026-08-29 10:34:17,719 [ERROR] LogOutputStream:75 - [STDERR_REDIRECT] [Fatal Error] :1:1: Premature end of file.
2026-08-29 10:34:17,719 [ERROR] LogOutputStream:75 - [STDERR_REDIRECT] 
2026-08-29 10:34:18,703 [ERROR] LogOutputStream:75 - [STDERR_REDIRECT] [Fatal Error] :1:1: Premature end of file.
2026-08-29 10:34:18,703 [ERROR] LogOutputStream:75 - [STDERR_REDIRECT] 
2026-08-29 10:34:19,708 [ERROR] LogOutputStream:75 - [STDERR_REDIRECT] [Fatal Error] :1:1: Premature end of file.
2026-08-29 10:34:19,708 [ERROR] LogOutputStream:75 - [STDERR_REDIRECT] 
2026-08-29 10:34:20,719 [ERROR] LogOutputStream:75 - [STDERR_REDIRECT] [Fatal Error] :1:1: Premature end of file.
2026-08-29 10:34:20,719 [ERROR] LogOutputStream:75 - [STDERR_REDIRECT] 
2026-08-29 10:34:21,704 [ERROR] LogOutputStream:75 - [STDERR_REDIRECT] [Fatal Error] :1:1: Premature end of file.
2026-08-29 10:34:21,704 [ERROR] LogOutputStream:75 - [STDERR_REDIRECT] 
2026-08-29 10:34:22,721 [ERROR] LogOutputStream:75 - [STDERR_REDIRECT] [Fatal Error] :1:1: Premature end of file.
2026-08-29 10:34:22,721 [ERROR] LogOutputStream:75 - [STDERR_REDIRECT] 
2026-08-29 10:34:23,705 [ERROR] LogOutputStream:75 - [STDERR_REDIRECT] [Fatal Error] :1:1: Premature end of file.
2026-08-29 10:34:23,705 [ERROR] LogOutputStream:75 - [STDERR_REDIRECT] 
2026-08-29 10:34:24,723 [ERROR] LogOutputStream:75 - [STDERR_REDIRECT] [Fatal Error] :1:1: Premature end of file.
2026-08-29 10:34:24,723 [ERROR] LogOutputStream:75 - [STDERR_REDIRECT] 
2026-08-29 10:34:25,722 [ERROR] LogOutputStream:75 - [STDERR_REDIRECT] [Fatal Error] :1:1: Premature end of file.
2026-08-29 10:34:25,722 [ERROR] LogOutputStream:75 - [STDERR_REDIRECT] 
2026-08-29 10:34:26,706 [ERROR] LogOutputStream:75 - [STDERR_REDIRECT] [Fatal Error] :1:1: Premature end of file.
2026-08-29 10:34:26,706 [ERROR] LogOutputStream:75 - [STDERR_REDIRECT] 
2026-08-29 10:34:27,718 [ERROR] LogOutputStream:75 - [STDERR_REDIRECT] [Fatal Error] :1:1: Premature end of file.
2026-08-29 10:34:27,718 [ERROR] LogOutputStream:75 - [STDERR_REDIRECT] 
2026-08-29 10:34:28,702 [ERROR] LogOutputStream:75 - [STDERR_REDIRECT] [Fatal Error] :1:1: Premature end of file.
2026-08-29 10:34:28,702 [ERROR] LogOutputStream:75 - [STDERR_REDIRECT] 
2026-08-29 10:34:29,724 [ERROR] LogOutputStream:75 - [STDERR_REDIRECT] [Fatal Error] :1:1: Premature end of file.
2026-08-29 10:34:29,724 [ERROR] LogOutputStream:75 - [STDERR_REDIRECT] 
2026-08-29 10:34:30,724 [ERROR] LogOutputStream:75 - [STDERR_REDIRECT] [Fatal Error] :1:1: Premature end of file.
2026-08-29 10:34:30,724 [ERROR] LogOutputStream:75 - [STDERR_REDIRECT] 
2026-08-29 10:34:31,716 [ERROR] LogOutputStream:75 - [STDERR_REDIRECT] [Fatal Error] :1:1: Premature end of file.
2026-08-29 10:34:31,716 [ERROR] LogOutputStream:75 - [STDERR_REDIRECT] 
2026-08-29 10:34:32,726 [ERROR] LogOutputStream:75 - [STDERR_REDIRECT] [Fatal Error] :1:1: Premature end of file.
2026-08-29 10:34:32,726 [ERROR] LogOutputStream:75 - [STDERR_REDIRECT] 
2026-08-29 10:34:33,714 [ERROR] LogOutputStream:75 - [STDERR_REDIRECT] [Fatal Error] :1:1: Premature end of file.
2026-08-29 10:34:33,714 [ERROR] LogOutputStream:75 - [STDERR_REDIRECT] 
2026-08-29 10:34:34,708 [ERROR] LogOutputStream:75 - [STDERR_REDIRECT] [Fatal Error] :1:1: Premature end of file.
2026-08-29 10:34:34,708 [ERROR] LogOutputStream:75 - [STDERR_REDIRECT] 
2026-08-29 10:34:35,706 [ERROR] LogOutputStream:75 - [STDERR_REDIRECT] [Fatal Error] :1:1: Premature end of file.
2026-08-29 10:34:35,706 [ERROR] LogOutputStream:75 - [STDERR_REDIRECT] 
2026-08-29 10:34:36,708 [ERROR] LogOutputStream:75 - [STDERR_REDIRECT] [Fatal Error] :1:1: Premature end of file.
2026-08-29 10:34:36,708 [ERROR] LogOutputStream:75 - [STDERR_REDIRECT] 
2026-08-29 10:34:37,718 [ERROR] LogOutputStream:75 - [STDERR_REDIRECT] [Fatal Error] :1:1: Premature end of file.
2026-08-29 10:34:37,718 [ERROR] LogOutputStream:75 - [STDERR_REDIRECT] 
2026-08-29 10:34:38,719 [ERROR] LogOutputStream:75 - [STDERR_REDIRECT] [Fatal Error] :1:1: Premature end of file.
2026-08-29 10:34:38,719 [ERROR] LogOutputStream:75 - [STDERR_REDIRECT] 
2026-08-29 10:34:39,714 [ERROR] LogOutputStream:75 - [STDERR_REDIRECT] [Fatal Error] :1:1: Premature end of file.
2026-08-29 10:34:39,714 [ERROR] LogOutputStream:75 - [STDERR_REDIRECT] 
2026-08-29 10:34:40,718 [ERROR] LogOutputStream:75 - [STDERR_REDIRECT] [Fatal Error] :1:1: Premature end of file.
2026-08-29 10:34:40,718 [ERROR] LogOutputStream:75 - [STDERR_REDIRECT] 
2026-08-29 10:34:41,720 [ERROR] LogOutputStream:75 - [STDERR_REDIRECT] [Fatal Error] :1:1: Premature end of file.
2026-08-29 10:34:41,721 [ERROR] LogOutputStream:75 - [STDERR_REDIRECT] 
2026-08-29 10:34:42,720 [ERROR] LogOutputStream:75 - [STDERR_REDIRECT] [Fatal Error] :1:1: Premature end of file.
2026-08-29 10:34:42,720 [ERROR] LogOutputStream:75 - [STDERR_REDIRECT] 
2026-08-29 10:34:43,711 [ERROR] LogOutputStream:75 - [STDERR_REDIRECT] [Fatal Error] :1:1: Premature end of file.
2026-08-29 10:34:43,711 [ERROR] LogOutputStream:75 - [STDERR_REDIRECT] 
2026-08-29 10:34:44,705 [ERROR] LogOutputStream:75 - [STDERR_REDIRECT] [Fatal Error] :1:1: Premature end of file.
2026-08-29 10:34:44,705 [ERROR] LogOutputStream:75 - [STDERR_REDIRECT] 
2026-08-29 10:34:45,721 [ERROR] LogOutputStream:75 - [STDERR_REDIRECT] [Fatal Error] :1:1: Premature end of file.
2026-08-29 10:34:45,721 [ERROR] LogOutputStream:75 - [STDERR_REDIRECT] 
2026-08-29 10:34:46,723 [ERROR] LogOutputStream:75 - [STDERR_REDIRECT] [Fatal Error] :1:1: Premature end of file.
2026-08-29 10:34:46,723 [ERROR] LogOutputStream:75 - [STDERR_REDIRECT] 
2026-08-29 10:34:47,705 [ERROR] LogOutputStream:75 - [STDERR_REDIRECT] [Fatal Error] :1:1: Premature end of file.
2026-08-29 10:34:47,705 [ERROR] LogOutputStream:75 - [STDERR_REDIRECT] 
2026-08-29 10:34:48,694 [ERROR] LogOutputStream:75 - [STDERR_REDIRECT] [Fatal Error] :1:1: Premature end of file.
2026-08-29 10:34:48,694 [ERROR] LogOutputStream:75 - [STDERR_REDIRECT] 
2026-08-29 10:34:49,695 [ERROR] LogOutputStream:75 - [STDERR_REDIRECT] [Fatal Error] :1:1: Premature end of file.
2026-08-29 10:34:49,695 [ERROR] LogOutputStream:75 - [STDERR_REDIRECT] 
2026-08-29 10:34:50,725 [ERROR] LogOutputStream:75 - [STDERR_REDIRECT] [Fatal Error] :1:1: Premature end of file.
2026-08-29 10:34:50,725 [ERROR] LogOutputStream:75 - [STDERR_REDIRECT] 
2026-08-29 10:34:51,725 [ERROR] LogOutputStream:75 - [STDERR_REDIRECT] [Fatal Error] :1:1: Premature end of file.
2026-08-29 10:34:51,725 [ERROR] LogOutputStream:75 - [STDERR_REDIRECT] 
2026-08-29 10:34:52,709 [ERROR] LogOutputStream:75 - [STDERR_REDIRECT] [Fatal Error] :1:1: Premature end of file.
2026-08-29 10:34:52,709 [ERROR] LogOutputStream:75 - [STDERR_REDIRECT] 
2026-08-29 10:34:53,714 [ERROR] LogOutputStream:75 - [STDERR_REDIRECT] [Fatal Error] :1:1: Premature end of file.
2026-08-29 10:34:53,714 [ERROR] LogOutputStream:75 - [STDERR_REDIRECT] 
2026-08-29 10:34:54,727 [ERROR] LogOutputStream:75 - [STDERR_REDIRECT] [Fatal Error] :1:1: Premature end of file.
2026-08-29 10:34:54,727 [ERROR] LogOutputStream:75 - [STDERR_REDIRECT] 
2026-08-29 10:34:55,710 [ERROR] LogOutputStream:75 - [STDERR_REDIRECT] [Fatal Error] :1:1: Premature end of file.
2026-08-29 10:34:55,710 [ERROR] LogOutputStream:75 - [STDERR_REDIRECT] 
2026-08-29 10:34:56,705 [ERROR] LogOutputStream:75 - [STDERR_REDIRECT] [Fatal Error] :1:1: Premature end of file.
2026-08-29 10:34:56,706 [ERROR] LogOutputStream:75 - [STDERR_REDIRECT] 
2026-08-29 10:34:57,708 [ERROR] LogOutputStream:75 - [STDERR_REDIRECT] [Fatal Error] :1:1: Premature end of file.
2026-08-29 10:34:57,708 [ERROR] LogOutputStream:75 - [STDERR_REDIRECT] 
2026-08-29 10:34:58,717 [ERROR] LogOutputStream:75 - [STDERR_REDIRECT] [Fatal Error] :1:1: Premature end of file.
2026-08-29 10:34:58,717 [ERROR] LogOutputStream:75 - [STDERR_REDIRECT] 
2026-08-29 10:34:59,709 [ERROR] LogOutputStream:75 - [STDERR_REDIRECT] [Fatal Error] :1:1: Premature end of file.
2026-08-29 10:34:59,709 [ERROR] LogOutputStream:75 - [STDERR_REDIRECT] 
2026-08-29 10:35:00,701 [ERROR] LogOutputStream:75 - [STDERR_REDIRECT] [Fatal Error] :1:1: Premature end of file.
2026-08-29 10:35:00,701 [ERROR] LogOutputStream:75 - [STDERR_REDIRECT] 
2026-08-29 10:35:01,720 [ERROR] LogOutputStream:75 - [STDERR_REDIRECT] [Fatal Error] :1:1: Premature end of file.
2026-08-29 10:35:01,720 [ERROR] LogOutputStream:75 - [STDERR_REDIRECT] 
2026-08-29 10:35:02,702 [ERROR] LogOutputStream:75 - [STDERR_REDIRECT] [Fatal Error] :1:1: Premature end of file.
2026-08-29 10:35:02,702 [ERROR] LogOutputStream:75 - [STDERR_REDIRECT] 
2026-08-29 10:35:03,720 [ERROR] LogOutputStream:75 - [STDERR_REDIRECT] [Fatal Error] :1:1: Premature end of file.
2026-08-29 10:35:03,720 [ERROR] LogOutputStream:75 - [STDERR_REDIRECT] 
2026-08-29 10:35:04,720 [ERROR] LogOutputStream:75 - [STDERR_REDIRECT] [Fatal Error] :1:1: Premature end of file.
2026-08-29 10:35:04,720 [ERROR] LogOutputStream:75 - [STDERR_REDIRECT] 
2026-08-29 10:35:05,705 [ERROR] LogOutputStream:75 - [STDERR_REDIRECT] [Fatal Error] :1:1: Premature end of file.
2026-08-29 10:35:05,705 [ERROR] LogOutputStream:75 - [STDERR_REDIRECT] 
2026-08-29 10:35:06,722 [ERROR] LogOutputStream:75 - [STDERR_REDIRECT] [Fatal Error] :1:1: Premature end of file.
2026-08-29 10:35:06,722 [ERROR] LogOutputStream:75 - [STDERR_REDIRECT] 
2026-08-29 10:35:07,723 [ERROR] LogOutputStream:75 - [STDERR_REDIRECT] [Fatal Error] :1:1: Premature end of file.
2026-08-29 10:35:07,723 [ERROR] LogOutputStream:75 - [STDERR_REDIRECT] 
2026-08-29 10:35:08,706 [ERROR] LogOutputStream:75 - [STDERR_REDIRECT] [Fatal Error] :1:1: Premature end of file.
2026-08-29 10:35:08,706 [ERROR] LogOutputStream:75 - [STDERR_REDIRECT] 
2026-08-29 10:35:09,705 [ERROR] LogOutputStream:75 - [STDERR_REDIRECT] [Fatal Error] :1:1: Premature end of file.
2026-08-29 10:35:09,705 [ERROR] LogOutputStream:75 - [STDERR_REDIRECT] 
2026-08-29 10:35:10,707 [ERROR] LogOutputStream:75 - [STDERR_REDIRECT] [Fatal Error] :1:1: Premature end of file.
2026-08-29 10:35:10,707 [ERROR] LogOutputStream:75 - [STDERR_REDIRECT] 
2026-08-29 10:35:11,714 [ERROR] LogOutputStream:75 - [STDERR_REDIRECT] [Fatal Error] :1:1: Premature end of file.
2026-08-29 10:35:11,714 [ERROR] LogOutputStream:75 - [STDERR_REDIRECT] 
2026-08-29 10:35:12,716 [ERROR] LogOutputStream:75 - [STDERR_REDIRECT] [Fatal Error] :1:1: Premature end of file.
2026-08-29 10:35:12,716 [ERROR] LogOutputStream:75 - [STDERR_REDIRECT] 
2026-08-29 10:35:13,708 [ERROR] LogOutputStream:75 - [STDERR_REDIRECT] [Fatal Error] :1:1: Premature end of file.
2026-08-29 10:35:13,708 [ERROR] LogOutputStream:75 - [STDERR_REDIRECT] 
2026-08-29 10:35:14,698 [ERROR] LogOutputStream:75 - [STDERR_REDIRECT] [Fatal Error] :1:1: Premature end of file.
2026-08-29 10:35:14,706 [ERROR] LogOutputStream:75 - [STDERR_REDIRECT] 
2026-08-29 10:35:15,708 [ERROR] LogOutputStream:75 - [STDERR_REDIRECT] [Fatal Error] :1:1: Premature end of file.
2026-08-29 10:35:15,708 [ERROR] LogOutputStream:75 - [STDERR_REDIRECT] 
2026-08-29 10:35:16,717 [ERROR] LogOutputStream:75 - [STDERR_REDIRECT] [Fatal Error] :1:1: Premature end of file.
2026-08-29 10:35:16,717 [ERROR] LogOutputStream:75 - [STDERR_REDIRECT] 
2026-08-29 10:35:17,693 [ERROR] LogOutputStream:75 - [STDERR_REDIRECT] [Fatal Error] :1:1: Premature end of file.
2026-08-29 10:35:17,693 [ERROR] LogOutputStream:75 - [STDERR_REDIRECT] 
2026-08-29 10:35:18,708 [ERROR] LogOutputStream:75 - [STDERR_REDIRECT] [Fatal Error] :1:1: Premature end of file.
2026-08-29 10:35:18,708 [ERROR] LogOutputStream:75 - [STDERR_REDIRECT] 
2026-08-29 10:35:19,718 [ERROR] LogOutputStream:75 - [STDERR_REDIRECT] [Fatal Error] :1:1: Premature end of file.
2026-08-29 10:35:19,718 [ERROR] LogOutputStream:75 - [STDERR_REDIRECT] 
2026-08-29 10:35:20,717 [ERROR] LogOutputStream:75 - [STDERR_REDIRECT] [Fatal Error] :1:1: Premature end of file.
2026-08-29 10:35:20,718 [ERROR] LogOutputStream:75 - [STDERR_REDIRECT] 
2026-08-29 10:35:21,703 [ERROR] LogOutputStream:75 - [STDERR_REDIRECT] [Fatal Error] :1:1: Premature end of file.
2026-08-29 10:35:21,703 [ERROR] LogOutputStream:75 - [STDERR_REDIRECT] 
2026-08-29 10:35:22,702 [ERROR] LogOutputStream:75 - [STDERR_REDIRECT] [Fatal Error] :1:1: Premature end of file.
2026-08-29 10:35:22,702 [ERROR] LogOutputStream:75 - [STDERR_REDIRECT] 
2026-08-29 10:35:23,702 [ERROR] LogOutputStream:75 - [STDERR_REDIRECT] [Fatal Error] :1:1: Premature end of file.
2026-08-29 10:35:23,702 [ERROR] LogOutputStream:75 - [STDERR_REDIRECT] 
2026-08-29 10:35:24,721 [ERROR] LogOutputStream:75 - [STDERR_REDIRECT] [Fatal Error] :1:1: Premature end of file.
2026-08-29 10:35:24,721 [ERROR] LogOutputStream:75 - [STDERR_REDIRECT] 
2026-08-29 10:35:25,721 [ERROR] LogOutputStream:75 - [STDERR_REDIRECT] [Fatal Error] :1:1: Premature end of file.
2026-08-29 10:35:25,721 [ERROR] LogOutputStream:75 - [STDERR_REDIRECT] 
2026-08-29 10:35:26,706 [ERROR] LogOutputStream:75 - [STDERR_REDIRECT] [Fatal Error] :1:1: Premature end of file.
2026-08-29 10:35:26,706 [ERROR] LogOutputStream:75 - [STDERR_REDIRECT] 
2026-08-29 10:35:27,721 [ERROR] LogOutputStream:75 - [STDERR_REDIRECT] [Fatal Error] :1:1: Premature end of file.
2026-08-29 10:35:27,721 [ERROR] LogOutputStream:75 - [STDERR_REDIRECT] 
2026-08-29 10:35:28,721 [ERROR] LogOutputStream:75 - [STDERR_REDIRECT] [Fatal Error] :1:1: Premature end of file.
2026-08-29 10:35:28,721 [ERROR] LogOutputStream:75 - [STDERR_REDIRECT] 
2026-08-29 10:35:29,713 [ERROR] LogOutputStream:75 - [STDERR_REDIRECT] [Fatal Error] :1:1: Premature end of file.
2026-08-29 10:35:29,713 [ERROR] LogOutputStream:75 - [STDERR_REDIRECT] 
2026-08-29 10:35:30,724 [ERROR] LogOutputStream:75 - [STDERR_REDIRECT] [Fatal Error] :1:1: Premature end of file.
2026-08-29 10:35:30,724 [ERROR] LogOutputStream:75 - [STDERR_REDIRECT] 
2026-08-29 10:35:31,716 [ERROR] LogOutputStream:75 - [STDERR_REDIRECT] [Fatal Error] :1:1: Premature end of file.
2026-08-29 10:35:31,716 [ERROR] LogOutputStream:75 - [STDERR_REDIRECT] 
2026-08-29 10:35:32,716 [ERROR] LogOutputStream:75 - [STDERR_REDIRECT] [Fatal Error] :1:1: Premature end of file.
2026-08-29 10:35:32,716 [ERROR] LogOutputStream:75 - [STDERR_REDIRECT] 
2026-08-29 10:35:33,725 [ERROR] LogOutputStream:75 - [STDERR_REDIRECT] [Fatal Error] :1:1: Premature end of file.
2026-08-29 10:35:33,725 [ERROR] LogOutputStream:75 - [STDERR_REDIRECT] 
2026-08-29 10:35:34,709 [ERROR] LogOutputStream:75 - [STDERR_REDIRECT] [Fatal Error] :1:1: Premature end of file.
2026-08-29 10:35:34,709 [ERROR] LogOutputStream:75 - [STDERR_REDIRECT] 
2026-08-29 10:35:35,725 [ERROR] LogOutputStream:75 - [STDERR_REDIRECT] [Fatal Error] :1:1: Premature end of file.
2026-08-29 10:35:35,726 [ERROR] LogOutputStream:75 - [STDERR_REDIRECT] 
2026-08-29 10:35:36,706 [ERROR] LogOutputStream:75 - [STDERR_REDIRECT] [Fatal Error] :1:1: Premature end of file.
2026-08-29 10:35:36,706 [ERROR] LogOutputStream:75 - [STDERR_REDIRECT] 
2026-08-29 10:35:37,717 [ERROR] LogOutputStream:75 - [STDERR_REDIRECT] [Fatal Error] :1:1: Premature end of file.
2026-08-29 10:35:37,717 [ERROR] LogOutputStream:75 - [STDERR_REDIRECT] 
2026-08-29 10:35:38,710 [ERROR] LogOutputStream:75 - [STDERR_REDIRECT] [Fatal Error] :1:1: Premature end of file.
2026-08-29 10:35:38,710 [ERROR] LogOutputStream:75 - [STDERR_REDIRECT] 
2026-08-29 10:35:39,708 [ERROR] LogOutputStream:75 - [STDERR_REDIRECT] [Fatal Error] :1:1: Premature end of file.
2026-08-29 10:35:39,708 [ERROR] LogOutputStream:75 - [STDERR_REDIRECT] 
2026-08-29 10:35:40,719 [ERROR] LogOutputStream:75 - [STDERR_REDIRECT] [Fatal Error] :1:1: Premature end of file.
2026-08-29 10:35:40,719 [ERROR] LogOutputStream:75 - [STDERR_REDIRECT] 
2026-08-29 10:35:41,709 [ERROR] LogOutputStream:75 - [STDERR_REDIRECT] [Fatal Error] :1:1: Premature end of file.
2026-08-29 10:35:41,709 [ERROR] LogOutputStream:75 - [STDERR_REDIRECT] 
2026-08-29 10:35:42,701 [ERROR] LogOutputStream:75 - [STDERR_REDIRECT] [Fatal Error] :1:1: Premature end of file.
2026-08-29 10:35:42,701 [ERROR] LogOutputStream:75 - [STDERR_REDIRECT] 
2026-08-29 10:35:43,704 [ERROR] LogOutputStream:75 - [STDERR_REDIRECT] [Fatal Error] :1:1: Premature end of file.
2026-08-29 10:35:43,704 [ERROR] LogOutputStream:75 - [STDERR_REDIRECT] 
2026-08-29 10:35:44,704 [ERROR] LogOutputStream:75 - [STDERR_REDIRECT] [Fatal Error] :1:1: Premature end of file.
2026-08-29 10:35:44,704 [ERROR] LogOutputStream:75 - [STDERR_REDIRECT] 
2026-08-29 10:35:45,720 [ERROR] LogOutputStream:75 - [STDERR_REDIRECT] [Fatal Error] :1:1: Premature end of file.
2026-08-29 10:35:45,720 [ERROR] LogOutputStream:75 - [STDERR_REDIRECT] 
2026-08-29 10:35:46,709 [ERROR] LogOutputStream:75 - [STDERR_REDIRECT] [Fatal Error] :1:1: Premature end of file.
2026-08-29 10:35:46,710 [ERROR] LogOutputStream:75 - [STDERR_REDIRECT] 
2026-08-29 10:35:47,705 [ERROR] LogOutputStream:75 - [STDERR_REDIRECT] [Fatal Error] :1:1: Premature end of file.
2026-08-29 10:35:47,705 [ERROR] LogOutputStream:75 - [STDERR_REDIRECT] 
2026-08-29 10:35:48,713 [ERROR] LogOutputStream:75 - [STDERR_REDIRECT] [Fatal Error] :1:1: Premature end of file.
2026-08-29 10:35:48,713 [ERROR] LogOutputStream:75 - [STDERR_REDIRECT] 
2026-08-29 10:35:49,711 [ERROR] LogOutputStream:75 - [STDERR_REDIRECT] [Fatal Error] :1:1: Premature end of file.
2026-08-29 10:35:49,711 [ERROR] LogOutputStream:75 - [STDERR_REDIRECT] 
2026-08-29 10:35:50,724 [ERROR] LogOutputStream:75 - [STDERR_REDIRECT] [Fatal Error] :1:1: Premature end of file.
2026-08-29 10:35:50,724 [ERROR] LogOutputStream:75 - [STDERR_REDIRECT] 
2026-08-29 10:35:51,723 [ERROR] LogOutputStream:75 - [STDERR_REDIRECT] [Fatal Error] :1:1: Premature end of file.
2026-08-29 10:35:51,723 [ERROR] LogOutputStream:75 - [STDERR_REDIRECT] 
2026-08-29 10:35:52,704 [ERROR] LogOutputStream:75 - [STDERR_REDIRECT] [Fatal Error] :1:1: Premature end of file.
2026-08-29 10:35:52,704 [ERROR] LogOutputStream:75 - [STDERR_REDIRECT] 
2026-08-29 10:35:53,700 [ERROR] LogOutputStream:75 - [STDERR_REDIRECT] [Fatal Error] :1:1: Premature end of file.
2026-08-29 10:35:53,700 [ERROR] LogOutputStream:75 - [STDERR_REDIRECT] 
2026-08-29 10:35:54,724 [ERROR] LogOutputStream:75 - [STDERR_REDIRECT] [Fatal Error] :1:1: Premature end of file.
2026-08-29 10:35:54,724 [ERROR] LogOutputStream:75 - [STDERR_REDIRECT] 
2026-08-29 10:35:55,713 [ERROR] LogOutputStream:75 - [STDERR_REDIRECT] [Fatal Error] :1:1: Premature end of file.
2026-08-29 10:35:55,713 [ERROR] LogOutputStream:75 - [STDERR_REDIRECT] 
2026-08-29 10:35:56,709 [ERROR] LogOutputStream:75 - [STDERR_REDIRECT] [Fatal Error] :1:1: Premature end of file.
2026-08-29 10:35:56,709 [ERROR] LogOutputStream:75 - [STDERR_REDIRECT] 
2026-08-29 10:35:57,717 [ERROR] LogOutputStream:75 - [STDERR_REDIRECT] [Fatal Error] :1:1: Premature end of file.
2026-08-29 10:35:57,717 [ERROR] LogOutputStream:75 - [STDERR_REDIRECT] 
2026-08-29 10:35:58,726 [ERROR] LogOutputStream:75 - [STDERR_REDIRECT] [Fatal Error] :1:1: Premature end of file.
2026-08-29 10:35:58,726 [ERROR] LogOutputStream:75 - [STDERR_REDIRECT] 
2026-08-29 10:35:59,727 [ERROR] LogOutputStream:75 - [STDERR_REDIRECT] [Fatal Error] :1:1: Premature end of file.
2026-08-29 10:35:59,727 [ERROR] LogOutputStream:75 - [STDERR_REDIRECT] 
2026-08-29 10:36:00,708 [ERROR] LogOutputStream:75 - [STDERR_REDIRECT] [Fatal Error] :1:1: Premature end of file.
2026-08-29 10:36:00,708 [ERROR] LogOutputStream:75 - [STDERR_REDIRECT] 
2026-08-29 10:36:01,717 [ERROR] LogOutputStream:75 - [STDERR_REDIRECT] [Fatal Error] :1:1: Premature end of file.
2026-08-29 10:36:01,717 [ERROR] LogOutputStream:75 - [STDERR_REDIRECT] 
2026-08-29 10:36:02,729 [ERROR] LogOutputStream:75 - [STDERR_REDIRECT] [Fatal Error] :1:1: Premature end of file.
2026-08-29 10:36:02,729 [ERROR] LogOutputStream:75 - [STDERR_REDIRECT] 
2026-08-29 10:36:03,702 [ERROR] LogOutputStream:75 - [STDERR_REDIRECT] [Fatal Error] :1:1: Premature end of file.
2026-08-29 10:36:03,702 [ERROR] LogOutputStream:75 - [STDERR_REDIRECT] 
2026-08-29 10:36:04,719 [ERROR] LogOutputStream:75 - [STDERR_REDIRECT] [Fatal Error] :1:1: Premature end of file.
2026-08-29 10:36:04,719 [ERROR] LogOutputStream:75 - [STDERR_REDIRECT] 
2026-08-29 10:36:05,714 [ERROR] LogOutputStream:75 - [STDERR_REDIRECT] [Fatal Error] :1:1: Premature end of file.
2026-08-29 10:36:05,714 [ERROR] LogOutputStream:75 - [STDERR_REDIRECT] 
2026-08-29 10:36:06,710 [ERROR] LogOutputStream:75 - [STDERR_REDIRECT] [Fatal Error] :1:1: Premature end of file.
2026-08-29 10:36:06,710 [ERROR] LogOutputStream:75 - [STDERR_REDIRECT] 
2026-08-29 10:36:07,712 [ERROR] LogOutputStream:75 - [STDERR_REDIRECT] [Fatal Error] :1:1: Premature end of file.
2026-08-29 10:36:07,712 [ERROR] LogOutputStream:75 - [STDERR_REDIRECT] 
2026-08-29 10:36:08,704 [ERROR] LogOutputStream:75 - [STDERR_REDIRECT] [Fatal Error] :1:1: Premature end of file.
2026-08-29 10:36:08,704 [ERROR] LogOutputStream:75 - [STDERR_REDIRECT] 
2026-08-29 10:36:09,712 [ERROR] LogOutputStream:75 - [STDERR_REDIRECT] [Fatal Error] :1:1: Premature end of file.
2026-08-29 10:36:09,712 [ERROR] LogOutputStream:75 - [STDERR_REDIRECT] 
2026-08-29 10:36:10,704 [ERROR] LogOutputStream:75 - [STDERR_REDIRECT] [Fatal Error] :1:1: Premature end of file.
2026-08-29 10:36:10,704 [ERROR] LogOutputStream:75 - [STDERR_REDIRECT] 
2026-08-29 10:36:11,711 [ERROR] LogOutputStream:75 - [STDERR_REDIRECT] [Fatal Error] :1:1: Premature end of file.
2026-08-29 10:36:11,711 [ERROR] LogOutputStream:75 - [STDERR_REDIRECT] 
2026-08-29 10:36:12,713 [ERROR] LogOutputStream:75 - [STDERR_REDIRECT] [Fatal Error] :1:1: Premature end of file.
2026-08-29 10:36:12,713 [ERROR] LogOutputStream:75 - [STDERR_REDIRECT] 
2026-08-29 10:36:13,704 [ERROR] LogOutputStream:75 - [STDERR_REDIRECT] [Fatal Error] :1:1: Premature end of file.
2026-08-29 10:36:13,704 [ERROR] LogOutputStream:75 - [STDERR_REDIRECT] 
2026-08-29 10:36:14,723 [ERROR] LogOutputStream:75 - [STDERR_REDIRECT] [Fatal Error] :1:1: Premature end of file.
2026-08-29 10:36:14,723 [ERROR] LogOutputStream:75 - [STDERR_REDIRECT] 
2026-08-29 10:36:15,724 [ERROR] LogOutputStream:75 - [STDERR_REDIRECT] [Fatal Error] :1:1: Premature end of file.
2026-08-29 10:36:15,724 [ERROR] LogOutputStream:75 - [STDERR_REDIRECT] 
2026-08-29 10:36:16,704 [ERROR] LogOutputStream:75 - [STDERR_REDIRECT] [Fatal Error] :1:1: Premature end of file.
2026-08-29 10:36:16,704 [ERROR] LogOutputStream:75 - [STDERR_REDIRECT] 
2026-08-29 10:36:17,708 [ERROR] LogOutputStream:75 - [STDERR_REDIRECT] [Fatal Error] :1:1: Premature end of file.
2026-08-29 10:36:17,708 [ERROR] LogOutputStream:75 - [STDERR_REDIRECT] 
2026-08-29 10:36:18,696 [ERROR] LogOutputStream:75 - [STDERR_REDIRECT] [Fatal Error] :1:1: Premature end of file.
2026-08-29 10:36:18,696 [ERROR] LogOutputStream:75 - [STDERR_REDIRECT] 
2026-08-29 10:36:19,688 [ERROR] LogOutputStream:75 - [STDERR_REDIRECT] [Fatal Error] :1:1: Premature end of file.
2026-08-29 10:36:19,688 [ERROR] LogOutputStream:75 - [STDERR_REDIRECT] 
2026-08-29 10:36:20,727 [ERROR] LogOutputStream:75 - [STDERR_REDIRECT] [Fatal Error] :1:1: Premature end of file.
2026-08-29 10:36:20,727 [ERROR] LogOutputStream:75 - [STDERR_REDIRECT] 
2026-08-29 10:36:21,713 [ERROR] LogOutputStream:75 - [STDERR_REDIRECT] [Fatal Error] :1:1: Premature end of file.
2026-08-29 10:36:21,713 [ERROR] LogOutputStream:75 - [STDERR_REDIRECT] 
2026-08-29 10:36:22,719 [ERROR] LogOutputStream:75 - [STDERR_REDIRECT] [Fatal Error] :1:1: Premature end of file.
2026-08-29 10:36:22,719 [ERROR] LogOutputStream:75 - [STDERR_REDIRECT] 
2026-08-29 10:36:23,718 [ERROR] LogOutputStream:75 - [STDERR_REDIRECT] [Fatal Error] :1:1: Premature end of file.
2026-08-29 10:36:23,718 [ERROR] LogOutputStream:75 - [STDERR_REDIRECT] 
2026-08-29 10:36:24,700 [ERROR] LogOutputStream:75 - [STDERR_REDIRECT] [Fatal Error] :1:1: Premature end of file.
2026-08-29 10:36:24,700 [ERROR] LogOutputStream:75 - [STDERR_REDIRECT] 
2026-08-29 10:36:25,719 [ERROR] LogOutputStream:75 - [STDERR_REDIRECT] [Fatal Error] :1:1: Premature end of file.
2026-08-29 10:36:25,719 [ERROR] LogOutputStream:75 - [STDERR_REDIRECT] 
2026-08-29 10:36:26,702 [ERROR] LogOutputStream:75 - [STDERR_REDIRECT] [Fatal Error] :1:1: Premature end of file.
2026-08-29 10:36:26,702 [ERROR] LogOutputStream:75 - [STDERR_REDIRECT] 
2026-08-29 10:36:27,703 [ERROR] LogOutputStream:75 - [STDERR_REDIRECT] [Fatal Error] :1:1: Premature end of file.
2026-08-29 10:36:27,703 [ERROR] LogOutputStream:75 - [STDERR_REDIRECT] 
2026-08-29 10:36:28,720 [ERROR] LogOutputStream:75 - [STDERR_REDIRECT] [Fatal Error] :1:1: Premature end of file.
2026-08-29 10:36:28,721 [ERROR] LogOutputStream:75 - [STDERR_REDIRECT] 
2026-08-29 10:36:29,710 [ERROR] LogOutputStream:75 - [STDERR_REDIRECT] [Fatal Error] :1:1: Premature end of file.
2026-08-29 10:36:29,710 [ERROR] LogOutputStream:75 - [STDERR_REDIRECT] 
2026-08-29 10:36:30,713 [ERROR] LogOutputStream:75 - [STDERR_REDIRECT] [Fatal Error] :1:1: Premature end of file.
2026-08-29 10:36:30,713 [ERROR] LogOutputStream:75 - [STDERR_REDIRECT] 
2026-08-29 10:36:31,714 [ERROR] LogOutputStream:75 - [STDERR_REDIRECT] [Fatal Error] :1:1: Premature end of file.
2026-08-29 10:36:31,714 [ERROR] LogOutputStream:75 - [STDERR_REDIRECT] 
2026-08-29 10:36:32,716 [ERROR] LogOutputStream:75 - [STDERR_REDIRECT] [Fatal Error] :1:1: Premature end of file.
2026-08-29 10:36:32,716 [ERROR] LogOutputStream:75 - [STDERR_REDIRECT] 
2026-08-29 10:36:33,707 [ERROR] LogOutputStream:75 - [STDERR_REDIRECT] [Fatal Error] :1:1: Premature end of file.
2026-08-29 10:36:33,707 [ERROR] LogOutputStream:75 - [STDERR_REDIRECT] 
2026-08-29 10:36:34,703 [ERROR] LogOutputStream:75 - [STDERR_REDIRECT] [Fatal Error] :1:1: Premature end of file.
2026-08-29 10:36:34,703 [ERROR] LogOutputStream:75 - [STDERR_REDIRECT] 
2026-08-29 10:36:35,705 [ERROR] LogOutputStream:75 - [STDERR_REDIRECT] [Fatal Error] :1:1: Premature end of file.
2026-08-29 10:36:35,706 [ERROR] LogOutputStream:75 - [STDERR_REDIRECT] 
2026-08-29 10:36:36,723 [ERROR] LogOutputStream:75 - [STDERR_REDIRECT] [Fatal Error] :1:1: Premature end of file.
2026-08-29 10:36:36,723 [ERROR] LogOutputStream:75 - [STDERR_REDIRECT] 
2026-08-29 10:36:37,705 [ERROR] LogOutputStream:75 - [STDERR_REDIRECT] [Fatal Error] :1:1: Premature end of file.
2026-08-29 10:36:37,705 [ERROR] LogOutputStream:75 - [STDERR_REDIRECT] 
2026-08-29 10:36:38,714 [ERROR] LogOutputStream:75 - [STDERR_REDIRECT] [Fatal Error] :1:1: Premature end of file.
2026-08-29 10:36:38,714 [ERROR] LogOutputStream:75 - [STDERR_REDIRECT] 
2026-08-29 10:36:39,709 [ERROR] LogOutputStream:75 - [STDERR_REDIRECT] [Fatal Error] :1:1: Premature end of file.
2026-08-29 10:36:39,709 [ERROR] LogOutputStream:75 - [STDERR_REDIRECT] 
2026-08-29 10:36:40,726 [ERROR] LogOutputStream:75 - [STDERR_REDIRECT] [Fatal Error] :1:1: Premature end of file.
2026-08-29 10:36:40,726 [ERROR] LogOutputStream:75 - [STDERR_REDIRECT] 
2026-08-29 10:36:41,727 [ERROR] LogOutputStream:75 - [STDERR_REDIRECT] [Fatal Error] :1:1: Premature end of file.
2026-08-29 10:36:41,727 [ERROR] LogOutputStream:75 - [STDERR_REDIRECT] 
2026-08-29 10:36:42,705 [ERROR] LogOutputStream:75 - [STDERR_REDIRECT] [Fatal Error] :1:1: Premature end of file.
2026-08-29 10:36:42,705 [ERROR] LogOutputStream:75 - [STDERR_REDIRECT] 
2026-08-29 10:36:43,706 [ERROR] LogOutputStream:75 - [STDERR_REDIRECT] [Fatal Error] :1:1: Premature end of file.
2026-08-29 10:36:43,706 [ERROR] LogOutputStream:75 - [STDERR_REDIRECT] 
2026-08-29 10:36:44,699 [ERROR] LogOutputStream:75 - [STDERR_REDIRECT] [Fatal Error] :1:1: Premature end of file.
2026-08-29 10:36:44,699 [ERROR] LogOutputStream:75 - [STDERR_REDIRECT] 
2026-08-29 10:36:45,710 [ERROR] LogOutputStream:75 - [STDERR_REDIRECT] [Fatal Error] :1:1: Premature end of file.
2026-08-29 10:36:45,710 [ERROR] LogOutputStream:75 - [STDERR_REDIRECT] 
2026-08-29 10:36:46,709 [ERROR] LogOutputStream:75 - [STDERR_REDIRECT] [Fatal Error] :1:1: Premature end of file.
2026-08-29 10:36:46,710 [ERROR] LogOutputStream:75 - [STDERR_REDIRECT] 
2026-08-29 10:36:47,701 [ERROR] LogOutputStream:75 - [STDERR_REDIRECT] [Fatal Error] :1:1: Premature end of file.
2026-08-29 10:36:47,701 [ERROR] LogOutputStream:75 - [STDERR_REDIRECT] 
2026-08-29 10:36:48,714 [ERROR] LogOutputStream:75 - [STDERR_REDIRECT] [Fatal Error] :1:1: Premature end of file.
2026-08-29 10:36:48,714 [ERROR] LogOutputStream:75 - [STDERR_REDIRECT] 
2026-08-29 10:36:49,711 [ERROR] LogOutputStream:75 - [STDERR_REDIRECT] [Fatal Error] :1:1: Premature end of file.
2026-08-29 10:36:49,711 [ERROR] LogOutputStream:75 - [STDERR_REDIRECT] 
2026-08-29 10:36:50,703 [ERROR] LogOutputStream:75 - [STDERR_REDIRECT] [Fatal Error] :1:1: Premature end of file.
2026-08-29 10:36:50,704 [ERROR] LogOutputStream:75 - [STDERR_REDIRECT] 
2026-08-29 10:36:51,714 [ERROR] LogOutputStream:75 - [STDERR_REDIRECT] [Fatal Error] :1:1: Premature end of file.
2026-08-29 10:36:51,714 [ERROR] LogOutputStream:75 - [STDERR_REDIRECT] 
2026-08-29 10:36:52,704 [ERROR] LogOutputStream:75 - [STDERR_REDIRECT] [Fatal Error] :1:1: Premature end of file.
2026-08-29 10:36:52,704 [ERROR] LogOutputStream:75 - [STDERR_REDIRECT] 
2026-08-29 10:36:53,712 [ERROR] LogOutputStream:75 - [STDERR_REDIRECT] [Fatal Error] :1:1: Premature end of file.
2026-08-29 10:36:53,712 [ERROR] LogOutputStream:75 - [STDERR_REDIRECT] 
2026-08-29 10:36:54,713 [ERROR] LogOutputStream:75 - [STDERR_REDIRECT] [Fatal Error] :1:1: Premature end of file.
2026-08-29 10:36:54,713 [ERROR] LogOutputStream:75 - [STDERR_REDIRECT] 
2026-08-29 10:36:55,708 [ERROR] LogOutputStream:75 - [STDERR_REDIRECT] [Fatal Error] :1:1: Premature end of file.
2026-08-29 10:36:55,708 [ERROR] LogOutputStream:75 - [STDERR_REDIRECT] 
2026-08-29 10:36:56,724 [ERROR] LogOutputStream:75 - [STDERR_REDIRECT] [Fatal Error] :1:1: Premature end of file.
2026-08-29 10:36:56,724 [ERROR] LogOutputStream:75 - [STDERR_REDIRECT] 
2026-08-29 10:36:57,725 [ERROR] LogOutputStream:75 - [STDERR_REDIRECT] [Fatal Error] :1:1: Premature end of file.
2026-08-29 10:36:57,725 [ERROR] LogOutputStream:75 - [STDERR_REDIRECT] 
2026-08-29 10:36:58,725 [ERROR] LogOutputStream:75 - [STDERR_REDIRECT] [Fatal Error] :1:1: Premature end of file.
2026-08-29 10:36:58,725 [ERROR] LogOutputStream:75 - [STDERR_REDIRECT] 
2026-08-29 10:36:59,725 [ERROR] LogOutputStream:75 - [STDERR_REDIRECT] [Fatal Error] :1:1: Premature end of file.
2026-08-29 10:36:59,725 [ERROR] LogOutputStream:75 - [STDERR_REDIRECT] 
2026-08-29 10:37:00,709 [ERROR] LogOutputStream:75 - [STDERR_REDIRECT] [Fatal Error] :1:1: Premature end of file.
2026-08-29 10:37:00,709 [ERROR] LogOutputStream:75 - [STDERR_REDIRECT] 
2026-08-29 10:37:01,716 [ERROR] LogOutputStream:75 - [STDERR_REDIRECT] [Fatal Error] :1:1: Premature end of file.
2026-08-29 10:37:01,716 [ERROR] LogOutputStream:75 - [STDERR_REDIRECT] 
2026-08-29 10:37:02,715 [ERROR] LogOutputStream:75 - [STDERR_REDIRECT] [Fatal Error] :1:1: Premature end of file.
2026-08-29 10:37:02,715 [ERROR] LogOutputStream:75 - [STDERR_REDIRECT] 
2026-08-29 10:37:03,710 [ERROR] LogOutputStream:75 - [STDERR_REDIRECT] [Fatal Error] :1:1: Premature end of file.
2026-08-29 10:37:03,710 [ERROR] LogOutputStream:75 - [STDERR_REDIRECT] 
2026-08-29 10:37:04,708 [ERROR] LogOutputStream:75 - [STDERR_REDIRECT] [Fatal Error] :1:1: Premature end of file.
2026-08-29 10:37:04,708 [ERROR] LogOutputStream:75 - [STDERR_REDIRECT] 
2026-08-29 10:37:05,709 [ERROR] LogOutputStream:75 - [STDERR_REDIRECT] [Fatal Error] :1:1: Premature end of file.
2026-08-29 10:37:05,709 [ERROR] LogOutputStream:75 - [STDERR_REDIRECT] 
2026-08-29 10:37:06,718 [ERROR] LogOutputStream:75 - [STDERR_REDIRECT] [Fatal Error] :1:1: Premature end of file.
2026-08-29 10:37:06,718 [ERROR] LogOutputStream:75 - [STDERR_REDIRECT] 
2026-08-29 10:37:07,709 [ERROR] LogOutputStream:75 - [STDERR_REDIRECT] [Fatal Error] :1:1: Premature end of file.
2026-08-29 10:37:07,709 [ERROR] LogOutputStream:75 - [STDERR_REDIRECT] 
2026-08-29 10:37:08,702 [ERROR] LogOutputStream:75 - [STDERR_REDIRECT] [Fatal Error] :1:1: Premature end of file.
2026-08-29 10:37:08,702 [ERROR] LogOutputStream:75 - [STDERR_REDIRECT] 
2026-08-29 10:37:09,720 [ERROR] LogOutputStream:75 - [STDERR_REDIRECT] [Fatal Error] :1:1: Premature end of file.
2026-08-29 10:37:09,720 [ERROR] LogOutputStream:75 - [STDERR_REDIRECT] 
2026-08-29 10:37:10,708 [ERROR] LogOutputStream:75 - [STDERR_REDIRECT] [Fatal Error] :1:1: Premature end of file.
2026-08-29 10:37:10,708 [ERROR] LogOutputStream:75 - [STDERR_REDIRECT] 
2026-08-29 10:37:11,703 [ERROR] LogOutputStream:75 - [STDERR_REDIRECT] [Fatal Error] :1:1: Premature end of file.
2026-08-29 10:37:11,703 [ERROR] LogOutputStream:75 - [STDERR_REDIRECT] 
2026-08-29 10:37:12,710 [ERROR] LogOutputStream:75 - [STDERR_REDIRECT] [Fatal Error] :1:1: Premature end of file.
2026-08-29 10:37:12,710 [ERROR] LogOutputStream:75 - [STDERR_REDIRECT] 
2026-08-29 10:37:13,706 [ERROR] LogOutputStream:75 - [STDERR_REDIRECT] [Fatal Error] :1:1: Premature end of file.
2026-08-29 10:37:13,706 [ERROR] LogOutputStream:75 - [STDERR_REDIRECT] 
2026-08-29 10:37:14,715 [ERROR] LogOutputStream:75 - [STDERR_REDIRECT] [Fatal Error] :1:1: Premature end of file.
2026-08-29 10:37:14,715 [ERROR] LogOutputStream:75 - [STDERR_REDIRECT] 
2026-08-29 10:37:15,710 [ERROR] LogOutputStream:75 - [STDERR_REDIRECT] [Fatal Error] :1:1: Premature end of file.
2026-08-29 10:37:15,710 [ERROR] LogOutputStream:75 - [STDERR_REDIRECT] 
2026-08-29 10:37:16,705 [ERROR] LogOutputStream:75 - [STDERR_REDIRECT] [Fatal Error] :1:1: Premature end of file.
2026-08-29 10:37:16,705 [ERROR] LogOutputStream:75 - [STDERR_REDIRECT] 
2026-08-29 10:37:17,696 [ERROR] LogOutputStream:75 - [STDERR_REDIRECT] [Fatal Error] :1:1: Premature end of file.
2026-08-29 10:37:17,696 [ERROR] LogOutputStream:75 - [STDERR_REDIRECT] 
2026-08-29 10:37:18,706 [ERROR] LogOutputStream:75 - [STDERR_REDIRECT] [Fatal Error] :1:1: Premature end of file.
2026-08-29 10:37:18,706 [ERROR] LogOutputStream:75 - [STDERR_REDIRECT] 
2026-08-29 10:37:19,725 [ERROR] LogOutputStream:75 - [STDERR_REDIRECT] [Fatal Error] :1:1: Premature end of file.
2026-08-29 10:37:19,725 [ERROR] LogOutputStream:75 - [STDERR_REDIRECT] 
2026-08-29 10:37:20,724 [ERROR] LogOutputStream:75 - [STDERR_REDIRECT] [Fatal Error] :1:1: Premature end of file.
2026-08-29 10:37:20,724 [ERROR] LogOutputStream:75 - [STDERR_REDIRECT] 
2026-08-29 10:37:21,709 [ERROR] LogOutputStream:75 - [STDERR_REDIRECT] [Fatal Error] :1:1: Premature end of file.
2026-08-29 10:37:21,709 [ERROR] LogOutputStream:75 - [STDERR_REDIRECT] 
2026-08-29 10:37:22,716 [ERROR] LogOutputStream:75 - [STDERR_REDIRECT] [Fatal Error] :1:1: Premature end of file.
2026-08-29 10:37:22,716 [ERROR] LogOutputStream:75 - [STDERR_REDIRECT] 
2026-08-29 10:37:23,725 [ERROR] LogOutputStream:75 - [STDERR_REDIRECT] [Fatal Error] :1:1: Premature end of file.
2026-08-29 10:37:23,725 [ERROR] LogOutputStream:75 - [STDERR_REDIRECT] 
2026-08-29 10:37:24,709 [ERROR] LogOutputStream:75 - [STDERR_REDIRECT] [Fatal Error] :1:1: Premature end of file.
2026-08-29 10:37:24,709 [ERROR] LogOutputStream:75 - [STDERR_REDIRECT] 
2026-08-29 10:37:25,710 [ERROR] LogOutputStream:75 - [STDERR_REDIRECT] [Fatal Error] :1:1: Premature end of file.
2026-08-29 10:37:25,710 [ERROR] LogOutputStream:75 - [STDERR_REDIRECT] 
2026-08-29 10:37:26,708 [ERROR] LogOutputStream:75 - [STDERR_REDIRECT] [Fatal Error] :1:1: Premature end of file.
2026-08-29 10:37:26,708 [ERROR] LogOutputStream:75 - [STDERR_REDIRECT] 
2026-08-29 10:37:27,708 [ERROR] LogOutputStream:75 - [STDERR_REDIRECT] [Fatal Error] :1:1: Premature end of file.
2026-08-29 10:37:27,708 [ERROR] LogOutputStream:75 - [STDERR_REDIRECT] 
2026-08-29 10:37:28,708 [ERROR] LogOutputStream:75 - [STDERR_REDIRECT] [Fatal Error] :1:1: Premature end of file.
2026-08-29 10:37:28,708 [ERROR] LogOutputStream:75 - [STDERR_REDIRECT] 
2026-08-29 10:37:29,704 [ERROR] LogOutputStream:75 - [STDERR_REDIRECT] [Fatal Error] :1:1: Premature end of file.
2026-08-29 10:37:29,704 [ERROR] LogOutputStream:75 - [STDERR_REDIRECT] 
2026-08-29 10:37:30,721 [ERROR] LogOutputStream:75 - [STDERR_REDIRECT] [Fatal Error] :1:1: Premature end of file.
2026-08-29 10:37:30,721 [ERROR] LogOutputStream:75 - [STDERR_REDIRECT] 
2026-08-29 10:37:31,720 [ERROR] LogOutputStream:75 - [STDERR_REDIRECT] [Fatal Error] :1:1: Premature end of file.
2026-08-29 10:37:31,720 [ERROR] LogOutputStream:75 - [STDERR_REDIRECT] 
2026-08-29 10:37:32,720 [ERROR] LogOutputStream:75 - [STDERR_REDIRECT] [Fatal Error] :1:1: Premature end of file.
2026-08-29 10:37:32,720 [ERROR] LogOutputStream:75 - [STDERR_REDIRECT] 
2026-08-29 10:37:33,704 [ERROR] LogOutputStream:75 - [STDERR_REDIRECT] [Fatal Error] :1:1: Premature end of file.
2026-08-29 10:37:33,705 [ERROR] LogOutputStream:75 - [STDERR_REDIRECT] 
2026-08-29 10:37:34,704 [ERROR] LogOutputStream:75 - [STDERR_REDIRECT] [Fatal Error] :1:1: Premature end of file.
2026-08-29 10:37:34,704 [ERROR] LogOutputStream:75 - [STDERR_REDIRECT] 
2026-08-29 10:37:35,713 [ERROR] LogOutputStream:75 - [STDERR_REDIRECT] [Fatal Error] :1:1: Premature end of file.
2026-08-29 10:37:35,713 [ERROR] LogOutputStream:75 - [STDERR_REDIRECT] 
2026-08-29 10:37:36,721 [ERROR] LogOutputStream:75 - [STDERR_REDIRECT] [Fatal Error] :1:1: Premature end of file.
2026-08-29 10:37:36,721 [ERROR] LogOutputStream:75 - [STDERR_REDIRECT] 
2026-08-29 10:37:37,706 [ERROR] LogOutputStream:75 - [STDERR_REDIRECT] [Fatal Error] :1:1: Premature end of file.
2026-08-29 10:37:37,706 [ERROR] LogOutputStream:75 - [STDERR_REDIRECT] 
2026-08-29 10:37:38,706 [ERROR] LogOutputStream:75 - [STDERR_REDIRECT] [Fatal Error] :1:1: Premature end of file.
2026-08-29 10:37:38,706 [ERROR] LogOutputStream:75 - [STDERR_REDIRECT] 
2026-08-29 10:37:39,706 [ERROR] LogOutputStream:75 - [STDERR_REDIRECT] [Fatal Error] :1:1: Premature end of file.
2026-08-29 10:37:39,706 [ERROR] LogOutputStream:75 - [STDERR_REDIRECT] 
2026-08-29 10:37:40,714 [ERROR] LogOutputStream:75 - [STDERR_REDIRECT] [Fatal Error] :1:1: Premature end of file.
2026-08-29 10:37:40,714 [ERROR] LogOutputStream:75 - [STDERR_REDIRECT] 
2026-08-29 10:37:41,708 [ERROR] LogOutputStream:75 - [STDERR_REDIRECT] [Fatal Error] :1:1: Premature end of file.
2026-08-29 10:37:41,708 [ERROR] LogOutputStream:75 - [STDERR_REDIRECT] 
2026-08-29 10:37:42,709 [ERROR] LogOutputStream:75 - [STDERR_REDIRECT] [Fatal Error] :1:1: Premature end of file.
2026-08-29 10:37:42,709 [ERROR] LogOutputStream:75 - [STDERR_REDIRECT] 
2026-08-29 10:37:43,726 [ERROR] LogOutputStream:75 - [STDERR_REDIRECT] [Fatal Error] :1:1: Premature end of file.
2026-08-29 10:37:43,726 [ERROR] LogOutputStream:75 - [STDERR_REDIRECT] 
2026-08-29 10:37:44,716 [ERROR] LogOutputStream:75 - [STDERR_REDIRECT] [Fatal Error] :1:1: Premature end of file.
2026-08-29 10:37:44,716 [ERROR] LogOutputStream:75 - [STDERR_REDIRECT] 
2026-08-29 10:37:45,717 [ERROR] LogOutputStream:75 - [STDERR_REDIRECT] [Fatal Error] :1:1: Premature end of file.
2026-08-29 10:37:45,717 [ERROR] LogOutputStream:75 - [STDERR_REDIRECT] 
2026-08-29 10:37:46,716 [ERROR] LogOutputStream:75 - [STDERR_REDIRECT] [Fatal Error] :1:1: Premature end of file.
2026-08-29 10:37:46,716 [ERROR] LogOutputStream:75 - [STDERR_REDIRECT] 
2026-08-29 10:37:47,720 [ERROR] LogOutputStream:75 - [STDERR_REDIRECT] [Fatal Error] :1:1: Premature end of file.
2026-08-29 10:37:47,720 [ERROR] LogOutputStream:75 - [STDERR_REDIRECT] 
2026-08-29 10:37:48,719 [ERROR] LogOutputStream:75 - [STDERR_REDIRECT] [Fatal Error] :1:1: Premature end of file.
2026-08-29 10:37:48,719 [ERROR] LogOutputStream:75 - [STDERR_REDIRECT] 
2026-08-29 10:37:49,719 [ERROR] LogOutputStream:75 - [STDERR_REDIRECT] [Fatal Error] :1:1: Premature end of file.
2026-08-29 10:37:49,719 [ERROR] LogOutputStream:75 - [STDERR_REDIRECT] 
2026-08-29 10:37:50,709 [ERROR] LogOutputStream:75 - [STDERR_REDIRECT] [Fatal Error] :1:1: Premature end of file.
2026-08-29 10:37:50,709 [ERROR] LogOutputStream:75 - [STDERR_REDIRECT] 
2026-08-29 10:37:51,718 [ERROR] LogOutputStream:75 - [STDERR_REDIRECT] [Fatal Error] :1:1: Premature end of file.
2026-08-29 10:37:51,718 [ERROR] LogOutputStream:75 - [STDERR_REDIRECT] 
2026-08-29 10:37:52,702 [ERROR] LogOutputStream:75 - [STDERR_REDIRECT] [Fatal Error] :1:1: Premature end of file.
2026-08-29 10:37:52,702 [ERROR] LogOutputStream:75 - [STDERR_REDIRECT] 
2026-08-29 10:37:53,720 [ERROR] LogOutputStream:75 - [STDERR_REDIRECT] [Fatal Error] :1:1: Premature end of file.
2026-08-29 10:37:53,720 [ERROR] LogOutputStream:75 - [STDERR_REDIRECT] 
2026-08-29 10:37:54,703 [ERROR] LogOutputStream:75 - [STDERR_REDIRECT] [Fatal Error] :1:1: Premature end of file.
2026-08-29 10:37:54,703 [ERROR] LogOutputStream:75 - [STDERR_REDIRECT] 
2026-08-29 10:37:55,704 [ERROR] LogOutputStream:75 - [STDERR_REDIRECT] [Fatal Error] :1:1: Premature end of file.
2026-08-29 10:37:55,704 [ERROR] LogOutputStream:75 - [STDERR_REDIRECT] 
2026-08-29 10:37:56,703 [ERROR] LogOutputStream:75 - [STDERR_REDIRECT] [Fatal Error] :1:1: Premature end of file.
2026-08-29 10:37:56,703 [ERROR] LogOutputStream:75 - [STDERR_REDIRECT] 
2026-08-29 10:37:57,721 [ERROR] LogOutputStream:75 - [STDERR_REDIRECT] [Fatal Error] :1:1: Premature end of file.
2026-08-29 10:37:57,721 [ERROR] LogOutputStream:75 - [STDERR_REDIRECT] 
2026-08-29 10:37:58,706 [ERROR] LogOutputStream:75 - [STDERR_REDIRECT] [Fatal Error] :1:1: Premature end of file.
2026-08-29 10:37:58,706 [ERROR] LogOutputStream:75 - [STDERR_REDIRECT] 
2026-08-29 10:37:59,703 [ERROR] LogOutputStream:75 - [STDERR_REDIRECT] [Fatal Error] :1:1: Premature end of file.
2026-08-29 10:37:59,703 [ERROR] LogOutputStream:75 - [STDERR_REDIRECT] 
2026-08-29 10:38:00,713 [ERROR] LogOutputStream:75 - [STDERR_REDIRECT] [Fatal Error] :1:1: Premature end of file.
2026-08-29 10:38:00,713 [ERROR] LogOutputStream:75 - [STDERR_REDIRECT] 
2026-08-29 10:38:01,705 [ERROR] LogOutputStream:75 - [STDERR_REDIRECT] [Fatal Error] :1:1: Premature end of file.
2026-08-29 10:38:01,705 [ERROR] LogOutputStream:75 - [STDERR_REDIRECT] 
2026-08-29 10:38:02,724 [ERROR] LogOutputStream:75 - [STDERR_REDIRECT] [Fatal Error] :1:1: Premature end of file.
2026-08-29 10:38:02,724 [ERROR] LogOutputStream:75 - [STDERR_REDIRECT] 
2026-08-29 10:38:03,710 [ERROR] LogOutputStream:75 - [STDERR_REDIRECT] [Fatal Error] :1:1: Premature end of file.
2026-08-29 10:38:03,710 [ERROR] LogOutputStream:75 - [STDERR_REDIRECT] 
2026-08-29 10:38:04,708 [ERROR] LogOutputStream:75 - [STDERR_REDIRECT] [Fatal Error] :1:1: Premature end of file.
2026-08-29 10:38:04,708 [ERROR] LogOutputStream:75 - [STDERR_REDIRECT] 
2026-08-29 10:38:05,687 [ERROR] LogOutputStream:75 - [STDERR_REDIRECT] [Fatal Error] :1:1: Premature end of file.
2026-08-29 10:38:05,687 [ERROR] LogOutputStream:75 - [STDERR_REDIRECT] 
2026-08-29 10:38:06,707 [ERROR] LogOutputStream:75 - [STDERR_REDIRECT] [Fatal Error] :1:1: Premature end of file.
2026-08-29 10:38:06,707 [ERROR] LogOutputStream:75 - [STDERR_REDIRECT] 
2026-08-29 10:38:07,727 [ERROR] LogOutputStream:75 - [STDERR_REDIRECT] [Fatal Error] :1:1: Premature end of file.
2026-08-29 10:38:07,727 [ERROR] LogOutputStream:75 - [STDERR_REDIRECT] 
2026-08-29 10:38:08,717 [ERROR] LogOutputStream:75 - [STDERR_REDIRECT] [Fatal Error] :1:1: Premature end of file.
2026-08-29 10:38:08,717 [ERROR] LogOutputStream:75 - [STDERR_REDIRECT] 
2026-08-29 10:38:09,709 [ERROR] LogOutputStream:75 - [STDERR_REDIRECT] [Fatal Error] :1:1: Premature end of file.
2026-08-29 10:38:09,709 [ERROR] LogOutputStream:75 - [STDERR_REDIRECT] 
2026-08-29 10:38:10,707 [ERROR] LogOutputStream:75 - [STDERR_REDIRECT] [Fatal Error] :1:1: Premature end of file.
2026-08-29 10:38:10,707 [ERROR] LogOutputStream:75 - [STDERR_REDIRECT] 
2026-08-29 10:38:11,701 [ERROR] LogOutputStream:75 - [STDERR_REDIRECT] [Fatal Error] :1:1: Premature end of file.
2026-08-29 10:38:11,702 [ERROR] LogOutputStream:75 - [STDERR_REDIRECT] 
2026-08-29 10:38:12,712 [ERROR] LogOutputStream:75 - [STDERR_REDIRECT] [Fatal Error] :1:1: Premature end of file.
2026-08-29 10:38:12,712 [ERROR] LogOutputStream:75 - [STDERR_REDIRECT] 
2026-08-29 10:38:13,708 [ERROR] LogOutputStream:75 - [STDERR_REDIRECT] [Fatal Error] :1:1: Premature end of file.
2026-08-29 10:38:13,708 [ERROR] LogOutputStream:75 - [STDERR_REDIRECT] 
2026-08-29 10:38:14,710 [ERROR] LogOutputStream:75 - [STDERR_REDIRECT] [Fatal Error] :1:1: Premature end of file.
2026-08-29 10:38:14,710 [ERROR] LogOutputStream:75 - [STDERR_REDIRECT] 
2026-08-29 10:38:15,713 [ERROR] LogOutputStream:75 - [STDERR_REDIRECT] [Fatal Error] :1:1: Premature end of file.
2026-08-29 10:38:15,713 [ERROR] LogOutputStream:75 - [STDERR_REDIRECT] 
2026-08-29 10:38:16,702 [ERROR] LogOutputStream:75 - [STDERR_REDIRECT] [Fatal Error] :1:1: Premature end of file.
2026-08-29 10:38:16,702 [ERROR] LogOutputStream:75 - [STDERR_REDIRECT] 
2026-08-29 10:38:17,711 [ERROR] LogOutputStream:75 - [STDERR_REDIRECT] [Fatal Error] :1:1: Premature end of file.
2026-08-29 10:38:17,711 [ERROR] LogOutputStream:75 - [STDERR_REDIRECT] 
2026-08-29 10:38:18,712 [ERROR] LogOutputStream:75 - [STDERR_REDIRECT] [Fatal Error] :1:1: Premature end of file.
2026-08-29 10:38:18,712 [ERROR] LogOutputStream:75 - [STDERR_REDIRECT] 
2026-08-29 10:38:19,706 [ERROR] LogOutputStream:75 - [STDERR_REDIRECT] [Fatal Error] :1:1: Premature end of file.
2026-08-29 10:38:19,706 [ERROR] LogOutputStream:75 - [STDERR_REDIRECT] 
2026-08-29 10:38:20,711 [ERROR] LogOutputStream:75 - [STDERR_REDIRECT] [Fatal Error] :1:1: Premature end of file.
2026-08-29 10:38:20,711 [ERROR] LogOutputStream:75 - [STDERR_REDIRECT] 
2026-08-29 10:38:21,701 [ERROR] LogOutputStream:75 - [STDERR_REDIRECT] [Fatal Error] :1:1: Premature end of file.
2026-08-29 10:38:21,701 [ERROR] LogOutputStream:75 - [STDERR_REDIRECT] 
2026-08-29 10:38:22,713 [ERROR] LogOutputStream:75 - [STDERR_REDIRECT] [Fatal Error] :1:1: Premature end of file.
2026-08-29 10:38:22,713 [ERROR] LogOutputStream:75 - [STDERR_REDIRECT] 
2026-08-29 10:38:23,713 [ERROR] LogOutputStream:75 - [STDERR_REDIRECT] [Fatal Error] :1:1: Premature end of file.
2026-08-29 10:38:23,713 [ERROR] LogOutputStream:75 - [STDERR_REDIRECT] 
2026-08-29 10:38:24,715 [ERROR] LogOutputStream:75 - [STDERR_REDIRECT] [Fatal Error] :1:1: Premature end of file.
2026-08-29 10:38:24,715 [ERROR] LogOutputStream:75 - [STDERR_REDIRECT] 
2026-08-29 10:38:25,697 [ERROR] LogOutputStream:75 - [STDERR_REDIRECT] [Fatal Error] :1:1: Premature end of file.
2026-08-29 10:38:25,705 [ERROR] LogOutputStream:75 - [STDERR_REDIRECT] 
2026-08-29 10:38:26,715 [ERROR] LogOutputStream:75 - [STDERR_REDIRECT] [Fatal Error] :1:1: Premature end of file.
2026-08-29 10:38:26,715 [ERROR] LogOutputStream:75 - [STDERR_REDIRECT] 
2026-08-29 10:38:27,716 [ERROR] LogOutputStream:75 - [STDERR_REDIRECT] [Fatal Error] :1:1: Premature end of file.
2026-08-29 10:38:27,716 [ERROR] LogOutputStream:75 - [STDERR_REDIRECT] 
2026-08-29 10:38:28,716 [ERROR] LogOutputStream:75 - [STDERR_REDIRECT] [Fatal Error] :1:1: Premature end of file.
2026-08-29 10:38:28,716 [ERROR] LogOutputStream:75 - [STDERR_REDIRECT] 
2026-08-29 10:38:29,710 [ERROR] LogOutputStream:75 - [STDERR_REDIRECT] [Fatal Error] :1:1: Premature end of file.
2026-08-29 10:38:29,710 [ERROR] LogOutputStream:75 - [STDERR_REDIRECT] 
2026-08-29 10:38:30,716 [ERROR] LogOutputStream:75 - [STDERR_REDIRECT] [Fatal Error] :1:1: Premature end of file.
2026-08-29 10:38:30,716 [ERROR] LogOutputStream:75 - [STDERR_REDIRECT] 
2026-08-29 10:38:31,711 [ERROR] LogOutputStream:75 - [STDERR_REDIRECT] [Fatal Error] :1:1: Premature end of file.
2026-08-29 10:38:31,711 [ERROR] LogOutputStream:75 - [STDERR_REDIRECT] 
2026-08-29 10:38:32,712 [ERROR] LogOutputStream:75 - [STDERR_REDIRECT] [Fatal Error] :1:1: Premature end of file.
2026-08-29 10:38:32,712 [ERROR] LogOutputStream:75 - [STDERR_REDIRECT] 
2026-08-29 10:38:33,703 [ERROR] LogOutputStream:75 - [STDERR_REDIRECT] [Fatal Error] :1:1: Premature end of file.
2026-08-29 10:38:33,703 [ERROR] LogOutputStream:75 - [STDERR_REDIRECT] 
2026-08-29 10:38:34,702 [ERROR] LogOutputStream:75 - [STDERR_REDIRECT] [Fatal Error] :1:1: Premature end of file.
2026-08-29 10:38:34,702 [ERROR] LogOutputStream:75 - [STDERR_REDIRECT] 
2026-08-29 10:38:35,711 [ERROR] LogOutputStream:75 - [STDERR_REDIRECT] [Fatal Error] :1:1: Premature end of file.
2026-08-29 10:38:35,711 [ERROR] LogOutputStream:75 - [STDERR_REDIRECT] 
2026-08-29 10:38:36,718 [ERROR] LogOutputStream:75 - [STDERR_REDIRECT] [Fatal Error] :1:1: Premature end of file.
2026-08-29 10:38:36,718 [ERROR] LogOutputStream:75 - [STDERR_REDIRECT] 
2026-08-29 10:38:37,702 [ERROR] LogOutputStream:75 - [STDERR_REDIRECT] [Fatal Error] :1:1: Premature end of file.
2026-08-29 10:38:37,702 [ERROR] LogOutputStream:75 - [STDERR_REDIRECT] 
2026-08-29 10:38:38,718 [ERROR] LogOutputStream:75 - [STDERR_REDIRECT] [Fatal Error] :1:1: Premature end of file.
2026-08-29 10:38:38,719 [ERROR] LogOutputStream:75 - [STDERR_REDIRECT] 
2026-08-29 10:38:39,720 [ERROR] LogOutputStream:75 - [STDERR_REDIRECT] [Fatal Error] :1:1: Premature end of file.
2026-08-29 10:38:39,720 [ERROR] LogOutputStream:75 - [STDERR_REDIRECT] 
2026-08-29 10:38:40,719 [ERROR] LogOutputStream:75 - [STDERR_REDIRECT] [Fatal Error] :1:1: Premature end of file.
2026-08-29 10:38:40,719 [ERROR] LogOutputStream:75 - [STDERR_REDIRECT] 
2026-08-29 10:38:41,714 [ERROR] LogOutputStream:75 - [STDERR_REDIRECT] [Fatal Error] :1:1: Premature end of file.
2026-08-29 10:38:41,714 [ERROR] LogOutputStream:75 - [STDERR_REDIRECT] 
2026-08-29 10:38:42,708 [ERROR] LogOutputStream:75 - [STDERR_REDIRECT] [Fatal Error] :1:1: Premature end of file.
2026-08-29 10:38:42,708 [ERROR] LogOutputStream:75 - [STDERR_REDIRECT] 
2026-08-29 10:38:43,719 [ERROR] LogOutputStream:75 - [STDERR_REDIRECT] [Fatal Error] :1:1: Premature end of file.
2026-08-29 10:38:43,719 [ERROR] LogOutputStream:75 - [STDERR_REDIRECT] 
2026-08-29 10:38:44,719 [ERROR] LogOutputStream:75 - [STDERR_REDIRECT] [Fatal Error] :1:1: Premature end of file.
2026-08-29 10:38:44,719 [ERROR] LogOutputStream:75 - [STDERR_REDIRECT] 
2026-08-29 10:38:45,709 [ERROR] LogOutputStream:75 - [STDERR_REDIRECT] [Fatal Error] :1:1: Premature end of file.
2026-08-29 10:38:45,709 [ERROR] LogOutputStream:75 - [STDERR_REDIRECT] 
2026-08-29 10:38:46,708 [ERROR] LogOutputStream:75 - [STDERR_REDIRECT] [Fatal Error] :1:1: Premature end of file.
2026-08-29 10:38:46,708 [ERROR] LogOutputStream:75 - [STDERR_REDIRECT] 
2026-08-29 10:38:47,705 [ERROR] LogOutputStream:75 - [STDERR_REDIRECT] [Fatal Error] :1:1: Premature end of file.
2026-08-29 10:38:47,705 [ERROR] LogOutputStream:75 - [STDERR_REDIRECT] 
2026-08-29 10:38:48,716 [ERROR] LogOutputStream:75 - [STDERR_REDIRECT] [Fatal Error] :1:1: Premature end of file.
2026-08-29 10:38:48,716 [ERROR] LogOutputStream:75 - [STDERR_REDIRECT] 
2026-08-29 10:38:49,723 [ERROR] LogOutputStream:75 - [STDERR_REDIRECT] [Fatal Error] :1:1: Premature end of file.
2026-08-29 10:38:49,723 [ERROR] LogOutputStream:75 - [STDERR_REDIRECT] 
2026-08-29 10:38:50,711 [ERROR] LogOutputStream:75 - [STDERR_REDIRECT] [Fatal Error] :1:1: Premature end of file.
2026-08-29 10:38:50,711 [ERROR] LogOutputStream:75 - [STDERR_REDIRECT] 
2026-08-29 10:38:51,718 [ERROR] LogOutputStream:75 - [STDERR_REDIRECT] [Fatal Error] :1:1: Premature end of file.
2026-08-29 10:38:51,718 [ERROR] LogOutputStream:75 - [STDERR_REDIRECT] 
2026-08-29 10:38:52,718 [ERROR] LogOutputStream:75 - [STDERR_REDIRECT] [Fatal Error] :1:1: Premature end of file.
2026-08-29 10:38:52,718 [ERROR] LogOutputStream:75 - [STDERR_REDIRECT] 
2026-08-29 10:38:53,701 [ERROR] LogOutputStream:75 - [STDERR_REDIRECT] [Fatal Error] :1:1: Premature end of file.
2026-08-29 10:38:53,701 [ERROR] LogOutputStream:75 - [STDERR_REDIRECT] 
2026-08-29 10:38:54,718 [ERROR] LogOutputStream:75 - [STDERR_REDIRECT] [Fatal Error] :1:1: Premature end of file.
2026-08-29 10:38:54,718 [ERROR] LogOutputStream:75 - [STDERR_REDIRECT] 
2026-08-29 10:38:55,711 [ERROR] LogOutputStream:75 - [STDERR_REDIRECT] [Fatal Error] :1:1: Premature end of file.
2026-08-29 10:38:55,712 [ERROR] LogOutputStream:75 - [STDERR_REDIRECT] 
2026-08-29 10:38:56,709 [ERROR] LogOutputStream:75 - [STDERR_REDIRECT] [Fatal Error] :1:1: Premature end of file.
2026-08-29 10:38:56,709 [ERROR] LogOutputStream:75 - [STDERR_REDIRECT] 
2026-08-29 10:38:57,720 [ERROR] LogOutputStream:75 - [STDERR_REDIRECT] [Fatal Error] :1:1: Premature end of file.
2026-08-29 10:38:57,720 [ERROR] LogOutputStream:75 - [STDERR_REDIRECT] 
2026-08-29 10:38:58,705 [ERROR] LogOutputStream:75 - [STDERR_REDIRECT] [Fatal Error] :1:1: Premature end of file.
2026-08-29 10:38:58,705 [ERROR] LogOutputStream:75 - [STDERR_REDIRECT] 
2026-08-29 10:38:59,723 [ERROR] LogOutputStream:75 - [STDERR_REDIRECT] [Fatal Error] :1:1: Premature end of file.
2026-08-29 10:38:59,723 [ERROR] LogOutputStream:75 - [STDERR_REDIRECT] 
2026-08-29 10:39:00,702 [ERROR] LogOutputStream:75 - [STDERR_REDIRECT] [Fatal Error] :1:1: Premature end of file.
2026-08-29 10:39:00,702 [ERROR] LogOutputStream:75 - [STDERR_REDIRECT] 
2026-08-29 10:39:01,714 [ERROR] LogOutputStream:75 - [STDERR_REDIRECT] [Fatal Error] :1:1: Premature end of file.
2026-08-29 10:39:01,714 [ERROR] LogOutputStream:75 - [STDERR_REDIRECT] 
2026-08-29 10:39:02,723 [ERROR] LogOutputStream:75 - [STDERR_REDIRECT] [Fatal Error] :1:1: Premature end of file.
2026-08-29 10:39:02,723 [ERROR] LogOutputStream:75 - [STDERR_REDIRECT] 
2026-08-29 10:39:03,706 [ERROR] LogOutputStream:75 - [STDERR_REDIRECT] [Fatal Error] :1:1: Premature end of file.
2026-08-29 10:39:03,706 [ERROR] LogOutputStream:75 - [STDERR_REDIRECT] 
2026-08-29 10:39:04,706 [ERROR] LogOutputStream:75 - [STDERR_REDIRECT] [Fatal Error] :1:1: Premature end of file.
2026-08-29 10:39:04,706 [ERROR] LogOutputStream:75 - [STDERR_REDIRECT] 
2026-08-29 10:39:05,724 [ERROR] LogOutputStream:75 - [STDERR_REDIRECT] [Fatal Error] :1:1: Premature end of file.
2026-08-29 10:39:05,724 [ERROR] LogOutputStream:75 - [STDERR_REDIRECT] 
2026-08-29 10:39:06,705 [ERROR] LogOutputStream:75 - [STDERR_REDIRECT] [Fatal Error] :1:1: Premature end of file.
2026-08-29 10:39:06,705 [ERROR] LogOutputStream:75 - [STDERR_REDIRECT] 
2026-08-29 10:39:07,705 [ERROR] LogOutputStream:75 - [STDERR_REDIRECT] [Fatal Error] :1:1: Premature end of file.
2026-08-29 10:39:07,705 [ERROR] LogOutputStream:75 - [STDERR_REDIRECT] 
2026-08-29 10:39:08,708 [ERROR] LogOutputStream:75 - [STDERR_REDIRECT] [Fatal Error] :1:1: Premature end of file.
2026-08-29 10:39:08,708 [ERROR] LogOutputStream:75 - [STDERR_REDIRECT] 
2026-08-29 10:39:09,727 [ERROR] LogOutputStream:75 - [STDERR_REDIRECT] [Fatal Error] :1:1: Premature end of file.
2026-08-29 10:39:09,727 [ERROR] LogOutputStream:75 - [STDERR_REDIRECT] 
2026-08-29 10:39:10,716 [ERROR] LogOutputStream:75 - [STDERR_REDIRECT] [Fatal Error] :1:1: Premature end of file.
2026-08-29 10:39:10,716 [ERROR] LogOutputStream:75 - [STDERR_REDIRECT] 
2026-08-29 10:39:11,709 [ERROR] LogOutputStream:75 - [STDERR_REDIRECT] [Fatal Error] :1:1: Premature end of file.
2026-08-29 10:39:11,709 [ERROR] LogOutputStream:75 - [STDERR_REDIRECT] 
2026-08-29 10:39:12,705 [ERROR] LogOutputStream:75 - [STDERR_REDIRECT] [Fatal Error] :1:1: Premature end of file.
2026-08-29 10:39:12,705 [ERROR] LogOutputStream:75 - [STDERR_REDIRECT] 
2026-08-29 10:39:13,718 [ERROR] LogOutputStream:75 - [STDERR_REDIRECT] [Fatal Error] :1:1: Premature end of file.
2026-08-29 10:39:13,718 [ERROR] LogOutputStream:75 - [STDERR_REDIRECT] 
2026-08-29 10:39:14,709 [ERROR] LogOutputStream:75 - [STDERR_REDIRECT] [Fatal Error] :1:1: Premature end of file.
2026-08-29 10:39:14,709 [ERROR] LogOutputStream:75 - [STDERR_REDIRECT] 
2026-08-29 10:39:15,718 [ERROR] LogOutputStream:75 - [STDERR_REDIRECT] [Fatal Error] :1:1: Premature end of file.
2026-08-29 10:39:15,718 [ERROR] LogOutputStream:75 - [STDERR_REDIRECT] 
2026-08-29 10:39:16,703 [ERROR] LogOutputStream:75 - [STDERR_REDIRECT] [Fatal Error] :1:1: Premature end of file.
2026-08-29 10:39:16,703 [ERROR] LogOutputStream:75 - [STDERR_REDIRECT] 
2026-08-29 10:39:17,709 [ERROR] LogOutputStream:75 - [STDERR_REDIRECT] [Fatal Error] :1:1: Premature end of file.
2026-08-29 10:39:17,709 [ERROR] LogOutputStream:75 - [STDERR_REDIRECT] 
2026-08-29 10:39:18,715 [ERROR] LogOutputStream:75 - [STDERR_REDIRECT] [Fatal Error] :1:1: Premature end of file.
2026-08-29 10:39:18,715 [ERROR] LogOutputStream:75 - [STDERR_REDIRECT] 
2026-08-29 10:39:19,705 [ERROR] LogOutputStream:75 - [STDERR_REDIRECT] [Fatal Error] :1:1: Premature end of file.
2026-08-29 10:39:19,705 [ERROR] LogOutputStream:75 - [STDERR_REDIRECT] 
2026-08-29 10:39:20,704 [ERROR] LogOutputStream:75 - [STDERR_REDIRECT] [Fatal Error] :1:1: Premature end of file.
2026-08-29 10:39:20,704 [ERROR] LogOutputStream:75 - [STDERR_REDIRECT] 
2026-08-29 10:39:21,706 [ERROR] LogOutputStream:75 - [STDERR_REDIRECT] [Fatal Error] :1:1: Premature end of file.
2026-08-29 10:39:21,706 [ERROR] LogOutputStream:75 - [STDERR_REDIRECT] 
2026-08-29 10:39:22,723 [ERROR] LogOutputStream:75 - [STDERR_REDIRECT] [Fatal Error] :1:1: Premature end of file.
2026-08-29 10:39:22,723 [ERROR] LogOutputStream:75 - [STDERR_REDIRECT] 
2026-08-29 10:39:23,712 [ERROR] LogOutputStream:75 - [STDERR_REDIRECT] [Fatal Error] :1:1: Premature end of file.
2026-08-29 10:39:23,712 [ERROR] LogOutputStream:75 - [STDERR_REDIRECT] 
2026-08-29 10:39:24,693 [ERROR] LogOutputStream:75 - [STDERR_REDIRECT] [Fatal Error] :1:1: Premature end of file.
2026-08-29 10:39:24,693 [ERROR] LogOutputStream:75 - [STDERR_REDIRECT] 
2026-08-29 10:39:25,713 [ERROR] LogOutputStream:75 - [STDERR_REDIRECT] [Fatal Error] :1:1: Premature end of file.
2026-08-29 10:39:25,714 [ERROR] LogOutputStream:75 - [STDERR_REDIRECT] 
2026-08-29 10:39:26,724 [ERROR] LogOutputStream:75 - [STDERR_REDIRECT] [Fatal Error] :1:1: Premature end of file.
2026-08-29 10:39:26,724 [ERROR] LogOutputStream:75 - [STDERR_REDIRECT] 
2026-08-29 10:39:27,695 [ERROR] LogOutputStream:75 - [STDERR_REDIRECT] [Fatal Error] :1:1: Premature end of file.
2026-08-29 10:39:27,695 [ERROR] LogOutputStream:75 - [STDERR_REDIRECT] 
2026-08-29 10:39:28,714 [ERROR] LogOutputStream:75 - [STDERR_REDIRECT] [Fatal Error] :1:1: Premature end of file.
2026-08-29 10:39:28,714 [ERROR] LogOutputStream:75 - [STDERR_REDIRECT] 
2026-08-29 10:39:29,707 [ERROR] LogOutputStream:75 - [STDERR_REDIRECT] [Fatal Error] :1:1: Premature end of file.
2026-08-29 10:39:29,707 [ERROR] LogOutputStream:75 - [STDERR_REDIRECT] 
2026-08-29 10:39:30,726 [ERROR] LogOutputStream:75 - [STDERR_REDIRECT] [Fatal Error] :1:1: Premature end of file.
2026-08-29 10:39:30,726 [ERROR] LogOutputStream:75 - [STDERR_REDIRECT] 
2026-08-29 10:39:31,687 [ERROR] LogOutputStream:75 - [STDERR_REDIRECT] [Fatal Error] :1:1: Premature end of file.
2026-08-29 10:39:31,687 [ERROR] LogOutputStream:75 - [STDERR_REDIRECT] 
2026-08-29 10:39:32,711 [ERROR] LogOutputStream:75 - [STDERR_REDIRECT] [Fatal Error] :1:1: Premature end of file.
2026-08-29 10:39:32,711 [ERROR] LogOutputStream:75 - [STDERR_REDIRECT] 
2026-08-29 10:39:33,711 [ERROR] LogOutputStream:75 - [STDERR_REDIRECT] [Fatal Error] :1:1: Premature end of file.
2026-08-29 10:39:33,711 [ERROR] LogOutputStream:75 - [STDERR_REDIRECT] 
2026-08-29 10:39:34,711 [ERROR] LogOutputStream:75 - [STDERR_REDIRECT] [Fatal Error] :1:1: Premature end of file.
2026-08-29 10:39:34,711 [ERROR] LogOutputStream:75 - [STDERR_REDIRECT] 
2026-08-29 10:39:35,719 [ERROR] LogOutputStream:75 - [STDERR_REDIRECT] [Fatal Error] :1:1: Premature end of file.
2026-08-29 10:39:35,719 [ERROR] LogOutputStream:75 - [STDERR_REDIRECT] 
2026-08-29 10:39:36,712 [ERROR] LogOutputStream:75 - [STDERR_REDIRECT] [Fatal Error] :1:1: Premature end of file.
2026-08-29 10:39:36,712 [ERROR] LogOutputStream:75 - [STDERR_REDIRECT] 
2026-08-29 10:39:37,702 [ERROR] LogOutputStream:75 - [STDERR_REDIRECT] [Fatal Error] :1:1: Premature end of file.
2026-08-29 10:39:37,702 [ERROR] LogOutputStream:75 - [STDERR_REDIRECT] 
2026-08-29 10:39:38,710 [ERROR] LogOutputStream:75 - [STDERR_REDIRECT] [Fatal Error] :1:1: Premature end of file.
2026-08-29 10:39:38,710 [ERROR] LogOutputStream:75 - [STDERR_REDIRECT] 
2026-08-29 10:39:39,711 [ERROR] LogOutputStream:75 - [STDERR_REDIRECT] [Fatal Error] :1:1: Premature end of file.
2026-08-29 10:39:39,711 [ERROR] LogOutputStream:75 - [STDERR_REDIRECT] 
2026-08-29 10:39:40,707 [ERROR] LogOutputStream:75 - [STDERR_REDIRECT] [Fatal Error] :1:1: Premature end of file.
2026-08-29 10:39:40,707 [ERROR] LogOutputStream:75 - [STDERR_REDIRECT] 
2026-08-29 10:39:41,704 [ERROR] LogOutputStream:75 - [STDERR_REDIRECT] [Fatal Error] :1:1: Premature end of file.
2026-08-29 10:39:41,704 [ERROR] LogOutputStream:75 - [STDERR_REDIRECT] 
2026-08-29 10:39:42,705 [ERROR] LogOutputStream:75 - [STDERR_REDIRECT] [Fatal Error] :1:1: Premature end of file.
2026-08-29 10:39:42,705 [ERROR] LogOutputStream:75 - [STDERR_REDIRECT] 
2026-08-29 10:39:43,722 [ERROR] LogOutputStream:75 - [STDERR_REDIRECT] [Fatal Error] :1:1: Premature end of file.
2026-08-29 10:39:43,722 [ERROR] LogOutputStream:75 - [STDERR_REDIRECT] 
2026-08-29 10:39:44,704 [ERROR] LogOutputStream:75 - [STDERR_REDIRECT] [Fatal Error] :1:1: Premature end of file.
2026-08-29 10:39:44,704 [ERROR] LogOutputStream:75 - [STDERR_REDIRECT] 
2026-08-29 10:39:45,704 [ERROR] LogOutputStream:75 - [STDERR_REDIRECT] [Fatal Error] :1:1: Premature end of file.
2026-08-29 10:39:45,704 [ERROR] LogOutputStream:75 - [STDERR_REDIRECT] 
2026-08-29 10:39:46,724 [ERROR] LogOutputStream:75 - [STDERR_REDIRECT] [Fatal Error] :1:1: Premature end of file.
2026-08-29 10:39:46,724 [ERROR] LogOutputStream:75 - [STDERR_REDIRECT] 
2026-08-29 10:39:47,705 [ERROR] LogOutputStream:75 - [STDERR_REDIRECT] [Fatal Error] :1:1: Premature end of file.
2026-08-29 10:39:47,705 [ERROR] LogOutputStream:75 - [STDERR_REDIRECT] 
2026-08-29 10:39:48,714 [ERROR] LogOutputStream:75 - [STDERR_REDIRECT] [Fatal Error] :1:1: Premature end of file.
2026-08-29 10:39:48,714 [ERROR] LogOutputStream:75 - [STDERR_REDIRECT] 
2026-08-29 10:39:49,713 [ERROR] LogOutputStream:75 - [STDERR_REDIRECT] [Fatal Error] :1:1: Premature end of file.
2026-08-29 10:39:49,713 [ERROR] LogOutputStream:75 - [STDERR_REDIRECT] 
2026-08-29 10:39:50,709 [ERROR] LogOutputStream:75 - [STDERR_REDIRECT] [Fatal Error] :1:1: Premature end of file.
2026-08-29 10:39:50,709 [ERROR] LogOutputStream:75 - [STDERR_REDIRECT] 
2026-08-29 10:39:51,687 [ERROR] LogOutputStream:75 - [STDERR_REDIRECT] [Fatal Error] :1:1: Premature end of file.
2026-08-29 10:39:51,687 [ERROR] LogOutputStream:75 - [STDERR_REDIRECT] 
2026-08-29 10:39:52,727 [ERROR] LogOutputStream:75 - [STDERR_REDIRECT] [Fatal Error] :1:1: Premature end of file.
2026-08-29 10:39:52,727 [ERROR] LogOutputStream:75 - [STDERR_REDIRECT] 
2026-08-29 10:39:53,697 [ERROR] LogOutputStream:75 - [STDERR_REDIRECT] [Fatal Error] :1:1: Premature end of file.
2026-08-29 10:39:53,697 [ERROR] LogOutputStream:75 - [STDERR_REDIRECT] 
2026-08-29 10:39:54,711 [ERROR] LogOutputStream:75 - [STDERR_REDIRECT] [Fatal Error] :1:1: Premature end of file.
2026-08-29 10:39:54,711 [ERROR] LogOutputStream:75 - [STDERR_REDIRECT] 
2026-08-29 10:39:55,716 [ERROR] LogOutputStream:75 - [STDERR_REDIRECT] [Fatal Error] :1:1: Premature end of file.
2026-08-29 10:39:55,716 [ERROR] LogOutputStream:75 - [STDERR_REDIRECT] 
2026-08-29 10:39:56,708 [ERROR] LogOutputStream:75 - [STDERR_REDIRECT] [Fatal Error] :1:1: Premature end of file.
2026-08-29 10:39:56,708 [ERROR] LogOutputStream:75 - [STDERR_REDIRECT] 
2026-08-29 10:39:57,710 [ERROR] LogOutputStream:75 - [STDERR_REDIRECT] [Fatal Error] :1:1: Premature end of file.
2026-08-29 10:39:57,710 [ERROR] LogOutputStream:75 - [STDERR_REDIRECT] 
2026-08-29 10:39:58,700 [ERROR] LogOutputStream:75 - [STDERR_REDIRECT] [Fatal Error] :1:1: Premature end of file.
2026-08-29 10:39:58,700 [ERROR] LogOutputStream:75 - [STDERR_REDIRECT] 
2026-08-29 10:39:59,719 [ERROR] LogOutputStream:75 - [STDERR_REDIRECT] [Fatal Error] :1:1: Premature end of file.
2026-08-29 10:39:59,719 [ERROR] LogOutputStream:75 - [STDERR_REDIRECT] 
2026-08-29 10:40:00,719 [ERROR] LogOutputStream:75 - [STDERR_REDIRECT] [Fatal Error] :1:1: Premature end of file.
2026-08-29 10:40:00,719 [ERROR] LogOutputStream:75 - [STDERR_REDIRECT] 
2026-08-29 10:40:01,704 [ERROR] LogOutputStream:75 - [STDERR_REDIRECT] [Fatal Error] :1:1: Premature end of file.
2026-08-29 10:40:01,704 [ERROR] LogOutputStream:75 - [STDERR_REDIRECT] 
2026-08-29 10:40:02,701 [ERROR] LogOutputStream:75 - [STDERR_REDIRECT] [Fatal Error] :1:1: Premature end of file.
2026-08-29 10:40:02,701 [ERROR] LogOutputStream:75 - [STDERR_REDIRECT] 
2026-08-29 10:40:03,704 [ERROR] LogOutputStream:75 - [STDERR_REDIRECT] [Fatal Error] :1:1: Premature end of file.
2026-08-29 10:40:03,704 [ERROR] LogOutputStream:75 - [STDERR_REDIRECT] 
2026-08-29 10:40:04,712 [ERROR] LogOutputStream:75 - [STDERR_REDIRECT] [Fatal Error] :1:1: Premature end of file.
2026-08-29 10:40:04,712 [ERROR] LogOutputStream:75 - [STDERR_REDIRECT] 
2026-08-29 10:40:05,722 [ERROR] LogOutputStream:75 - [STDERR_REDIRECT] [Fatal Error] :1:1: Premature end of file.
2026-08-29 10:40:05,723 [ERROR] LogOutputStream:75 - [STDERR_REDIRECT] 
2026-08-29 10:40:06,705 [ERROR] LogOutputStream:75 - [STDERR_REDIRECT] [Fatal Error] :1:1: Premature end of file.
2026-08-29 10:40:06,705 [ERROR] LogOutputStream:75 - [STDERR_REDIRECT] 
2026-08-29 10:40:07,722 [ERROR] LogOutputStream:75 - [STDERR_REDIRECT] [Fatal Error] :1:1: Premature end of file.
2026-08-29 10:40:07,723 [ERROR] LogOutputStream:75 - [STDERR_REDIRECT] 
2026-08-29 10:40:08,714 [ERROR] LogOutputStream:75 - [STDERR_REDIRECT] [Fatal Error] :1:1: Premature end of file.
2026-08-29 10:40:08,714 [ERROR] LogOutputStream:75 - [STDERR_REDIRECT] 
2026-08-29 10:40:09,713 [ERROR] LogOutputStream:75 - [STDERR_REDIRECT] [Fatal Error] :1:1: Premature end of file.
2026-08-29 10:40:09,713 [ERROR] LogOutputStream:75 - [STDERR_REDIRECT] 
2026-08-29 10:40:10,713 [ERROR] LogOutputStream:75 - [STDERR_REDIRECT] [Fatal Error] :1:1: Premature end of file.
2026-08-29 10:40:10,714 [ERROR] LogOutputStream:75 - [STDERR_REDIRECT] 
2026-08-29 10:40:11,709 [ERROR] LogOutputStream:75 - [STDERR_REDIRECT] [Fatal Error] :1:1: Premature end of file.
2026-08-29 10:40:11,709 [ERROR] LogOutputStream:75 - [STDERR_REDIRECT] 
2026-08-29 10:40:12,726 [ERROR] LogOutputStream:75 - [STDERR_REDIRECT] [Fatal Error] :1:1: Premature end of file.
2026-08-29 10:40:12,726 [ERROR] LogOutputStream:75 - [STDERR_REDIRECT] 
2026-08-29 10:40:13,717 [ERROR] LogOutputStream:75 - [STDERR_REDIRECT] [Fatal Error] :1:1: Premature end of file.
2026-08-29 10:40:13,717 [ERROR] LogOutputStream:75 - [STDERR_REDIRECT] 
2026-08-29 10:40:14,708 [ERROR] LogOutputStream:75 - [STDERR_REDIRECT] [Fatal Error] :1:1: Premature end of file.
2026-08-29 10:40:14,708 [ERROR] LogOutputStream:75 - [STDERR_REDIRECT] 
2026-08-29 10:40:15,719 [ERROR] LogOutputStream:75 - [STDERR_REDIRECT] [Fatal Error] :1:1: Premature end of file.
2026-08-29 10:40:15,719 [ERROR] LogOutputStream:75 - [STDERR_REDIRECT] 
2026-08-29 10:40:16,711 [ERROR] LogOutputStream:75 - [STDERR_REDIRECT] [Fatal Error] :1:1: Premature end of file.
2026-08-29 10:40:16,711 [ERROR] LogOutputStream:75 - [STDERR_REDIRECT] 
2026-08-29 10:40:17,719 [ERROR] LogOutputStream:75 - [STDERR_REDIRECT] [Fatal Error] :1:1: Premature end of file.
2026-08-29 10:40:17,719 [ERROR] LogOutputStream:75 - [STDERR_REDIRECT] 
2026-08-29 10:40:18,720 [ERROR] LogOutputStream:75 - [STDERR_REDIRECT] [Fatal Error] :1:1: Premature end of file.
2026-08-29 10:40:18,720 [ERROR] LogOutputStream:75 - [STDERR_REDIRECT] 
2026-08-29 10:40:19,704 [ERROR] LogOutputStream:75 - [STDERR_REDIRECT] [Fatal Error] :1:1: Premature end of file.
2026-08-29 10:40:19,704 [ERROR] LogOutputStream:75 - [STDERR_REDIRECT] 
2026-08-29 10:40:20,706 [ERROR] LogOutputStream:75 - [STDERR_REDIRECT] [Fatal Error] :1:1: Premature end of file.
2026-08-29 10:40:20,706 [ERROR] LogOutputStream:75 - [STDERR_REDIRECT] 
2026-08-29 10:40:21,714 [ERROR] LogOutputStream:75 - [STDERR_REDIRECT] [Fatal Error] :1:1: Premature end of file.
2026-08-29 10:40:21,714 [ERROR] LogOutputStream:75 - [STDERR_REDIRECT] 
2026-08-29 10:40:22,720 [ERROR] LogOutputStream:75 - [STDERR_REDIRECT] [Fatal Error] :1:1: Premature end of file.
2026-08-29 10:40:22,720 [ERROR] LogOutputStream:75 - [STDERR_REDIRECT] 
2026-08-29 10:40:23,721 [ERROR] LogOutputStream:75 - [STDERR_REDIRECT] [Fatal Error] :1:1: Premature end of file.
2026-08-29 10:40:23,721 [ERROR] LogOutputStream:75 - [STDERR_REDIRECT] 
2026-08-29 10:40:24,732 [ERROR] LogOutputStream:75 - [STDERR_REDIRECT] [Fatal Error] :1:1: Premature end of file.
2026-08-29 10:40:24,732 [ERROR] LogOutputStream:75 - [STDERR_REDIRECT] 
2026-08-29 10:40:25,722 [ERROR] LogOutputStream:75 - [STDERR_REDIRECT] [Fatal Error] :1:1: Premature end of file.
2026-08-29 10:40:25,722 [ERROR] LogOutputStream:75 - [STDERR_REDIRECT] 
2026-08-29 10:40:26,723 [ERROR] LogOutputStream:75 - [STDERR_REDIRECT] [Fatal Error] :1:1: Premature end of file.
2026-08-29 10:40:26,723 [ERROR] LogOutputStream:75 - [STDERR_REDIRECT] 
2026-08-29 10:40:27,703 [ERROR] LogOutputStream:75 - [STDERR_REDIRECT] [Fatal Error] :1:1: Premature end of file.
2026-08-29 10:40:27,703 [ERROR] LogOutputStream:75 - [STDERR_REDIRECT] 
2026-08-29 10:40:28,705 [ERROR] LogOutputStream:75 - [STDERR_REDIRECT] [Fatal Error] :1:1: Premature end of file.
2026-08-29 10:40:28,705 [ERROR] LogOutputStream:75 - [STDERR_REDIRECT] 
2026-08-29 10:40:29,704 [ERROR] LogOutputStream:75 - [STDERR_REDIRECT] [Fatal Error] :1:1: Premature end of file.
2026-08-29 10:40:29,704 [ERROR] LogOutputStream:75 - [STDERR_REDIRECT] 
2026-08-29 10:40:30,715 [ERROR] LogOutputStream:75 - [STDERR_REDIRECT] [Fatal Error] :1:1: Premature end of file.
2026-08-29 10:40:30,715 [ERROR] LogOutputStream:75 - [STDERR_REDIRECT] 
2026-08-29 10:40:31,725 [ERROR] LogOutputStream:75 - [STDERR_REDIRECT] [Fatal Error] :1:1: Premature end of file.
2026-08-29 10:40:31,725 [ERROR] LogOutputStream:75 - [STDERR_REDIRECT] 
2026-08-29 10:40:32,705 [ERROR] LogOutputStream:75 - [STDERR_REDIRECT] [Fatal Error] :1:1: Premature end of file.
2026-08-29 10:40:32,705 [ERROR] LogOutputStream:75 - [STDERR_REDIRECT] 
2026-08-29 10:40:33,715 [ERROR] LogOutputStream:75 - [STDERR_REDIRECT] [Fatal Error] :1:1: Premature end of file.
2026-08-29 10:40:33,716 [ERROR] LogOutputStream:75 - [STDERR_REDIRECT] 
2026-08-29 10:40:34,725 [ERROR] LogOutputStream:75 - [STDERR_REDIRECT] [Fatal Error] :1:1: Premature end of file.
2026-08-29 10:40:34,725 [ERROR] LogOutputStream:75 - [STDERR_REDIRECT] 
2026-08-29 10:40:35,707 [ERROR] LogOutputStream:75 - [STDERR_REDIRECT] [Fatal Error] :1:1: Premature end of file.
2026-08-29 10:40:35,707 [ERROR] LogOutputStream:75 - [STDERR_REDIRECT] 
2026-08-29 10:40:36,717 [ERROR] LogOutputStream:75 - [STDERR_REDIRECT] [Fatal Error] :1:1: Premature end of file.
2026-08-29 10:40:36,717 [ERROR] LogOutputStream:75 - [STDERR_REDIRECT] 
2026-08-29 10:40:37,710 [ERROR] LogOutputStream:75 - [STDERR_REDIRECT] [Fatal Error] :1:1: Premature end of file.
2026-08-29 10:40:37,710 [ERROR] LogOutputStream:75 - [STDERR_REDIRECT] 
2026-08-29 10:40:38,707 [ERROR] LogOutputStream:75 - [STDERR_REDIRECT] [Fatal Error] :1:1: Premature end of file.
2026-08-29 10:40:38,707 [ERROR] LogOutputStream:75 - [STDERR_REDIRECT] 
2026-08-29 10:40:39,708 [ERROR] LogOutputStream:75 - [STDERR_REDIRECT] [Fatal Error] :1:1: Premature end of file.
2026-08-29 10:40:39,708 [ERROR] LogOutputStream:75 - [STDERR_REDIRECT] 
2026-08-29 10:40:40,701 [ERROR] LogOutputStream:75 - [STDERR_REDIRECT] [Fatal Error] :1:1: Premature end of file.
2026-08-29 10:40:40,701 [ERROR] LogOutputStream:75 - [STDERR_REDIRECT] 
2026-08-29 10:40:41,720 [ERROR] LogOutputStream:75 - [STDERR_REDIRECT] [Fatal Error] :1:1: Premature end of file.
2026-08-29 10:40:41,720 [ERROR] LogOutputStream:75 - [STDERR_REDIRECT] 
2026-08-29 10:40:42,702 [ERROR] LogOutputStream:75 - [STDERR_REDIRECT] [Fatal Error] :1:1: Premature end of file.
2026-08-29 10:40:42,702 [ERROR] LogOutputStream:75 - [STDERR_REDIRECT] 
2026-08-29 10:40:43,702 [ERROR] LogOutputStream:75 - [STDERR_REDIRECT] [Fatal Error] :1:1: Premature end of file.
2026-08-29 10:40:43,702 [ERROR] LogOutputStream:75 - [STDERR_REDIRECT] 
2026-08-29 10:40:44,721 [ERROR] LogOutputStream:75 - [STDERR_REDIRECT] [Fatal Error] :1:1: Premature end of file.
2026-08-29 10:40:44,721 [ERROR] LogOutputStream:75 - [STDERR_REDIRECT] 
2026-08-29 10:40:45,705 [ERROR] LogOutputStream:75 - [STDERR_REDIRECT] [Fatal Error] :1:1: Premature end of file.
2026-08-29 10:40:45,705 [ERROR] LogOutputStream:75 - [STDERR_REDIRECT] 
2026-08-29 10:40:46,722 [ERROR] LogOutputStream:75 - [STDERR_REDIRECT] [Fatal Error] :1:1: Premature end of file.
2026-08-29 10:40:46,722 [ERROR] LogOutputStream:75 - [STDERR_REDIRECT] 
2026-08-29 10:40:47,722 [ERROR] LogOutputStream:75 - [STDERR_REDIRECT] [Fatal Error] :1:1: Premature end of file.
2026-08-29 10:40:47,722 [ERROR] LogOutputStream:75 - [STDERR_REDIRECT] 
2026-08-29 10:40:48,693 [ERROR] LogOutputStream:75 - [STDERR_REDIRECT] [Fatal Error] :1:1: Premature end of file.
2026-08-29 10:40:48,693 [ERROR] LogOutputStream:75 - [STDERR_REDIRECT] 
2026-08-29 10:40:49,703 [ERROR] LogOutputStream:75 - [STDERR_REDIRECT] [Fatal Error] :1:1: Premature end of file.
2026-08-29 10:40:49,703 [ERROR] LogOutputStream:75 - [STDERR_REDIRECT] 
2026-08-29 10:40:50,714 [ERROR] LogOutputStream:75 - [STDERR_REDIRECT] [Fatal Error] :1:1: Premature end of file.
2026-08-29 10:40:50,714 [ERROR] LogOutputStream:75 - [STDERR_REDIRECT] 
2026-08-29 10:40:51,714 [ERROR] LogOutputStream:75 - [STDERR_REDIRECT] [Fatal Error] :1:1: Premature end of file.
2026-08-29 10:40:51,714 [ERROR] LogOutputStream:75 - [STDERR_REDIRECT] 
2026-08-29 10:40:52,725 [ERROR] LogOutputStream:75 - [STDERR_REDIRECT] [Fatal Error] :1:1: Premature end of file.
2026-08-29 10:40:52,725 [ERROR] LogOutputStream:75 - [STDERR_REDIRECT] 
2026-08-29 10:40:53,706 [ERROR] LogOutputStream:75 - [STDERR_REDIRECT] [Fatal Error] :1:1: Premature end of file.
2026-08-29 10:40:53,706 [ERROR] LogOutputStream:75 - [STDERR_REDIRECT] 
2026-08-29 10:40:54,713 [ERROR] LogOutputStream:75 - [STDERR_REDIRECT] [Fatal Error] :1:1: Premature end of file.
2026-08-29 10:40:54,713 [ERROR] LogOutputStream:75 - [STDERR_REDIRECT] 
2026-08-29 10:40:55,715 [ERROR] LogOutputStream:75 - [STDERR_REDIRECT] [Fatal Error] :1:1: Premature end of file.
2026-08-29 10:40:55,715 [ERROR] LogOutputStream:75 - [STDERR_REDIRECT] 
2026-08-29 10:40:56,727 [ERROR] LogOutputStream:75 - [STDERR_REDIRECT] [Fatal Error] :1:1: Premature end of file.
2026-08-29 10:40:56,727 [ERROR] LogOutputStream:75 - [STDERR_REDIRECT] 
2026-08-29 10:40:57,727 [ERROR] LogOutputStream:75 - [STDERR_REDIRECT] [Fatal Error] :1:1: Premature end of file.
2026-08-29 10:40:57,727 [ERROR] LogOutputStream:75 - [STDERR_REDIRECT] 
2026-08-29 10:40:58,711 [ERROR] LogOutputStream:75 - [STDERR_REDIRECT] [Fatal Error] :1:1: Premature end of file.
2026-08-29 10:40:58,711 [ERROR] LogOutputStream:75 - [STDERR_REDIRECT] 
2026-08-29 10:40:59,719 [ERROR] LogOutputStream:75 - [STDERR_REDIRECT] [Fatal Error] :1:1: Premature end of file.
2026-08-29 10:40:59,719 [ERROR] LogOutputStream:75 - [STDERR_REDIRECT] 
2026-08-29 10:41:00,719 [ERROR] LogOutputStream:75 - [STDERR_REDIRECT] [Fatal Error] :1:1: Premature end of file.
2026-08-29 10:41:00,719 [ERROR] LogOutputStream:75 - [STDERR_REDIRECT] 
2026-08-29 10:41:01,702 [ERROR] LogOutputStream:75 - [STDERR_REDIRECT] [Fatal Error] :1:1: Premature end of file.
2026-08-29 10:41:01,702 [ERROR] LogOutputStream:75 - [STDERR_REDIRECT] 
2026-08-29 10:41:02,702 [ERROR] LogOutputStream:75 - [STDERR_REDIRECT] [Fatal Error] :1:1: Premature end of file.
2026-08-29 10:41:02,702 [ERROR] LogOutputStream:75 - [STDERR_REDIRECT] 
2026-08-29 10:41:03,703 [ERROR] LogOutputStream:75 - [STDERR_REDIRECT] [Fatal Error] :1:1: Premature end of file.
2026-08-29 10:41:03,703 [ERROR] LogOutputStream:75 - [STDERR_REDIRECT] 
2026-08-29 10:41:04,710 [ERROR] LogOutputStream:75 - [STDERR_REDIRECT] [Fatal Error] :1:1: Premature end of file.
2026-08-29 10:41:04,710 [ERROR] LogOutputStream:75 - [STDERR_REDIRECT] 
2026-08-29 10:41:05,721 [ERROR] LogOutputStream:75 - [STDERR_REDIRECT] [Fatal Error] :1:1: Premature end of file.
2026-08-29 10:41:05,721 [ERROR] LogOutputStream:75 - [STDERR_REDIRECT] 
2026-08-29 10:41:06,703 [ERROR] LogOutputStream:75 - [STDERR_REDIRECT] [Fatal Error] :1:1: Premature end of file.
2026-08-29 10:41:06,703 [ERROR] LogOutputStream:75 - [STDERR_REDIRECT] 
2026-08-29 10:41:07,712 [ERROR] LogOutputStream:75 - [STDERR_REDIRECT] [Fatal Error] :1:1: Premature end of file.
2026-08-29 10:41:07,712 [ERROR] LogOutputStream:75 - [STDERR_REDIRECT] 
2026-08-29 10:41:08,722 [ERROR] LogOutputStream:75 - [STDERR_REDIRECT] [Fatal Error] :1:1: Premature end of file.
2026-08-29 10:41:08,722 [ERROR] LogOutputStream:75 - [STDERR_REDIRECT] 
2026-08-29 10:41:09,707 [ERROR] LogOutputStream:75 - [STDERR_REDIRECT] [Fatal Error] :1:1: Premature end of file.
2026-08-29 10:41:09,707 [ERROR] LogOutputStream:75 - [STDERR_REDIRECT] 
2026-08-29 10:41:10,724 [ERROR] LogOutputStream:75 - [STDERR_REDIRECT] [Fatal Error] :1:1: Premature end of file.
2026-08-29 10:41:10,724 [ERROR] LogOutputStream:75 - [STDERR_REDIRECT] 
2026-08-29 10:41:11,705 [ERROR] LogOutputStream:75 - [STDERR_REDIRECT] [Fatal Error] :1:1: Premature end of file.
2026-08-29 10:41:11,705 [ERROR] LogOutputStream:75 - [STDERR_REDIRECT] 
2026-08-29 10:41:12,705 [ERROR] LogOutputStream:75 - [STDERR_REDIRECT] [Fatal Error] :1:1: Premature end of file.
2026-08-29 10:41:12,705 [ERROR] LogOutputStream:75 - [STDERR_REDIRECT] 
2026-08-29 10:41:13,714 [ERROR] LogOutputStream:75 - [STDERR_REDIRECT] [Fatal Error] :1:1: Premature end of file.
2026-08-29 10:41:13,714 [ERROR] LogOutputStream:75 - [STDERR_REDIRECT] 
2026-08-29 10:41:14,708 [ERROR] LogOutputStream:75 - [STDERR_REDIRECT] [Fatal Error] :1:1: Premature end of file.
2026-08-29 10:41:14,708 [ERROR] LogOutputStream:75 - [STDERR_REDIRECT] 
2026-08-29 10:41:15,715 [ERROR] LogOutputStream:75 - [STDERR_REDIRECT] [Fatal Error] :1:1: Premature end of file.
2026-08-29 10:41:15,715 [ERROR] LogOutputStream:75 - [STDERR_REDIRECT] 
2026-08-29 10:41:16,709 [ERROR] LogOutputStream:75 - [STDERR_REDIRECT] [Fatal Error] :1:1: Premature end of file.
2026-08-29 10:41:16,709 [ERROR] LogOutputStream:75 - [STDERR_REDIRECT] 
2026-08-29 10:41:17,726 [ERROR] LogOutputStream:75 - [STDERR_REDIRECT] [Fatal Error] :1:1: Premature end of file.
2026-08-29 10:41:17,726 [ERROR] LogOutputStream:75 - [STDERR_REDIRECT] 
2026-08-29 10:41:18,716 [ERROR] LogOutputStream:75 - [STDERR_REDIRECT] [Fatal Error] :1:1: Premature end of file.
2026-08-29 10:41:18,716 [ERROR] LogOutputStream:75 - [STDERR_REDIRECT] 
2026-08-29 10:41:19,716 [ERROR] LogOutputStream:75 - [STDERR_REDIRECT] [Fatal Error] :1:1: Premature end of file.
2026-08-29 10:41:19,716 [ERROR] LogOutputStream:75 - [STDERR_REDIRECT] 
2026-08-29 10:41:20,708 [ERROR] LogOutputStream:75 - [STDERR_REDIRECT] [Fatal Error] :1:1: Premature end of file.
2026-08-29 10:41:20,708 [ERROR] LogOutputStream:75 - [STDERR_REDIRECT] 
2026-08-29 10:41:21,719 [ERROR] LogOutputStream:75 - [STDERR_REDIRECT] [Fatal Error] :1:1: Premature end of file.
2026-08-29 10:41:21,719 [ERROR] LogOutputStream:75 - [STDERR_REDIRECT] 
2026-08-29 10:41:22,702 [ERROR] LogOutputStream:75 - [STDERR_REDIRECT] [Fatal Error] :1:1: Premature end of file.
2026-08-29 10:41:22,702 [ERROR] LogOutputStream:75 - [STDERR_REDIRECT] 
2026-08-29 10:41:23,702 [ERROR] LogOutputStream:75 - [STDERR_REDIRECT] [Fatal Error] :1:1: Premature end of file.
2026-08-29 10:41:23,702 [ERROR] LogOutputStream:75 - [STDERR_REDIRECT] 
2026-08-29 10:41:24,709 [ERROR] LogOutputStream:75 - [STDERR_REDIRECT] [Fatal Error] :1:1: Premature end of file.
2026-08-29 10:41:24,709 [ERROR] LogOutputStream:75 - [STDERR_REDIRECT] 
2026-08-29 10:41:25,719 [ERROR] LogOutputStream:75 - [STDERR_REDIRECT] [Fatal Error] :1:1: Premature end of file.
2026-08-29 10:41:25,719 [ERROR] LogOutputStream:75 - [STDERR_REDIRECT] 
2026-08-29 10:41:26,721 [ERROR] LogOutputStream:75 - [STDERR_REDIRECT] [Fatal Error] :1:1: Premature end of file.
2026-08-29 10:41:26,721 [ERROR] LogOutputStream:75 - [STDERR_REDIRECT] 
2026-08-29 10:41:27,703 [ERROR] LogOutputStream:75 - [STDERR_REDIRECT] [Fatal Error] :1:1: Premature end of file.
2026-08-29 10:41:27,703 [ERROR] LogOutputStream:75 - [STDERR_REDIRECT] 
2026-08-29 10:41:28,713 [ERROR] LogOutputStream:75 - [STDERR_REDIRECT] [Fatal Error] :1:1: Premature end of file.
2026-08-29 10:41:28,713 [ERROR] LogOutputStream:75 - [STDERR_REDIRECT] 
2026-08-29 10:41:29,712 [ERROR] LogOutputStream:75 - [STDERR_REDIRECT] [Fatal Error] :1:1: Premature end of file.
2026-08-29 10:41:29,712 [ERROR] LogOutputStream:75 - [STDERR_REDIRECT] 
2026-08-29 10:41:30,710 [ERROR] LogOutputStream:75 - [STDERR_REDIRECT] [Fatal Error] :1:1: Premature end of file.
2026-08-29 10:41:30,710 [ERROR] LogOutputStream:75 - [STDERR_REDIRECT] 
2026-08-29 10:41:31,713 [ERROR] LogOutputStream:75 - [STDERR_REDIRECT] [Fatal Error] :1:1: Premature end of file.
2026-08-29 10:41:31,713 [ERROR] LogOutputStream:75 - [STDERR_REDIRECT] 
2026-08-29 10:41:32,706 [ERROR] LogOutputStream:75 - [STDERR_REDIRECT] [Fatal Error] :1:1: Premature end of file.
2026-08-29 10:41:32,706 [ERROR] LogOutputStream:75 - [STDERR_REDIRECT] 
2026-08-29 10:41:33,715 [ERROR] LogOutputStream:75 - [STDERR_REDIRECT] [Fatal Error] :1:1: Premature end of file.
2026-08-29 10:41:33,715 [ERROR] LogOutputStream:75 - [STDERR_REDIRECT] 
2026-08-29 10:41:34,723 [ERROR] LogOutputStream:75 - [STDERR_REDIRECT] [Fatal Error] :1:1: Premature end of file.
2026-08-29 10:41:34,723 [ERROR] LogOutputStream:75 - [STDERR_REDIRECT] 
2026-08-29 10:41:35,709 [ERROR] LogOutputStream:75 - [STDERR_REDIRECT] [Fatal Error] :1:1: Premature end of file.
2026-08-29 10:41:35,709 [ERROR] LogOutputStream:75 - [STDERR_REDIRECT] 
2026-08-29 10:41:36,708 [ERROR] LogOutputStream:75 - [STDERR_REDIRECT] [Fatal Error] :1:1: Premature end of file.
2026-08-29 10:41:36,708 [ERROR] LogOutputStream:75 - [STDERR_REDIRECT] 
2026-08-29 10:41:37,710 [ERROR] LogOutputStream:75 - [STDERR_REDIRECT] [Fatal Error] :1:1: Premature end of file.
2026-08-29 10:41:37,710 [ERROR] LogOutputStream:75 - [STDERR_REDIRECT] 
2026-08-29 10:41:38,727 [ERROR] LogOutputStream:75 - [STDERR_REDIRECT] [Fatal Error] :1:1: Premature end of file.
2026-08-29 10:41:38,727 [ERROR] LogOutputStream:75 - [STDERR_REDIRECT] 
2026-08-29 10:41:39,726 [ERROR] LogOutputStream:75 - [STDERR_REDIRECT] [Fatal Error] :1:1: Premature end of file.
2026-08-29 10:41:39,726 [ERROR] LogOutputStream:75 - [STDERR_REDIRECT] 
2026-08-29 10:41:40,707 [ERROR] LogOutputStream:75 - [STDERR_REDIRECT] [Fatal Error] :1:1: Premature end of file.
2026-08-29 10:41:40,707 [ERROR] LogOutputStream:75 - [STDERR_REDIRECT] 
2026-08-29 10:41:41,717 [ERROR] LogOutputStream:75 - [STDERR_REDIRECT] [Fatal Error] :1:1: Premature end of file.
2026-08-29 10:41:41,717 [ERROR] LogOutputStream:75 - [STDERR_REDIRECT] 
2026-08-29 10:41:42,717 [ERROR] LogOutputStream:75 - [STDERR_REDIRECT] [Fatal Error] :1:1: Premature end of file.
2026-08-29 10:41:42,718 [ERROR] LogOutputStream:75 - [STDERR_REDIRECT] 
2026-08-29 10:41:43,701 [ERROR] LogOutputStream:75 - [STDERR_REDIRECT] [Fatal Error] :1:1: Premature end of file.
2026-08-29 10:41:43,701 [ERROR] LogOutputStream:75 - [STDERR_REDIRECT] 
2026-08-29 10:41:44,713 [ERROR] LogOutputStream:75 - [STDERR_REDIRECT] [Fatal Error] :1:1: Premature end of file.
2026-08-29 10:41:44,713 [ERROR] LogOutputStream:75 - [STDERR_REDIRECT] 
2026-08-29 10:41:45,707 [ERROR] LogOutputStream:75 - [STDERR_REDIRECT] [Fatal Error] :1:1: Premature end of file.
2026-08-29 10:41:45,707 [ERROR] LogOutputStream:75 - [STDERR_REDIRECT] 
2026-08-29 10:41:46,710 [ERROR] LogOutputStream:75 - [STDERR_REDIRECT] [Fatal Error] :1:1: Premature end of file.
2026-08-29 10:41:46,710 [ERROR] LogOutputStream:75 - [STDERR_REDIRECT] 
2026-08-29 10:41:47,709 [ERROR] LogOutputStream:75 - [STDERR_REDIRECT] [Fatal Error] :1:1: Premature end of file.
2026-08-29 10:41:47,709 [ERROR] LogOutputStream:75 - [STDERR_REDIRECT] 
2026-08-29 10:41:48,704 [ERROR] LogOutputStream:75 - [STDERR_REDIRECT] [Fatal Error] :1:1: Premature end of file.
2026-08-29 10:41:48,704 [ERROR] LogOutputStream:75 - [STDERR_REDIRECT] 
2026-08-29 10:41:49,711 [ERROR] LogOutputStream:75 - [STDERR_REDIRECT] [Fatal Error] :1:1: Premature end of file.
2026-08-29 10:41:49,711 [ERROR] LogOutputStream:75 - [STDERR_REDIRECT] 
2026-08-29 10:41:50,705 [ERROR] LogOutputStream:75 - [STDERR_REDIRECT] [Fatal Error] :1:1: Premature end of file.
2026-08-29 10:41:50,705 [ERROR] LogOutputStream:75 - [STDERR_REDIRECT] 
2026-08-29 10:41:51,711 [ERROR] LogOutputStream:75 - [STDERR_REDIRECT] [Fatal Error] :1:1: Premature end of file.
2026-08-29 10:41:51,711 [ERROR] LogOutputStream:75 - [STDERR_REDIRECT] 
2026-08-29 10:41:52,723 [ERROR] LogOutputStream:75 - [STDERR_REDIRECT] [Fatal Error] :1:1: Premature end of file.
2026-08-29 10:41:52,723 [ERROR] LogOutputStream:75 - [STDERR_REDIRECT] 
2026-08-29 10:41:53,707 [ERROR] LogOutputStream:75 - [STDERR_REDIRECT] [Fatal Error] :1:1: Premature end of file.
2026-08-29 10:41:53,707 [ERROR] LogOutputStream:75 - [STDERR_REDIRECT] 
2026-08-29 10:41:54,724 [ERROR] LogOutputStream:75 - [STDERR_REDIRECT] [Fatal Error] :1:1: Premature end of file.
2026-08-29 10:41:54,724 [ERROR] LogOutputStream:75 - [STDERR_REDIRECT] 
2026-08-29 10:41:55,714 [ERROR] LogOutputStream:75 - [STDERR_REDIRECT] [Fatal Error] :1:1: Premature end of file.
2026-08-29 10:41:55,714 [ERROR] LogOutputStream:75 - [STDERR_REDIRECT] 
2026-08-29 10:41:56,707 [ERROR] LogOutputStream:75 - [STDERR_REDIRECT] [Fatal Error] :1:1: Premature end of file.
2026-08-29 10:41:56,707 [ERROR] LogOutputStream:75 - [STDERR_REDIRECT] 
2026-08-29 10:41:57,705 [ERROR] LogOutputStream:75 - [STDERR_REDIRECT] [Fatal Error] :1:1: Premature end of file.
2026-08-29 10:41:57,705 [ERROR] LogOutputStream:75 - [STDERR_REDIRECT] 
2026-08-29 10:41:58,709 [ERROR] LogOutputStream:75 - [STDERR_REDIRECT] [Fatal Error] :1:1: Premature end of file.
2026-08-29 10:41:58,709 [ERROR] LogOutputStream:75 - [STDERR_REDIRECT] 
2026-08-29 10:41:59,715 [ERROR] LogOutputStream:75 - [STDERR_REDIRECT] [Fatal Error] :1:1: Premature end of file.
2026-08-29 10:41:59,715 [ERROR] LogOutputStream:75 - [STDERR_REDIRECT] 
2026-08-29 10:42:00,726 [ERROR] LogOutputStream:75 - [STDERR_REDIRECT] [Fatal Error] :1:1: Premature end of file.
2026-08-29 10:42:00,726 [ERROR] LogOutputStream:75 - [STDERR_REDIRECT] 
2026-08-29 10:42:01,710 [ERROR] LogOutputStream:75 - [STDERR_REDIRECT] [Fatal Error] :1:1: Premature end of file.
2026-08-29 10:42:01,710 [ERROR] LogOutputStream:75 - [STDERR_REDIRECT] 
2026-08-29 10:42:02,718 [ERROR] LogOutputStream:75 - [STDERR_REDIRECT] [Fatal Error] :1:1: Premature end of file.
2026-08-29 10:42:02,718 [ERROR] LogOutputStream:75 - [STDERR_REDIRECT] 
2026-08-29 10:42:03,706 [ERROR] LogOutputStream:75 - [STDERR_REDIRECT] [Fatal Error] :1:1: Premature end of file.
2026-08-29 10:42:03,706 [ERROR] LogOutputStream:75 - [STDERR_REDIRECT] 
2026-08-29 10:42:04,719 [ERROR] LogOutputStream:75 - [STDERR_REDIRECT] [Fatal Error] :1:1: Premature end of file.
2026-08-29 10:42:04,719 [ERROR] LogOutputStream:75 - [STDERR_REDIRECT] 
2026-08-29 10:42:05,718 [ERROR] LogOutputStream:75 - [STDERR_REDIRECT] [Fatal Error] :1:1: Premature end of file.
2026-08-29 10:42:05,718 [ERROR] LogOutputStream:75 - [STDERR_REDIRECT] 
2026-08-29 10:42:06,702 [ERROR] LogOutputStream:75 - [STDERR_REDIRECT] [Fatal Error] :1:1: Premature end of file.
2026-08-29 10:42:06,702 [ERROR] LogOutputStream:75 - [STDERR_REDIRECT] 
2026-08-29 10:42:07,721 [ERROR] LogOutputStream:75 - [STDERR_REDIRECT] [Fatal Error] :1:1: Premature end of file.
2026-08-29 10:42:07,721 [ERROR] LogOutputStream:75 - [STDERR_REDIRECT] 
2026-08-29 10:42:08,711 [ERROR] LogOutputStream:75 - [STDERR_REDIRECT] [Fatal Error] :1:1: Premature end of file.
2026-08-29 10:42:08,711 [ERROR] LogOutputStream:75 - [STDERR_REDIRECT] 
2026-08-29 10:42:09,703 [ERROR] LogOutputStream:75 - [STDERR_REDIRECT] [Fatal Error] :1:1: Premature end of file.
2026-08-29 10:42:09,703 [ERROR] LogOutputStream:75 - [STDERR_REDIRECT] 
2026-08-29 10:42:10,706 [ERROR] LogOutputStream:75 - [STDERR_REDIRECT] [Fatal Error] :1:1: Premature end of file.
2026-08-29 10:42:10,706 [ERROR] LogOutputStream:75 - [STDERR_REDIRECT] 
2026-08-29 10:42:11,703 [ERROR] LogOutputStream:75 - [STDERR_REDIRECT] [Fatal Error] :1:1: Premature end of file.
2026-08-29 10:42:11,703 [ERROR] LogOutputStream:75 - [STDERR_REDIRECT] 
2026-08-29 10:42:12,722 [ERROR] LogOutputStream:75 - [STDERR_REDIRECT] [Fatal Error] :1:1: Premature end of file.
2026-08-29 10:42:12,722 [ERROR] LogOutputStream:75 - [STDERR_REDIRECT] 
2026-08-29 10:42:13,711 [ERROR] LogOutputStream:75 - [STDERR_REDIRECT] [Fatal Error] :1:1: Premature end of file.
2026-08-29 10:42:13,711 [ERROR] LogOutputStream:75 - [STDERR_REDIRECT] 
2026-08-29 10:42:14,704 [ERROR] LogOutputStream:75 - [STDERR_REDIRECT] [Fatal Error] :1:1: Premature end of file.
2026-08-29 10:42:14,704 [ERROR] LogOutputStream:75 - [STDERR_REDIRECT] 
2026-08-29 10:42:15,713 [ERROR] LogOutputStream:75 - [STDERR_REDIRECT] [Fatal Error] :1:1: Premature end of file.
2026-08-29 10:42:15,713 [ERROR] LogOutputStream:75 - [STDERR_REDIRECT] 
2026-08-29 10:42:16,714 [ERROR] LogOutputStream:75 - [STDERR_REDIRECT] [Fatal Error] :1:1: Premature end of file.
2026-08-29 10:42:16,714 [ERROR] LogOutputStream:75 - [STDERR_REDIRECT] 
2026-08-29 10:42:17,715 [ERROR] LogOutputStream:75 - [STDERR_REDIRECT] [Fatal Error] :1:1: Premature end of file.
2026-08-29 10:42:17,715 [ERROR] LogOutputStream:75 - [STDERR_REDIRECT] 
2026-08-29 10:42:18,725 [ERROR] LogOutputStream:75 - [STDERR_REDIRECT] [Fatal Error] :1:1: Premature end of file.
2026-08-29 10:42:18,725 [ERROR] LogOutputStream:75 - [STDERR_REDIRECT] 
2026-08-29 10:42:19,706 [ERROR] LogOutputStream:75 - [STDERR_REDIRECT] [Fatal Error] :1:1: Premature end of file.
2026-08-29 10:42:19,706 [ERROR] LogOutputStream:75 - [STDERR_REDIRECT] 
2026-08-29 10:42:20,716 [ERROR] LogOutputStream:75 - [STDERR_REDIRECT] [Fatal Error] :1:1: Premature end of file.
2026-08-29 10:42:20,716 [ERROR] LogOutputStream:75 - [STDERR_REDIRECT] 
2026-08-29 10:42:21,727 [ERROR] LogOutputStream:75 - [STDERR_REDIRECT] [Fatal Error] :1:1: Premature end of file.
2026-08-29 10:42:21,727 [ERROR] LogOutputStream:75 - [STDERR_REDIRECT] 
2026-08-29 10:42:22,697 [ERROR] LogOutputStream:75 - [STDERR_REDIRECT] [Fatal Error] :1:1: Premature end of file.
2026-08-29 10:42:22,697 [ERROR] LogOutputStream:75 - [STDERR_REDIRECT] 
2026-08-29 10:42:23,707 [ERROR] LogOutputStream:75 - [STDERR_REDIRECT] [Fatal Error] :1:1: Premature end of file.
2026-08-29 10:42:23,707 [ERROR] LogOutputStream:75 - [STDERR_REDIRECT] 
2026-08-29 10:42:24,708 [ERROR] LogOutputStream:75 - [STDERR_REDIRECT] [Fatal Error] :1:1: Premature end of file.
2026-08-29 10:42:24,708 [ERROR] LogOutputStream:75 - [STDERR_REDIRECT] 
2026-08-29 10:42:25,717 [ERROR] LogOutputStream:75 - [STDERR_REDIRECT] [Fatal Error] :1:1: Premature end of file.
2026-08-29 10:42:25,718 [ERROR] LogOutputStream:75 - [STDERR_REDIRECT] 
2026-08-29 10:42:26,718 [ERROR] LogOutputStream:75 - [STDERR_REDIRECT] [Fatal Error] :1:1: Premature end of file.
2026-08-29 10:42:26,718 [ERROR] LogOutputStream:75 - [STDERR_REDIRECT] 
2026-08-29 10:42:27,701 [ERROR] LogOutputStream:75 - [STDERR_REDIRECT] [Fatal Error] :1:1: Premature end of file.
2026-08-29 10:42:27,701 [ERROR] LogOutputStream:75 - [STDERR_REDIRECT] 
2026-08-29 10:42:28,711 [ERROR] LogOutputStream:75 - [STDERR_REDIRECT] [Fatal Error] :1:1: Premature end of file.
2026-08-29 10:42:28,711 [ERROR] LogOutputStream:75 - [STDERR_REDIRECT] 
2026-08-29 10:42:29,711 [ERROR] LogOutputStream:75 - [STDERR_REDIRECT] [Fatal Error] :1:1: Premature end of file.
2026-08-29 10:42:29,711 [ERROR] LogOutputStream:75 - [STDERR_REDIRECT] 
2026-08-29 10:42:30,703 [ERROR] LogOutputStream:75 - [STDERR_REDIRECT] [Fatal Error] :1:1: Premature end of file.
2026-08-29 10:42:30,703 [ERROR] LogOutputStream:75 - [STDERR_REDIRECT] 
2026-08-29 10:42:31,703 [ERROR] LogOutputStream:75 - [STDERR_REDIRECT] [Fatal Error] :1:1: Premature end of file.
2026-08-29 10:42:31,703 [ERROR] LogOutputStream:75 - [STDERR_REDIRECT] 
2026-08-29 10:42:32,705 [ERROR] LogOutputStream:75 - [STDERR_REDIRECT] [Fatal Error] :1:1: Premature end of file.
2026-08-29 10:42:32,706 [ERROR] LogOutputStream:75 - [STDERR_REDIRECT] 
2026-08-29 10:42:33,710 [ERROR] LogOutputStream:75 - [STDERR_REDIRECT] [Fatal Error] :1:1: Premature end of file.
2026-08-29 10:42:33,710 [ERROR] LogOutputStream:75 - [STDERR_REDIRECT] 
2026-08-29 10:42:34,719 [ERROR] LogOutputStream:75 - [STDERR_REDIRECT] [Fatal Error] :1:1: Premature end of file.
2026-08-29 10:42:34,719 [ERROR] LogOutputStream:75 - [STDERR_REDIRECT] 
2026-08-29 10:42:35,703 [ERROR] LogOutputStream:75 - [STDERR_REDIRECT] [Fatal Error] :1:1: Premature end of file.
2026-08-29 10:42:35,704 [ERROR] LogOutputStream:75 - [STDERR_REDIRECT] 
2026-08-29 10:42:36,724 [ERROR] LogOutputStream:75 - [STDERR_REDIRECT] [Fatal Error] :1:1: Premature end of file.
2026-08-29 10:42:36,724 [ERROR] LogOutputStream:75 - [STDERR_REDIRECT] 
2026-08-29 10:42:37,725 [ERROR] LogOutputStream:75 - [STDERR_REDIRECT] [Fatal Error] :1:1: Premature end of file.
2026-08-29 10:42:37,725 [ERROR] LogOutputStream:75 - [STDERR_REDIRECT] 
2026-08-29 10:42:38,724 [ERROR] LogOutputStream:75 - [STDERR_REDIRECT] [Fatal Error] :1:1: Premature end of file.
2026-08-29 10:42:38,724 [ERROR] LogOutputStream:75 - [STDERR_REDIRECT] 
2026-08-29 10:42:39,725 [ERROR] LogOutputStream:75 - [STDERR_REDIRECT] [Fatal Error] :1:1: Premature end of file.
2026-08-29 10:42:39,725 [ERROR] LogOutputStream:75 - [STDERR_REDIRECT] 
2026-08-29 10:42:40,708 [ERROR] LogOutputStream:75 - [STDERR_REDIRECT] [Fatal Error] :1:1: Premature end of file.
2026-08-29 10:42:40,708 [ERROR] LogOutputStream:75 - [STDERR_REDIRECT] 
2026-08-29 10:42:41,727 [ERROR] LogOutputStream:75 - [STDERR_REDIRECT] [Fatal Error] :1:1: Premature end of file.
2026-08-29 10:42:41,727 [ERROR] LogOutputStream:75 - [STDERR_REDIRECT] 
2026-08-29 10:42:42,727 [ERROR] LogOutputStream:75 - [STDERR_REDIRECT] [Fatal Error] :1:1: Premature end of file.
2026-08-29 10:42:42,727 [ERROR] LogOutputStream:75 - [STDERR_REDIRECT] 
2026-08-29 10:42:43,709 [ERROR] LogOutputStream:75 - [STDERR_REDIRECT] [Fatal Error] :1:1: Premature end of file.
2026-08-29 10:42:43,709 [ERROR] LogOutputStream:75 - [STDERR_REDIRECT] 
2026-08-29 10:42:44,706 [ERROR] LogOutputStream:75 - [STDERR_REDIRECT] [Fatal Error] :1:1: Premature end of file.
2026-08-29 10:42:44,706 [ERROR] LogOutputStream:75 - [STDERR_REDIRECT] 
2026-08-29 10:42:45,711 [ERROR] LogOutputStream:75 - [STDERR_REDIRECT] [Fatal Error] :1:1: Premature end of file.
2026-08-29 10:42:45,711 [ERROR] LogOutputStream:75 - [STDERR_REDIRECT] 
2026-08-29 10:42:46,718 [ERROR] LogOutputStream:75 - [STDERR_REDIRECT] [Fatal Error] :1:1: Premature end of file.
2026-08-29 10:42:46,718 [ERROR] LogOutputStream:75 - [STDERR_REDIRECT] 
2026-08-29 10:42:47,719 [ERROR] LogOutputStream:75 - [STDERR_REDIRECT] [Fatal Error] :1:1: Premature end of file.
2026-08-29 10:42:47,719 [ERROR] LogOutputStream:75 - [STDERR_REDIRECT] 
2026-08-29 10:42:48,703 [ERROR] LogOutputStream:75 - [STDERR_REDIRECT] [Fatal Error] :1:1: Premature end of file.
2026-08-29 10:42:48,703 [ERROR] LogOutputStream:75 - [STDERR_REDIRECT] 
2026-08-29 10:42:49,719 [ERROR] LogOutputStream:75 - [STDERR_REDIRECT] [Fatal Error] :1:1: Premature end of file.
2026-08-29 10:42:49,719 [ERROR] LogOutputStream:75 - [STDERR_REDIRECT] 
2026-08-29 10:42:50,710 [ERROR] LogOutputStream:75 - [STDERR_REDIRECT] [Fatal Error] :1:1: Premature end of file.
2026-08-29 10:42:50,710 [ERROR] LogOutputStream:75 - [STDERR_REDIRECT] 
2026-08-29 10:42:51,703 [ERROR] LogOutputStream:75 - [STDERR_REDIRECT] [Fatal Error] :1:1: Premature end of file.
2026-08-29 10:42:51,703 [ERROR] LogOutputStream:75 - [STDERR_REDIRECT] 
2026-08-29 10:42:52,722 [ERROR] LogOutputStream:75 - [STDERR_REDIRECT] [Fatal Error] :1:1: Premature end of file.
2026-08-29 10:42:52,722 [ERROR] LogOutputStream:75 - [STDERR_REDIRECT] 
2026-08-29 10:42:53,707 [ERROR] LogOutputStream:75 - [STDERR_REDIRECT] [Fatal Error] :1:1: Premature end of file.
2026-08-29 10:42:53,707 [ERROR] LogOutputStream:75 - [STDERR_REDIRECT] 
2026-08-29 10:42:54,712 [ERROR] LogOutputStream:75 - [STDERR_REDIRECT] [Fatal Error] :1:1: Premature end of file.
2026-08-29 10:42:54,712 [ERROR] LogOutputStream:75 - [STDERR_REDIRECT] 
2026-08-29 10:42:55,724 [ERROR] LogOutputStream:75 - [STDERR_REDIRECT] [Fatal Error] :1:1: Premature end of file.
2026-08-29 10:42:55,724 [ERROR] LogOutputStream:75 - [STDERR_REDIRECT] 
2026-08-29 10:42:56,704 [ERROR] LogOutputStream:75 - [STDERR_REDIRECT] [Fatal Error] :1:1: Premature end of file.
2026-08-29 10:42:56,704 [ERROR] LogOutputStream:75 - [STDERR_REDIRECT] 
2026-08-29 10:42:57,713 [ERROR] LogOutputStream:75 - [STDERR_REDIRECT] [Fatal Error] :1:1: Premature end of file.
2026-08-29 10:42:57,713 [ERROR] LogOutputStream:75 - [STDERR_REDIRECT] 
2026-08-29 10:42:58,707 [ERROR] LogOutputStream:75 - [STDERR_REDIRECT] [Fatal Error] :1:1: Premature end of file.
2026-08-29 10:42:58,708 [ERROR] LogOutputStream:75 - [STDERR_REDIRECT] 
2026-08-29 10:42:59,725 [ERROR] LogOutputStream:75 - [STDERR_REDIRECT] [Fatal Error] :1:1: Premature end of file.
2026-08-29 10:42:59,725 [ERROR] LogOutputStream:75 - [STDERR_REDIRECT] 
2026-08-29 10:43:00,727 [ERROR] LogOutputStream:75 - [STDERR_REDIRECT] [Fatal Error] :1:1: Premature end of file.
2026-08-29 10:43:00,727 [ERROR] LogOutputStream:75 - [STDERR_REDIRECT] 
2026-08-29 10:43:01,708 [ERROR] LogOutputStream:75 - [STDERR_REDIRECT] [Fatal Error] :1:1: Premature end of file.
2026-08-29 10:43:01,708 [ERROR] LogOutputStream:75 - [STDERR_REDIRECT] 
2026-08-29 10:43:02,703 [ERROR] LogOutputStream:75 - [STDERR_REDIRECT] [Fatal Error] :1:1: Premature end of file.
2026-08-29 10:43:02,703 [ERROR] LogOutputStream:75 - [STDERR_REDIRECT] 
2026-08-29 10:43:03,726 [ERROR] LogOutputStream:75 - [STDERR_REDIRECT] [Fatal Error] :1:1: Premature end of file.
2026-08-29 10:43:03,726 [ERROR] LogOutputStream:75 - [STDERR_REDIRECT] 
2026-08-29 10:43:04,705 [ERROR] LogOutputStream:75 - [STDERR_REDIRECT] [Fatal Error] :1:1: Premature end of file.
2026-08-29 10:43:04,705 [ERROR] LogOutputStream:75 - [STDERR_REDIRECT] 
2026-08-29 10:43:05,711 [ERROR] LogOutputStream:75 - [STDERR_REDIRECT] [Fatal Error] :1:1: Premature end of file.
2026-08-29 10:43:05,711 [ERROR] LogOutputStream:75 - [STDERR_REDIRECT] 
2026-08-29 10:43:06,711 [ERROR] LogOutputStream:75 - [STDERR_REDIRECT] [Fatal Error] :1:1: Premature end of file.
2026-08-29 10:43:06,711 [ERROR] LogOutputStream:75 - [STDERR_REDIRECT] 
2026-08-29 10:43:07,718 [ERROR] LogOutputStream:75 - [STDERR_REDIRECT] [Fatal Error] :1:1: Premature end of file.
2026-08-29 10:43:07,718 [ERROR] LogOutputStream:75 - [STDERR_REDIRECT] 
2026-08-29 10:43:08,719 [ERROR] LogOutputStream:75 - [STDERR_REDIRECT] [Fatal Error] :1:1: Premature end of file.
2026-08-29 10:43:08,719 [ERROR] LogOutputStream:75 - [STDERR_REDIRECT] 
2026-08-29 10:43:09,709 [ERROR] LogOutputStream:75 - [STDERR_REDIRECT] [Fatal Error] :1:1: Premature end of file.
2026-08-29 10:43:09,709 [ERROR] LogOutputStream:75 - [STDERR_REDIRECT] 
2026-08-29 10:43:10,710 [ERROR] LogOutputStream:75 - [STDERR_REDIRECT] [Fatal Error] :1:1: Premature end of file.
2026-08-29 10:43:10,710 [ERROR] LogOutputStream:75 - [STDERR_REDIRECT] 
2026-08-29 10:43:11,709 [ERROR] LogOutputStream:75 - [STDERR_REDIRECT] [Fatal Error] :1:1: Premature end of file.
2026-08-29 10:43:11,709 [ERROR] LogOutputStream:75 - [STDERR_REDIRECT] 
2026-08-29 10:43:12,710 [ERROR] LogOutputStream:75 - [STDERR_REDIRECT] [Fatal Error] :1:1: Premature end of file.
2026-08-29 10:43:12,710 [ERROR] LogOutputStream:75 - [STDERR_REDIRECT] 
2026-08-29 10:43:13,722 [ERROR] LogOutputStream:75 - [STDERR_REDIRECT] [Fatal Error] :1:1: Premature end of file.
2026-08-29 10:43:13,722 [ERROR] LogOutputStream:75 - [STDERR_REDIRECT] 
2026-08-29 10:43:14,704 [ERROR] LogOutputStream:75 - [STDERR_REDIRECT] [Fatal Error] :1:1: Premature end of file.
2026-08-29 10:43:14,704 [ERROR] LogOutputStream:75 - [STDERR_REDIRECT] 
2026-08-29 10:43:15,710 [ERROR] LogOutputStream:75 - [STDERR_REDIRECT] [Fatal Error] :1:1: Premature end of file.
2026-08-29 10:43:15,710 [ERROR] LogOutputStream:75 - [STDERR_REDIRECT] 
2026-08-29 10:43:16,723 [ERROR] LogOutputStream:75 - [STDERR_REDIRECT] [Fatal Error] :1:1: Premature end of file.
2026-08-29 10:43:16,723 [ERROR] LogOutputStream:75 - [STDERR_REDIRECT] 
2026-08-29 10:43:17,703 [ERROR] LogOutputStream:75 - [STDERR_REDIRECT] [Fatal Error] :1:1: Premature end of file.
2026-08-29 10:43:17,703 [ERROR] LogOutputStream:75 - [STDERR_REDIRECT] 
2026-08-29 10:43:18,706 [ERROR] LogOutputStream:75 - [STDERR_REDIRECT] [Fatal Error] :1:1: Premature end of file.
2026-08-29 10:43:18,706 [ERROR] LogOutputStream:75 - [STDERR_REDIRECT] 
2026-08-29 10:43:19,706 [ERROR] LogOutputStream:75 - [STDERR_REDIRECT] [Fatal Error] :1:1: Premature end of file.
2026-08-29 10:43:19,706 [ERROR] LogOutputStream:75 - [STDERR_REDIRECT] 
2026-08-29 10:43:20,723 [ERROR] LogOutputStream:75 - [STDERR_REDIRECT] [Fatal Error] :1:1: Premature end of file.
2026-08-29 10:43:20,724 [ERROR] LogOutputStream:75 - [STDERR_REDIRECT] 
2026-08-29 10:43:21,701 [ERROR] LogOutputStream:75 - [STDERR_REDIRECT] [Fatal Error] :1:1: Premature end of file.
2026-08-29 10:43:21,701 [ERROR] LogOutputStream:75 - [STDERR_REDIRECT] 
2026-08-29 10:43:22,705 [ERROR] LogOutputStream:75 - [STDERR_REDIRECT] [Fatal Error] :1:1: Premature end of file.
2026-08-29 10:43:22,705 [ERROR] LogOutputStream:75 - [STDERR_REDIRECT] 
2026-08-29 10:43:23,706 [ERROR] LogOutputStream:75 - [STDERR_REDIRECT] [Fatal Error] :1:1: Premature end of file.
2026-08-29 10:43:23,707 [ERROR] LogOutputStream:75 - [STDERR_REDIRECT] 
2026-08-29 10:43:24,715 [ERROR] LogOutputStream:75 - [STDERR_REDIRECT] [Fatal Error] :1:1: Premature end of file.
2026-08-29 10:43:24,715 [ERROR] LogOutputStream:75 - [STDERR_REDIRECT] 
2026-08-29 10:43:25,711 [ERROR] LogOutputStream:75 - [STDERR_REDIRECT] [Fatal Error] :1:1: Premature end of file.
2026-08-29 10:43:25,711 [ERROR] LogOutputStream:75 - [STDERR_REDIRECT] 
2026-08-29 10:43:26,708 [ERROR] LogOutputStream:75 - [STDERR_REDIRECT] [Fatal Error] :1:1: Premature end of file.
2026-08-29 10:43:26,708 [ERROR] LogOutputStream:75 - [STDERR_REDIRECT] 
2026-08-29 10:43:27,708 [ERROR] LogOutputStream:75 - [STDERR_REDIRECT] [Fatal Error] :1:1: Premature end of file.
2026-08-29 10:43:27,708 [ERROR] LogOutputStream:75 - [STDERR_REDIRECT] 
2026-08-29 10:43:28,713 [ERROR] LogOutputStream:75 - [STDERR_REDIRECT] [Fatal Error] :1:1: Premature end of file.
2026-08-29 10:43:28,713 [ERROR] LogOutputStream:75 - [STDERR_REDIRECT] 
2026-08-29 10:43:29,708 [ERROR] LogOutputStream:75 - [STDERR_REDIRECT] [Fatal Error] :1:1: Premature end of file.
2026-08-29 10:43:29,708 [ERROR] LogOutputStream:75 - [STDERR_REDIRECT] 
2026-08-29 10:43:30,699 [ERROR] LogOutputStream:75 - [STDERR_REDIRECT] [Fatal Error] :1:1: Premature end of file.
2026-08-29 10:43:30,699 [ERROR] LogOutputStream:75 - [STDERR_REDIRECT] 
2026-08-29 10:43:31,720 [ERROR] LogOutputStream:75 - [STDERR_REDIRECT] [Fatal Error] :1:1: Premature end of file.
2026-08-29 10:43:31,720 [ERROR] LogOutputStream:75 - [STDERR_REDIRECT] 
2026-08-29 10:43:32,702 [ERROR] LogOutputStream:75 - [STDERR_REDIRECT] [Fatal Error] :1:1: Premature end of file.
2026-08-29 10:43:32,702 [ERROR] LogOutputStream:75 - [STDERR_REDIRECT] 
2026-08-29 10:43:33,714 [ERROR] LogOutputStream:75 - [STDERR_REDIRECT] [Fatal Error] :1:1: Premature end of file.
2026-08-29 10:43:33,714 [ERROR] LogOutputStream:75 - [STDERR_REDIRECT] 
2026-08-29 10:43:34,713 [ERROR] LogOutputStream:75 - [STDERR_REDIRECT] [Fatal Error] :1:1: Premature end of file.
2026-08-29 10:43:34,713 [ERROR] LogOutputStream:75 - [STDERR_REDIRECT] 
2026-08-29 10:43:35,711 [ERROR] LogOutputStream:75 - [STDERR_REDIRECT] [Fatal Error] :1:1: Premature end of file.
2026-08-29 10:43:35,711 [ERROR] LogOutputStream:75 - [STDERR_REDIRECT] 
2026-08-29 10:43:36,710 [ERROR] LogOutputStream:75 - [STDERR_REDIRECT] [Fatal Error] :1:1: Premature end of file.
2026-08-29 10:43:36,710 [ERROR] LogOutputStream:75 - [STDERR_REDIRECT] 
2026-08-29 10:43:37,712 [ERROR] LogOutputStream:75 - [STDERR_REDIRECT] [Fatal Error] :1:1: Premature end of file.
2026-08-29 10:43:37,712 [ERROR] LogOutputStream:75 - [STDERR_REDIRECT] 
2026-08-29 10:43:38,706 [ERROR] LogOutputStream:75 - [STDERR_REDIRECT] [Fatal Error] :1:1: Premature end of file.
2026-08-29 10:43:38,706 [ERROR] LogOutputStream:75 - [STDERR_REDIRECT] 
2026-08-29 10:43:39,708 [ERROR] LogOutputStream:75 - [STDERR_REDIRECT] [Fatal Error] :1:1: Premature end of file.
2026-08-29 10:43:39,708 [ERROR] LogOutputStream:75 - [STDERR_REDIRECT] 
2026-08-29 10:43:40,706 [ERROR] LogOutputStream:75 - [STDERR_REDIRECT] [Fatal Error] :1:1: Premature end of file.
2026-08-29 10:43:40,706 [ERROR] LogOutputStream:75 - [STDERR_REDIRECT] 
2026-08-29 10:43:41,724 [ERROR] LogOutputStream:75 - [STDERR_REDIRECT] [Fatal Error] :1:1: Premature end of file.
2026-08-29 10:43:41,724 [ERROR] LogOutputStream:75 - [STDERR_REDIRECT] 
2026-08-29 10:43:42,713 [ERROR] LogOutputStream:75 - [STDERR_REDIRECT] [Fatal Error] :1:1: Premature end of file.
2026-08-29 10:43:42,713 [ERROR] LogOutputStream:75 - [STDERR_REDIRECT] 
2026-08-29 10:43:43,708 [ERROR] LogOutputStream:75 - [STDERR_REDIRECT] [Fatal Error] :1:1: Premature end of file.
2026-08-29 10:43:43,708 [ERROR] LogOutputStream:75 - [STDERR_REDIRECT] 
2026-08-29 10:43:44,706 [ERROR] LogOutputStream:75 - [STDERR_REDIRECT] [Fatal Error] :1:1: Premature end of file.
2026-08-29 10:43:44,706 [ERROR] LogOutputStream:75 - [STDERR_REDIRECT] 
2026-08-29 10:43:45,716 [ERROR] LogOutputStream:75 - [STDERR_REDIRECT] [Fatal Error] :1:1: Premature end of file.
2026-08-29 10:43:45,716 [ERROR] LogOutputStream:75 - [STDERR_REDIRECT] 
2026-08-29 10:43:46,717 [ERROR] LogOutputStream:75 - [STDERR_REDIRECT] [Fatal Error] :1:1: Premature end of file.
2026-08-29 10:43:46,717 [ERROR] LogOutputStream:75 - [STDERR_REDIRECT] 
2026-08-29 10:43:47,717 [ERROR] LogOutputStream:75 - [STDERR_REDIRECT] [Fatal Error] :1:1: Premature end of file.
2026-08-29 10:43:47,717 [ERROR] LogOutputStream:75 - [STDERR_REDIRECT] 
2026-08-29 10:43:48,708 [ERROR] LogOutputStream:75 - [STDERR_REDIRECT] [Fatal Error] :1:1: Premature end of file.
2026-08-29 10:43:48,708 [ERROR] LogOutputStream:75 - [STDERR_REDIRECT] 
2026-08-29 10:43:49,718 [ERROR] LogOutputStream:75 - [STDERR_REDIRECT] [Fatal Error] :1:1: Premature end of file.
2026-08-29 10:43:49,718 [ERROR] LogOutputStream:75 - [STDERR_REDIRECT] 
2026-08-29 10:43:50,719 [ERROR] LogOutputStream:75 - [STDERR_REDIRECT] [Fatal Error] :1:1: Premature end of file.
2026-08-29 10:43:50,719 [ERROR] LogOutputStream:75 - [STDERR_REDIRECT] 
2026-08-29 10:43:51,712 [ERROR] LogOutputStream:75 - [STDERR_REDIRECT] [Fatal Error] :1:1: Premature end of file.
2026-08-29 10:43:51,712 [ERROR] LogOutputStream:75 - [STDERR_REDIRECT] 
2026-08-29 10:43:52,702 [ERROR] LogOutputStream:75 - [STDERR_REDIRECT] [Fatal Error] :1:1: Premature end of file.
2026-08-29 10:43:52,702 [ERROR] LogOutputStream:75 - [STDERR_REDIRECT] 
2026-08-29 10:43:53,711 [ERROR] LogOutputStream:75 - [STDERR_REDIRECT] [Fatal Error] :1:1: Premature end of file.
2026-08-29 10:43:53,711 [ERROR] LogOutputStream:75 - [STDERR_REDIRECT] 
2026-08-29 10:43:54,710 [ERROR] LogOutputStream:75 - [STDERR_REDIRECT] [Fatal Error] :1:1: Premature end of file.
2026-08-29 10:43:54,711 [ERROR] LogOutputStream:75 - [STDERR_REDIRECT] 
2026-08-29 10:43:55,721 [ERROR] LogOutputStream:75 - [STDERR_REDIRECT] [Fatal Error] :1:1: Premature end of file.
2026-08-29 10:43:55,721 [ERROR] LogOutputStream:75 - [STDERR_REDIRECT] 
2026-08-29 10:43:56,702 [ERROR] LogOutputStream:75 - [STDERR_REDIRECT] [Fatal Error] :1:1: Premature end of file.
2026-08-29 10:43:56,702 [ERROR] LogOutputStream:75 - [STDERR_REDIRECT] 
2026-08-29 10:43:57,722 [ERROR] LogOutputStream:75 - [STDERR_REDIRECT] [Fatal Error] :1:1: Premature end of file.
2026-08-29 10:43:57,722 [ERROR] LogOutputStream:75 - [STDERR_REDIRECT] 
2026-08-29 10:43:58,721 [ERROR] LogOutputStream:75 - [STDERR_REDIRECT] [Fatal Error] :1:1: Premature end of file.
2026-08-29 10:43:58,721 [ERROR] LogOutputStream:75 - [STDERR_REDIRECT] 
2026-08-29 10:43:59,706 [ERROR] LogOutputStream:75 - [STDERR_REDIRECT] [Fatal Error] :1:1: Premature end of file.
2026-08-29 10:43:59,706 [ERROR] LogOutputStream:75 - [STDERR_REDIRECT] 
2026-08-29 10:44:00,695 [ERROR] LogOutputStream:75 - [STDERR_REDIRECT] [Fatal Error] :1:1: Premature end of file.
2026-08-29 10:44:00,695 [ERROR] LogOutputStream:75 - [STDERR_REDIRECT] 
2026-08-29 10:44:01,707 [ERROR] LogOutputStream:75 - [STDERR_REDIRECT] [Fatal Error] :1:1: Premature end of file.
2026-08-29 10:44:01,707 [ERROR] LogOutputStream:75 - [STDERR_REDIRECT] 
2026-08-29 10:44:02,715 [ERROR] LogOutputStream:75 - [STDERR_REDIRECT] [Fatal Error] :1:1: Premature end of file.
2026-08-29 10:44:02,715 [ERROR] LogOutputStream:75 - [STDERR_REDIRECT] 
2026-08-29 10:44:03,725 [ERROR] LogOutputStream:75 - [STDERR_REDIRECT] [Fatal Error] :1:1: Premature end of file.
2026-08-29 10:44:03,725 [ERROR] LogOutputStream:75 - [STDERR_REDIRECT] 
2026-08-29 10:44:04,714 [ERROR] LogOutputStream:75 - [STDERR_REDIRECT] [Fatal Error] :1:1: Premature end of file.
2026-08-29 10:44:04,714 [ERROR] LogOutputStream:75 - [STDERR_REDIRECT] 
2026-08-29 10:44:05,725 [ERROR] LogOutputStream:75 - [STDERR_REDIRECT] [Fatal Error] :1:1: Premature end of file.
2026-08-29 10:44:05,725 [ERROR] LogOutputStream:75 - [STDERR_REDIRECT] 
2026-08-29 10:44:06,708 [ERROR] LogOutputStream:75 - [STDERR_REDIRECT] [Fatal Error] :1:1: Premature end of file.
2026-08-29 10:44:06,708 [ERROR] LogOutputStream:75 - [STDERR_REDIRECT] 
2026-08-29 10:44:07,725 [ERROR] LogOutputStream:75 - [STDERR_REDIRECT] [Fatal Error] :1:1: Premature end of file.
2026-08-29 10:44:07,725 [ERROR] LogOutputStream:75 - [STDERR_REDIRECT] 
2026-08-29 10:44:08,715 [ERROR] LogOutputStream:75 - [STDERR_REDIRECT] [Fatal Error] :1:1: Premature end of file.
2026-08-29 10:44:08,716 [ERROR] LogOutputStream:75 - [STDERR_REDIRECT] 
2026-08-29 10:44:09,702 [ERROR] LogOutputStream:75 - [STDERR_REDIRECT] [Fatal Error] :1:1: Premature end of file.
2026-08-29 10:44:09,702 [ERROR] LogOutputStream:75 - [STDERR_REDIRECT] 
2026-08-29 10:44:10,719 [ERROR] LogOutputStream:75 - [STDERR_REDIRECT] [Fatal Error] :1:1: Premature end of file.
2026-08-29 10:44:10,719 [ERROR] LogOutputStream:75 - [STDERR_REDIRECT] 
2026-08-29 10:44:11,708 [ERROR] LogOutputStream:75 - [STDERR_REDIRECT] [Fatal Error] :1:1: Premature end of file.
2026-08-29 10:44:11,708 [ERROR] LogOutputStream:75 - [STDERR_REDIRECT] 
2026-08-29 10:44:12,703 [ERROR] LogOutputStream:75 - [STDERR_REDIRECT] [Fatal Error] :1:1: Premature end of file.
2026-08-29 10:44:12,703 [ERROR] LogOutputStream:75 - [STDERR_REDIRECT] 
2026-08-29 10:44:13,701 [ERROR] LogOutputStream:75 - [STDERR_REDIRECT] [Fatal Error] :1:1: Premature end of file.
2026-08-29 10:44:13,701 [ERROR] LogOutputStream:75 - [STDERR_REDIRECT] 
2026-08-29 10:44:14,703 [ERROR] LogOutputStream:75 - [STDERR_REDIRECT] [Fatal Error] :1:1: Premature end of file.
2026-08-29 10:44:14,703 [ERROR] LogOutputStream:75 - [STDERR_REDIRECT] 
2026-08-29 10:44:15,720 [ERROR] LogOutputStream:75 - [STDERR_REDIRECT] [Fatal Error] :1:1: Premature end of file.
2026-08-29 10:44:15,720 [ERROR] LogOutputStream:75 - [STDERR_REDIRECT] 
2026-08-29 10:44:16,711 [ERROR] LogOutputStream:75 - [STDERR_REDIRECT] [Fatal Error] :1:1: Premature end of file.
2026-08-29 10:44:16,711 [ERROR] LogOutputStream:75 - [STDERR_REDIRECT] 
2026-08-29 10:44:17,705 [ERROR] LogOutputStream:75 - [STDERR_REDIRECT] [Fatal Error] :1:1: Premature end of file.
2026-08-29 10:44:17,705 [ERROR] LogOutputStream:75 - [STDERR_REDIRECT] 
2026-08-29 10:44:18,711 [ERROR] LogOutputStream:75 - [STDERR_REDIRECT] [Fatal Error] :1:1: Premature end of file.
2026-08-29 10:44:18,711 [ERROR] LogOutputStream:75 - [STDERR_REDIRECT] 
2026-08-29 10:44:19,710 [ERROR] LogOutputStream:75 - [STDERR_REDIRECT] [Fatal Error] :1:1: Premature end of file.
2026-08-29 10:44:19,710 [ERROR] LogOutputStream:75 - [STDERR_REDIRECT] 
2026-08-29 10:44:20,702 [ERROR] LogOutputStream:75 - [STDERR_REDIRECT] [Fatal Error] :1:1: Premature end of file.
2026-08-29 10:44:20,702 [ERROR] LogOutputStream:75 - [STDERR_REDIRECT] 
2026-08-29 10:44:21,714 [ERROR] LogOutputStream:75 - [STDERR_REDIRECT] [Fatal Error] :1:1: Premature end of file.
2026-08-29 10:44:21,714 [ERROR] LogOutputStream:75 - [STDERR_REDIRECT] 
2026-08-29 10:44:22,705 [ERROR] LogOutputStream:75 - [STDERR_REDIRECT] [Fatal Error] :1:1: Premature end of file.
2026-08-29 10:44:22,705 [ERROR] LogOutputStream:75 - [STDERR_REDIRECT] 
2026-08-29 10:44:23,724 [ERROR] LogOutputStream:75 - [STDERR_REDIRECT] [Fatal Error] :1:1: Premature end of file.
2026-08-29 10:44:23,724 [ERROR] LogOutputStream:75 - [STDERR_REDIRECT] 
2026-08-29 10:44:24,714 [ERROR] LogOutputStream:75 - [STDERR_REDIRECT] [Fatal Error] :1:1: Premature end of file.
2026-08-29 10:44:24,714 [ERROR] LogOutputStream:75 - [STDERR_REDIRECT] 
2026-08-29 10:44:25,708 [ERROR] LogOutputStream:75 - [STDERR_REDIRECT] [Fatal Error] :1:1: Premature end of file.
2026-08-29 10:44:25,708 [ERROR] LogOutputStream:75 - [STDERR_REDIRECT] 
2026-08-29 10:44:26,709 [ERROR] LogOutputStream:75 - [STDERR_REDIRECT] [Fatal Error] :1:1: Premature end of file.
2026-08-29 10:44:26,709 [ERROR] LogOutputStream:75 - [STDERR_REDIRECT] 
2026-08-29 10:44:27,708 [ERROR] LogOutputStream:75 - [STDERR_REDIRECT] [Fatal Error] :1:1: Premature end of file.
2026-08-29 10:44:27,708 [ERROR] LogOutputStream:75 - [STDERR_REDIRECT] 
2026-08-29 10:44:28,716 [ERROR] LogOutputStream:75 - [STDERR_REDIRECT] [Fatal Error] :1:1: Premature end of file.
2026-08-29 10:44:28,716 [ERROR] LogOutputStream:75 - [STDERR_REDIRECT] 
2026-08-29 10:44:29,727 [ERROR] LogOutputStream:75 - [STDERR_REDIRECT] [Fatal Error] :1:1: Premature end of file.
2026-08-29 10:44:29,727 [ERROR] LogOutputStream:75 - [STDERR_REDIRECT] 
2026-08-29 10:44:30,711 [ERROR] LogOutputStream:75 - [STDERR_REDIRECT] [Fatal Error] :1:1: Premature end of file.
2026-08-29 10:44:30,711 [ERROR] LogOutputStream:75 - [STDERR_REDIRECT] 
2026-08-29 10:44:31,715 [ERROR] LogOutputStream:75 - [STDERR_REDIRECT] [Fatal Error] :1:1: Premature end of file.
2026-08-29 10:44:31,715 [ERROR] LogOutputStream:75 - [STDERR_REDIRECT] 
2026-08-29 10:44:32,716 [ERROR] LogOutputStream:75 - [STDERR_REDIRECT] [Fatal Error] :1:1: Premature end of file.
2026-08-29 10:44:32,716 [ERROR] LogOutputStream:75 - [STDERR_REDIRECT] 
2026-08-29 10:44:33,713 [ERROR] LogOutputStream:75 - [STDERR_REDIRECT] [Fatal Error] :1:1: Premature end of file.
2026-08-29 10:44:33,713 [ERROR] LogOutputStream:75 - [STDERR_REDIRECT] 
2026-08-29 10:44:34,719 [ERROR] LogOutputStream:75 - [STDERR_REDIRECT] [Fatal Error] :1:1: Premature end of file.
2026-08-29 10:44:34,719 [ERROR] LogOutputStream:75 - [STDERR_REDIRECT] 
2026-08-29 10:44:35,703 [ERROR] LogOutputStream:75 - [STDERR_REDIRECT] [Fatal Error] :1:1: Premature end of file.
2026-08-29 10:44:35,703 [ERROR] LogOutputStream:75 - [STDERR_REDIRECT] 
2026-08-29 10:44:36,720 [ERROR] LogOutputStream:75 - [STDERR_REDIRECT] [Fatal Error] :1:1: Premature end of file.
2026-08-29 10:44:36,720 [ERROR] LogOutputStream:75 - [STDERR_REDIRECT] 
2026-08-29 10:44:37,719 [ERROR] LogOutputStream:75 - [STDERR_REDIRECT] [Fatal Error] :1:1: Premature end of file.
2026-08-29 10:44:37,719 [ERROR] LogOutputStream:75 - [STDERR_REDIRECT] 
2026-08-29 10:44:38,703 [ERROR] LogOutputStream:75 - [STDERR_REDIRECT] [Fatal Error] :1:1: Premature end of file.
2026-08-29 10:44:38,703 [ERROR] LogOutputStream:75 - [STDERR_REDIRECT] 
2026-08-29 10:44:39,721 [ERROR] LogOutputStream:75 - [STDERR_REDIRECT] [Fatal Error] :1:1: Premature end of file.
2026-08-29 10:44:39,721 [ERROR] LogOutputStream:75 - [STDERR_REDIRECT] 
2026-08-29 10:44:40,706 [ERROR] LogOutputStream:75 - [STDERR_REDIRECT] [Fatal Error] :1:1: Premature end of file.
2026-08-29 10:44:40,706 [ERROR] LogOutputStream:75 - [STDERR_REDIRECT] 
2026-08-29 10:44:41,714 [ERROR] LogOutputStream:75 - [STDERR_REDIRECT] [Fatal Error] :1:1: Premature end of file.
2026-08-29 10:44:41,714 [ERROR] LogOutputStream:75 - [STDERR_REDIRECT] 
2026-08-29 10:44:42,712 [ERROR] LogOutputStream:75 - [STDERR_REDIRECT] [Fatal Error] :1:1: Premature end of file.
2026-08-29 10:44:42,712 [ERROR] LogOutputStream:75 - [STDERR_REDIRECT] 
2026-08-29 10:44:43,713 [ERROR] LogOutputStream:75 - [STDERR_REDIRECT] [Fatal Error] :1:1: Premature end of file.
2026-08-29 10:44:43,713 [ERROR] LogOutputStream:75 - [STDERR_REDIRECT] 
2026-08-29 10:44:44,714 [ERROR] LogOutputStream:75 - [STDERR_REDIRECT] [Fatal Error] :1:1: Premature end of file.
2026-08-29 10:44:44,714 [ERROR] LogOutputStream:75 - [STDERR_REDIRECT] 
2026-08-29 10:44:45,724 [ERROR] LogOutputStream:75 - [STDERR_REDIRECT] [Fatal Error] :1:1: Premature end of file.
2026-08-29 10:44:45,724 [ERROR] LogOutputStream:75 - [STDERR_REDIRECT] 
2026-08-29 10:44:46,709 [ERROR] LogOutputStream:75 - [STDERR_REDIRECT] [Fatal Error] :1:1: Premature end of file.
2026-08-29 10:44:46,709 [ERROR] LogOutputStream:75 - [STDERR_REDIRECT] 
2026-08-29 10:44:47,709 [ERROR] LogOutputStream:75 - [STDERR_REDIRECT] [Fatal Error] :1:1: Premature end of file.
2026-08-29 10:44:47,709 [ERROR] LogOutputStream:75 - [STDERR_REDIRECT] 
2026-08-29 10:44:48,709 [ERROR] LogOutputStream:75 - [STDERR_REDIRECT] [Fatal Error] :1:1: Premature end of file.
2026-08-29 10:44:48,709 [ERROR] LogOutputStream:75 - [STDERR_REDIRECT] 
2026-08-29 10:44:49,725 [ERROR] LogOutputStream:75 - [STDERR_REDIRECT] [Fatal Error] :1:1: Premature end of file.
2026-08-29 10:44:49,725 [ERROR] LogOutputStream:75 - [STDERR_REDIRECT] 
2026-08-29 10:44:50,725 [ERROR] LogOutputStream:75 - [STDERR_REDIRECT] [Fatal Error] :1:1: Premature end of file.
2026-08-29 10:44:50,726 [ERROR] LogOutputStream:75 - [STDERR_REDIRECT] 
2026-08-29 10:44:51,708 [ERROR] LogOutputStream:75 - [STDERR_REDIRECT] [Fatal Error] :1:1: Premature end of file.
2026-08-29 10:44:51,708 [ERROR] LogOutputStream:75 - [STDERR_REDIRECT] 
2026-08-29 10:44:52,718 [ERROR] LogOutputStream:75 - [STDERR_REDIRECT] [Fatal Error] :1:1: Premature end of file.
2026-08-29 10:44:52,718 [ERROR] LogOutputStream:75 - [STDERR_REDIRECT] 
2026-08-29 10:44:53,718 [ERROR] LogOutputStream:75 - [STDERR_REDIRECT] [Fatal Error] :1:1: Premature end of file.
2026-08-29 10:44:53,718 [ERROR] LogOutputStream:75 - [STDERR_REDIRECT] 
2026-08-29 10:44:54,718 [ERROR] LogOutputStream:75 - [STDERR_REDIRECT] [Fatal Error] :1:1: Premature end of file.
2026-08-29 10:44:54,718 [ERROR] LogOutputStream:75 - [STDERR_REDIRECT] 
2026-08-29 10:44:55,719 [ERROR] LogOutputStream:75 - [STDERR_REDIRECT] [Fatal Error] :1:1: Premature end of file.
2026-08-29 10:44:55,719 [ERROR] LogOutputStream:75 - [STDERR_REDIRECT] 
2026-08-29 10:44:56,702 [ERROR] LogOutputStream:75 - [STDERR_REDIRECT] [Fatal Error] :1:1: Premature end of file.
2026-08-29 10:44:56,702 [ERROR] LogOutputStream:75 - [STDERR_REDIRECT] 
2026-08-29 10:44:57,709 [ERROR] LogOutputStream:75 - [STDERR_REDIRECT] [Fatal Error] :1:1: Premature end of file.
2026-08-29 10:44:57,710 [ERROR] LogOutputStream:75 - [STDERR_REDIRECT] 
2026-08-29 10:44:58,720 [ERROR] LogOutputStream:75 - [STDERR_REDIRECT] [Fatal Error] :1:1: Premature end of file.
2026-08-29 10:44:58,720 [ERROR] LogOutputStream:75 - [STDERR_REDIRECT] 
2026-08-29 10:44:59,704 [ERROR] LogOutputStream:75 - [STDERR_REDIRECT] [Fatal Error] :1:1: Premature end of file.
2026-08-29 10:44:59,704 [ERROR] LogOutputStream:75 - [STDERR_REDIRECT] 
2026-08-29 10:45:00,706 [ERROR] LogOutputStream:75 - [STDERR_REDIRECT] [Fatal Error] :1:1: Premature end of file.
2026-08-29 10:45:00,706 [ERROR] LogOutputStream:75 - [STDERR_REDIRECT] 
2026-08-29 10:45:01,702 [ERROR] LogOutputStream:75 - [STDERR_REDIRECT] [Fatal Error] :1:1: Premature end of file.
2026-08-29 10:45:01,702 [ERROR] LogOutputStream:75 - [STDERR_REDIRECT] 
2026-08-29 10:45:02,722 [ERROR] LogOutputStream:75 - [STDERR_REDIRECT] [Fatal Error] :1:1: Premature end of file.
2026-08-29 10:45:02,722 [ERROR] LogOutputStream:75 - [STDERR_REDIRECT] 
2026-08-29 10:45:03,723 [ERROR] LogOutputStream:75 - [STDERR_REDIRECT] [Fatal Error] :1:1: Premature end of file.
2026-08-29 10:45:03,723 [ERROR] LogOutputStream:75 - [STDERR_REDIRECT] 
2026-08-29 10:45:04,706 [ERROR] LogOutputStream:75 - [STDERR_REDIRECT] [Fatal Error] :1:1: Premature end of file.
2026-08-29 10:45:04,706 [ERROR] LogOutputStream:75 - [STDERR_REDIRECT] 
2026-08-29 10:45:05,714 [ERROR] LogOutputStream:75 - [STDERR_REDIRECT] [Fatal Error] :1:1: Premature end of file.
2026-08-29 10:45:05,714 [ERROR] LogOutputStream:75 - [STDERR_REDIRECT] 
2026-08-29 10:45:06,722 [ERROR] LogOutputStream:75 - [STDERR_REDIRECT] [Fatal Error] :1:1: Premature end of file.
2026-08-29 10:45:06,722 [ERROR] LogOutputStream:75 - [STDERR_REDIRECT] 
2026-08-29 10:45:07,695 [ERROR] LogOutputStream:75 - [STDERR_REDIRECT] [Fatal Error] :1:1: Premature end of file.
2026-08-29 10:45:07,695 [ERROR] LogOutputStream:75 - [STDERR_REDIRECT] 
2026-08-29 10:45:08,724 [ERROR] LogOutputStream:75 - [STDERR_REDIRECT] [Fatal Error] :1:1: Premature end of file.
2026-08-29 10:45:08,724 [ERROR] LogOutputStream:75 - [STDERR_REDIRECT] 
2026-08-29 10:45:09,707 [ERROR] LogOutputStream:75 - [STDERR_REDIRECT] [Fatal Error] :1:1: Premature end of file.
2026-08-29 10:45:09,707 [ERROR] LogOutputStream:75 - [STDERR_REDIRECT] 
2026-08-29 10:45:10,726 [ERROR] LogOutputStream:75 - [STDERR_REDIRECT] [Fatal Error] :1:1: Premature end of file.
2026-08-29 10:45:10,726 [ERROR] LogOutputStream:75 - [STDERR_REDIRECT] 
2026-08-29 10:45:11,725 [ERROR] LogOutputStream:75 - [STDERR_REDIRECT] [Fatal Error] :1:1: Premature end of file.
2026-08-29 10:45:11,725 [ERROR] LogOutputStream:75 - [STDERR_REDIRECT] 
2026-08-29 10:45:12,708 [ERROR] LogOutputStream:75 - [STDERR_REDIRECT] [Fatal Error] :1:1: Premature end of file.
2026-08-29 10:45:12,709 [ERROR] LogOutputStream:75 - [STDERR_REDIRECT] 
2026-08-29 10:45:13,718 [ERROR] LogOutputStream:75 - [STDERR_REDIRECT] [Fatal Error] :1:1: Premature end of file.
2026-08-29 10:45:13,718 [ERROR] LogOutputStream:75 - [STDERR_REDIRECT] 
2026-08-29 10:45:14,712 [ERROR] LogOutputStream:75 - [STDERR_REDIRECT] [Fatal Error] :1:1: Premature end of file.
2026-08-29 10:45:14,712 [ERROR] LogOutputStream:75 - [STDERR_REDIRECT] 
2026-08-29 10:45:15,717 [ERROR] LogOutputStream:75 - [STDERR_REDIRECT] [Fatal Error] :1:1: Premature end of file.
2026-08-29 10:45:15,717 [ERROR] LogOutputStream:75 - [STDERR_REDIRECT] 
2026-08-29 10:45:16,709 [ERROR] LogOutputStream:75 - [STDERR_REDIRECT] [Fatal Error] :1:1: Premature end of file.
2026-08-29 10:45:16,709 [ERROR] LogOutputStream:75 - [STDERR_REDIRECT] 
2026-08-29 10:45:17,703 [ERROR] LogOutputStream:75 - [STDERR_REDIRECT] [Fatal Error] :1:1: Premature end of file.
2026-08-29 10:45:17,703 [ERROR] LogOutputStream:75 - [STDERR_REDIRECT] 
2026-08-29 10:45:18,710 [ERROR] LogOutputStream:75 - [STDERR_REDIRECT] [Fatal Error] :1:1: Premature end of file.
2026-08-29 10:45:18,710 [ERROR] LogOutputStream:75 - [STDERR_REDIRECT] 
2026-08-29 10:45:19,719 [ERROR] LogOutputStream:75 - [STDERR_REDIRECT] [Fatal Error] :1:1: Premature end of file.
2026-08-29 10:45:19,719 [ERROR] LogOutputStream:75 - [STDERR_REDIRECT] 
2026-08-29 10:45:20,705 [ERROR] LogOutputStream:75 - [STDERR_REDIRECT] [Fatal Error] :1:1: Premature end of file.
2026-08-29 10:45:20,705 [ERROR] LogOutputStream:75 - [STDERR_REDIRECT] 
2026-08-29 10:45:21,706 [ERROR] LogOutputStream:75 - [STDERR_REDIRECT] [Fatal Error] :1:1: Premature end of file.
2026-08-29 10:45:21,706 [ERROR] LogOutputStream:75 - [STDERR_REDIRECT] 
2026-08-29 10:45:22,713 [ERROR] LogOutputStream:75 - [STDERR_REDIRECT] [Fatal Error] :1:1: Premature end of file.
2026-08-29 10:45:22,713 [ERROR] LogOutputStream:75 - [STDERR_REDIRECT] 
2026-08-29 10:45:23,710 [ERROR] LogOutputStream:75 - [STDERR_REDIRECT] [Fatal Error] :1:1: Premature end of file.
2026-08-29 10:45:23,710 [ERROR] LogOutputStream:75 - [STDERR_REDIRECT] 
2026-08-29 10:45:24,723 [ERROR] LogOutputStream:75 - [STDERR_REDIRECT] [Fatal Error] :1:1: Premature end of file.
2026-08-29 10:45:24,723 [ERROR] LogOutputStream:75 - [STDERR_REDIRECT] 
2026-08-29 10:45:25,715 [ERROR] LogOutputStream:75 - [STDERR_REDIRECT] [Fatal Error] :1:1: Premature end of file.
2026-08-29 10:45:25,715 [ERROR] LogOutputStream:75 - [STDERR_REDIRECT] 
2026-08-29 10:45:26,723 [ERROR] LogOutputStream:75 - [STDERR_REDIRECT] [Fatal Error] :1:1: Premature end of file.
2026-08-29 10:45:26,723 [ERROR] LogOutputStream:75 - [STDERR_REDIRECT] 
2026-08-29 10:45:27,724 [ERROR] LogOutputStream:75 - [STDERR_REDIRECT] [Fatal Error] :1:1: Premature end of file.
2026-08-29 10:45:27,724 [ERROR] LogOutputStream:75 - [STDERR_REDIRECT] 
2026-08-29 10:45:28,724 [ERROR] LogOutputStream:75 - [STDERR_REDIRECT] [Fatal Error] :1:1: Premature end of file.
2026-08-29 10:45:28,725 [ERROR] LogOutputStream:75 - [STDERR_REDIRECT] 
2026-08-29 10:45:29,725 [ERROR] LogOutputStream:75 - [STDERR_REDIRECT] [Fatal Error] :1:1: Premature end of file.
2026-08-29 10:45:29,725 [ERROR] LogOutputStream:75 - [STDERR_REDIRECT] 
2026-08-29 10:45:30,704 [ERROR] LogOutputStream:75 - [STDERR_REDIRECT] [Fatal Error] :1:1: Premature end of file.
2026-08-29 10:45:30,704 [ERROR] LogOutputStream:75 - [STDERR_REDIRECT] 
2026-08-29 10:45:31,715 [ERROR] LogOutputStream:75 - [STDERR_REDIRECT] [Fatal Error] :1:1: Premature end of file.
2026-08-29 10:45:31,715 [ERROR] LogOutputStream:75 - [STDERR_REDIRECT] 
2026-08-29 10:45:32,708 [ERROR] LogOutputStream:75 - [STDERR_REDIRECT] [Fatal Error] :1:1: Premature end of file.
2026-08-29 10:45:32,708 [ERROR] LogOutputStream:75 - [STDERR_REDIRECT] 
2026-08-29 10:45:33,707 [ERROR] LogOutputStream:75 - [STDERR_REDIRECT] [Fatal Error] :1:1: Premature end of file.
2026-08-29 10:45:33,707 [ERROR] LogOutputStream:75 - [STDERR_REDIRECT] 
2026-08-29 10:45:34,720 [ERROR] LogOutputStream:75 - [STDERR_REDIRECT] [Fatal Error] :1:1: Premature end of file.
2026-08-29 10:45:34,720 [ERROR] LogOutputStream:75 - [STDERR_REDIRECT] 
2026-08-29 10:45:35,712 [ERROR] LogOutputStream:75 - [STDERR_REDIRECT] [Fatal Error] :1:1: Premature end of file.
2026-08-29 10:45:35,712 [ERROR] LogOutputStream:75 - [STDERR_REDIRECT] 
2026-08-29 10:45:36,717 [ERROR] LogOutputStream:75 - [STDERR_REDIRECT] [Fatal Error] :1:1: Premature end of file.
2026-08-29 10:45:36,717 [ERROR] LogOutputStream:75 - [STDERR_REDIRECT] 
2026-08-29 10:45:37,705 [ERROR] LogOutputStream:75 - [STDERR_REDIRECT] [Fatal Error] :1:1: Premature end of file.
2026-08-29 10:45:37,705 [ERROR] LogOutputStream:75 - [STDERR_REDIRECT] 
2026-08-29 10:45:38,711 [ERROR] LogOutputStream:75 - [STDERR_REDIRECT] [Fatal Error] :1:1: Premature end of file.
2026-08-29 10:45:38,711 [ERROR] LogOutputStream:75 - [STDERR_REDIRECT] 
2026-08-29 10:45:39,710 [ERROR] LogOutputStream:75 - [STDERR_REDIRECT] [Fatal Error] :1:1: Premature end of file.
2026-08-29 10:45:39,710 [ERROR] LogOutputStream:75 - [STDERR_REDIRECT] 
2026-08-29 10:45:40,710 [ERROR] LogOutputStream:75 - [STDERR_REDIRECT] [Fatal Error] :1:1: Premature end of file.
2026-08-29 10:45:40,710 [ERROR] LogOutputStream:75 - [STDERR_REDIRECT] 
2026-08-29 10:45:41,704 [ERROR] LogOutputStream:75 - [STDERR_REDIRECT] [Fatal Error] :1:1: Premature end of file.
2026-08-29 10:45:41,704 [ERROR] LogOutputStream:75 - [STDERR_REDIRECT] 
2026-08-29 10:45:42,720 [ERROR] LogOutputStream:75 - [STDERR_REDIRECT] [Fatal Error] :1:1: Premature end of file.
2026-08-29 10:45:42,720 [ERROR] LogOutputStream:75 - [STDERR_REDIRECT] 
2026-08-29 10:45:43,705 [ERROR] LogOutputStream:75 - [STDERR_REDIRECT] [Fatal Error] :1:1: Premature end of file.
2026-08-29 10:45:43,705 [ERROR] LogOutputStream:75 - [STDERR_REDIRECT] 
2026-08-29 10:45:44,720 [ERROR] LogOutputStream:75 - [STDERR_REDIRECT] [Fatal Error] :1:1: Premature end of file.
2026-08-29 10:45:44,720 [ERROR] LogOutputStream:75 - [STDERR_REDIRECT] 
2026-08-29 10:45:45,722 [ERROR] LogOutputStream:75 - [STDERR_REDIRECT] [Fatal Error] :1:1: Premature end of file.
2026-08-29 10:45:45,722 [ERROR] LogOutputStream:75 - [STDERR_REDIRECT] 
2026-08-29 10:45:46,707 [ERROR] LogOutputStream:75 - [STDERR_REDIRECT] [Fatal Error] :1:1: Premature end of file.
2026-08-29 10:45:46,707 [ERROR] LogOutputStream:75 - [STDERR_REDIRECT] 
2026-08-29 10:45:47,703 [ERROR] LogOutputStream:75 - [STDERR_REDIRECT] [Fatal Error] :1:1: Premature end of file.
2026-08-29 10:45:47,703 [ERROR] LogOutputStream:75 - [STDERR_REDIRECT] 
2026-08-29 10:45:48,777 [ERROR] LogOutputStream:75 - [STDERR_REDIRECT] [Fatal Error] :1:1: Premature end of file.
2026-08-29 10:45:48,777 [ERROR] LogOutputStream:75 - [STDERR_REDIRECT] 
2026-08-29 10:45:49,697 [ERROR] LogOutputStream:75 - [STDERR_REDIRECT] [Fatal Error] :1:1: Premature end of file.
2026-08-29 10:45:49,697 [ERROR] LogOutputStream:75 - [STDERR_REDIRECT] 
2026-08-29 10:45:50,705 [ERROR] LogOutputStream:75 - [STDERR_REDIRECT] [Fatal Error] :1:1: Premature end of file.
2026-08-29 10:45:50,705 [ERROR] LogOutputStream:75 - [STDERR_REDIRECT] 
2026-08-29 10:45:51,701 [ERROR] LogOutputStream:75 - [STDERR_REDIRECT] [Fatal Error] :1:1: Premature end of file.
2026-08-29 10:45:51,701 [ERROR] LogOutputStream:75 - [STDERR_REDIRECT] 
2026-08-29 10:45:52,710 [ERROR] LogOutputStream:75 - [STDERR_REDIRECT] [Fatal Error] :1:1: Premature end of file.
2026-08-29 10:45:52,710 [ERROR] LogOutputStream:75 - [STDERR_REDIRECT] 
2026-08-29 10:45:53,716 [ERROR] LogOutputStream:75 - [STDERR_REDIRECT] [Fatal Error] :1:1: Premature end of file.
2026-08-29 10:45:53,716 [ERROR] LogOutputStream:75 - [STDERR_REDIRECT] 
2026-08-29 10:45:54,703 [ERROR] LogOutputStream:75 - [STDERR_REDIRECT] [Fatal Error] :1:1: Premature end of file.
2026-08-29 10:45:54,703 [ERROR] LogOutputStream:75 - [STDERR_REDIRECT] 
2026-08-29 10:45:55,696 [ERROR] LogOutputStream:75 - [STDERR_REDIRECT] [Fatal Error] :1:1: Premature end of file.
2026-08-29 10:45:55,696 [ERROR] LogOutputStream:75 - [STDERR_REDIRECT] 
2026-08-29 10:45:56,705 [ERROR] LogOutputStream:75 - [STDERR_REDIRECT] [Fatal Error] :1:1: Premature end of file.
2026-08-29 10:45:56,705 [ERROR] LogOutputStream:75 - [STDERR_REDIRECT] 
2026-08-29 10:45:57,702 [ERROR] LogOutputStream:75 - [STDERR_REDIRECT] [Fatal Error] :1:1: Premature end of file.
2026-08-29 10:45:57,702 [ERROR] LogOutputStream:75 - [STDERR_REDIRECT] 
2026-08-29 10:45:58,699 [ERROR] LogOutputStream:75 - [STDERR_REDIRECT] [Fatal Error] :1:1: Premature end of file.
2026-08-29 10:45:58,699 [ERROR] LogOutputStream:75 - [STDERR_REDIRECT] 
2026-08-29 10:45:59,717 [ERROR] LogOutputStream:75 - [STDERR_REDIRECT] [Fatal Error] :1:1: Premature end of file.
2026-08-29 10:45:59,717 [ERROR] LogOutputStream:75 - [STDERR_REDIRECT] 
2026-08-29 10:46:00,703 [ERROR] LogOutputStream:75 - [STDERR_REDIRECT] [Fatal Error] :1:1: Premature end of file.
2026-08-29 10:46:00,703 [ERROR] LogOutputStream:75 - [STDERR_REDIRECT] 
2026-08-29 10:46:01,709 [ERROR] LogOutputStream:75 - [STDERR_REDIRECT] [Fatal Error] :1:1: Premature end of file.
2026-08-29 10:46:01,709 [ERROR] LogOutputStream:75 - [STDERR_REDIRECT] 
2026-08-29 10:46:02,695 [ERROR] LogOutputStream:75 - [STDERR_REDIRECT] [Fatal Error] :1:1: Premature end of file.
2026-08-29 10:46:02,695 [ERROR] LogOutputStream:75 - [STDERR_REDIRECT] 
2026-08-29 10:46:03,713 [ERROR] LogOutputStream:75 - [STDERR_REDIRECT] [Fatal Error] :1:1: Premature end of file.
2026-08-29 10:46:03,713 [ERROR] LogOutputStream:75 - [STDERR_REDIRECT] 
2026-08-29 10:46:04,705 [ERROR] LogOutputStream:75 - [STDERR_REDIRECT] [Fatal Error] :1:1: Premature end of file.
2026-08-29 10:46:04,705 [ERROR] LogOutputStream:75 - [STDERR_REDIRECT] 
2026-08-29 10:46:05,702 [ERROR] LogOutputStream:75 - [STDERR_REDIRECT] [Fatal Error] :1:1: Premature end of file.
2026-08-29 10:46:05,702 [ERROR] LogOutputStream:75 - [STDERR_REDIRECT] 
2026-08-29 10:46:06,695 [ERROR] LogOutputStream:75 - [STDERR_REDIRECT] [Fatal Error] :1:1: Premature end of file.
2026-08-29 10:46:06,695 [ERROR] LogOutputStream:75 - [STDERR_REDIRECT] 
2026-08-29 10:46:07,707 [ERROR] LogOutputStream:75 - [STDERR_REDIRECT] [Fatal Error] :1:1: Premature end of file.
2026-08-29 10:46:07,707 [ERROR] LogOutputStream:75 - [STDERR_REDIRECT] 
2026-08-29 10:46:08,703 [ERROR] LogOutputStream:75 - [STDERR_REDIRECT] [Fatal Error] :1:1: Premature end of file.
2026-08-29 10:46:08,703 [ERROR] LogOutputStream:75 - [STDERR_REDIRECT] 
2026-08-29 10:46:09,698 [ERROR] LogOutputStream:75 - [STDERR_REDIRECT] [Fatal Error] :1:1: Premature end of file.
2026-08-29 10:46:09,698 [ERROR] LogOutputStream:75 - [STDERR_REDIRECT] 
2026-08-29 10:46:10,710 [ERROR] LogOutputStream:75 - [STDERR_REDIRECT] [Fatal Error] :1:1: Premature end of file.
2026-08-29 10:46:10,710 [ERROR] LogOutputStream:75 - [STDERR_REDIRECT] 
2026-08-29 10:46:11,704 [ERROR] LogOutputStream:75 - [STDERR_REDIRECT] [Fatal Error] :1:1: Premature end of file.
2026-08-29 10:46:11,704 [ERROR] LogOutputStream:75 - [STDERR_REDIRECT] 
2026-08-29 10:46:12,698 [ERROR] LogOutputStream:75 - [STDERR_REDIRECT] [Fatal Error] :1:1: Premature end of file.
2026-08-29 10:46:12,698 [ERROR] LogOutputStream:75 - [STDERR_REDIRECT] 
2026-08-29 10:46:13,717 [ERROR] LogOutputStream:75 - [STDERR_REDIRECT] [Fatal Error] :1:1: Premature end of file.
2026-08-29 10:46:13,717 [ERROR] LogOutputStream:75 - [STDERR_REDIRECT] 
2026-08-29 10:46:14,707 [ERROR] LogOutputStream:75 - [STDERR_REDIRECT] [Fatal Error] :1:1: Premature end of file.
2026-08-29 10:46:14,707 [ERROR] LogOutputStream:75 - [STDERR_REDIRECT] 
2026-08-29 10:46:15,709 [ERROR] LogOutputStream:75 - [STDERR_REDIRECT] [Fatal Error] :1:1: Premature end of file.
2026-08-29 10:46:15,709 [ERROR] LogOutputStream:75 - [STDERR_REDIRECT] 
2026-08-29 10:46:16,703 [ERROR] LogOutputStream:75 - [STDERR_REDIRECT] [Fatal Error] :1:1: Premature end of file.
2026-08-29 10:46:16,703 [ERROR] LogOutputStream:75 - [STDERR_REDIRECT] 
2026-08-29 10:46:17,711 [ERROR] LogOutputStream:75 - [STDERR_REDIRECT] [Fatal Error] :1:1: Premature end of file.
2026-08-29 10:46:17,711 [ERROR] LogOutputStream:75 - [STDERR_REDIRECT] 
2026-08-29 10:46:18,704 [ERROR] LogOutputStream:75 - [STDERR_REDIRECT] [Fatal Error] :1:1: Premature end of file.
2026-08-29 10:46:18,704 [ERROR] LogOutputStream:75 - [STDERR_REDIRECT] 
2026-08-29 10:46:19,708 [ERROR] LogOutputStream:75 - [STDERR_REDIRECT] [Fatal Error] :1:1: Premature end of file.
2026-08-29 10:46:19,708 [ERROR] LogOutputStream:75 - [STDERR_REDIRECT] 
2026-08-29 10:46:20,709 [ERROR] LogOutputStream:75 - [STDERR_REDIRECT] [Fatal Error] :1:1: Premature end of file.
2026-08-29 10:46:20,709 [ERROR] LogOutputStream:75 - [STDERR_REDIRECT] 
2026-08-29 10:46:21,705 [ERROR] LogOutputStream:75 - [STDERR_REDIRECT] [Fatal Error] :1:1: Premature end of file.
2026-08-29 10:46:21,705 [ERROR] LogOutputStream:75 - [STDERR_REDIRECT] 
2026-08-29 10:46:22,699 [ERROR] LogOutputStream:75 - [STDERR_REDIRECT] [Fatal Error] :1:1: Premature end of file.
2026-08-29 10:46:22,699 [ERROR] LogOutputStream:75 - [STDERR_REDIRECT] 
2026-08-29 10:46:23,706 [ERROR] LogOutputStream:75 - [STDERR_REDIRECT] [Fatal Error] :1:1: Premature end of file.
2026-08-29 10:46:23,706 [ERROR] LogOutputStream:75 - [STDERR_REDIRECT] 
2026-08-29 10:46:24,701 [ERROR] LogOutputStream:75 - [STDERR_REDIRECT] [Fatal Error] :1:1: Premature end of file.
2026-08-29 10:46:24,701 [ERROR] LogOutputStream:75 - [STDERR_REDIRECT] 
2026-08-29 10:46:25,695 [ERROR] LogOutputStream:75 - [STDERR_REDIRECT] [Fatal Error] :1:1: Premature end of file.
2026-08-29 10:46:25,695 [ERROR] LogOutputStream:75 - [STDERR_REDIRECT] 
2026-08-29 10:46:26,707 [ERROR] LogOutputStream:75 - [STDERR_REDIRECT] [Fatal Error] :1:1: Premature end of file.
2026-08-29 10:46:26,707 [ERROR] LogOutputStream:75 - [STDERR_REDIRECT] 
2026-08-29 10:46:27,708 [ERROR] LogOutputStream:75 - [STDERR_REDIRECT] [Fatal Error] :1:1: Premature end of file.
2026-08-29 10:46:27,708 [ERROR] LogOutputStream:75 - [STDERR_REDIRECT] 
2026-08-29 10:46:28,709 [ERROR] LogOutputStream:75 - [STDERR_REDIRECT] [Fatal Error] :1:1: Premature end of file.
2026-08-29 10:46:28,709 [ERROR] LogOutputStream:75 - [STDERR_REDIRECT] 
2026-08-29 10:46:29,704 [ERROR] LogOutputStream:75 - [STDERR_REDIRECT] [Fatal Error] :1:1: Premature end of file.
2026-08-29 10:46:29,704 [ERROR] LogOutputStream:75 - [STDERR_REDIRECT] 
2026-08-29 10:46:30,702 [ERROR] LogOutputStream:75 - [STDERR_REDIRECT] [Fatal Error] :1:1: Premature end of file.
2026-08-29 10:46:30,702 [ERROR] LogOutputStream:75 - [STDERR_REDIRECT] 
2026-08-29 10:46:31,709 [ERROR] LogOutputStream:75 - [STDERR_REDIRECT] [Fatal Error] :1:1: Premature end of file.
2026-08-29 10:46:31,709 [ERROR] LogOutputStream:75 - [STDERR_REDIRECT] 
2026-08-29 10:46:32,705 [ERROR] LogOutputStream:75 - [STDERR_REDIRECT] [Fatal Error] :1:1: Premature end of file.
2026-08-29 10:46:32,705 [ERROR] LogOutputStream:75 - [STDERR_REDIRECT] 
2026-08-29 10:46:33,695 [ERROR] LogOutputStream:75 - [STDERR_REDIRECT] [Fatal Error] :1:1: Premature end of file.
2026-08-29 10:46:33,695 [ERROR] LogOutputStream:75 - [STDERR_REDIRECT] 
2026-08-29 10:46:34,707 [ERROR] LogOutputStream:75 - [STDERR_REDIRECT] [Fatal Error] :1:1: Premature end of file.
2026-08-29 10:46:34,707 [ERROR] LogOutputStream:75 - [STDERR_REDIRECT] 
2026-08-29 10:46:35,715 [ERROR] LogOutputStream:75 - [STDERR_REDIRECT] [Fatal Error] :1:1: Premature end of file.
2026-08-29 10:46:35,715 [ERROR] LogOutputStream:75 - [STDERR_REDIRECT] 
2026-08-29 10:46:36,711 [ERROR] LogOutputStream:75 - [STDERR_REDIRECT] [Fatal Error] :1:1: Premature end of file.
2026-08-29 10:46:36,711 [ERROR] LogOutputStream:75 - [STDERR_REDIRECT] 
2026-08-29 10:46:37,725 [ERROR] LogOutputStream:75 - [STDERR_REDIRECT] [Fatal Error] :1:1: Premature end of file.
2026-08-29 10:46:37,725 [ERROR] LogOutputStream:75 - [STDERR_REDIRECT] 
2026-08-29 10:46:38,698 [ERROR] LogOutputStream:75 - [STDERR_REDIRECT] [Fatal Error] :1:1: Premature end of file.
2026-08-29 10:46:38,698 [ERROR] LogOutputStream:75 - [STDERR_REDIRECT] 
2026-08-29 10:46:39,718 [ERROR] LogOutputStream:75 - [STDERR_REDIRECT] [Fatal Error] :1:1: Premature end of file.
2026-08-29 10:46:39,718 [ERROR] LogOutputStream:75 - [STDERR_REDIRECT] 
2026-08-29 10:46:40,718 [ERROR] LogOutputStream:75 - [STDERR_REDIRECT] [Fatal Error] :1:1: Premature end of file.
2026-08-29 10:46:40,718 [ERROR] LogOutputStream:75 - [STDERR_REDIRECT] 
2026-08-29 10:46:41,702 [ERROR] LogOutputStream:75 - [STDERR_REDIRECT] [Fatal Error] :1:1: Premature end of file.
2026-08-29 10:46:41,702 [ERROR] LogOutputStream:75 - [STDERR_REDIRECT] 
2026-08-29 10:46:42,710 [ERROR] LogOutputStream:75 - [STDERR_REDIRECT] [Fatal Error] :1:1: Premature end of file.
2026-08-29 10:46:42,710 [ERROR] LogOutputStream:75 - [STDERR_REDIRECT] 
2026-08-29 10:46:43,701 [ERROR] LogOutputStream:75 - [STDERR_REDIRECT] [Fatal Error] :1:1: Premature end of file.
2026-08-29 10:46:43,701 [ERROR] LogOutputStream:75 - [STDERR_REDIRECT] 
2026-08-29 10:46:44,702 [ERROR] LogOutputStream:75 - [STDERR_REDIRECT] [Fatal Error] :1:1: Premature end of file.
2026-08-29 10:46:44,702 [ERROR] LogOutputStream:75 - [STDERR_REDIRECT] 
2026-08-29 10:46:45,701 [ERROR] LogOutputStream:75 - [STDERR_REDIRECT] [Fatal Error] :1:1: Premature end of file.
2026-08-29 10:46:45,701 [ERROR] LogOutputStream:75 - [STDERR_REDIRECT] 
2026-08-29 10:46:46,703 [ERROR] LogOutputStream:75 - [STDERR_REDIRECT] [Fatal Error] :1:1: Premature end of file.
2026-08-29 10:46:46,703 [ERROR] LogOutputStream:75 - [STDERR_REDIRECT] 
2026-08-29 10:46:47,722 [ERROR] LogOutputStream:75 - [STDERR_REDIRECT] [Fatal Error] :1:1: Premature end of file.
2026-08-29 10:46:47,722 [ERROR] LogOutputStream:75 - [STDERR_REDIRECT] 
2026-08-29 10:46:48,721 [ERROR] LogOutputStream:75 - [STDERR_REDIRECT] [Fatal Error] :1:1: Premature end of file.
2026-08-29 10:46:48,721 [ERROR] LogOutputStream:75 - [STDERR_REDIRECT] 
2026-08-29 10:46:49,704 [ERROR] LogOutputStream:75 - [STDERR_REDIRECT] [Fatal Error] :1:1: Premature end of file.
2026-08-29 10:46:49,704 [ERROR] LogOutputStream:75 - [STDERR_REDIRECT] 
2026-08-29 10:46:50,719 [ERROR] LogOutputStream:75 - [STDERR_REDIRECT] [Fatal Error] :1:1: Premature end of file.
2026-08-29 10:46:50,719 [ERROR] LogOutputStream:75 - [STDERR_REDIRECT] 
2026-08-29 10:46:51,707 [ERROR] LogOutputStream:75 - [STDERR_REDIRECT] [Fatal Error] :1:1: Premature end of file.
2026-08-29 10:46:51,707 [ERROR] LogOutputStream:75 - [STDERR_REDIRECT] 
2026-08-29 10:46:52,723 [ERROR] LogOutputStream:75 - [STDERR_REDIRECT] [Fatal Error] :1:1: Premature end of file.
2026-08-29 10:46:52,724 [ERROR] LogOutputStream:75 - [STDERR_REDIRECT] 
2026-08-29 10:46:53,723 [ERROR] LogOutputStream:75 - [STDERR_REDIRECT] [Fatal Error] :1:1: Premature end of file.
2026-08-29 10:46:53,723 [ERROR] LogOutputStream:75 - [STDERR_REDIRECT] 
2026-08-29 10:46:54,709 [ERROR] LogOutputStream:75 - [STDERR_REDIRECT] [Fatal Error] :1:1: Premature end of file.
2026-08-29 10:46:54,709 [ERROR] LogOutputStream:75 - [STDERR_REDIRECT] 
2026-08-29 10:46:55,725 [ERROR] LogOutputStream:75 - [STDERR_REDIRECT] [Fatal Error] :1:1: Premature end of file.
2026-08-29 10:46:55,725 [ERROR] LogOutputStream:75 - [STDERR_REDIRECT] 
2026-08-29 10:46:56,706 [ERROR] LogOutputStream:75 - [STDERR_REDIRECT] [Fatal Error] :1:1: Premature end of file.
2026-08-29 10:46:56,706 [ERROR] LogOutputStream:75 - [STDERR_REDIRECT] 
2026-08-29 10:46:57,716 [ERROR] LogOutputStream:75 - [STDERR_REDIRECT] [Fatal Error] :1:1: Premature end of file.
2026-08-29 10:46:57,716 [ERROR] LogOutputStream:75 - [STDERR_REDIRECT] 
2026-08-29 10:46:58,712 [ERROR] LogOutputStream:75 - [STDERR_REDIRECT] [Fatal Error] :1:1: Premature end of file.
2026-08-29 10:46:58,712 [ERROR] LogOutputStream:75 - [STDERR_REDIRECT] 
2026-08-29 10:46:59,707 [ERROR] LogOutputStream:75 - [STDERR_REDIRECT] [Fatal Error] :1:1: Premature end of file.
2026-08-29 10:46:59,707 [ERROR] LogOutputStream:75 - [STDERR_REDIRECT] 
2026-08-29 10:47:00,713 [ERROR] LogOutputStream:75 - [STDERR_REDIRECT] [Fatal Error] :1:1: Premature end of file.
2026-08-29 10:47:00,715 [ERROR] LogOutputStream:75 - [STDERR_REDIRECT] 
2026-08-29 10:47:01,714 [ERROR] LogOutputStream:75 - [STDERR_REDIRECT] [Fatal Error] :1:1: Premature end of file.
2026-08-29 10:47:01,714 [ERROR] LogOutputStream:75 - [STDERR_REDIRECT] 
2026-08-29 10:47:02,702 [ERROR] LogOutputStream:75 - [STDERR_REDIRECT] [Fatal Error] :1:1: Premature end of file.
2026-08-29 10:47:02,702 [ERROR] LogOutputStream:75 - [STDERR_REDIRECT] 
2026-08-29 10:47:03,701 [ERROR] LogOutputStream:75 - [STDERR_REDIRECT] [Fatal Error] :1:1: Premature end of file.
2026-08-29 10:47:03,701 [ERROR] LogOutputStream:75 - [STDERR_REDIRECT] 
2026-08-29 10:47:04,702 [ERROR] LogOutputStream:75 - [STDERR_REDIRECT] [Fatal Error] :1:1: Premature end of file.
2026-08-29 10:47:04,702 [ERROR] LogOutputStream:75 - [STDERR_REDIRECT] 
2026-08-29 10:47:05,716 [ERROR] LogOutputStream:75 - [STDERR_REDIRECT] [Fatal Error] :1:1: Premature end of file.
2026-08-29 10:47:05,716 [ERROR] LogOutputStream:75 - [STDERR_REDIRECT] 
2026-08-29 10:47:06,717 [ERROR] LogOutputStream:75 - [STDERR_REDIRECT] [Fatal Error] :1:1: Premature end of file.
2026-08-29 10:47:06,717 [ERROR] LogOutputStream:75 - [STDERR_REDIRECT] 
2026-08-29 10:47:07,703 [ERROR] LogOutputStream:75 - [STDERR_REDIRECT] [Fatal Error] :1:1: Premature end of file.
2026-08-29 10:47:07,703 [ERROR] LogOutputStream:75 - [STDERR_REDIRECT] 
2026-08-29 10:47:08,718 [ERROR] LogOutputStream:75 - [STDERR_REDIRECT] [Fatal Error] :1:1: Premature end of file.
2026-08-29 10:47:08,718 [ERROR] LogOutputStream:75 - [STDERR_REDIRECT] 
2026-08-29 10:47:09,712 [ERROR] LogOutputStream:75 - [STDERR_REDIRECT] [Fatal Error] :1:1: Premature end of file.
2026-08-29 10:47:09,712 [ERROR] LogOutputStream:75 - [STDERR_REDIRECT] 
2026-08-29 10:47:10,712 [ERROR] LogOutputStream:75 - [STDERR_REDIRECT] [Fatal Error] :1:1: Premature end of file.
2026-08-29 10:47:10,712 [ERROR] LogOutputStream:75 - [STDERR_REDIRECT] 
2026-08-29 10:47:11,720 [ERROR] LogOutputStream:75 - [STDERR_REDIRECT] [Fatal Error] :1:1: Premature end of file.
2026-08-29 10:47:11,720 [ERROR] LogOutputStream:75 - [STDERR_REDIRECT] 
2026-08-29 10:47:12,707 [ERROR] LogOutputStream:75 - [STDERR_REDIRECT] [Fatal Error] :1:1: Premature end of file.
2026-08-29 10:47:12,707 [ERROR] LogOutputStream:75 - [STDERR_REDIRECT] 
2026-08-29 10:47:13,723 [ERROR] LogOutputStream:75 - [STDERR_REDIRECT] [Fatal Error] :1:1: Premature end of file.
2026-08-29 10:47:13,723 [ERROR] LogOutputStream:75 - [STDERR_REDIRECT] 
2026-08-29 10:47:14,722 [ERROR] LogOutputStream:75 - [STDERR_REDIRECT] [Fatal Error] :1:1: Premature end of file.
2026-08-29 10:47:14,722 [ERROR] LogOutputStream:75 - [STDERR_REDIRECT] 
2026-08-29 10:47:15,706 [ERROR] LogOutputStream:75 - [STDERR_REDIRECT] [Fatal Error] :1:1: Premature end of file.
2026-08-29 10:47:15,706 [ERROR] LogOutputStream:75 - [STDERR_REDIRECT] 
2026-08-29 10:47:16,710 [ERROR] LogOutputStream:75 - [STDERR_REDIRECT] [Fatal Error] :1:1: Premature end of file.
2026-08-29 10:47:16,710 [ERROR] LogOutputStream:75 - [STDERR_REDIRECT] 
2026-08-29 10:47:17,710 [ERROR] LogOutputStream:75 - [STDERR_REDIRECT] [Fatal Error] :1:1: Premature end of file.
2026-08-29 10:47:17,710 [ERROR] LogOutputStream:75 - [STDERR_REDIRECT] 
2026-08-29 10:47:18,722 [ERROR] LogOutputStream:75 - [STDERR_REDIRECT] [Fatal Error] :1:1: Premature end of file.
2026-08-29 10:47:18,722 [ERROR] LogOutputStream:75 - [STDERR_REDIRECT] 
2026-08-29 10:47:19,723 [ERROR] LogOutputStream:75 - [STDERR_REDIRECT] [Fatal Error] :1:1: Premature end of file.
2026-08-29 10:47:19,723 [ERROR] LogOutputStream:75 - [STDERR_REDIRECT] 
2026-08-29 10:47:20,710 [ERROR] LogOutputStream:75 - [STDERR_REDIRECT] [Fatal Error] :1:1: Premature end of file.
2026-08-29 10:47:20,710 [ERROR] LogOutputStream:75 - [STDERR_REDIRECT] 
2026-08-29 10:47:21,718 [ERROR] LogOutputStream:75 - [STDERR_REDIRECT] [Fatal Error] :1:1: Premature end of file.
2026-08-29 10:47:21,718 [ERROR] LogOutputStream:75 - [STDERR_REDIRECT] 
2026-08-29 10:47:22,718 [ERROR] LogOutputStream:75 - [STDERR_REDIRECT] [Fatal Error] :1:1: Premature end of file.
2026-08-29 10:47:22,718 [ERROR] LogOutputStream:75 - [STDERR_REDIRECT] 
2026-08-29 10:47:23,713 [ERROR] LogOutputStream:75 - [STDERR_REDIRECT] [Fatal Error] :1:1: Premature end of file.
2026-08-29 10:47:23,713 [ERROR] LogOutputStream:75 - [STDERR_REDIRECT] 
2026-08-29 10:47:24,719 [ERROR] LogOutputStream:75 - [STDERR_REDIRECT] [Fatal Error] :1:1: Premature end of file.
2026-08-29 10:47:24,719 [ERROR] LogOutputStream:75 - [STDERR_REDIRECT] 
2026-08-29 10:47:25,690 [ERROR] LogOutputStream:75 - [STDERR_REDIRECT] [Fatal Error] :1:1: Premature end of file.
2026-08-29 10:47:25,690 [ERROR] LogOutputStream:75 - [STDERR_REDIRECT] 
2026-08-29 10:47:26,709 [ERROR] LogOutputStream:75 - [STDERR_REDIRECT] [Fatal Error] :1:1: Premature end of file.
2026-08-29 10:47:26,709 [ERROR] LogOutputStream:75 - [STDERR_REDIRECT] 
2026-08-29 10:47:27,712 [ERROR] LogOutputStream:75 - [STDERR_REDIRECT] [Fatal Error] :1:1: Premature end of file.
2026-08-29 10:47:27,712 [ERROR] LogOutputStream:75 - [STDERR_REDIRECT] 
2026-08-29 10:47:28,707 [ERROR] LogOutputStream:75 - [STDERR_REDIRECT] [Fatal Error] :1:1: Premature end of file.
2026-08-29 10:47:28,707 [ERROR] LogOutputStream:75 - [STDERR_REDIRECT] 
2026-08-29 10:47:29,719 [ERROR] LogOutputStream:75 - [STDERR_REDIRECT] [Fatal Error] :1:1: Premature end of file.
2026-08-29 10:47:29,719 [ERROR] LogOutputStream:75 - [STDERR_REDIRECT] 
2026-08-29 10:47:30,704 [ERROR] LogOutputStream:75 - [STDERR_REDIRECT] [Fatal Error] :1:1: Premature end of file.
2026-08-29 10:47:30,704 [ERROR] LogOutputStream:75 - [STDERR_REDIRECT] 
2026-08-29 10:47:31,713 [ERROR] LogOutputStream:75 - [STDERR_REDIRECT] [Fatal Error] :1:1: Premature end of file.
2026-08-29 10:47:31,713 [ERROR] LogOutputStream:75 - [STDERR_REDIRECT] 
2026-08-29 10:47:32,722 [ERROR] LogOutputStream:75 - [STDERR_REDIRECT] [Fatal Error] :1:1: Premature end of file.
2026-08-29 10:47:32,723 [ERROR] LogOutputStream:75 - [STDERR_REDIRECT] 
2026-08-29 10:47:33,706 [ERROR] LogOutputStream:75 - [STDERR_REDIRECT] [Fatal Error] :1:1: Premature end of file.
2026-08-29 10:47:33,706 [ERROR] LogOutputStream:75 - [STDERR_REDIRECT] 
2026-08-29 10:47:34,720 [ERROR] LogOutputStream:75 - [STDERR_REDIRECT] [Fatal Error] :1:1: Premature end of file.
2026-08-29 10:47:34,720 [ERROR] LogOutputStream:75 - [STDERR_REDIRECT] 
2026-08-29 10:47:35,714 [ERROR] LogOutputStream:75 - [STDERR_REDIRECT] [Fatal Error] :1:1: Premature end of file.
2026-08-29 10:47:35,714 [ERROR] LogOutputStream:75 - [STDERR_REDIRECT] 
2026-08-29 10:47:36,695 [ERROR] LogOutputStream:75 - [STDERR_REDIRECT] [Fatal Error] :1:1: Premature end of file.
2026-08-29 10:47:36,695 [ERROR] LogOutputStream:75 - [STDERR_REDIRECT] 
2026-08-29 10:47:37,711 [ERROR] LogOutputStream:75 - [STDERR_REDIRECT] [Fatal Error] :1:1: Premature end of file.
2026-08-29 10:47:37,711 [ERROR] LogOutputStream:75 - [STDERR_REDIRECT] 
2026-08-29 10:47:38,706 [ERROR] LogOutputStream:75 - [STDERR_REDIRECT] [Fatal Error] :1:1: Premature end of file.
2026-08-29 10:47:38,706 [ERROR] LogOutputStream:75 - [STDERR_REDIRECT] 
2026-08-29 10:47:39,727 [ERROR] LogOutputStream:75 - [STDERR_REDIRECT] [Fatal Error] :1:1: Premature end of file.
2026-08-29 10:47:39,727 [ERROR] LogOutputStream:75 - [STDERR_REDIRECT] 
2026-08-29 10:47:40,724 [ERROR] LogOutputStream:75 - [STDERR_REDIRECT] [Fatal Error] :1:1: Premature end of file.
2026-08-29 10:47:40,724 [ERROR] LogOutputStream:75 - [STDERR_REDIRECT] 
2026-08-29 10:47:41,710 [ERROR] LogOutputStream:75 - [STDERR_REDIRECT] [Fatal Error] :1:1: Premature end of file.
2026-08-29 10:47:41,710 [ERROR] LogOutputStream:75 - [STDERR_REDIRECT] 
2026-08-29 10:47:42,718 [ERROR] LogOutputStream:75 - [STDERR_REDIRECT] [Fatal Error] :1:1: Premature end of file.
2026-08-29 10:47:42,718 [ERROR] LogOutputStream:75 - [STDERR_REDIRECT] 
2026-08-29 10:47:43,718 [ERROR] LogOutputStream:75 - [STDERR_REDIRECT] [Fatal Error] :1:1: Premature end of file.
2026-08-29 10:47:43,718 [ERROR] LogOutputStream:75 - [STDERR_REDIRECT] 
2026-08-29 10:47:44,707 [ERROR] LogOutputStream:75 - [STDERR_REDIRECT] [Fatal Error] :1:1: Premature end of file.
2026-08-29 10:47:44,707 [ERROR] LogOutputStream:75 - [STDERR_REDIRECT] 
2026-08-29 10:47:45,709 [ERROR] LogOutputStream:75 - [STDERR_REDIRECT] [Fatal Error] :1:1: Premature end of file.
2026-08-29 10:47:45,709 [ERROR] LogOutputStream:75 - [STDERR_REDIRECT] 
2026-08-29 10:47:46,704 [ERROR] LogOutputStream:75 - [STDERR_REDIRECT] [Fatal Error] :1:1: Premature end of file.
2026-08-29 10:47:46,704 [ERROR] LogOutputStream:75 - [STDERR_REDIRECT] 
2026-08-29 10:47:47,710 [ERROR] LogOutputStream:75 - [STDERR_REDIRECT] [Fatal Error] :1:1: Premature end of file.
2026-08-29 10:47:47,710 [ERROR] LogOutputStream:75 - [STDERR_REDIRECT] 
2026-08-29 10:47:48,718 [ERROR] LogOutputStream:75 - [STDERR_REDIRECT] [Fatal Error] :1:1: Premature end of file.
2026-08-29 10:47:48,719 [ERROR] LogOutputStream:75 - [STDERR_REDIRECT] 
2026-08-29 10:47:49,714 [ERROR] LogOutputStream:75 - [STDERR_REDIRECT] [Fatal Error] :1:1: Premature end of file.
2026-08-29 10:47:49,714 [ERROR] LogOutputStream:75 - [STDERR_REDIRECT] 
2026-08-29 10:47:50,704 [ERROR] LogOutputStream:75 - [STDERR_REDIRECT] [Fatal Error] :1:1: Premature end of file.
2026-08-29 10:47:50,704 [ERROR] LogOutputStream:75 - [STDERR_REDIRECT] 
2026-08-29 10:47:51,703 [ERROR] LogOutputStream:75 - [STDERR_REDIRECT] [Fatal Error] :1:1: Premature end of file.
2026-08-29 10:47:51,703 [ERROR] LogOutputStream:75 - [STDERR_REDIRECT] 
2026-08-29 10:47:52,720 [ERROR] LogOutputStream:75 - [STDERR_REDIRECT] [Fatal Error] :1:1: Premature end of file.
2026-08-29 10:47:52,720 [ERROR] LogOutputStream:75 - [STDERR_REDIRECT] 
2026-08-29 10:47:53,709 [ERROR] LogOutputStream:75 - [STDERR_REDIRECT] [Fatal Error] :1:1: Premature end of file.
2026-08-29 10:47:53,709 [ERROR] LogOutputStream:75 - [STDERR_REDIRECT] 
2026-08-29 10:47:54,710 [ERROR] LogOutputStream:75 - [STDERR_REDIRECT] [Fatal Error] :1:1: Premature end of file.
2026-08-29 10:47:54,710 [ERROR] LogOutputStream:75 - [STDERR_REDIRECT] 
2026-08-29 10:47:55,700 [ERROR] LogOutputStream:75 - [STDERR_REDIRECT] [Fatal Error] :1:1: Premature end of file.
2026-08-29 10:47:55,700 [ERROR] LogOutputStream:75 - [STDERR_REDIRECT] 
2026-08-29 10:47:56,725 [ERROR] LogOutputStream:75 - [STDERR_REDIRECT] [Fatal Error] :1:1: Premature end of file.
2026-08-29 10:47:56,725 [ERROR] LogOutputStream:75 - [STDERR_REDIRECT] 
2026-08-29 10:47:57,705 [ERROR] LogOutputStream:75 - [STDERR_REDIRECT] [Fatal Error] :1:1: Premature end of file.
2026-08-29 10:47:57,705 [ERROR] LogOutputStream:75 - [STDERR_REDIRECT] 
2026-08-29 10:47:58,706 [ERROR] LogOutputStream:75 - [STDERR_REDIRECT] [Fatal Error] :1:1: Premature end of file.
2026-08-29 10:47:58,706 [ERROR] LogOutputStream:75 - [STDERR_REDIRECT] 
2026-08-29 10:47:59,703 [ERROR] LogOutputStream:75 - [STDERR_REDIRECT] [Fatal Error] :1:1: Premature end of file.
2026-08-29 10:47:59,703 [ERROR] LogOutputStream:75 - [STDERR_REDIRECT] 
2026-08-29 10:48:00,701 [ERROR] LogOutputStream:75 - [STDERR_REDIRECT] [Fatal Error] :1:1: Premature end of file.
2026-08-29 10:48:00,701 [ERROR] LogOutputStream:75 - [STDERR_REDIRECT] 
2026-08-29 10:48:01,704 [ERROR] LogOutputStream:75 - [STDERR_REDIRECT] [Fatal Error] :1:1: Premature end of file.
2026-08-29 10:48:01,704 [ERROR] LogOutputStream:75 - [STDERR_REDIRECT] 
2026-08-29 10:48:02,701 [ERROR] LogOutputStream:75 - [STDERR_REDIRECT] [Fatal Error] :1:1: Premature end of file.
2026-08-29 10:48:02,701 [ERROR] LogOutputStream:75 - [STDERR_REDIRECT] 
2026-08-29 10:48:03,701 [ERROR] LogOutputStream:75 - [STDERR_REDIRECT] [Fatal Error] :1:1: Premature end of file.
2026-08-29 10:48:03,701 [ERROR] LogOutputStream:75 - [STDERR_REDIRECT] 
2026-08-29 10:48:04,702 [ERROR] LogOutputStream:75 - [STDERR_REDIRECT] [Fatal Error] :1:1: Premature end of file.
2026-08-29 10:48:04,702 [ERROR] LogOutputStream:75 - [STDERR_REDIRECT] 
2026-08-29 10:48:05,717 [ERROR] LogOutputStream:75 - [STDERR_REDIRECT] [Fatal Error] :1:1: Premature end of file.
2026-08-29 10:48:05,717 [ERROR] LogOutputStream:75 - [STDERR_REDIRECT] 
2026-08-29 10:48:06,709 [ERROR] LogOutputStream:75 - [STDERR_REDIRECT] [Fatal Error] :1:1: Premature end of file.
2026-08-29 10:48:06,709 [ERROR] LogOutputStream:75 - [STDERR_REDIRECT] 
2026-08-29 10:48:07,702 [ERROR] LogOutputStream:75 - [STDERR_REDIRECT] [Fatal Error] :1:1: Premature end of file.
2026-08-29 10:48:07,702 [ERROR] LogOutputStream:75 - [STDERR_REDIRECT] 
2026-08-29 10:48:08,708 [ERROR] LogOutputStream:75 - [STDERR_REDIRECT] [Fatal Error] :1:1: Premature end of file.
2026-08-29 10:48:08,708 [ERROR] LogOutputStream:75 - [STDERR_REDIRECT] 
2026-08-29 10:48:09,720 [ERROR] LogOutputStream:75 - [STDERR_REDIRECT] [Fatal Error] :1:1: Premature end of file.
2026-08-29 10:48:09,720 [ERROR] LogOutputStream:75 - [STDERR_REDIRECT] 
2026-08-29 10:48:10,416 [INFO] WebApp:403 - JxBrowser engine has been closed 
2026-08-29 10:48:10,694 [ERROR] LogOutputStream:75 - [STDERR_REDIRECT] [Fatal Error] :1:1: Premature end of file.
2026-08-29 10:48:10,694 [ERROR] LogOutputStream:75 - [STDERR_REDIRECT] 
2026-08-29 10:48:11,691 [ERROR] LogOutputStream:75 - [STDERR_REDIRECT] [Fatal Error] :1:1: Premature end of file.
2026-08-29 10:48:11,691 [ERROR] LogOutputStream:75 - [STDERR_REDIRECT] 
2026-08-29 10:48:12,691 [ERROR] LogOutputStream:75 - [STDERR_REDIRECT] [Fatal Error] :1:1: Premature end of file.
2026-08-29 10:48:12,691 [ERROR] LogOutputStream:75 - [STDERR_REDIRECT] 
2026-08-29 10:48:13,695 [ERROR] LogOutputStream:75 - [STDERR_REDIRECT] [Fatal Error] :1:1: Premature end of file.
2026-08-29 10:48:13,695 [ERROR] LogOutputStream:75 - [STDERR_REDIRECT] 
2026-08-29 10:48:14,694 [ERROR] LogOutputStream:75 - [STDERR_REDIRECT] [Fatal Error] :1:1: Premature end of file.
2026-08-29 10:48:14,694 [ERROR] LogOutputStream:75 - [STDERR_REDIRECT] 
2026-08-29 10:48:15,693 [ERROR] LogOutputStream:75 - [STDERR_REDIRECT] [Fatal Error] :1:1: Premature end of file.
2026-08-29 10:48:15,693 [ERROR] LogOutputStream:75 - [STDERR_REDIRECT] 
2026-08-29 10:48:16,691 [ERROR] LogOutputStream:75 - [STDERR_REDIRECT] [Fatal Error] :1:1: Premature end of file.
2026-08-29 10:48:16,691 [ERROR] LogOutputStream:75 - [STDERR_REDIRECT] 
2026-08-29 10:48:17,692 [ERROR] LogOutputStream:75 - [STDERR_REDIRECT] [Fatal Error] :1:1: Premature end of file.
2026-08-29 10:48:17,692 [ERROR] LogOutputStream:75 - [STDERR_REDIRECT] 
2026-08-29 10:48:18,691 [ERROR] LogOutputStream:75 - [STDERR_REDIRECT] [Fatal Error] :1:1: Premature end of file.
2026-08-29 10:48:18,691 [ERROR] LogOutputStream:75 - [STDERR_REDIRECT] 
2026-08-29 10:48:19,692 [ERROR] LogOutputStream:75 - [STDERR_REDIRECT] [Fatal Error] :1:1: Premature end of file.
2026-08-29 10:48:19,692 [ERROR] LogOutputStream:75 - [STDERR_REDIRECT] 
2026-08-29 10:48:20,691 [ERROR] LogOutputStream:75 - [STDERR_REDIRECT] [Fatal Error] :1:1: Premature end of file.
2026-08-29 10:48:20,691 [ERROR] LogOutputStream:75 - [STDERR_REDIRECT] 
2026-08-29 10:48:21,692 [ERROR] LogOutputStream:75 - [STDERR_REDIRECT] [Fatal Error] :1:1: Premature end of file.
2026-08-29 10:48:21,692 [ERROR] LogOutputStream:75 - [STDERR_REDIRECT] 
