2026-08-27 16:01:12,386 [INFO] Activator:176 - 


2026-08-27 16:01:12,386 [INFO] Activator:177 - !SESSION log4j initialized
2026-08-27 16:01:14,835 [INFO] LogOutputStream:77 - [STDOUT_REDIRECT] 
2026-08-27 16:01:17,357 [INFO] ApplicationProperties:184 - Using Application install path: C:\ST\STM32CubeIDE_1.19.0\STM32CubeIDE\plugins\com.st.stm32cube.common.mx_6.15.0.202507011659
2026-08-27 16:01:17,378 [INFO] DbMcusXml:78 - Set database path to: C:\ST\STM32CubeIDE_1.19.0\STM32CubeIDE\plugins\com.st.stm32cube.common.mx_6.15.0.202507011659\\db\/mcu/
2026-08-27 16:01:17,378 [INFO] ApiDb:274 - Set plugin database path to: C:\ST\STM32CubeIDE_1.19.0\STM32CubeIDE\plugins\com.st.stm32cube.common.mx_6.15.0.202507011659\\db\/plugins/boardmanager/
2026-08-27 16:01:17,378 [WARN] ApiDb:259 - Overriding images path with different value:  => C:\ST\STM32CubeIDE_1.19.0\STM32CubeIDE\plugins\com.st.stm32cube.common.mx_6.15.0.202507011659\\db\/plugins/mcufinder/images/
2026-08-27 16:01:18,442 [WARN] ApiFinderProperties:113 - C:\Users\student\.stmcufinder\plugins\mcufinder\mcu\mcuFinder.mfd doesn't exist
2026-08-27 16:01:18,442 [INFO] ApiDb:250 - Set database path to: C:\Users\student\.stmcufinder\plugins\mcufinder//mcu/
2026-08-27 16:01:18,442 [INFO] DbMcusAds:125 - Set database path to: C:\Users\student\.stmcufinder\plugins\mcufinder//mcu/
2026-08-27 16:01:18,442 [INFO] CrossReferenceDbSqlite:203 - Set database path to: C:\Users\student\.stmcufinder\plugins\mcufinder//mcu/cs/
2026-08-27 16:01:18,550 [INFO] RulesReader:64 - Compatibility file has been processed (317 Rules)
2026-08-27 16:01:18,615 [INFO] DbMcusXml:78 - Set database path to: C:\ST\STM32CubeIDE_1.19.0\STM32CubeIDE\plugins\com.st.stm32cube.common.mx_6.15.0.202507011659\\db\/mcu/
2026-08-27 16:01:18,615 [INFO] ApiDb:274 - Set plugin database path to: C:\ST\STM32CubeIDE_1.19.0\STM32CubeIDE\plugins\com.st.stm32cube.common.mx_6.15.0.202507011659\\db\/plugins/boardmanager/
2026-08-27 16:01:18,615 [INFO] ApiDb:261 - Set plugin images path to: C:\ST\STM32CubeIDE_1.19.0\STM32CubeIDE\plugins\com.st.stm32cube.common.mx_6.15.0.202507011659\\db\/plugins/mcufinder/images/
2026-08-27 16:01:18,615 [WARN] DbFile:41 - Overriding database path with different value: C:\Users\student\.stmcufinder\plugins\mcufinder/ => C:\Users\student\.stmcufinder\plugins\mcufinder
2026-08-27 16:01:18,615 [INFO] ApiDb:250 - Set database path to: C:\Users\student\.stmcufinder\plugins\mcufinder//mcu/
2026-08-27 16:01:18,615 [WARN] DbFile:41 - Overriding database path with different value: C:\Users\student\.stmcufinder\plugins\mcufinder/ => C:\Users\student\.stmcufinder\plugins\mcufinder
2026-08-27 16:01:18,615 [INFO] DbMcusAds:125 - Set database path to: C:\Users\student\.stmcufinder\plugins\mcufinder//mcu/
2026-08-27 16:01:18,615 [WARN] DbFile:41 - Overriding database path with different value: C:\Users\student\.stmcufinder\plugins\mcufinder/ => C:\Users\student\.stmcufinder\plugins\mcufinder
2026-08-27 16:01:18,615 [WARN] DbFile:41 - Overriding database path with different value: C:\Users\student\.stmcufinder\plugins\mcufinder/ => C:\Users\student\.stmcufinder\plugins\mcufinder
2026-08-27 16:01:18,615 [INFO] CrossReferenceDbSqlite:203 - Set database path to: C:\Users\student\.stmcufinder\plugins\mcufinder//mcu/cs/
2026-08-27 16:01:18,684 [INFO] MainPanel:274 - HeapMemory: 268435456
2026-08-27 16:01:18,759 [INFO] DbMcusXml:78 - Set database path to: C:\ST\STM32CubeIDE_1.19.0\STM32CubeIDE\plugins\com.st.stm32cube.common.mx_6.15.0.202507011659\\db\/mcu/
2026-08-27 16:01:18,759 [INFO] ApiDb:274 - Set plugin database path to: C:\ST\STM32CubeIDE_1.19.0\STM32CubeIDE\plugins\com.st.stm32cube.common.mx_6.15.0.202507011659\\db\/plugins/boardmanager/
2026-08-27 16:01:18,759 [INFO] ApiDb:261 - Set plugin images path to: C:\ST\STM32CubeIDE_1.19.0\STM32CubeIDE\plugins\com.st.stm32cube.common.mx_6.15.0.202507011659\\db\/plugins/mcufinder/images/
2026-08-27 16:01:18,759 [WARN] DbFile:41 - Overriding database path with different value: C:\Users\student\.stmcufinder\plugins\mcufinder/ => C:\Users\student\.stmcufinder\plugins\mcufinder
2026-08-27 16:01:18,759 [INFO] ApiDb:250 - Set database path to: C:\Users\student\.stmcufinder\plugins\mcufinder//mcu/
2026-08-27 16:01:18,759 [WARN] DbFile:41 - Overriding database path with different value: C:\Users\student\.stmcufinder\plugins\mcufinder/ => C:\Users\student\.stmcufinder\plugins\mcufinder
2026-08-27 16:01:18,759 [INFO] DbMcusAds:125 - Set database path to: C:\Users\student\.stmcufinder\plugins\mcufinder//mcu/
2026-08-27 16:01:18,759 [WARN] DbFile:41 - Overriding database path with different value: C:\Users\student\.stmcufinder\plugins\mcufinder/ => C:\Users\student\.stmcufinder\plugins\mcufinder
2026-08-27 16:01:18,759 [WARN] DbFile:41 - Overriding database path with different value: C:\Users\student\.stmcufinder\plugins\mcufinder/ => C:\Users\student\.stmcufinder\plugins\mcufinder
2026-08-27 16:01:18,759 [INFO] CrossReferenceDbSqlite:203 - Set database path to: C:\Users\student\.stmcufinder\plugins\mcufinder//mcu/cs/
2026-08-27 16:01:18,773 [INFO] ApplicationProperties:184 - Using Application install path: C:\ST\STM32CubeIDE_1.19.0\STM32CubeIDE\plugins\com.st.stm32cube.common.mx_6.15.0.202507011659
2026-08-27 16:01:18,773 [INFO] PluginManage:196 - Search for loadable plugins [exclusion list=, ]
2026-08-27 16:01:18,773 [INFO] PluginManage:310 - Check plugin analytics
2026-08-27 16:01:18,930 [INFO] AnalyticsPlugin:253 - Accepted Software Licenses: 
2026-08-27 16:01:18,930 [INFO] AnalyticsPlugin:255 - Accepted CMSIS Pack Licenses: 
2026-08-27 16:01:18,930 [INFO] AnalyticsPlugin:257 - Accepted Firmware Licenses: 
2026-08-27 16:01:18,941 [INFO] PluginManage:359 - Loaded plugin analytics (category:tool,tabindex:-1)
2026-08-27 16:01:18,941 [INFO] PluginManage:310 - Check plugin cadmodel
2026-08-27 16:01:18,946 [INFO] CADModel:105 - Init CAD model plugin
2026-08-27 16:01:18,946 [INFO] PluginManage:359 - Loaded plugin cadmodel (category:power,tabindex:5)
2026-08-27 16:01:18,946 [INFO] PluginManage:310 - Check plugin clock
2026-08-27 16:01:18,954 [INFO] PluginManage:359 - Loaded plugin clock (category:base,tabindex:2)
2026-08-27 16:01:18,954 [INFO] PluginManage:310 - Check plugin ddr
2026-08-27 16:01:18,954 [INFO] PluginManage:359 - Loaded plugin ddr (category:tool,tabindex:6)
2026-08-27 16:01:18,954 [INFO] PluginManage:310 - Check plugin filemanager
2026-08-27 16:01:19,088 [INFO] PluginManage:359 - Loaded plugin filemanager (category:base,tabindex:10)
2026-08-27 16:01:19,088 [INFO] PluginManage:310 - Check plugin ipmanager
2026-08-27 16:01:19,088 [INFO] PluginManage:359 - Loaded plugin ipmanager (category:base,tabindex:5)
2026-08-27 16:01:19,088 [INFO] PluginManage:310 - Check plugin lpbam
2026-08-27 16:01:19,105 [INFO] PluginManage:359 - Loaded plugin lpbam (category:base,tabindex:0)
2026-08-27 16:01:19,105 [INFO] PluginManage:310 - Check plugin memorymap
2026-08-27 16:01:19,118 [INFO] PluginManage:359 - Loaded plugin memorymap (category:base,tabindex:4)
2026-08-27 16:01:19,118 [INFO] PluginManage:310 - Check plugin pinoutandconfiguration
2026-08-27 16:01:19,122 [INFO] PluginManage:359 - Loaded plugin pinoutandconfiguration (category:base,tabindex:1)
2026-08-27 16:01:19,122 [INFO] PluginManage:310 - Check plugin pinoutconfig
2026-08-27 16:01:19,184 [WARN] SupportedApi:132 - Cannot load RTOS API schema: s4s-elt-must-match.1: The content of 'definitions' must match (annotation?, (simpleType | complexType)?, (unique | key | keyref)*)). A problem was found starting at: attribute.
2026-08-27 16:01:19,279 [INFO] PluginManage:359 - Loaded plugin pinoutconfig (category:base,tabindex:0)
2026-08-27 16:01:19,279 [INFO] PluginManage:310 - Check plugin power
2026-08-27 16:01:19,295 [INFO] PluginManage:359 - Loaded plugin power (category:power,tabindex:4)
2026-08-27 16:01:19,295 [INFO] PluginManage:310 - Check plugin projectmanager
2026-08-27 16:01:19,311 [INFO] PluginManage:359 - Loaded plugin projectmanager (category:projectmanager,tabindex:4)
2026-08-27 16:01:19,311 [INFO] PluginManage:310 - Check plugin rif
2026-08-27 16:01:19,311 [INFO] PluginManage:359 - Loaded plugin rif (category:base,tabindex:3)
2026-08-27 16:01:19,311 [INFO] PluginManage:310 - Check plugin thirdparty
2026-08-27 16:01:19,406 [INFO] PluginManage:359 - Loaded plugin thirdparty (category:base,tabindex:-1)
2026-08-27 16:01:19,406 [INFO] PluginManage:310 - Check plugin tools
2026-08-27 16:01:19,406 [WARN] IntegrityCheckThread:84 - waiting for thirdparty lock release [integrity check]
2026-08-27 16:01:19,406 [INFO] IntegrityCheckThread:86 - entering critical section [integrity check]
2026-08-27 16:01:19,406 [INFO] ThirdPartyUpdaterWithRetryManager:70 - Updater plugin not ready yet. [1/15]
2026-08-27 16:01:19,406 [INFO] PluginManage:359 - Loaded plugin tools (category:base,tabindex:7)
2026-08-27 16:01:19,406 [INFO] PluginManage:310 - Check plugin tutovideos
2026-08-27 16:01:19,566 [INFO] PluginManage:359 - Loaded plugin tutovideos (category:base,tabindex:-1)
2026-08-27 16:01:19,566 [INFO] PluginManage:310 - Check plugin updater
2026-08-27 16:01:19,588 [INFO] PluginManage:359 - Loaded plugin updater (category:base,tabindex:12)
2026-08-27 16:01:19,588 [INFO] PluginManage:310 - Check plugin userauth
2026-08-27 16:01:19,590 [INFO] UserAuth:118 - Init User Auth plugin
2026-08-27 16:01:19,592 [INFO] PluginManage:359 - Loaded plugin userauth (category:base,tabindex:14)
2026-08-27 16:01:19,594 [INFO] PluginManage:283 - PluginManage : Loaded plugins [18]
2026-08-27 16:01:19,781 [INFO] PinOutPanel:1589 - setPackage(No Configuration,No Configuration)
2026-08-27 16:01:19,850 [INFO] CADModel:165 - CPN selected for project level
2026-08-27 16:01:19,850 [INFO] CADModel:114 - Register for checkConnection events
2026-08-27 16:01:19,861 [INFO] IPUIPlugin:80 - create IPUIPlugin
2026-08-27 16:01:19,861 [INFO] PluginManager:220 - loadIPPluginJar : add adc
2026-08-27 16:01:19,864 [INFO] IPUIPlugin:80 - create IPUIPlugin
2026-08-27 16:01:19,864 [INFO] PluginManager:220 - loadIPPluginJar : add aes
2026-08-27 16:01:19,866 [INFO] IPUIPlugin:80 - create IPUIPlugin
2026-08-27 16:01:19,866 [INFO] PluginManager:220 - loadIPPluginJar : add can
2026-08-27 16:01:19,868 [INFO] IPUIPlugin:80 - create IPUIPlugin
2026-08-27 16:01:19,868 [INFO] PluginManager:220 - loadIPPluginJar : add comp
2026-08-27 16:01:19,868 [INFO] IPUIPlugin:80 - create IPUIPlugin
2026-08-27 16:01:19,868 [INFO] PluginManager:220 - loadIPPluginJar : add cryp
2026-08-27 16:01:19,870 [INFO] IPUIPlugin:80 - create IPUIPlugin
2026-08-27 16:01:19,870 [INFO] PluginManager:220 - loadIPPluginJar : add ddr_ctrl_phy
2026-08-27 16:01:19,872 [INFO] IPUIPlugin:80 - create IPUIPlugin
2026-08-27 16:01:19,872 [INFO] PluginManager:220 - loadIPPluginJar : add dfsdm
2026-08-27 16:01:19,877 [INFO] IPUIPlugin:80 - create IPUIPlugin
2026-08-27 16:01:19,877 [INFO] PluginManager:220 - loadIPPluginJar : add dma
2026-08-27 16:01:19,879 [INFO] IPUIPlugin:80 - create IPUIPlugin
2026-08-27 16:01:19,879 [INFO] PluginManager:220 - loadIPPluginJar : add dma3
2026-08-27 16:01:19,879 [INFO] IPUIPlugin:80 - create IPUIPlugin
2026-08-27 16:01:19,879 [INFO] PluginManager:220 - loadIPPluginJar : add extmemmanager
2026-08-27 16:01:19,883 [INFO] IPUIPlugin:80 - create IPUIPlugin
2026-08-27 16:01:19,883 [INFO] PluginManager:220 - loadIPPluginJar : add fatfs
2026-08-27 16:01:19,886 [INFO] IPUIPlugin:80 - create IPUIPlugin
2026-08-27 16:01:19,886 [INFO] PluginManager:220 - loadIPPluginJar : add fmc
2026-08-27 16:01:19,888 [INFO] IPUIPlugin:80 - create IPUIPlugin
2026-08-27 16:01:19,888 [INFO] PluginManager:220 - loadIPPluginJar : add freertos
2026-08-27 16:01:19,893 [INFO] IPUIPlugin:80 - create IPUIPlugin
2026-08-27 16:01:19,893 [INFO] PluginManager:220 - loadIPPluginJar : add genericplugin
2026-08-27 16:01:19,894 [INFO] IPUIPlugin:80 - create IPUIPlugin
2026-08-27 16:01:19,894 [INFO] PluginManager:220 - loadIPPluginJar : add gfxmmu
2026-08-27 16:01:19,898 [INFO] IPUIPlugin:80 - create IPUIPlugin
2026-08-27 16:01:19,898 [INFO] PluginManager:220 - loadIPPluginJar : add gic
2026-08-27 16:01:19,900 [INFO] IPUIPlugin:80 - create IPUIPlugin
2026-08-27 16:01:19,900 [INFO] PluginManager:220 - loadIPPluginJar : add gpio
2026-08-27 16:01:19,902 [INFO] IPUIPlugin:80 - create IPUIPlugin
2026-08-27 16:01:19,902 [INFO] PluginManager:220 - loadIPPluginJar : add gtzc
2026-08-27 16:01:19,904 [INFO] IPUIPlugin:80 - create IPUIPlugin
2026-08-27 16:01:19,904 [INFO] PluginManager:220 - loadIPPluginJar : add hash
2026-08-27 16:01:19,904 [INFO] IPUIPlugin:80 - create IPUIPlugin
2026-08-27 16:01:19,904 [INFO] PluginManager:220 - loadIPPluginJar : add i2c
2026-08-27 16:01:19,907 [INFO] IPUIPlugin:80 - create IPUIPlugin
2026-08-27 16:01:19,907 [INFO] PluginManager:220 - loadIPPluginJar : add i2s
2026-08-27 16:01:19,908 [INFO] IPUIPlugin:80 - create IPUIPlugin
2026-08-27 16:01:19,908 [INFO] PluginManager:220 - loadIPPluginJar : add i3c
2026-08-27 16:01:19,911 [INFO] IPUIPlugin:80 - create IPUIPlugin
2026-08-27 16:01:19,911 [INFO] PluginManager:220 - loadIPPluginJar : add ipddr
2026-08-27 16:01:19,916 [INFO] IPUIPlugin:80 - create IPUIPlugin
2026-08-27 16:01:19,916 [INFO] PluginManager:220 - loadIPPluginJar : add linkedlist
2026-08-27 16:01:19,918 [INFO] IPUIPlugin:80 - create IPUIPlugin
2026-08-27 16:01:19,918 [INFO] PluginManager:220 - loadIPPluginJar : add lorawan
2026-08-27 16:01:19,918 [INFO] IPUIPlugin:80 - create IPUIPlugin
2026-08-27 16:01:19,918 [INFO] PluginManager:220 - loadIPPluginJar : add ltdc
2026-08-27 16:01:19,924 [INFO] IPUIPlugin:80 - create IPUIPlugin
2026-08-27 16:01:19,924 [INFO] PluginManager:220 - loadIPPluginJar : add mdma
2026-08-27 16:01:19,926 [INFO] IPUIPlugin:80 - create IPUIPlugin
2026-08-27 16:01:19,926 [INFO] PluginManager:220 - loadIPPluginJar : add nvic
2026-08-27 16:01:19,926 [INFO] IPUIPlugin:80 - create IPUIPlugin
2026-08-27 16:01:19,926 [INFO] PluginManager:220 - loadIPPluginJar : add opamp
2026-08-27 16:01:19,926 [INFO] IPUIPlugin:80 - create IPUIPlugin
2026-08-27 16:01:19,926 [INFO] PluginManager:220 - loadIPPluginJar : add openamp
2026-08-27 16:01:19,932 [INFO] IPUIPlugin:80 - create IPUIPlugin
2026-08-27 16:01:19,932 [INFO] PluginManager:220 - loadIPPluginJar : add pdm2pcm
2026-08-27 16:01:19,936 [INFO] IPUIPlugin:80 - create IPUIPlugin
2026-08-27 16:01:19,938 [INFO] PluginManager:220 - loadIPPluginJar : add plateformsettings
2026-08-27 16:01:19,938 [INFO] IPUIPlugin:80 - create IPUIPlugin
2026-08-27 16:01:19,938 [INFO] PluginManager:220 - loadIPPluginJar : add quadspi
2026-08-27 16:01:19,940 [INFO] IPUIPlugin:80 - create IPUIPlugin
2026-08-27 16:01:19,940 [INFO] PluginManager:220 - loadIPPluginJar : add radio
2026-08-27 16:01:19,940 [INFO] IPUIPlugin:80 - create IPUIPlugin
2026-08-27 16:01:19,940 [INFO] PluginManager:220 - loadIPPluginJar : add resmgrutility
2026-08-27 16:01:19,944 [INFO] IPUIPlugin:80 - create IPUIPlugin
2026-08-27 16:01:19,944 [INFO] PluginManager:220 - loadIPPluginJar : add sai
2026-08-27 16:01:19,944 [INFO] IPUIPlugin:80 - create IPUIPlugin
2026-08-27 16:01:19,944 [INFO] PluginManager:220 - loadIPPluginJar : add spi
2026-08-27 16:01:19,951 [INFO] IPUIPlugin:80 - create IPUIPlugin
2026-08-27 16:01:19,951 [INFO] PluginManager:220 - loadIPPluginJar : add stm32_wpan
2026-08-27 16:01:19,951 [INFO] IPUIPlugin:80 - create IPUIPlugin
2026-08-27 16:01:19,951 [INFO] PluginManager:220 - loadIPPluginJar : add tim
2026-08-27 16:01:19,956 [INFO] IPUIPlugin:80 - create IPUIPlugin
2026-08-27 16:01:19,956 [INFO] PluginManager:220 - loadIPPluginJar : add touchsensing
2026-08-27 16:01:19,958 [INFO] IPUIPlugin:80 - create IPUIPlugin
2026-08-27 16:01:19,958 [INFO] PluginManager:220 - loadIPPluginJar : add tracer_emb
2026-08-27 16:01:19,958 [INFO] IPUIPlugin:80 - create IPUIPlugin
2026-08-27 16:01:19,958 [INFO] PluginManager:220 - loadIPPluginJar : add ts
2026-08-27 16:01:19,958 [INFO] IPUIPlugin:80 - create IPUIPlugin
2026-08-27 16:01:19,958 [INFO] PluginManager:220 - loadIPPluginJar : add tsc
2026-08-27 16:01:19,958 [INFO] IPUIPlugin:80 - create IPUIPlugin
2026-08-27 16:01:19,958 [INFO] PluginManager:220 - loadIPPluginJar : add ucpd
2026-08-27 16:01:19,958 [INFO] IPUIPlugin:80 - create IPUIPlugin
2026-08-27 16:01:19,958 [INFO] PluginManager:220 - loadIPPluginJar : add usart
2026-08-27 16:01:19,964 [INFO] IPUIPlugin:80 - create IPUIPlugin
2026-08-27 16:01:19,966 [INFO] PluginManager:220 - loadIPPluginJar : add usbx
2026-08-27 16:01:20,098 [FATAL] Updater:351 - Updater called before beeing initialized
2026-08-27 16:01:20,117 [INFO] RulesReader:64 - Compatibility file has been processed (317 Rules)
2026-08-27 16:01:20,124 [INFO] RulesReader:64 - Compatibility file has been processed (317 Rules)
2026-08-27 16:01:20,134 [INFO] CADModel:165 - CPN selected for project level
2026-08-27 16:01:20,134 [INFO] CADModel:114 - Register for checkConnection events
2026-08-27 16:01:20,134 [FATAL] Updater:351 - Updater called before beeing initialized
2026-08-27 16:01:20,134 [ERROR] CADModel:125 - Updater not yet initialized, retry later 
2026-08-27 16:01:20,234 [FATAL] Updater:351 - Updater called before beeing initialized
2026-08-27 16:01:20,236 [INFO] CADModel:165 - CPN selected for project level
2026-08-27 16:01:20,236 [INFO] CADModel:114 - Register for checkConnection events
2026-08-27 16:01:20,236 [FATAL] Updater:351 - Updater called before beeing initialized
2026-08-27 16:01:20,236 [ERROR] CADModel:125 - Updater not yet initialized, retry later 
2026-08-27 16:01:20,236 [FATAL] Updater:351 - Updater called before beeing initialized
2026-08-27 16:01:20,317 [FATAL] Updater:351 - Updater called before beeing initialized
2026-08-27 16:01:20,322 [INFO] DbMcusAds:53 - JSON generation date=Thu Sep 30 12:25:09 IST 2021 (1632984909247)
2026-08-27 16:01:20,322 [FATAL] Updater:351 - Updater called before beeing initialized
2026-08-27 16:01:20,401 [WARN] DetailPanel:346 - Failed to get advertising image, set to default
2026-08-27 16:01:20,472 [FATAL] Updater:351 - Updater called before beeing initialized
2026-08-27 16:01:20,474 [FATAL] Updater:351 - Updater called before beeing initialized
2026-08-27 16:01:20,474 [FATAL] Updater:351 - Updater called before beeing initialized
2026-08-27 16:01:20,474 [WARN] DetailPanel:346 - Failed to get advertising image, set to default
2026-08-27 16:01:20,474 [FATAL] Updater:351 - Updater called before beeing initialized
2026-08-27 16:01:20,508 [ERROR] Updater:1198 - MainUpdater not yet initialized. External WinMGr cannot be set.
2026-08-27 16:01:20,510 [INFO] Updater:1134 - Updater Version found : 6.15.0
2026-08-27 16:01:20,514 [INFO] ApplicationProperties:184 - Using Application install path: C:\ST\STM32CubeIDE_1.19.0\STM32CubeIDE\plugins\com.st.stm32cube.common.mx_6.15.0.202507011659
2026-08-27 16:01:22,118 [ERROR] LogOutputStream:75 - [STDERR_REDIRECT] Aug 27, 2026 4:01:22 PM java.util.prefs.WindowsPreferences <init>
2026-08-27 16:01:22,120 [ERROR] LogOutputStream:75 - [STDERR_REDIRECT] WARNING: Could not open/create prefs root node Software\JavaSoft\Prefs at root 0xffffffff80000002. Windows RegCreateKeyEx(...) returned error code 5.
2026-08-27 16:01:22,120 [ERROR] LogOutputStream:75 - [STDERR_REDIRECT] 
2026-08-27 16:01:22,130 [INFO] MainUpdater:525 - Copy updater definitions from MX database
2026-08-27 16:01:22,162 [INFO] MainUpdater:558 - Copy flag file definitions from MX database
2026-08-27 16:01:22,164 [INFO] MainUpdater:574 - Copy thirdparty index definitions from MX database
2026-08-27 16:01:22,164 [INFO] MainUpdater:593 - Copy default thirdparty db definitions from MX database
2026-08-27 16:01:22,408 [INFO] MainUpdater:2872 - connection check result : 10
2026-08-27 16:01:22,412 [INFO] MainUpdater:3604 - Updater definition file requires update
2026-08-27 16:01:22,412 [INFO] MainUpdater:289 - Updater Check For Update Now.
2026-08-27 16:01:22,412 [INFO] MicroXplorer:498 - Change Database Version : DB.6.0.150
2026-08-27 16:01:22,416 [INFO] McuFinderGlobals:63 - Set McuFinder mode to 2 (CubeIDE integrated)
2026-08-27 16:01:22,416 [INFO] UserAuth:171 - activating auth plugin
2026-08-27 16:01:22,418 [INFO] UserAuth:487 - Internet connection configuration mode: 1
2026-08-27 16:01:22,429 [WARN] MainUpdater:1193 - Updater busy. Cannot search thirdparties
2026-08-27 16:01:22,429 [INFO] ThirdPartyUpdaterWithRetryManager:96 - Updater plugin is busy. [1/15]
2026-08-27 16:01:22,429 [INFO] JxBrowserEngine:152 - Initiate JxBrowser Engine with user profile folder
2026-08-27 16:01:22,591 [INFO] ServerAccessManage:452 - Complete download http(s) 200
2026-08-27 16:01:22,591 [INFO] ServerAccessManage:509 - Download File updaters.zip
2026-08-27 16:01:23,321 [INFO] FileExtend:248 - Unzip File : updaters.zip
2026-08-27 16:01:23,321 [INFO] FileExtend:263 - Standard Zip Deflate
2026-08-27 16:01:23,716 [INFO] ServerAccessManage:452 - Complete download http(s) 200
2026-08-27 16:01:23,716 [INFO] ServerAccessManage:509 - Download File PacksControlFlags.xml
2026-08-27 16:01:23,920 [INFO] ServerAccessManage:452 - Complete download http(s) 200
2026-08-27 16:01:23,920 [INFO] ServerAccessManage:509 - Download File cubemx.pidx
2026-08-27 16:01:24,069 [INFO] ServerAccessManage:452 - Complete download http(s) 200
2026-08-27 16:01:24,069 [INFO] ServerAccessManage:509 - Download File STMicroelectronics.FP-ATR-ASTRA1.pdsc
2026-08-27 16:01:24,555 [INFO] ServerAccessManage:452 - Complete download http(s) 200
2026-08-27 16:01:24,555 [INFO] ServerAccessManage:509 - Download File STMicroelectronics.FP-ATR-SIGFOX1.pdsc
2026-08-27 16:01:24,731 [INFO] ServerAccessManage:452 - Complete download http(s) 200
2026-08-27 16:01:24,731 [INFO] ServerAccessManage:509 - Download File STMicroelectronics.FP-SNS-STBOX1.pdsc
2026-08-27 16:01:25,007 [INFO] ServerAccessManage:452 - Complete download http(s) 200
2026-08-27 16:01:25,007 [INFO] ServerAccessManage:509 - Download File STMicroelectronics.FP-SNS-FLIGHT1.pdsc
2026-08-27 16:01:25,361 [INFO] ServerAccessManage:452 - Complete download http(s) 200
2026-08-27 16:01:25,361 [INFO] ServerAccessManage:509 - Download File STMicroelectronics.FP-SNS-MOTENV1.pdsc
2026-08-27 16:01:25,437 [WARN] MainUpdater:1193 - Updater busy. Cannot search thirdparties
2026-08-27 16:01:25,437 [INFO] ThirdPartyUpdaterWithRetryManager:96 - Updater plugin is busy. [2/15]
2026-08-27 16:01:25,778 [INFO] ServerAccessManage:452 - Complete download http(s) 200
2026-08-27 16:01:25,778 [INFO] ServerAccessManage:509 - Download File STMicroelectronics.FP-SNS-MOTENVWB1.pdsc
2026-08-27 16:01:26,139 [INFO] ServerAccessManage:452 - Complete download http(s) 200
2026-08-27 16:01:26,139 [INFO] ServerAccessManage:509 - Download File STMicroelectronics.FP-SNS-SMARTAG2.pdsc
2026-08-27 16:01:26,311 [INFO] ServerAccessManage:452 - Complete download http(s) 200
2026-08-27 16:01:26,311 [INFO] ServerAccessManage:509 - Download File STMicroelectronics.FP-SNS-STAIOTCFT.pdsc
2026-08-27 16:01:26,545 [INFO] ServerAccessManage:452 - Complete download http(s) 200
2026-08-27 16:01:26,545 [INFO] ServerAccessManage:509 - Download File STMicroelectronics.X-CUBE-AI.pdsc
2026-08-27 16:01:26,800 [INFO] WebApp:169 - Instantiating new browser for Auth
2026-08-27 16:01:27,367 [INFO] WebApp:463 - Apply proxy settings
2026-08-27 16:01:27,367 [INFO] WebApp:548 - Chromium requires no authentication
2026-08-27 16:01:27,381 [INFO] WebApp:491 - Direct internet connection detected
2026-08-27 16:01:27,396 [INFO] WebApp:900 - Register for checkConnection events
2026-08-27 16:01:27,396 [INFO] WebApp:463 - Apply proxy settings
2026-08-27 16:01:27,396 [INFO] WebApp:548 - Chromium requires no authentication
2026-08-27 16:01:27,396 [INFO] WebApp:491 - Direct internet connection detected
2026-08-27 16:01:27,555 [INFO] WebApp:225 - Starting web application
2026-08-27 16:01:27,555 [INFO] WebApp:593 - Web application path used C:\ST\STM32CubeIDE_1.19.0\STM32CubeIDE\plugins\com.st.stm32cube.common.mx_6.15.0.202507011659\db\plugins\mcufinder\reactClient1\index.html
2026-08-27 16:01:27,843 [INFO] WebApp:191 - Connection restablished
2026-08-27 16:01:28,087 [ERROR] LogOutputStream:75 - [STDERR_REDIRECT] [Fatal Error] :1:1: Premature end of file.
2026-08-27 16:01:28,087 [ERROR] LogOutputStream:75 - [STDERR_REDIRECT] 
2026-08-27 16:01:28,090 [INFO] ServerAccessManage:452 - Complete download http(s) 200
2026-08-27 16:01:28,090 [INFO] ServerAccessManage:509 - Download File STMicroelectronics.X-CUBE-ALS.pdsc
2026-08-27 16:01:28,441 [WARN] MainUpdater:1193 - Updater busy. Cannot search thirdparties
2026-08-27 16:01:28,441 [INFO] ThirdPartyUpdaterWithRetryManager:96 - Updater plugin is busy. [3/15]
2026-08-27 16:01:28,644 [INFO] ServerAccessManage:452 - Complete download http(s) 200
2026-08-27 16:01:28,645 [INFO] ServerAccessManage:509 - Download File STMicroelectronics.X-CUBE-BLE1.pdsc
2026-08-27 16:01:29,021 [ERROR] LogOutputStream:75 - [STDERR_REDIRECT] [Fatal Error] :1:1: Premature end of file.
2026-08-27 16:01:29,021 [ERROR] LogOutputStream:75 - [STDERR_REDIRECT] 
2026-08-27 16:01:30,014 [ERROR] LogOutputStream:75 - [STDERR_REDIRECT] [Fatal Error] :1:1: Premature end of file.
2026-08-27 16:01:30,015 [ERROR] LogOutputStream:75 - [STDERR_REDIRECT] 
2026-08-27 16:01:30,583 [ERROR] ServerAccessManage:1212 - Problem, file not found on Server
2026-08-27 16:01:30,683 [INFO] ServerAccessManage:452 - Complete download http(s) 200
2026-08-27 16:01:30,683 [INFO] ServerAccessManage:509 - Download File STMicroelectronics.X-CUBE-BLE2.pdsc
2026-08-27 16:01:31,020 [ERROR] LogOutputStream:75 - [STDERR_REDIRECT] [Fatal Error] :1:1: Premature end of file.
2026-08-27 16:01:31,021 [ERROR] LogOutputStream:75 - [STDERR_REDIRECT] 
2026-08-27 16:01:31,309 [INFO] ServerAccessManage:452 - Complete download http(s) 200
2026-08-27 16:01:31,309 [INFO] ServerAccessManage:509 - Download File STMicroelectronics.X-CUBE-BLEMGR.pdsc
2026-08-27 16:01:31,444 [WARN] MainUpdater:1193 - Updater busy. Cannot search thirdparties
2026-08-27 16:01:31,444 [INFO] ThirdPartyUpdaterWithRetryManager:96 - Updater plugin is busy. [4/15]
2026-08-27 16:01:32,025 [ERROR] LogOutputStream:75 - [STDERR_REDIRECT] [Fatal Error] :1:1: Premature end of file.
2026-08-27 16:01:32,025 [ERROR] LogOutputStream:75 - [STDERR_REDIRECT] 
2026-08-27 16:01:32,053 [ERROR] ServerAccessManage:1212 - Problem, file not found on Server
2026-08-27 16:01:32,629 [INFO] ServerAccessManage:452 - Complete download http(s) 200
2026-08-27 16:01:32,629 [INFO] ServerAccessManage:509 - Download File STMicroelectronics.X-CUBE-DISPLAY.pdsc
2026-08-27 16:01:33,018 [ERROR] LogOutputStream:75 - [STDERR_REDIRECT] [Fatal Error] :1:1: Premature end of file.
2026-08-27 16:01:33,018 [ERROR] LogOutputStream:75 - [STDERR_REDIRECT] 
2026-08-27 16:01:33,183 [INFO] ServerAccessManage:452 - Complete download http(s) 200
2026-08-27 16:01:33,183 [INFO] ServerAccessManage:509 - Download File STMicroelectronics.X-CUBE-DPOWER.pdsc
2026-08-27 16:01:33,615 [ERROR] ServerAccessManage:1212 - Problem, file not found on Server
2026-08-27 16:01:33,857 [ERROR] ServerAccessManage:1212 - Problem, file not found on Server
2026-08-27 16:01:34,015 [ERROR] LogOutputStream:75 - [STDERR_REDIRECT] [Fatal Error] :1:1: Premature end of file.
2026-08-27 16:01:34,015 [ERROR] LogOutputStream:75 - [STDERR_REDIRECT] 
2026-08-27 16:01:34,431 [ERROR] ServerAccessManage:1212 - Problem, file not found on Server
2026-08-27 16:01:34,447 [WARN] MainUpdater:1193 - Updater busy. Cannot search thirdparties
2026-08-27 16:01:34,447 [INFO] ThirdPartyUpdaterWithRetryManager:96 - Updater plugin is busy. [5/15]
2026-08-27 16:01:35,013 [ERROR] LogOutputStream:75 - [STDERR_REDIRECT] [Fatal Error] :1:1: Premature end of file.
2026-08-27 16:01:35,013 [ERROR] LogOutputStream:75 - [STDERR_REDIRECT] 
2026-08-27 16:01:35,029 [ERROR] ServerAccessManage:1212 - Problem, file not found on Server
2026-08-27 16:01:35,591 [ERROR] ServerAccessManage:1212 - Problem, file not found on Server
2026-08-27 16:01:36,015 [ERROR] LogOutputStream:75 - [STDERR_REDIRECT] [Fatal Error] :1:1: Premature end of file.
2026-08-27 16:01:36,015 [ERROR] LogOutputStream:75 - [STDERR_REDIRECT] 
2026-08-27 16:01:36,164 [ERROR] ServerAccessManage:1212 - Problem, file not found on Server
2026-08-27 16:01:36,695 [ERROR] ServerAccessManage:1212 - Problem, file not found on Server
2026-08-27 16:01:37,027 [ERROR] LogOutputStream:75 - [STDERR_REDIRECT] [Fatal Error] :1:1: Premature end of file.
2026-08-27 16:01:37,027 [ERROR] LogOutputStream:75 - [STDERR_REDIRECT] 
2026-08-27 16:01:37,226 [ERROR] ServerAccessManage:1212 - Problem, file not found on Server
2026-08-27 16:01:37,453 [WARN] MainUpdater:1193 - Updater busy. Cannot search thirdparties
2026-08-27 16:01:37,453 [INFO] ThirdPartyUpdaterWithRetryManager:96 - Updater plugin is busy. [6/15]
2026-08-27 16:01:37,453 [ERROR] ServerAccessManage:1212 - Problem, file not found on Server
2026-08-27 16:01:37,989 [ERROR] ServerAccessManage:1212 - Problem, file not found on Server
2026-08-27 16:01:38,021 [ERROR] LogOutputStream:75 - [STDERR_REDIRECT] [Fatal Error] :1:1: Premature end of file.
2026-08-27 16:01:38,021 [ERROR] LogOutputStream:75 - [STDERR_REDIRECT] 
2026-08-27 16:01:38,585 [ERROR] ServerAccessManage:1212 - Problem, file not found on Server
2026-08-27 16:01:38,681 [INFO] ServerAccessManage:452 - Complete download http(s) 200
2026-08-27 16:01:38,682 [INFO] ServerAccessManage:509 - Download File STMicroelectronics.X-CUBE-EEPRMA1.pdsc
2026-08-27 16:01:39,014 [ERROR] LogOutputStream:75 - [STDERR_REDIRECT] [Fatal Error] :1:1: Premature end of file.
2026-08-27 16:01:39,014 [ERROR] LogOutputStream:75 - [STDERR_REDIRECT] 
2026-08-27 16:01:39,089 [ERROR] ServerAccessManage:1212 - Problem, file not found on Server
2026-08-27 16:01:39,470 [ERROR] ServerAccessManage:1212 - Problem, file not found on Server
2026-08-27 16:01:39,775 [INFO] ServerAccessManage:452 - Complete download http(s) 200
2026-08-27 16:01:39,775 [INFO] ServerAccessManage:509 - Download File STMicroelectronics.X-CUBE-FREERTOS.pdsc
2026-08-27 16:01:40,021 [ERROR] LogOutputStream:75 - [STDERR_REDIRECT] [Fatal Error] :1:1: Premature end of file.
2026-08-27 16:01:40,021 [ERROR] LogOutputStream:75 - [STDERR_REDIRECT] 
2026-08-27 16:01:40,456 [WARN] MainUpdater:1193 - Updater busy. Cannot search thirdparties
2026-08-27 16:01:40,456 [INFO] ThirdPartyUpdaterWithRetryManager:96 - Updater plugin is busy. [7/15]
2026-08-27 16:01:40,496 [INFO] ServerAccessManage:452 - Complete download http(s) 200
2026-08-27 16:01:40,496 [INFO] ServerAccessManage:509 - Download File STMicroelectronics.X-CUBE-GNSS1.pdsc
2026-08-27 16:01:41,028 [ERROR] LogOutputStream:75 - [STDERR_REDIRECT] [Fatal Error] :1:1: Premature end of file.
2026-08-27 16:01:41,028 [ERROR] LogOutputStream:75 - [STDERR_REDIRECT] 
2026-08-27 16:01:41,553 [ERROR] ServerAccessManage:1212 - Problem, file not found on Server
2026-08-27 16:01:41,861 [ERROR] ServerAccessManage:1212 - Problem, file not found on Server
2026-08-27 16:01:42,014 [ERROR] LogOutputStream:75 - [STDERR_REDIRECT] [Fatal Error] :1:1: Premature end of file.
2026-08-27 16:01:42,014 [ERROR] LogOutputStream:75 - [STDERR_REDIRECT] 
2026-08-27 16:01:42,164 [ERROR] ServerAccessManage:1212 - Problem, file not found on Server
2026-08-27 16:01:42,413 [ERROR] ServerAccessManage:1212 - Problem, file not found on Server
2026-08-27 16:01:42,654 [ERROR] ServerAccessManage:1212 - Problem, file not found on Server
2026-08-27 16:01:42,910 [ERROR] ServerAccessManage:1212 - Problem, file not found on Server
2026-08-27 16:01:42,996 [INFO] ServerAccessManage:452 - Complete download http(s) 200
2026-08-27 16:01:42,997 [INFO] ServerAccessManage:509 - Download File STMicroelectronics.X-CUBE-ISPU.pdsc
2026-08-27 16:01:43,023 [ERROR] LogOutputStream:75 - [STDERR_REDIRECT] [Fatal Error] :1:1: Premature end of file.
2026-08-27 16:01:43,023 [ERROR] LogOutputStream:75 - [STDERR_REDIRECT] 
2026-08-27 16:01:43,385 [INFO] ServerAccessManage:452 - Complete download http(s) 200
2026-08-27 16:01:43,385 [INFO] ServerAccessManage:509 - Download File STMicroelectronics.X-CUBE-IPS.pdsc
2026-08-27 16:01:43,461 [WARN] MainUpdater:1193 - Updater busy. Cannot search thirdparties
2026-08-27 16:01:43,461 [INFO] ThirdPartyUpdaterWithRetryManager:96 - Updater plugin is busy. [8/15]
2026-08-27 16:01:43,879 [INFO] ServerAccessManage:452 - Complete download http(s) 200
2026-08-27 16:01:43,879 [INFO] ServerAccessManage:509 - Download File STMicroelectronics.X-CUBE-MEMS1.pdsc
2026-08-27 16:01:44,022 [ERROR] LogOutputStream:75 - [STDERR_REDIRECT] [Fatal Error] :1:1: Premature end of file.
2026-08-27 16:01:44,023 [ERROR] LogOutputStream:75 - [STDERR_REDIRECT] 
2026-08-27 16:01:45,005 [ERROR] LogOutputStream:75 - [STDERR_REDIRECT] [Fatal Error] :1:1: Premature end of file.
2026-08-27 16:01:45,021 [ERROR] LogOutputStream:75 - [STDERR_REDIRECT] 
2026-08-27 16:01:46,013 [ERROR] LogOutputStream:75 - [STDERR_REDIRECT] [Fatal Error] :1:1: Premature end of file.
2026-08-27 16:01:46,013 [ERROR] LogOutputStream:75 - [STDERR_REDIRECT] 
2026-08-27 16:01:46,470 [WARN] MainUpdater:1193 - Updater busy. Cannot search thirdparties
2026-08-27 16:01:46,470 [INFO] ThirdPartyUpdaterWithRetryManager:96 - Updater plugin is busy. [9/15]
2026-08-27 16:01:46,665 [INFO] ServerAccessManage:452 - Complete download http(s) 200
2026-08-27 16:01:46,665 [INFO] ServerAccessManage:509 - Download File STMicroelectronics.X-CUBE-NFC4.pdsc
2026-08-27 16:01:47,019 [ERROR] LogOutputStream:75 - [STDERR_REDIRECT] [Fatal Error] :1:1: Premature end of file.
2026-08-27 16:01:47,019 [ERROR] LogOutputStream:75 - [STDERR_REDIRECT] 
2026-08-27 16:01:47,645 [INFO] ServerAccessManage:452 - Complete download http(s) 200
2026-08-27 16:01:47,645 [INFO] ServerAccessManage:509 - Download File STMicroelectronics.X-CUBE-NFC6.pdsc
2026-08-27 16:01:47,988 [INFO] ServerAccessManage:452 - Complete download http(s) 200
2026-08-27 16:01:47,988 [INFO] ServerAccessManage:509 - Download File STMicroelectronics.X-CUBE-NFC7.pdsc
2026-08-27 16:01:48,019 [ERROR] LogOutputStream:75 - [STDERR_REDIRECT] [Fatal Error] :1:1: Premature end of file.
2026-08-27 16:01:48,019 [ERROR] LogOutputStream:75 - [STDERR_REDIRECT] 
2026-08-27 16:01:48,290 [INFO] ServerAccessManage:452 - Complete download http(s) 200
2026-08-27 16:01:48,290 [INFO] ServerAccessManage:509 - Download File STMicroelectronics.X-CUBE-NFC9.pdsc
2026-08-27 16:01:48,474 [INFO] ServerAccessManage:452 - Complete download http(s) 200
2026-08-27 16:01:48,474 [INFO] ServerAccessManage:509 - Download File STMicroelectronics.X-CUBE-NFC10.pdsc
2026-08-27 16:01:48,662 [INFO] ServerAccessManage:452 - Complete download http(s) 200
2026-08-27 16:01:48,662 [INFO] ServerAccessManage:509 - Download File STMicroelectronics.X-CUBE-NFC12.pdsc
2026-08-27 16:01:48,855 [INFO] ServerAccessManage:452 - Complete download http(s) 200
2026-08-27 16:01:48,855 [INFO] ServerAccessManage:509 - Download File STMicroelectronics.X-CUBE-NFC13.pdsc
2026-08-27 16:01:49,014 [ERROR] LogOutputStream:75 - [STDERR_REDIRECT] [Fatal Error] :1:1: Premature end of file.
2026-08-27 16:01:49,014 [ERROR] LogOutputStream:75 - [STDERR_REDIRECT] 
2026-08-27 16:01:49,048 [INFO] ServerAccessManage:452 - Complete download http(s) 200
2026-08-27 16:01:49,048 [INFO] ServerAccessManage:509 - Download File STMicroelectronics.X-CUBE-SFXS2LP1.pdsc
2026-08-27 16:01:49,445 [INFO] ServerAccessManage:452 - Complete download http(s) 200
2026-08-27 16:01:49,445 [INFO] ServerAccessManage:509 - Download File STMicroelectronics.X-CUBE-SUBG2.pdsc
2026-08-27 16:01:49,476 [WARN] MainUpdater:1193 - Updater busy. Cannot search thirdparties
2026-08-27 16:01:49,476 [INFO] ThirdPartyUpdaterWithRetryManager:96 - Updater plugin is busy. [10/15]
2026-08-27 16:01:50,011 [ERROR] LogOutputStream:75 - [STDERR_REDIRECT] [Fatal Error] :1:1: Premature end of file.
2026-08-27 16:01:50,011 [ERROR] LogOutputStream:75 - [STDERR_REDIRECT] 
2026-08-27 16:01:50,309 [INFO] ServerAccessManage:452 - Complete download http(s) 200
2026-08-27 16:01:50,309 [INFO] ServerAccessManage:509 - Download File STMicroelectronics.X-CUBE-SMBUS.pdsc
2026-08-27 16:01:51,013 [ERROR] LogOutputStream:75 - [STDERR_REDIRECT] [Fatal Error] :1:1: Premature end of file.
2026-08-27 16:01:51,013 [ERROR] LogOutputStream:75 - [STDERR_REDIRECT] 
2026-08-27 16:01:51,044 [ERROR] ServerAccessManage:1212 - Problem, file not found on Server
2026-08-27 16:01:51,140 [INFO] ServerAccessManage:452 - Complete download http(s) 200
2026-08-27 16:01:51,140 [INFO] ServerAccessManage:509 - Download File STMicroelectronics.X-CUBE-ST60.pdsc
2026-08-27 16:01:51,381 [INFO] ServerAccessManage:452 - Complete download http(s) 200
2026-08-27 16:01:51,381 [INFO] ServerAccessManage:509 - Download File STMicroelectronics.X-CUBE-ST67W61.pdsc
2026-08-27 16:01:51,632 [INFO] ServerAccessManage:452 - Complete download http(s) 200
2026-08-27 16:01:51,632 [INFO] ServerAccessManage:509 - Download File STMicroelectronics.X-CUBE-STSE01.pdsc
2026-08-27 16:01:51,945 [INFO] ServerAccessManage:452 - Complete download http(s) 200
2026-08-27 16:01:51,945 [INFO] ServerAccessManage:509 - Download File STMicroelectronics.X-CUBE-PM33A1.pdsc
2026-08-27 16:01:52,008 [ERROR] LogOutputStream:75 - [STDERR_REDIRECT] [Fatal Error] :1:1: Premature end of file.
2026-08-27 16:01:52,008 [ERROR] LogOutputStream:75 - [STDERR_REDIRECT] 
2026-08-27 16:01:52,103 [INFO] ServerAccessManage:452 - Complete download http(s) 200
2026-08-27 16:01:52,103 [INFO] ServerAccessManage:509 - Download File STMicroelectronics.X-CUBE-TCPP.pdsc
2026-08-27 16:01:52,386 [INFO] ServerAccessManage:452 - Complete download http(s) 200
2026-08-27 16:01:52,386 [INFO] ServerAccessManage:509 - Download File STMicroelectronics.X-CUBE-TOF1.pdsc
2026-08-27 16:01:52,479 [WARN] MainUpdater:1193 - Updater busy. Cannot search thirdparties
2026-08-27 16:01:52,479 [INFO] ThirdPartyUpdaterWithRetryManager:96 - Updater plugin is busy. [11/15]
2026-08-27 16:01:53,012 [ERROR] LogOutputStream:75 - [STDERR_REDIRECT] [Fatal Error] :1:1: Premature end of file.
2026-08-27 16:01:53,012 [ERROR] LogOutputStream:75 - [STDERR_REDIRECT] 
2026-08-27 16:01:53,611 [ERROR] ServerAccessManage:1212 - Problem, file not found on Server
2026-08-27 16:01:53,783 [INFO] ServerAccessManage:452 - Complete download http(s) 200
2026-08-27 16:01:53,783 [INFO] ServerAccessManage:509 - Download File STMicroelectronics.X-CUBE-TOUCHGFX.pdsc
2026-08-27 16:01:54,019 [ERROR] LogOutputStream:75 - [STDERR_REDIRECT] [Fatal Error] :1:1: Premature end of file.
2026-08-27 16:01:54,019 [ERROR] LogOutputStream:75 - [STDERR_REDIRECT] 
2026-08-27 16:01:55,018 [ERROR] LogOutputStream:75 - [STDERR_REDIRECT] [Fatal Error] :1:1: Premature end of file.
2026-08-27 16:01:55,018 [ERROR] LogOutputStream:75 - [STDERR_REDIRECT] 
2026-08-27 16:01:55,480 [WARN] MainUpdater:1193 - Updater busy. Cannot search thirdparties
2026-08-27 16:01:55,480 [INFO] ThirdPartyUpdaterWithRetryManager:96 - Updater plugin is busy. [12/15]
2026-08-27 16:01:55,738 [INFO] ServerAccessManage:452 - Complete download http(s) 200
2026-08-27 16:01:55,739 [INFO] ServerAccessManage:509 - Download File STMicroelectronics.X-CUBE-ALGOBUILD.pdsc
2026-08-27 16:01:56,015 [ERROR] LogOutputStream:75 - [STDERR_REDIRECT] [Fatal Error] :1:1: Premature end of file.
2026-08-27 16:01:56,015 [ERROR] LogOutputStream:75 - [STDERR_REDIRECT] 
2026-08-27 16:01:56,426 [INFO] ServerAccessManage:452 - Complete download http(s) 200
2026-08-27 16:01:56,426 [INFO] ServerAccessManage:509 - Download File STMicroelectronics.X-CUBE-AZRTOS-H7.pdsc
2026-08-27 16:01:57,013 [ERROR] LogOutputStream:75 - [STDERR_REDIRECT] [Fatal Error] :1:1: Premature end of file.
2026-08-27 16:01:57,013 [ERROR] LogOutputStream:75 - [STDERR_REDIRECT] 
2026-08-27 16:01:58,015 [ERROR] LogOutputStream:75 - [STDERR_REDIRECT] [Fatal Error] :1:1: Premature end of file.
2026-08-27 16:01:58,015 [ERROR] LogOutputStream:75 - [STDERR_REDIRECT] 
2026-08-27 16:01:58,308 [INFO] ServerAccessManage:452 - Complete download http(s) 200
2026-08-27 16:01:58,308 [INFO] ServerAccessManage:509 - Download File STMicroelectronics.X-CUBE-AZRTOS-H7RS.pdsc
2026-08-27 16:01:58,482 [WARN] MainUpdater:1193 - Updater busy. Cannot search thirdparties
2026-08-27 16:01:58,482 [INFO] ThirdPartyUpdaterWithRetryManager:96 - Updater plugin is busy. [13/15]
2026-08-27 16:01:59,014 [ERROR] LogOutputStream:75 - [STDERR_REDIRECT] [Fatal Error] :1:1: Premature end of file.
2026-08-27 16:01:59,015 [ERROR] LogOutputStream:75 - [STDERR_REDIRECT] 
2026-08-27 16:01:59,914 [INFO] ServerAccessManage:452 - Complete download http(s) 200
2026-08-27 16:01:59,914 [INFO] ServerAccessManage:509 - Download File STMicroelectronics.X-CUBE-AZRTOS-F4.pdsc
2026-08-27 16:02:00,019 [ERROR] LogOutputStream:75 - [STDERR_REDIRECT] [Fatal Error] :1:1: Premature end of file.
2026-08-27 16:02:00,019 [ERROR] LogOutputStream:75 - [STDERR_REDIRECT] 
2026-08-27 16:02:00,712 [INFO] ServerAccessManage:452 - Complete download http(s) 200
2026-08-27 16:02:00,713 [INFO] ServerAccessManage:509 - Download File STMicroelectronics.X-CUBE-AZRTOS-F7.pdsc
2026-08-27 16:02:01,017 [ERROR] LogOutputStream:75 - [STDERR_REDIRECT] [Fatal Error] :1:1: Premature end of file.
2026-08-27 16:02:01,017 [ERROR] LogOutputStream:75 - [STDERR_REDIRECT] 
2026-08-27 16:02:01,483 [WARN] MainUpdater:1193 - Updater busy. Cannot search thirdparties
2026-08-27 16:02:01,483 [INFO] ThirdPartyUpdaterWithRetryManager:96 - Updater plugin is busy. [14/15]
2026-08-27 16:02:01,531 [INFO] ServerAccessManage:452 - Complete download http(s) 200
2026-08-27 16:02:01,531 [INFO] ServerAccessManage:509 - Download File STMicroelectronics.X-CUBE-AZRTOS-L4.pdsc
2026-08-27 16:02:02,017 [ERROR] LogOutputStream:75 - [STDERR_REDIRECT] [Fatal Error] :1:1: Premature end of file.
2026-08-27 16:02:02,017 [ERROR] LogOutputStream:75 - [STDERR_REDIRECT] 
2026-08-27 16:02:02,376 [INFO] ServerAccessManage:452 - Complete download http(s) 200
2026-08-27 16:02:02,376 [INFO] ServerAccessManage:509 - Download File STMicroelectronics.X-CUBE-AZRTOS-L5.pdsc
2026-08-27 16:02:03,020 [ERROR] LogOutputStream:75 - [STDERR_REDIRECT] [Fatal Error] :1:1: Premature end of file.
2026-08-27 16:02:03,020 [ERROR] LogOutputStream:75 - [STDERR_REDIRECT] 
2026-08-27 16:02:03,219 [INFO] ServerAccessManage:452 - Complete download http(s) 200
2026-08-27 16:02:03,220 [INFO] ServerAccessManage:509 - Download File STMicroelectronics.X-CUBE-AZRTOS-G0.pdsc
2026-08-27 16:02:04,000 [INFO] ServerAccessManage:452 - Complete download http(s) 200
2026-08-27 16:02:04,000 [INFO] ServerAccessManage:509 - Download File STMicroelectronics.X-CUBE-AZRTOS-G4.pdsc
2026-08-27 16:02:04,016 [ERROR] LogOutputStream:75 - [STDERR_REDIRECT] [Fatal Error] :1:1: Premature end of file.
2026-08-27 16:02:04,017 [ERROR] LogOutputStream:75 - [STDERR_REDIRECT] 
2026-08-27 16:02:04,483 [WARN] MainUpdater:1193 - Updater busy. Cannot search thirdparties
2026-08-27 16:02:04,483 [INFO] ThirdPartyUpdaterWithRetryManager:96 - Updater plugin is busy. [15/15]
2026-08-27 16:02:04,484 [ERROR] IntegrityCheckThread:130 - Cannot retrieve database content from updater: error -1
2026-08-27 16:02:04,484 [INFO] ThirdParty:978 - Integrity check success = false
2026-08-27 16:02:04,484 [INFO] IntegrityCheckThread:100 - exiting critical section [integrity check]
2026-08-27 16:02:04,484 [INFO] IntegrityCheckThread:103 - End integrity checks thread
2026-08-27 16:02:04,737 [INFO] ServerAccessManage:452 - Complete download http(s) 200
2026-08-27 16:02:04,737 [INFO] ServerAccessManage:509 - Download File STMicroelectronics.X-CUBE-AZRTOS-WB.pdsc
2026-08-27 16:02:05,018 [ERROR] LogOutputStream:75 - [STDERR_REDIRECT] [Fatal Error] :1:1: Premature end of file.
2026-08-27 16:02:05,019 [ERROR] LogOutputStream:75 - [STDERR_REDIRECT] 
2026-08-27 16:02:05,469 [INFO] ServerAccessManage:452 - Complete download http(s) 200
2026-08-27 16:02:05,469 [INFO] ServerAccessManage:509 - Download File STMicroelectronics.X-CUBE-AZRTOS-WL.pdsc
2026-08-27 16:02:06,016 [ERROR] LogOutputStream:75 - [STDERR_REDIRECT] [Fatal Error] :1:1: Premature end of file.
2026-08-27 16:02:06,016 [ERROR] LogOutputStream:75 - [STDERR_REDIRECT] 
2026-08-27 16:02:06,065 [INFO] ServerAccessManage:452 - Complete download http(s) 200
2026-08-27 16:02:06,065 [INFO] ServerAccessManage:509 - Download File STMicroelectronics.X-CUBE-WB05N.pdsc
2026-08-27 16:02:06,233 [INFO] ServerAccessManage:452 - Complete download http(s) 200
2026-08-27 16:02:06,233 [INFO] ServerAccessManage:509 - Download File STMicroelectronics.X-CUBE-WBA.pdsc
2026-08-27 16:02:06,389 [INFO] ServerAccessManage:452 - Complete download http(s) 200
2026-08-27 16:02:06,390 [INFO] ServerAccessManage:509 - Download File STMicroelectronics.eDS-WB_DPC_VIENNA.pdsc
2026-08-27 16:02:06,696 [ERROR] ServerAccessManage:1212 - Problem, file not found on Server
2026-08-27 16:02:07,019 [ERROR] LogOutputStream:75 - [STDERR_REDIRECT] [Fatal Error] :1:1: Premature end of file.
2026-08-27 16:02:07,019 [ERROR] LogOutputStream:75 - [STDERR_REDIRECT] 
2026-08-27 16:02:07,235 [ERROR] ServerAccessManage:1212 - Problem, file not found on Server
2026-08-27 16:02:07,488 [ERROR] ServerAccessManage:1212 - Problem, file not found on Server
2026-08-27 16:02:08,012 [ERROR] LogOutputStream:75 - [STDERR_REDIRECT] [Fatal Error] :1:1: Premature end of file.
2026-08-27 16:02:08,012 [ERROR] LogOutputStream:75 - [STDERR_REDIRECT] 
2026-08-27 16:02:08,055 [ERROR] ServerAccessManage:1212 - Problem, file not found on Server
2026-08-27 16:02:08,298 [ERROR] ServerAccessManage:1212 - Problem, file not found on Server
2026-08-27 16:02:08,378 [INFO] ServerAccessManage:452 - Complete download http(s) 200
2026-08-27 16:02:08,378 [INFO] ServerAccessManage:509 - Download File STMicroelectronics.eDS-WB_DPC_TT-BIDIR.pdsc
2026-08-27 16:02:08,710 [ERROR] ServerAccessManage:1212 - Problem, file not found on Server
2026-08-27 16:02:09,014 [ERROR] LogOutputStream:75 - [STDERR_REDIRECT] [Fatal Error] :1:1: Premature end of file.
2026-08-27 16:02:09,014 [ERROR] LogOutputStream:75 - [STDERR_REDIRECT] 
2026-08-27 16:02:09,247 [ERROR] ServerAccessManage:1212 - Problem, file not found on Server
2026-08-27 16:02:09,533 [ERROR] ServerAccessManage:1212 - Problem, file not found on Server
2026-08-27 16:02:10,015 [ERROR] LogOutputStream:75 - [STDERR_REDIRECT] [Fatal Error] :1:1: Premature end of file.
2026-08-27 16:02:10,015 [ERROR] LogOutputStream:75 - [STDERR_REDIRECT] 
2026-08-27 16:02:10,071 [ERROR] ServerAccessManage:1212 - Problem, file not found on Server
2026-08-27 16:02:10,151 [INFO] ServerAccessManage:452 - Complete download http(s) 200
2026-08-27 16:02:10,151 [INFO] ServerAccessManage:509 - Download File STMicroelectronics.eDS-WB_DPC_3PH2L-BIDIR.pdsc
2026-08-27 16:02:10,781 [ERROR] ServerAccessManage:1212 - Problem, file not found on Server
2026-08-27 16:02:11,019 [ERROR] LogOutputStream:75 - [STDERR_REDIRECT] [Fatal Error] :1:1: Premature end of file.
2026-08-27 16:02:11,019 [ERROR] LogOutputStream:75 - [STDERR_REDIRECT] 
2026-08-27 16:02:11,097 [ERROR] ServerAccessManage:1212 - Problem, file not found on Server
2026-08-27 16:02:11,269 [INFO] ServerAccessManage:452 - Complete download http(s) 200
2026-08-27 16:02:11,269 [INFO] ServerAccessManage:509 - Download File wolfSSL.I-CUBE-wolfSSL.pdsc
2026-08-27 16:02:12,017 [ERROR] LogOutputStream:75 - [STDERR_REDIRECT] [Fatal Error] :1:1: Premature end of file.
2026-08-27 16:02:12,017 [ERROR] LogOutputStream:75 - [STDERR_REDIRECT] 
2026-08-27 16:02:13,016 [ERROR] LogOutputStream:75 - [STDERR_REDIRECT] [Fatal Error] :1:1: Premature end of file.
2026-08-27 16:02:13,016 [ERROR] LogOutputStream:75 - [STDERR_REDIRECT] 
2026-08-27 16:02:13,959 [ERROR] ServerAccessManage:1212 - Problem, file not found on Server
2026-08-27 16:02:14,025 [ERROR] LogOutputStream:75 - [STDERR_REDIRECT] [Fatal Error] :1:1: Premature end of file.
2026-08-27 16:02:14,025 [ERROR] LogOutputStream:75 - [STDERR_REDIRECT] 
2026-08-27 16:02:14,032 [ERROR] ServerAccessManage:1212 - Problem, file not found on Server
2026-08-27 16:02:14,101 [ERROR] ServerAccessManage:1212 - Problem, file not found on Server
2026-08-27 16:02:14,118 [INFO] ServerAccessManage:452 - Complete download http(s) 200
2026-08-27 16:02:14,118 [INFO] ServerAccessManage:509 - Download File wolfSSL.I-CUBE-wolfMQTT.pdsc
2026-08-27 16:02:15,017 [ERROR] LogOutputStream:75 - [STDERR_REDIRECT] [Fatal Error] :1:1: Premature end of file.
2026-08-27 16:02:15,017 [ERROR] LogOutputStream:75 - [STDERR_REDIRECT] 
2026-08-27 16:02:15,423 [INFO] ServerAccessManage:452 - Complete download http(s) 200
2026-08-27 16:02:15,423 [INFO] ServerAccessManage:509 - Download File wolfSSL.I-CUBE-wolfTPM.pdsc
2026-08-27 16:02:15,867 [INFO] ServerAccessManage:452 - Complete download http(s) 200
2026-08-27 16:02:15,867 [INFO] ServerAccessManage:509 - Download File wolfSSL.I-CUBE-wolfSSH.pdsc
2026-08-27 16:02:16,017 [ERROR] LogOutputStream:75 - [STDERR_REDIRECT] [Fatal Error] :1:1: Premature end of file.
2026-08-27 16:02:16,017 [ERROR] LogOutputStream:75 - [STDERR_REDIRECT] 
2026-08-27 16:02:16,584 [INFO] ServerAccessManage:452 - Complete download http(s) 200
2026-08-27 16:02:16,584 [INFO] ServerAccessManage:509 - Download File RealThread.X-CUBE-RT-Thread_Nano.pdsc
2026-08-27 16:02:17,014 [ERROR] LogOutputStream:75 - [STDERR_REDIRECT] [Fatal Error] :1:1: Premature end of file.
2026-08-27 16:02:17,014 [ERROR] LogOutputStream:75 - [STDERR_REDIRECT] 
2026-08-27 16:02:17,792 [INFO] ServerAccessManage:452 - Complete download http(s) 200
2026-08-27 16:02:17,792 [INFO] ServerAccessManage:509 - Download File SEGGER.I-CUBE-embOS.pdsc
2026-08-27 16:02:18,014 [ERROR] LogOutputStream:75 - [STDERR_REDIRECT] [Fatal Error] :1:1: Premature end of file.
2026-08-27 16:02:18,014 [ERROR] LogOutputStream:75 - [STDERR_REDIRECT] 
2026-08-27 16:02:19,013 [ERROR] LogOutputStream:75 - [STDERR_REDIRECT] [Fatal Error] :1:1: Premature end of file.
2026-08-27 16:02:19,013 [ERROR] LogOutputStream:75 - [STDERR_REDIRECT] 
2026-08-27 16:02:20,014 [ERROR] LogOutputStream:75 - [STDERR_REDIRECT] [Fatal Error] :1:1: Premature end of file.
2026-08-27 16:02:20,014 [ERROR] LogOutputStream:75 - [STDERR_REDIRECT] 
2026-08-27 16:02:20,109 [INFO] ServerAccessManage:452 - Complete download http(s) 200
2026-08-27 16:02:20,109 [INFO] ServerAccessManage:509 - Download File emotas.I-CUBE-CANOPEN.pdsc
2026-08-27 16:02:21,007 [ERROR] LogOutputStream:75 - [STDERR_REDIRECT] [Fatal Error] :1:1: Premature end of file.
2026-08-27 16:02:21,007 [ERROR] LogOutputStream:75 - [STDERR_REDIRECT] 
2026-08-27 16:02:22,024 [ERROR] LogOutputStream:75 - [STDERR_REDIRECT] [Fatal Error] :1:1: Premature end of file.
2026-08-27 16:02:22,024 [ERROR] LogOutputStream:75 - [STDERR_REDIRECT] 
2026-08-27 16:02:22,103 [INFO] ServerAccessManage:452 - Complete download http(s) 200
2026-08-27 16:02:22,103 [INFO] ServerAccessManage:509 - Download File WES.I-CUBE-Cesium.pdsc
2026-08-27 16:02:23,015 [ERROR] LogOutputStream:75 - [STDERR_REDIRECT] [Fatal Error] :1:1: Premature end of file.
2026-08-27 16:02:23,015 [ERROR] LogOutputStream:75 - [STDERR_REDIRECT] 
2026-08-27 16:02:23,229 [ERROR] ServerAccessManage:1212 - Problem, file not found on Server
2026-08-27 16:02:23,571 [ERROR] ServerAccessManage:1212 - Problem, file not found on Server
2026-08-27 16:02:24,015 [ERROR] LogOutputStream:75 - [STDERR_REDIRECT] [Fatal Error] :1:1: Premature end of file.
2026-08-27 16:02:24,016 [ERROR] LogOutputStream:75 - [STDERR_REDIRECT] 
2026-08-27 16:02:24,606 [INFO] ServerAccessManage:452 - Complete download http(s) 200
2026-08-27 16:02:24,607 [INFO] ServerAccessManage:509 - Download File ITTIA_DB.I-CUBE-ITTIADB.pdsc
2026-08-27 16:02:25,015 [ERROR] LogOutputStream:75 - [STDERR_REDIRECT] [Fatal Error] :1:1: Premature end of file.
2026-08-27 16:02:25,015 [ERROR] LogOutputStream:75 - [STDERR_REDIRECT] 
2026-08-27 16:02:26,008 [ERROR] LogOutputStream:75 - [STDERR_REDIRECT] [Fatal Error] :1:1: Premature end of file.
2026-08-27 16:02:26,008 [ERROR] LogOutputStream:75 - [STDERR_REDIRECT] 
2026-08-27 16:02:27,024 [ERROR] LogOutputStream:75 - [STDERR_REDIRECT] [Fatal Error] :1:1: Premature end of file.
2026-08-27 16:02:27,024 [ERROR] LogOutputStream:75 - [STDERR_REDIRECT] 
2026-08-27 16:02:28,015 [ERROR] LogOutputStream:75 - [STDERR_REDIRECT] [Fatal Error] :1:1: Premature end of file.
2026-08-27 16:02:28,015 [ERROR] LogOutputStream:75 - [STDERR_REDIRECT] 
2026-08-27 16:02:28,988 [INFO] ServerAccessManage:452 - Complete download http(s) 200
2026-08-27 16:02:28,988 [INFO] ServerAccessManage:509 - Download File Infineon.AIROC-Wi-Fi-Bluetooth-STM32.pdsc
2026-08-27 16:02:29,011 [ERROR] LogOutputStream:75 - [STDERR_REDIRECT] [Fatal Error] :1:1: Premature end of file.
2026-08-27 16:02:29,011 [ERROR] LogOutputStream:75 - [STDERR_REDIRECT] 
2026-08-27 16:02:30,007 [ERROR] LogOutputStream:75 - [STDERR_REDIRECT] [Fatal Error] :1:1: Premature end of file.
2026-08-27 16:02:30,007 [ERROR] LogOutputStream:75 - [STDERR_REDIRECT] 
2026-08-27 16:02:31,026 [ERROR] LogOutputStream:75 - [STDERR_REDIRECT] [Fatal Error] :1:1: Premature end of file.
2026-08-27 16:02:31,027 [ERROR] LogOutputStream:75 - [STDERR_REDIRECT] 
2026-08-27 16:02:32,007 [ERROR] LogOutputStream:75 - [STDERR_REDIRECT] [Fatal Error] :1:1: Premature end of file.
2026-08-27 16:02:32,007 [ERROR] LogOutputStream:75 - [STDERR_REDIRECT] 
2026-08-27 16:02:32,071 [INFO] ServerAccessManage:452 - Complete download http(s) 200
2026-08-27 16:02:32,071 [INFO] ServerAccessManage:509 - Download File Cesanta.I-CUBE-Mongoose.pdsc
2026-08-27 16:02:33,016 [ERROR] LogOutputStream:75 - [STDERR_REDIRECT] [Fatal Error] :1:1: Premature end of file.
2026-08-27 16:02:33,016 [ERROR] LogOutputStream:75 - [STDERR_REDIRECT] 
2026-08-27 16:02:34,016 [ERROR] LogOutputStream:75 - [STDERR_REDIRECT] [Fatal Error] :1:1: Premature end of file.
2026-08-27 16:02:34,016 [ERROR] LogOutputStream:75 - [STDERR_REDIRECT] 
2026-08-27 16:02:35,013 [ERROR] LogOutputStream:75 - [STDERR_REDIRECT] [Fatal Error] :1:1: Premature end of file.
2026-08-27 16:02:35,013 [ERROR] LogOutputStream:75 - [STDERR_REDIRECT] 
2026-08-27 16:02:36,015 [ERROR] LogOutputStream:75 - [STDERR_REDIRECT] [Fatal Error] :1:1: Premature end of file.
2026-08-27 16:02:36,015 [ERROR] LogOutputStream:75 - [STDERR_REDIRECT] 
2026-08-27 16:02:37,016 [ERROR] LogOutputStream:75 - [STDERR_REDIRECT] [Fatal Error] :1:1: Premature end of file.
2026-08-27 16:02:37,016 [ERROR] LogOutputStream:75 - [STDERR_REDIRECT] 
2026-08-27 16:02:37,490 [INFO] ServerAccessManage:452 - Complete download http(s) 200
2026-08-27 16:02:37,490 [INFO] ServerAccessManage:509 - Download File EmbeddedOffice.I-CUBE-FS-RTOS.pdsc
2026-08-27 16:02:38,015 [ERROR] LogOutputStream:75 - [STDERR_REDIRECT] [Fatal Error] :1:1: Premature end of file.
2026-08-27 16:02:38,015 [ERROR] LogOutputStream:75 - [STDERR_REDIRECT] 
2026-08-27 16:02:39,015 [ERROR] LogOutputStream:75 - [STDERR_REDIRECT] [Fatal Error] :1:1: Premature end of file.
2026-08-27 16:02:39,015 [ERROR] LogOutputStream:75 - [STDERR_REDIRECT] 
2026-08-27 16:02:39,201 [INFO] ServerAccessManage:452 - Complete download http(s) 200
2026-08-27 16:02:39,201 [INFO] ServerAccessManage:509 - Download File quantropi.X-CUBE-qispace-sdk-base.pdsc
2026-08-27 16:02:40,015 [ERROR] LogOutputStream:75 - [STDERR_REDIRECT] [Fatal Error] :1:1: Premature end of file.
2026-08-27 16:02:40,015 [ERROR] LogOutputStream:75 - [STDERR_REDIRECT] 
2026-08-27 16:02:40,107 [INFO] ServerAccessManage:452 - Complete download http(s) 200
2026-08-27 16:02:40,107 [INFO] ServerAccessManage:509 - Download File Avnet-IOTCONNECT.X-CUBE-iotc-st67-sdk.pdsc
2026-08-27 16:02:40,204 [WARN] PackLoader:240 - Cannot read IP mode file for STMicroelectronics.FP-ATR-ASTRA1.2.0.3
2026-08-27 16:02:40,207 [WARN] CheckServerUpdateThread:151 - Open CheckUpdateFile Fail
2026-08-27 16:02:40,209 [WARN] PackLoader:240 - Cannot read IP mode file for STMicroelectronics.FP-ATR-SIGFOX1.3.2.0
2026-08-27 16:02:40,217 [WARN] PackLoader:240 - Cannot read IP mode file for STMicroelectronics.FP-SNS-STBOX1.2.1.0
2026-08-27 16:02:40,226 [WARN] PackLoader:240 - Cannot read IP mode file for STMicroelectronics.FP-SNS-FLIGHT1.5.1.0
2026-08-27 16:02:40,230 [WARN] PackLoader:240 - Cannot read IP mode file for STMicroelectronics.FP-SNS-MOTENV1.5.1.0
2026-08-27 16:02:40,234 [WARN] PackLoader:240 - Cannot read IP mode file for STMicroelectronics.FP-SNS-MOTENVWB1.1.5.0
2026-08-27 16:02:40,237 [WARN] PackLoader:240 - Cannot read IP mode file for STMicroelectronics.FP-SNS-SMARTAG2.1.2.0
2026-08-27 16:02:40,244 [WARN] PackLoader:240 - Cannot read IP mode file for STMicroelectronics.FP-SNS-STAIOTCFT.1.1.0
2026-08-27 16:02:40,248 [WARN] PackLoader:240 - Cannot read IP mode file for STMicroelectronics.X-CUBE-AI.10.2.1
2026-08-27 16:02:40,252 [WARN] PackLoader:240 - Cannot read IP mode file for STMicroelectronics.X-CUBE-ALS.1.0.2
2026-08-27 16:02:40,258 [WARN] PackLoader:240 - Cannot read IP mode file for STMicroelectronics.X-CUBE-BLE1.7.1.0
2026-08-27 16:02:40,263 [WARN] PackLoader:240 - Cannot read IP mode file for STMicroelectronics.X-CUBE-BLE2.3.3.0
2026-08-27 16:02:40,265 [WARN] PopulateThirdPartyThread:106 - Error when creating pack: C:/Users/student/.stm32cubemx/thirdparties/pdsc/STMicroelectronics.X-CUBE-BLEMGR.pdsc
2026-08-27 16:02:40,275 [WARN] PackLoader:240 - Cannot read IP mode file for STMicroelectronics.X-CUBE-DISPLAY.3.0.0
2026-08-27 16:02:40,281 [WARN] PackLoader:240 - Cannot read IP mode file for STMicroelectronics.X-CUBE-DPower.1.3.0
2026-08-27 16:02:40,286 [WARN] PackLoader:240 - Cannot read IP mode file for STMicroelectronics.X-CUBE-EEPRMA1.5.2.0
2026-08-27 16:02:40,292 [WARN] PackLoader:240 - Cannot read IP mode file for STMicroelectronics.X-CUBE-FREERTOS.1.6.0
2026-08-27 16:02:40,297 [WARN] PackLoader:240 - Cannot read IP mode file for STMicroelectronics.X-CUBE-GNSS1.7.1.1
2026-08-27 16:02:40,301 [WARN] PackLoader:240 - Cannot read IP mode file for STMicroelectronics.X-CUBE-ISPU.2.1.0
2026-08-27 16:02:40,310 [WARN] PackLoader:240 - Cannot read IP mode file for STMicroelectronics.X-CUBE-IPS.3.2.0
2026-08-27 16:02:40,328 [INFO] CheckServerUpdateThread:120 - End of CheckServer Thread
2026-08-27 16:02:40,344 [WARN] PackLoader:240 - Cannot read IP mode file for STMicroelectronics.X-CUBE-MEMS1.13.0.0
2026-08-27 16:02:40,400 [WARN] PackLoader:240 - Cannot read IP mode file for STMicroelectronics.X-CUBE-NFC4.3.0.0
2026-08-27 16:02:40,405 [WARN] PackLoader:240 - Cannot read IP mode file for STMicroelectronics.X-CUBE-NFC6.3.2.0
2026-08-27 16:02:40,410 [WARN] PackLoader:240 - Cannot read IP mode file for STMicroelectronics.X-CUBE-NFC7.2.0.0
2026-08-27 16:02:40,414 [WARN] PackLoader:240 - Cannot read IP mode file for STMicroelectronics.X-CUBE-NFC9.1.0.0
2026-08-27 16:02:40,418 [WARN] PackLoader:240 - Cannot read IP mode file for STMicroelectronics.X-CUBE-NFC10.1.0.0
2026-08-27 16:02:40,423 [WARN] PackLoader:240 - Cannot read IP mode file for STMicroelectronics.X-CUBE-NFC12.1.0.0
2026-08-27 16:02:40,427 [WARN] PackLoader:240 - Cannot read IP mode file for STMicroelectronics.X-CUBE-NFC13.1.0.0
2026-08-27 16:02:40,431 [WARN] PackLoader:240 - Cannot read IP mode file for STMicroelectronics.X-CUBE-SFXS2LP1.4.0.0
2026-08-27 16:02:40,438 [WARN] PackLoader:240 - Cannot read IP mode file for STMicroelectronics.X-CUBE-SUBG2.5.0.0
2026-08-27 16:02:40,441 [WARN] PopulateThirdPartyThread:106 - Error when creating pack: C:/Users/student/.stm32cubemx/thirdparties/pdsc/STMicroelectronics.X-CUBE-SMBUS.pdsc
2026-08-27 16:02:40,444 [WARN] PackLoader:240 - Cannot read IP mode file for STMicroelectronics.X-CUBE-ST60.1.1.0
2026-08-27 16:02:40,446 [WARN] PopulateThirdPartyThread:106 - Error when creating pack: C:/Users/student/.stm32cubemx/thirdparties/pdsc/STMicroelectronics.X-CUBE-ST67W61.pdsc
2026-08-27 16:02:40,451 [WARN] PackLoader:240 - Cannot read IP mode file for STMicroelectronics.X-CUBE-STSE01.2.0.0
2026-08-27 16:02:40,454 [WARN] PackLoader:240 - Cannot read IP mode file for STMicroelectronics.X-CUBE-PM33A1.1.0.0
2026-08-27 16:02:40,458 [WARN] PackLoader:240 - Cannot read IP mode file for STMicroelectronics.X-CUBE-TCPP.4.2.0
2026-08-27 16:02:40,464 [WARN] PackLoader:240 - Cannot read IP mode file for STMicroelectronics.X-CUBE-TOF1.3.4.3
2026-08-27 16:02:40,472 [WARN] PackLoader:240 - Cannot read IP mode file for STMicroelectronics.X-CUBE-TOUCHGFX.4.26.1
2026-08-27 16:02:40,476 [WARN] PackLoader:240 - Cannot read IP mode file for STMicroelectronics.X-CUBE-ALGOBUILD.1.5.0
2026-08-27 16:02:40,485 [WARN] PackLoader:240 - Cannot read IP mode file for STMicroelectronics.X-CUBE-AZRTOS-H7.3.5.0
2026-08-27 16:02:40,494 [WARN] PackLoader:240 - Cannot read IP mode file for STMicroelectronics.X-CUBE-AZRTOS-H7RS.1.3.0
2026-08-27 16:02:40,503 [WARN] PackLoader:240 - Cannot read IP mode file for STMicroelectronics.X-CUBE-AZRTOS-F4.1.1.0
2026-08-27 16:02:40,512 [WARN] PackLoader:240 - Cannot read IP mode file for STMicroelectronics.X-CUBE-AZRTOS-F7.1.1.0
2026-08-27 16:02:40,522 [WARN] ConditionMgr:438 - getConditionDescription Invalid condition id : LAN8742 Phy interface Condition cause : null
2026-08-27 16:02:40,522 [WARN] PackLoader:240 - Cannot read IP mode file for STMicroelectronics.X-CUBE-AZRTOS-L4.2.0.0
2026-08-27 16:02:40,523 [WARN] ConditionMgr:1044 - genDependencies : Invalid condition id : LAN8742 Phy interface Condition cause : null
2026-08-27 16:02:40,523 [WARN] ConditionMgr:1044 - genDependencies : Invalid condition id : LAN8742 Phy interface Condition cause : null
2026-08-27 16:02:40,523 [WARN] ConditionMgr:1044 - genDependencies : Invalid condition id : LAN8742 Phy interface Condition cause : null
2026-08-27 16:02:40,532 [WARN] PackLoader:240 - Cannot read IP mode file for STMicroelectronics.X-CUBE-AZRTOS-L5.2.0.0
2026-08-27 16:02:40,540 [WARN] PackLoader:240 - Cannot read IP mode file for STMicroelectronics.X-CUBE-AZRTOS-G0.1.1.0
2026-08-27 16:02:40,547 [WARN] PackLoader:240 - Cannot read IP mode file for STMicroelectronics.X-CUBE-AZRTOS-G4.2.0.0
2026-08-27 16:02:40,564 [WARN] ConditionMgr:438 - getConditionDescription Invalid condition id : UX DEVICE CLASS RTOS Condition cause : null
2026-08-27 16:02:40,564 [WARN] ConditionMgr:438 - getConditionDescription Invalid condition id : UX DEVICE CLASS RTOS Condition cause : null
2026-08-27 16:02:40,565 [WARN] PackLoader:240 - Cannot read IP mode file for STMicroelectronics.X-CUBE-AZRTOS-WB.2.0.0
2026-08-27 16:02:40,565 [WARN] ConditionMgr:1044 - genDependencies : Invalid condition id : UX DEVICE CLASS RTOS Condition cause : null
2026-08-27 16:02:40,565 [WARN] ConditionMgr:1044 - genDependencies : Invalid condition id : UX DEVICE CLASS RTOS Condition cause : null
2026-08-27 16:02:40,565 [WARN] ConditionMgr:1044 - genDependencies : Invalid condition id : UX DEVICE CLASS RTOS Condition cause : null
2026-08-27 16:02:40,565 [WARN] ConditionMgr:1044 - genDependencies : Invalid condition id : UX DEVICE CLASS RTOS Condition cause : null
2026-08-27 16:02:40,565 [WARN] ConditionMgr:1044 - genDependencies : Invalid condition id : UX DEVICE CLASS RTOS Condition cause : null
2026-08-27 16:02:40,569 [INFO] LogOutputStream:77 - [STDOUT_REDIRECT] 1 : Invalid condition id : UX_CORESTACK_Condition cause : null
2026-08-27 16:02:40,570 [INFO] LogOutputStream:77 - [STDOUT_REDIRECT] 1 : Invalid condition id : UX_CORESTACK_Condition cause : null
2026-08-27 16:02:40,570 [INFO] LogOutputStream:77 - [STDOUT_REDIRECT] 1 : Invalid condition id : UX_CORESTACK_Condition cause : null
2026-08-27 16:02:40,571 [INFO] LogOutputStream:77 - [STDOUT_REDIRECT] 1 : Invalid condition id : UX_CORESTACK_Condition cause : null
2026-08-27 16:02:40,571 [INFO] LogOutputStream:77 - [STDOUT_REDIRECT] 1 : Invalid condition id : UX_CORESTACK_Condition cause : null
2026-08-27 16:02:40,573 [WARN] PackLoader:240 - Cannot read IP mode file for STMicroelectronics.X-CUBE-AZRTOS-WL.2.0.0
2026-08-27 16:02:40,576 [WARN] PackLoader:240 - Cannot read IP mode file for STMicroelectronics.X-CUBE-WB05N.2.1.0
2026-08-27 16:02:40,578 [WARN] PopulateThirdPartyThread:106 - Error when creating pack: C:/Users/student/.stm32cubemx/thirdparties/pdsc/STMicroelectronics.X-CUBE-WBA.pdsc
2026-08-27 16:02:40,579 [WARN] PackLoader:240 - Cannot read IP mode file for STMicroelectronics.eDS-WB_DPC_VIENNA.1.2.0
2026-08-27 16:02:40,582 [WARN] PackLoader:240 - Cannot read IP mode file for STMicroelectronics.eDS-WB_DPC_TT-BIDIR.2.1.1
2026-08-27 16:02:40,584 [WARN] PackLoader:240 - Cannot read IP mode file for STMicroelectronics.eDS-WB_DPC_3PH2L-BIDIR.1.1.1
2026-08-27 16:02:40,587 [WARN] PackLoader:240 - Cannot read IP mode file for wolfSSL.I-CUBE-wolfSSL.5.9.2
2026-08-27 16:02:40,589 [WARN] PackLoader:240 - Cannot read IP mode file for wolfSSL.I-CUBE-wolfMQTT.1.19.2
2026-08-27 16:02:40,592 [WARN] PackLoader:240 - Cannot read IP mode file for wolfSSL.I-CUBE-wolfTPM.3.8.0
2026-08-27 16:02:40,594 [WARN] PackLoader:240 - Cannot read IP mode file for wolfSSL.I-CUBE-wolfSSH.1.4.20
2026-08-27 16:02:40,597 [WARN] PackLoader:240 - Cannot read IP mode file for RealThread.X-CUBE-RT-Thread_Nano.4.1.1
2026-08-27 16:02:40,609 [WARN] PackLoader:240 - Cannot read IP mode file for SEGGER.I-CUBE-embOS.1.3.1
2026-08-27 16:02:40,628 [WARN] PackLoader:240 - Cannot read IP mode file for emotas.I-CUBE-CANOPEN.1.3.0
2026-08-27 16:02:40,633 [WARN] PackLoader:240 - Cannot read IP mode file for WES.I-CUBE-Cesium.1.4.0
2026-08-27 16:02:40,636 [WARN] PackLoader:240 - Cannot read IP mode file for ITTIA_DB.I-CUBE-ITTIADB.8.9.0
2026-08-27 16:02:40,644 [WARN] PackLoader:240 - Cannot read IP mode file for Infineon.AIROC-Wi-Fi-Bluetooth-STM32.1.8.0
2026-08-27 16:02:40,649 [WARN] PackLoader:240 - Cannot read IP mode file for Cesanta.I-CUBE-Mongoose.7.21.7
2026-08-27 16:02:40,653 [WARN] PackLoader:240 - Cannot read IP mode file for EmbeddedOffice.I-CUBE-FS-RTOS.1.0.1
2026-08-27 16:02:40,655 [WARN] ConditionMgr:438 - getConditionDescription Invalid condition id : Cortex-A Device cause : null
2026-08-27 16:02:40,664 [WARN] ConditionMgr:1044 - genDependencies : Invalid condition id : Cortex-A Device cause : null
2026-08-27 16:02:40,664 [WARN] ConditionMgr:1044 - genDependencies : Invalid condition id : Cortex-A Device cause : null
2026-08-27 16:02:40,664 [WARN] ConditionMgr:1044 - genDependencies : Invalid condition id : Cortex-A Device cause : null
2026-08-27 16:02:40,671 [INFO] PopulateThirdPartyThread:66 - Ending populate Thread
2026-08-27 16:02:40,672 [INFO] ThirdParty:1030 - CMSIS Pack Vendor :STMicroelectronics X-CUBE-AZRTOS-H7 3.5.0
2026-08-27 16:02:40,673 [INFO] ThirdParty:1030 - CMSIS Pack Vendor :STMicroelectronics X-CUBE-PM33A1 1.0.0
2026-08-27 16:02:40,673 [INFO] ThirdParty:1030 - CMSIS Pack Vendor :STMicroelectronics X-CUBE-NFC9 1.0.0
2026-08-27 16:02:40,673 [INFO] ThirdParty:1030 - CMSIS Pack Vendor :STMicroelectronics FP-ATR-ASTRA1 2.0.3
2026-08-27 16:02:40,673 [INFO] ThirdParty:1030 - CMSIS Pack Vendor :STMicroelectronics X-CUBE-AZRTOS-F4 1.1.0
2026-08-27 16:02:40,673 [INFO] ThirdParty:1030 - CMSIS Pack Vendor :STMicroelectronics X-CUBE-BLE1 7.1.0
2026-08-27 16:02:40,673 [INFO] ThirdParty:1030 - CMSIS Pack Vendor :wolfSSL I-CUBE-wolfMQTT 1.19.2
2026-08-27 16:02:40,673 [INFO] ThirdParty:1030 - CMSIS Pack Vendor :STMicroelectronics X-CUBE-ISPU 2.1.0
2026-08-27 16:02:40,673 [INFO] ThirdParty:1030 - CMSIS Pack Vendor :STMicroelectronics X-CUBE-EEPRMA1 5.2.0
2026-08-27 16:02:40,673 [INFO] ThirdParty:1030 - CMSIS Pack Vendor :STMicroelectronics X-CUBE-IPS 3.2.0
2026-08-27 16:02:40,673 [INFO] ThirdParty:1030 - CMSIS Pack Vendor :STMicroelectronics eDS-WB_DPC_TT-BIDIR 2.1.1
2026-08-27 16:02:40,673 [INFO] ThirdParty:1030 - CMSIS Pack Vendor :STMicroelectronics X-CUBE-AZRTOS-WB 2.0.0
2026-08-27 16:02:40,673 [INFO] ThirdParty:1030 - CMSIS Pack Vendor :STMicroelectronics X-CUBE-NFC12 1.0.0
2026-08-27 16:02:40,673 [INFO] ThirdParty:1030 - CMSIS Pack Vendor :STMicroelectronics X-CUBE-AZRTOS-F7 1.1.0
2026-08-27 16:02:40,673 [INFO] ThirdParty:1030 - CMSIS Pack Vendor :STMicroelectronics X-CUBE-AZRTOS-L5 2.0.0
2026-08-27 16:02:40,673 [INFO] ThirdParty:1030 - CMSIS Pack Vendor :STMicroelectronics X-CUBE-FREERTOS 1.6.0
2026-08-27 16:02:40,673 [INFO] ThirdParty:1030 - CMSIS Pack Vendor :STMicroelectronics FP-SNS-STAIOTCFT 1.1.0
2026-08-27 16:02:40,673 [INFO] ThirdParty:1030 - CMSIS Pack Vendor :quantropi X-CUBE-qispace-sdk-base 2.1.0
2026-08-27 16:02:40,673 [INFO] ThirdParty:1030 - CMSIS Pack Vendor :STMicroelectronics X-CUBE-STSE01 2.0.0
2026-08-27 16:02:40,673 [INFO] ThirdParty:1030 - CMSIS Pack Vendor :STMicroelectronics X-CUBE-ALGOBUILD 1.5.0
2026-08-27 16:02:40,673 [INFO] ThirdParty:1030 - CMSIS Pack Vendor :STMicroelectronics FP-SNS-MOTENV1 5.1.0
2026-08-27 16:02:40,673 [INFO] ThirdParty:1030 - CMSIS Pack Vendor :STMicroelectronics X-CUBE-AZRTOS-H7RS 1.3.0
2026-08-27 16:02:40,673 [INFO] ThirdParty:1030 - CMSIS Pack Vendor :STMicroelectronics X-CUBE-AZRTOS-G0 1.1.0
2026-08-27 16:02:40,673 [INFO] ThirdParty:1030 - CMSIS Pack Vendor :STMicroelectronics X-CUBE-NFC4 3.0.0
2026-08-27 16:02:40,673 [INFO] ThirdParty:1030 - CMSIS Pack Vendor :STMicroelectronics X-CUBE-SUBG2 5.0.0
2026-08-27 16:02:40,673 [INFO] ThirdParty:1030 - CMSIS Pack Vendor :STMicroelectronics eDS-WB_DPC_VIENNA 1.2.0
2026-08-27 16:02:40,673 [INFO] ThirdParty:1030 - CMSIS Pack Vendor :EmbeddedOffice I-CUBE-FS-RTOS 1.0.1
2026-08-27 16:02:40,673 [INFO] ThirdParty:1030 - CMSIS Pack Vendor :STMicroelectronics X-CUBE-MEMS1 13.0.0
2026-08-27 16:02:40,673 [INFO] ThirdParty:1030 - CMSIS Pack Vendor :WES I-CUBE-Cesium 1.4.0
2026-08-27 16:02:40,673 [INFO] ThirdParty:1030 - CMSIS Pack Vendor :STMicroelectronics eDS-WB_DPC_3PH2L-BIDIR 1.1.1
2026-08-27 16:02:40,673 [INFO] ThirdParty:1030 - CMSIS Pack Vendor :STMicroelectronics X-CUBE-AZRTOS-G4 2.0.0
2026-08-27 16:02:40,673 [INFO] ThirdParty:1030 - CMSIS Pack Vendor :wolfSSL I-CUBE-wolfTPM 3.8.0
2026-08-27 16:02:40,673 [INFO] ThirdParty:1030 - CMSIS Pack Vendor :STMicroelectronics X-CUBE-DISPLAY 3.0.0
2026-08-27 16:02:40,673 [INFO] ThirdParty:1030 - CMSIS Pack Vendor :wolfSSL I-CUBE-wolfSSH 1.4.20
2026-08-27 16:02:40,673 [INFO] ThirdParty:1030 - CMSIS Pack Vendor :STMicroelectronics X-CUBE-NFC7 2.0.0
2026-08-27 16:02:40,673 [INFO] ThirdParty:1030 - CMSIS Pack Vendor :STMicroelectronics FP-SNS-MOTENVWB1 1.5.0
2026-08-27 16:02:40,673 [INFO] ThirdParty:1030 - CMSIS Pack Vendor :STMicroelectronics X-CUBE-GNSS1 7.1.1
2026-08-27 16:02:40,673 [INFO] ThirdParty:1030 - CMSIS Pack Vendor :STMicroelectronics X-CUBE-TCPP 4.2.0
2026-08-27 16:02:40,673 [INFO] ThirdParty:1030 - CMSIS Pack Vendor :RealThread X-CUBE-RT-Thread_Nano 4.1.1
2026-08-27 16:02:40,673 [INFO] ThirdParty:1030 - CMSIS Pack Vendor :STMicroelectronics FP-ATR-SIGFOX1 3.2.0
2026-08-27 16:02:40,673 [INFO] ThirdParty:1030 - CMSIS Pack Vendor :STMicroelectronics X-CUBE-NFC10 1.0.0
2026-08-27 16:02:40,673 [INFO] ThirdParty:1030 - CMSIS Pack Vendor :STMicroelectronics X-CUBE-ALS 1.0.2
2026-08-27 16:02:40,673 [INFO] ThirdParty:1030 - CMSIS Pack Vendor :STMicroelectronics X-CUBE-ST60 1.1.0
2026-08-27 16:02:40,673 [INFO] ThirdParty:1030 - CMSIS Pack Vendor :emotas I-CUBE-CANOPEN 1.3.0
2026-08-27 16:02:40,673 [INFO] ThirdParty:1030 - CMSIS Pack Vendor :wolfSSL I-CUBE-wolfSSL 5.9.2
2026-08-27 16:02:40,673 [INFO] ThirdParty:1030 - CMSIS Pack Vendor :ITTIA_DB I-CUBE-ITTIADB 8.9.0
2026-08-27 16:02:40,673 [INFO] ThirdParty:1030 - CMSIS Pack Vendor :Cesanta I-CUBE-Mongoose 7.21.7
2026-08-27 16:02:40,673 [INFO] ThirdParty:1030 - CMSIS Pack Vendor :STMicroelectronics X-CUBE-TOUCHGFX 4.26.1
2026-08-27 16:02:40,673 [INFO] ThirdParty:1030 - CMSIS Pack Vendor :STMicroelectronics X-CUBE-NFC6 3.2.0
2026-08-27 16:02:40,673 [INFO] ThirdParty:1030 - CMSIS Pack Vendor :STMicroelectronics FP-SNS-STBOX1 2.1.0
2026-08-27 16:02:40,673 [INFO] ThirdParty:1030 - CMSIS Pack Vendor :STMicroelectronics X-CUBE-AI 10.2.1
2026-08-27 16:02:40,673 [INFO] ThirdParty:1030 - CMSIS Pack Vendor :STMicroelectronics FP-SNS-SMARTAG2 1.2.0
2026-08-27 16:02:40,673 [INFO] ThirdParty:1030 - CMSIS Pack Vendor :STMicroelectronics FP-SNS-FLIGHT1 5.1.0
2026-08-27 16:02:40,673 [INFO] ThirdParty:1030 - CMSIS Pack Vendor :STMicroelectronics X-CUBE-AZRTOS-WL 2.0.0
2026-08-27 16:02:40,673 [INFO] ThirdParty:1030 - CMSIS Pack Vendor :SEGGER I-CUBE-embOS 1.3.1
2026-08-27 16:02:40,673 [INFO] ThirdParty:1030 - CMSIS Pack Vendor :STMicroelectronics X-CUBE-DPower 1.3.0
2026-08-27 16:02:40,673 [INFO] ThirdParty:1030 - CMSIS Pack Vendor :STMicroelectronics X-CUBE-AZRTOS-L4 2.0.0
2026-08-27 16:02:40,673 [INFO] ThirdParty:1030 - CMSIS Pack Vendor :STMicroelectronics X-CUBE-SFXS2LP1 4.0.0
2026-08-27 16:02:40,673 [INFO] ThirdParty:1030 - CMSIS Pack Vendor :STMicroelectronics X-CUBE-BLE2 3.3.0
2026-08-27 16:02:40,673 [INFO] ThirdParty:1030 - CMSIS Pack Vendor :Avnet-IOTCONNECT X-CUBE-iotc-st67-sdk 1.0.0
2026-08-27 16:02:40,673 [INFO] ThirdParty:1030 - CMSIS Pack Vendor :STMicroelectronics X-CUBE-TOF1 3.4.3
2026-08-27 16:02:40,673 [INFO] ThirdParty:1030 - CMSIS Pack Vendor :Infineon AIROC-Wi-Fi-Bluetooth-STM32 1.8.0
2026-08-27 16:02:40,673 [INFO] ThirdParty:1030 - CMSIS Pack Vendor :STMicroelectronics X-CUBE-NFC13 1.0.0
2026-08-27 16:02:40,673 [INFO] ThirdParty:1030 - CMSIS Pack Vendor :STMicroelectronics X-CUBE-WB05N 2.1.0
2026-08-27 16:02:40,674 [INFO] LoadServerUpdatesThread:375 - End of LoadServerUpdate Thread
2026-08-27 16:02:45,515 [ERROR] LogOutputStream:75 - [STDERR_REDIRECT] [Fatal Error] :1:1: Premature end of file.
2026-08-27 16:02:45,515 [ERROR] LogOutputStream:75 - [STDERR_REDIRECT] 
2026-08-27 16:02:45,547 [ERROR] LogOutputStream:75 - [STDERR_REDIRECT] [Fatal Error] :1:1: Premature end of file.
2026-08-27 16:02:45,547 [ERROR] LogOutputStream:75 - [STDERR_REDIRECT] 
2026-08-27 16:02:45,562 [ERROR] LogOutputStream:75 - [STDERR_REDIRECT] [Fatal Error] :1:1: Premature end of file.
2026-08-27 16:02:45,562 [ERROR] LogOutputStream:75 - [STDERR_REDIRECT] 
2026-08-27 16:02:45,578 [ERROR] LogOutputStream:75 - [STDERR_REDIRECT] [Fatal Error] :1:1: Premature end of file.
2026-08-27 16:02:45,578 [ERROR] LogOutputStream:75 - [STDERR_REDIRECT] 
2026-08-27 16:02:45,609 [ERROR] LogOutputStream:75 - [STDERR_REDIRECT] [Fatal Error] :1:1: Premature end of file.
2026-08-27 16:02:45,609 [ERROR] LogOutputStream:75 - [STDERR_REDIRECT] 
2026-08-27 16:02:46,013 [ERROR] LogOutputStream:75 - [STDERR_REDIRECT] [Fatal Error] :1:1: Premature end of file.
2026-08-27 16:02:46,013 [ERROR] LogOutputStream:75 - [STDERR_REDIRECT] 
2026-08-27 16:02:47,015 [ERROR] LogOutputStream:75 - [STDERR_REDIRECT] [Fatal Error] :1:1: Premature end of file.
2026-08-27 16:02:47,015 [ERROR] LogOutputStream:75 - [STDERR_REDIRECT] 
2026-08-27 16:02:48,017 [ERROR] LogOutputStream:75 - [STDERR_REDIRECT] [Fatal Error] :1:1: Premature end of file.
2026-08-27 16:02:48,017 [ERROR] LogOutputStream:75 - [STDERR_REDIRECT] 
2026-08-27 16:02:49,017 [ERROR] LogOutputStream:75 - [STDERR_REDIRECT] [Fatal Error] :1:1: Premature end of file.
2026-08-27 16:02:49,017 [ERROR] LogOutputStream:75 - [STDERR_REDIRECT] 
2026-08-27 16:02:50,017 [ERROR] LogOutputStream:75 - [STDERR_REDIRECT] [Fatal Error] :1:1: Premature end of file.
2026-08-27 16:02:50,017 [ERROR] LogOutputStream:75 - [STDERR_REDIRECT] 
2026-08-27 16:02:51,024 [ERROR] LogOutputStream:75 - [STDERR_REDIRECT] [Fatal Error] :1:1: Premature end of file.
2026-08-27 16:02:51,024 [ERROR] LogOutputStream:75 - [STDERR_REDIRECT] 
2026-08-27 16:02:52,007 [ERROR] LogOutputStream:75 - [STDERR_REDIRECT] [Fatal Error] :1:1: Premature end of file.
2026-08-27 16:02:52,007 [ERROR] LogOutputStream:75 - [STDERR_REDIRECT] 
2026-08-27 16:02:53,025 [ERROR] LogOutputStream:75 - [STDERR_REDIRECT] [Fatal Error] :1:1: Premature end of file.
2026-08-27 16:02:53,025 [ERROR] LogOutputStream:75 - [STDERR_REDIRECT] 
2026-08-27 16:02:54,007 [ERROR] LogOutputStream:75 - [STDERR_REDIRECT] [Fatal Error] :1:1: Premature end of file.
2026-08-27 16:02:54,007 [ERROR] LogOutputStream:75 - [STDERR_REDIRECT] 
2026-08-27 16:02:55,023 [ERROR] LogOutputStream:75 - [STDERR_REDIRECT] [Fatal Error] :1:1: Premature end of file.
2026-08-27 16:02:55,023 [ERROR] LogOutputStream:75 - [STDERR_REDIRECT] 
2026-08-27 16:02:56,017 [ERROR] LogOutputStream:75 - [STDERR_REDIRECT] [Fatal Error] :1:1: Premature end of file.
2026-08-27 16:02:56,017 [ERROR] LogOutputStream:75 - [STDERR_REDIRECT] 
2026-08-27 16:02:57,007 [ERROR] LogOutputStream:75 - [STDERR_REDIRECT] [Fatal Error] :1:1: Premature end of file.
2026-08-27 16:02:57,007 [ERROR] LogOutputStream:75 - [STDERR_REDIRECT] 
2026-08-27 16:02:58,017 [ERROR] LogOutputStream:75 - [STDERR_REDIRECT] [Fatal Error] :1:1: Premature end of file.
2026-08-27 16:02:58,017 [ERROR] LogOutputStream:75 - [STDERR_REDIRECT] 
2026-08-27 16:02:59,024 [ERROR] LogOutputStream:75 - [STDERR_REDIRECT] [Fatal Error] :1:1: Premature end of file.
2026-08-27 16:02:59,024 [ERROR] LogOutputStream:75 - [STDERR_REDIRECT] 
2026-08-27 16:03:00,011 [ERROR] LogOutputStream:75 - [STDERR_REDIRECT] [Fatal Error] :1:1: Premature end of file.
2026-08-27 16:03:00,011 [ERROR] LogOutputStream:75 - [STDERR_REDIRECT] 
2026-08-27 16:03:01,010 [ERROR] LogOutputStream:75 - [STDERR_REDIRECT] [Fatal Error] :1:1: Premature end of file.
2026-08-27 16:03:01,010 [ERROR] LogOutputStream:75 - [STDERR_REDIRECT] 
2026-08-27 16:03:02,016 [ERROR] LogOutputStream:75 - [STDERR_REDIRECT] [Fatal Error] :1:1: Premature end of file.
2026-08-27 16:03:02,016 [ERROR] LogOutputStream:75 - [STDERR_REDIRECT] 
2026-08-27 16:03:03,033 [ERROR] LogOutputStream:75 - [STDERR_REDIRECT] [Fatal Error] :1:1: Premature end of file.
2026-08-27 16:03:03,033 [ERROR] LogOutputStream:75 - [STDERR_REDIRECT] 
2026-08-27 16:03:04,018 [ERROR] LogOutputStream:75 - [STDERR_REDIRECT] [Fatal Error] :1:1: Premature end of file.
2026-08-27 16:03:04,018 [ERROR] LogOutputStream:75 - [STDERR_REDIRECT] 
2026-08-27 16:03:05,007 [ERROR] LogOutputStream:75 - [STDERR_REDIRECT] [Fatal Error] :1:1: Premature end of file.
2026-08-27 16:03:05,007 [ERROR] LogOutputStream:75 - [STDERR_REDIRECT] 
2026-08-27 16:03:06,016 [ERROR] LogOutputStream:75 - [STDERR_REDIRECT] [Fatal Error] :1:1: Premature end of file.
2026-08-27 16:03:06,016 [ERROR] LogOutputStream:75 - [STDERR_REDIRECT] 
2026-08-27 16:03:07,026 [ERROR] LogOutputStream:75 - [STDERR_REDIRECT] [Fatal Error] :1:1: Premature end of file.
2026-08-27 16:03:07,027 [ERROR] LogOutputStream:75 - [STDERR_REDIRECT] 
2026-08-27 16:03:08,019 [ERROR] LogOutputStream:75 - [STDERR_REDIRECT] [Fatal Error] :1:1: Premature end of file.
2026-08-27 16:03:08,019 [ERROR] LogOutputStream:75 - [STDERR_REDIRECT] 
2026-08-27 16:03:09,020 [ERROR] LogOutputStream:75 - [STDERR_REDIRECT] [Fatal Error] :1:1: Premature end of file.
2026-08-27 16:03:09,020 [ERROR] LogOutputStream:75 - [STDERR_REDIRECT] 
2026-08-27 16:03:10,009 [ERROR] LogOutputStream:75 - [STDERR_REDIRECT] [Fatal Error] :1:1: Premature end of file.
2026-08-27 16:03:10,009 [ERROR] LogOutputStream:75 - [STDERR_REDIRECT] 
2026-08-27 16:03:11,025 [ERROR] LogOutputStream:75 - [STDERR_REDIRECT] [Fatal Error] :1:1: Premature end of file.
2026-08-27 16:03:11,025 [ERROR] LogOutputStream:75 - [STDERR_REDIRECT] 
2026-08-27 16:03:12,015 [ERROR] LogOutputStream:75 - [STDERR_REDIRECT] [Fatal Error] :1:1: Premature end of file.
2026-08-27 16:03:12,015 [ERROR] LogOutputStream:75 - [STDERR_REDIRECT] 
2026-08-27 16:03:13,016 [ERROR] LogOutputStream:75 - [STDERR_REDIRECT] [Fatal Error] :1:1: Premature end of file.
2026-08-27 16:03:13,016 [ERROR] LogOutputStream:75 - [STDERR_REDIRECT] 
2026-08-27 16:03:14,018 [ERROR] LogOutputStream:75 - [STDERR_REDIRECT] [Fatal Error] :1:1: Premature end of file.
2026-08-27 16:03:14,018 [ERROR] LogOutputStream:75 - [STDERR_REDIRECT] 
2026-08-27 16:03:15,016 [ERROR] LogOutputStream:75 - [STDERR_REDIRECT] [Fatal Error] :1:1: Premature end of file.
2026-08-27 16:03:15,016 [ERROR] LogOutputStream:75 - [STDERR_REDIRECT] 
2026-08-27 16:03:16,020 [ERROR] LogOutputStream:75 - [STDERR_REDIRECT] [Fatal Error] :1:1: Premature end of file.
2026-08-27 16:03:16,020 [ERROR] LogOutputStream:75 - [STDERR_REDIRECT] 
2026-08-27 16:03:17,017 [ERROR] LogOutputStream:75 - [STDERR_REDIRECT] [Fatal Error] :1:1: Premature end of file.
2026-08-27 16:03:17,017 [ERROR] LogOutputStream:75 - [STDERR_REDIRECT] 
2026-08-27 16:03:18,015 [ERROR] LogOutputStream:75 - [STDERR_REDIRECT] [Fatal Error] :1:1: Premature end of file.
2026-08-27 16:03:18,015 [ERROR] LogOutputStream:75 - [STDERR_REDIRECT] 
2026-08-27 16:03:19,021 [ERROR] LogOutputStream:75 - [STDERR_REDIRECT] [Fatal Error] :1:1: Premature end of file.
2026-08-27 16:03:19,021 [ERROR] LogOutputStream:75 - [STDERR_REDIRECT] 
2026-08-27 16:03:20,019 [ERROR] LogOutputStream:75 - [STDERR_REDIRECT] [Fatal Error] :1:1: Premature end of file.
2026-08-27 16:03:20,019 [ERROR] LogOutputStream:75 - [STDERR_REDIRECT] 
2026-08-27 16:03:21,014 [ERROR] LogOutputStream:75 - [STDERR_REDIRECT] [Fatal Error] :1:1: Premature end of file.
2026-08-27 16:03:21,014 [ERROR] LogOutputStream:75 - [STDERR_REDIRECT] 
2026-08-27 16:03:22,015 [ERROR] LogOutputStream:75 - [STDERR_REDIRECT] [Fatal Error] :1:1: Premature end of file.
2026-08-27 16:03:22,016 [ERROR] LogOutputStream:75 - [STDERR_REDIRECT] 
2026-08-27 16:03:23,019 [ERROR] LogOutputStream:75 - [STDERR_REDIRECT] [Fatal Error] :1:1: Premature end of file.
2026-08-27 16:03:23,019 [ERROR] LogOutputStream:75 - [STDERR_REDIRECT] 
2026-08-27 16:03:24,016 [ERROR] LogOutputStream:75 - [STDERR_REDIRECT] [Fatal Error] :1:1: Premature end of file.
2026-08-27 16:03:24,016 [ERROR] LogOutputStream:75 - [STDERR_REDIRECT] 
2026-08-27 16:03:25,018 [ERROR] LogOutputStream:75 - [STDERR_REDIRECT] [Fatal Error] :1:1: Premature end of file.
2026-08-27 16:03:25,019 [ERROR] LogOutputStream:75 - [STDERR_REDIRECT] 
2026-08-27 16:03:26,016 [ERROR] LogOutputStream:75 - [STDERR_REDIRECT] [Fatal Error] :1:1: Premature end of file.
2026-08-27 16:03:26,016 [ERROR] LogOutputStream:75 - [STDERR_REDIRECT] 
2026-08-27 16:03:27,016 [ERROR] LogOutputStream:75 - [STDERR_REDIRECT] [Fatal Error] :1:1: Premature end of file.
2026-08-27 16:03:27,016 [ERROR] LogOutputStream:75 - [STDERR_REDIRECT] 
2026-08-27 16:03:27,639 [INFO] McuFinderGlobals:63 - Set McuFinder mode to 2 (CubeIDE integrated)
2026-08-27 16:03:27,641 [INFO] MainUpdater:2872 - connection check result : 10
2026-08-27 16:03:27,642 [INFO] McuFinderGlobals:76 - Set McuFinderConnectedMode to true
2026-08-27 16:03:28,017 [ERROR] LogOutputStream:75 - [STDERR_REDIRECT] [Fatal Error] :1:1: Premature end of file.
2026-08-27 16:03:28,017 [ERROR] LogOutputStream:75 - [STDERR_REDIRECT] 
2026-08-27 16:03:28,063 [INFO] ServerAccessManage:452 - Complete download http(s) 200
2026-08-27 16:03:28,063 [INFO] ServerAccessManage:509 - Download File mcusAds.json._tmp_
2026-08-27 16:03:28,170 [INFO] LoadUrlFilesThread:156 - End of LoadUrlFiles Thread
2026-08-27 16:03:28,461 [INFO] ServerAccessManage:452 - Complete download http(s) 200
2026-08-27 16:03:28,462 [INFO] ServerAccessManage:509 - Download File cube-finder-db.zip
2026-08-27 16:03:29,008 [ERROR] LogOutputStream:75 - [STDERR_REDIRECT] [Fatal Error] :1:1: Premature end of file.
2026-08-27 16:03:29,008 [ERROR] LogOutputStream:75 - [STDERR_REDIRECT] 
2026-08-27 16:03:30,029 [ERROR] LogOutputStream:75 - [STDERR_REDIRECT] [Fatal Error] :1:1: Premature end of file.
2026-08-27 16:03:30,029 [ERROR] LogOutputStream:75 - [STDERR_REDIRECT] 
2026-08-27 16:03:31,007 [ERROR] LogOutputStream:75 - [STDERR_REDIRECT] [Fatal Error] :1:1: Premature end of file.
2026-08-27 16:03:31,007 [ERROR] LogOutputStream:75 - [STDERR_REDIRECT] 
2026-08-27 16:03:32,026 [ERROR] LogOutputStream:75 - [STDERR_REDIRECT] [Fatal Error] :1:1: Premature end of file.
2026-08-27 16:03:32,026 [ERROR] LogOutputStream:75 - [STDERR_REDIRECT] 
2026-08-27 16:03:33,007 [ERROR] LogOutputStream:75 - [STDERR_REDIRECT] [Fatal Error] :1:1: Premature end of file.
2026-08-27 16:03:33,007 [ERROR] LogOutputStream:75 - [STDERR_REDIRECT] 
2026-08-27 16:03:34,025 [ERROR] LogOutputStream:75 - [STDERR_REDIRECT] [Fatal Error] :1:1: Premature end of file.
2026-08-27 16:03:34,025 [ERROR] LogOutputStream:75 - [STDERR_REDIRECT] 
2026-08-27 16:03:35,007 [ERROR] LogOutputStream:75 - [STDERR_REDIRECT] [Fatal Error] :1:1: Premature end of file.
2026-08-27 16:03:35,007 [ERROR] LogOutputStream:75 - [STDERR_REDIRECT] 
2026-08-27 16:03:36,017 [ERROR] LogOutputStream:75 - [STDERR_REDIRECT] [Fatal Error] :1:1: Premature end of file.
2026-08-27 16:03:36,017 [ERROR] LogOutputStream:75 - [STDERR_REDIRECT] 
2026-08-27 16:03:37,018 [ERROR] LogOutputStream:75 - [STDERR_REDIRECT] [Fatal Error] :1:1: Premature end of file.
2026-08-27 16:03:37,018 [ERROR] LogOutputStream:75 - [STDERR_REDIRECT] 
2026-08-27 16:03:38,022 [ERROR] LogOutputStream:75 - [STDERR_REDIRECT] [Fatal Error] :1:1: Premature end of file.
2026-08-27 16:03:38,022 [ERROR] LogOutputStream:75 - [STDERR_REDIRECT] 
2026-08-27 16:03:39,038 [ERROR] LogOutputStream:75 - [STDERR_REDIRECT] [Fatal Error] :1:1: Premature end of file.
2026-08-27 16:03:39,038 [ERROR] LogOutputStream:75 - [STDERR_REDIRECT] 
2026-08-27 16:03:40,018 [ERROR] LogOutputStream:75 - [STDERR_REDIRECT] [Fatal Error] :1:1: Premature end of file.
2026-08-27 16:03:40,018 [ERROR] LogOutputStream:75 - [STDERR_REDIRECT] 
2026-08-27 16:03:41,007 [ERROR] LogOutputStream:75 - [STDERR_REDIRECT] [Fatal Error] :1:1: Premature end of file.
2026-08-27 16:03:41,007 [ERROR] LogOutputStream:75 - [STDERR_REDIRECT] 
2026-08-27 16:03:42,019 [ERROR] LogOutputStream:75 - [STDERR_REDIRECT] [Fatal Error] :1:1: Premature end of file.
2026-08-27 16:03:42,019 [ERROR] LogOutputStream:75 - [STDERR_REDIRECT] 
2026-08-27 16:03:43,018 [ERROR] LogOutputStream:75 - [STDERR_REDIRECT] [Fatal Error] :1:1: Premature end of file.
2026-08-27 16:03:43,018 [ERROR] LogOutputStream:75 - [STDERR_REDIRECT] 
2026-08-27 16:03:44,018 [ERROR] LogOutputStream:75 - [STDERR_REDIRECT] [Fatal Error] :1:1: Premature end of file.
2026-08-27 16:03:44,018 [ERROR] LogOutputStream:75 - [STDERR_REDIRECT] 
2026-08-27 16:03:45,016 [ERROR] LogOutputStream:75 - [STDERR_REDIRECT] [Fatal Error] :1:1: Premature end of file.
2026-08-27 16:03:45,016 [ERROR] LogOutputStream:75 - [STDERR_REDIRECT] 
2026-08-27 16:03:46,017 [ERROR] LogOutputStream:75 - [STDERR_REDIRECT] [Fatal Error] :1:1: Premature end of file.
2026-08-27 16:03:46,017 [ERROR] LogOutputStream:75 - [STDERR_REDIRECT] 
2026-08-27 16:03:47,017 [ERROR] LogOutputStream:75 - [STDERR_REDIRECT] [Fatal Error] :1:1: Premature end of file.
2026-08-27 16:03:47,017 [ERROR] LogOutputStream:75 - [STDERR_REDIRECT] 
2026-08-27 16:03:48,016 [ERROR] LogOutputStream:75 - [STDERR_REDIRECT] [Fatal Error] :1:1: Premature end of file.
2026-08-27 16:03:48,016 [ERROR] LogOutputStream:75 - [STDERR_REDIRECT] 
2026-08-27 16:03:49,016 [ERROR] LogOutputStream:75 - [STDERR_REDIRECT] [Fatal Error] :1:1: Premature end of file.
2026-08-27 16:03:49,016 [ERROR] LogOutputStream:75 - [STDERR_REDIRECT] 
2026-08-27 16:03:50,017 [ERROR] LogOutputStream:75 - [STDERR_REDIRECT] [Fatal Error] :1:1: Premature end of file.
2026-08-27 16:03:50,017 [ERROR] LogOutputStream:75 - [STDERR_REDIRECT] 
2026-08-27 16:03:51,015 [ERROR] LogOutputStream:75 - [STDERR_REDIRECT] [Fatal Error] :1:1: Premature end of file.
2026-08-27 16:03:51,015 [ERROR] LogOutputStream:75 - [STDERR_REDIRECT] 
2026-08-27 16:03:52,019 [ERROR] LogOutputStream:75 - [STDERR_REDIRECT] [Fatal Error] :1:1: Premature end of file.
2026-08-27 16:03:52,019 [ERROR] LogOutputStream:75 - [STDERR_REDIRECT] 
2026-08-27 16:03:53,016 [ERROR] LogOutputStream:75 - [STDERR_REDIRECT] [Fatal Error] :1:1: Premature end of file.
2026-08-27 16:03:53,016 [ERROR] LogOutputStream:75 - [STDERR_REDIRECT] 
2026-08-27 16:03:54,017 [ERROR] LogOutputStream:75 - [STDERR_REDIRECT] [Fatal Error] :1:1: Premature end of file.
2026-08-27 16:03:54,017 [ERROR] LogOutputStream:75 - [STDERR_REDIRECT] 
2026-08-27 16:03:55,019 [ERROR] LogOutputStream:75 - [STDERR_REDIRECT] [Fatal Error] :1:1: Premature end of file.
2026-08-27 16:03:55,019 [ERROR] LogOutputStream:75 - [STDERR_REDIRECT] 
2026-08-27 16:03:56,017 [ERROR] LogOutputStream:75 - [STDERR_REDIRECT] [Fatal Error] :1:1: Premature end of file.
2026-08-27 16:03:56,017 [ERROR] LogOutputStream:75 - [STDERR_REDIRECT] 
2026-08-27 16:03:57,016 [ERROR] LogOutputStream:75 - [STDERR_REDIRECT] [Fatal Error] :1:1: Premature end of file.
2026-08-27 16:03:57,016 [ERROR] LogOutputStream:75 - [STDERR_REDIRECT] 
2026-08-27 16:03:58,015 [ERROR] LogOutputStream:75 - [STDERR_REDIRECT] [Fatal Error] :1:1: Premature end of file.
2026-08-27 16:03:58,015 [ERROR] LogOutputStream:75 - [STDERR_REDIRECT] 
2026-08-27 16:03:59,016 [ERROR] LogOutputStream:75 - [STDERR_REDIRECT] [Fatal Error] :1:1: Premature end of file.
2026-08-27 16:03:59,016 [ERROR] LogOutputStream:75 - [STDERR_REDIRECT] 
2026-08-27 16:04:00,017 [ERROR] LogOutputStream:75 - [STDERR_REDIRECT] [Fatal Error] :1:1: Premature end of file.
2026-08-27 16:04:00,017 [ERROR] LogOutputStream:75 - [STDERR_REDIRECT] 
2026-08-27 16:04:01,016 [ERROR] LogOutputStream:75 - [STDERR_REDIRECT] [Fatal Error] :1:1: Premature end of file.
2026-08-27 16:04:01,016 [ERROR] LogOutputStream:75 - [STDERR_REDIRECT] 
2026-08-27 16:04:02,017 [ERROR] LogOutputStream:75 - [STDERR_REDIRECT] [Fatal Error] :1:1: Premature end of file.
2026-08-27 16:04:02,017 [ERROR] LogOutputStream:75 - [STDERR_REDIRECT] 
2026-08-27 16:04:03,015 [ERROR] LogOutputStream:75 - [STDERR_REDIRECT] [Fatal Error] :1:1: Premature end of file.
2026-08-27 16:04:03,015 [ERROR] LogOutputStream:75 - [STDERR_REDIRECT] 
2026-08-27 16:04:04,018 [ERROR] LogOutputStream:75 - [STDERR_REDIRECT] [Fatal Error] :1:1: Premature end of file.
2026-08-27 16:04:04,018 [ERROR] LogOutputStream:75 - [STDERR_REDIRECT] 
2026-08-27 16:04:05,014 [ERROR] LogOutputStream:75 - [STDERR_REDIRECT] [Fatal Error] :1:1: Premature end of file.
2026-08-27 16:04:05,014 [ERROR] LogOutputStream:75 - [STDERR_REDIRECT] 
2026-08-27 16:04:06,017 [ERROR] LogOutputStream:75 - [STDERR_REDIRECT] [Fatal Error] :1:1: Premature end of file.
2026-08-27 16:04:06,017 [ERROR] LogOutputStream:75 - [STDERR_REDIRECT] 
2026-08-27 16:04:07,017 [ERROR] LogOutputStream:75 - [STDERR_REDIRECT] [Fatal Error] :1:1: Premature end of file.
2026-08-27 16:04:07,017 [ERROR] LogOutputStream:75 - [STDERR_REDIRECT] 
2026-08-27 16:04:08,017 [ERROR] LogOutputStream:75 - [STDERR_REDIRECT] [Fatal Error] :1:1: Premature end of file.
2026-08-27 16:04:08,017 [ERROR] LogOutputStream:75 - [STDERR_REDIRECT] 
2026-08-27 16:04:09,017 [ERROR] LogOutputStream:75 - [STDERR_REDIRECT] [Fatal Error] :1:1: Premature end of file.
2026-08-27 16:04:09,017 [ERROR] LogOutputStream:75 - [STDERR_REDIRECT] 
2026-08-27 16:04:10,017 [ERROR] LogOutputStream:75 - [STDERR_REDIRECT] [Fatal Error] :1:1: Premature end of file.
2026-08-27 16:04:10,017 [ERROR] LogOutputStream:75 - [STDERR_REDIRECT] 
2026-08-27 16:04:11,016 [ERROR] LogOutputStream:75 - [STDERR_REDIRECT] [Fatal Error] :1:1: Premature end of file.
2026-08-27 16:04:11,016 [ERROR] LogOutputStream:75 - [STDERR_REDIRECT] 
2026-08-27 16:04:12,018 [ERROR] LogOutputStream:75 - [STDERR_REDIRECT] [Fatal Error] :1:1: Premature end of file.
2026-08-27 16:04:12,018 [ERROR] LogOutputStream:75 - [STDERR_REDIRECT] 
2026-08-27 16:04:13,020 [ERROR] LogOutputStream:75 - [STDERR_REDIRECT] [Fatal Error] :1:1: Premature end of file.
2026-08-27 16:04:13,020 [ERROR] LogOutputStream:75 - [STDERR_REDIRECT] 
2026-08-27 16:04:14,016 [ERROR] LogOutputStream:75 - [STDERR_REDIRECT] [Fatal Error] :1:1: Premature end of file.
2026-08-27 16:04:14,016 [ERROR] LogOutputStream:75 - [STDERR_REDIRECT] 
2026-08-27 16:04:15,015 [ERROR] LogOutputStream:75 - [STDERR_REDIRECT] [Fatal Error] :1:1: Premature end of file.
2026-08-27 16:04:15,015 [ERROR] LogOutputStream:75 - [STDERR_REDIRECT] 
2026-08-27 16:04:16,022 [ERROR] LogOutputStream:75 - [STDERR_REDIRECT] [Fatal Error] :1:1: Premature end of file.
2026-08-27 16:04:16,022 [ERROR] LogOutputStream:75 - [STDERR_REDIRECT] 
2026-08-27 16:04:17,011 [ERROR] LogOutputStream:75 - [STDERR_REDIRECT] [Fatal Error] :1:1: Premature end of file.
2026-08-27 16:04:17,011 [ERROR] LogOutputStream:75 - [STDERR_REDIRECT] 
2026-08-27 16:04:18,021 [ERROR] LogOutputStream:75 - [STDERR_REDIRECT] [Fatal Error] :1:1: Premature end of file.
2026-08-27 16:04:18,021 [ERROR] LogOutputStream:75 - [STDERR_REDIRECT] 
2026-08-27 16:04:19,006 [ERROR] LogOutputStream:75 - [STDERR_REDIRECT] [Fatal Error] :1:1: Premature end of file.
2026-08-27 16:04:19,006 [ERROR] LogOutputStream:75 - [STDERR_REDIRECT] 
2026-08-27 16:04:20,018 [ERROR] LogOutputStream:75 - [STDERR_REDIRECT] [Fatal Error] :1:1: Premature end of file.
2026-08-27 16:04:20,018 [ERROR] LogOutputStream:75 - [STDERR_REDIRECT] 
2026-08-27 16:04:21,017 [ERROR] LogOutputStream:75 - [STDERR_REDIRECT] [Fatal Error] :1:1: Premature end of file.
2026-08-27 16:04:21,017 [ERROR] LogOutputStream:75 - [STDERR_REDIRECT] 
2026-08-27 16:04:22,016 [ERROR] LogOutputStream:75 - [STDERR_REDIRECT] [Fatal Error] :1:1: Premature end of file.
2026-08-27 16:04:22,016 [ERROR] LogOutputStream:75 - [STDERR_REDIRECT] 
2026-08-27 16:04:23,016 [ERROR] LogOutputStream:75 - [STDERR_REDIRECT] [Fatal Error] :1:1: Premature end of file.
2026-08-27 16:04:23,016 [ERROR] LogOutputStream:75 - [STDERR_REDIRECT] 
2026-08-27 16:04:24,016 [ERROR] LogOutputStream:75 - [STDERR_REDIRECT] [Fatal Error] :1:1: Premature end of file.
2026-08-27 16:04:24,016 [ERROR] LogOutputStream:75 - [STDERR_REDIRECT] 
2026-08-27 16:04:25,016 [ERROR] LogOutputStream:75 - [STDERR_REDIRECT] [Fatal Error] :1:1: Premature end of file.
2026-08-27 16:04:25,016 [ERROR] LogOutputStream:75 - [STDERR_REDIRECT] 
2026-08-27 16:04:26,015 [ERROR] LogOutputStream:75 - [STDERR_REDIRECT] [Fatal Error] :1:1: Premature end of file.
2026-08-27 16:04:26,015 [ERROR] LogOutputStream:75 - [STDERR_REDIRECT] 
2026-08-27 16:04:27,016 [ERROR] LogOutputStream:75 - [STDERR_REDIRECT] [Fatal Error] :1:1: Premature end of file.
2026-08-27 16:04:27,016 [ERROR] LogOutputStream:75 - [STDERR_REDIRECT] 
2026-08-27 16:04:28,016 [ERROR] LogOutputStream:75 - [STDERR_REDIRECT] [Fatal Error] :1:1: Premature end of file.
2026-08-27 16:04:28,016 [ERROR] LogOutputStream:75 - [STDERR_REDIRECT] 
2026-08-27 16:04:29,017 [ERROR] LogOutputStream:75 - [STDERR_REDIRECT] [Fatal Error] :1:1: Premature end of file.
2026-08-27 16:04:29,017 [ERROR] LogOutputStream:75 - [STDERR_REDIRECT] 
2026-08-27 16:04:30,016 [ERROR] LogOutputStream:75 - [STDERR_REDIRECT] [Fatal Error] :1:1: Premature end of file.
2026-08-27 16:04:30,016 [ERROR] LogOutputStream:75 - [STDERR_REDIRECT] 
2026-08-27 16:04:31,017 [ERROR] LogOutputStream:75 - [STDERR_REDIRECT] [Fatal Error] :1:1: Premature end of file.
2026-08-27 16:04:31,017 [ERROR] LogOutputStream:75 - [STDERR_REDIRECT] 
2026-08-27 16:04:32,017 [ERROR] LogOutputStream:75 - [STDERR_REDIRECT] [Fatal Error] :1:1: Premature end of file.
2026-08-27 16:04:32,017 [ERROR] LogOutputStream:75 - [STDERR_REDIRECT] 
2026-08-27 16:04:33,017 [ERROR] LogOutputStream:75 - [STDERR_REDIRECT] [Fatal Error] :1:1: Premature end of file.
2026-08-27 16:04:33,017 [ERROR] LogOutputStream:75 - [STDERR_REDIRECT] 
2026-08-27 16:04:34,019 [ERROR] LogOutputStream:75 - [STDERR_REDIRECT] [Fatal Error] :1:1: Premature end of file.
2026-08-27 16:04:34,019 [ERROR] LogOutputStream:75 - [STDERR_REDIRECT] 
2026-08-27 16:04:35,017 [ERROR] LogOutputStream:75 - [STDERR_REDIRECT] [Fatal Error] :1:1: Premature end of file.
2026-08-27 16:04:35,017 [ERROR] LogOutputStream:75 - [STDERR_REDIRECT] 
2026-08-27 16:04:36,017 [ERROR] LogOutputStream:75 - [STDERR_REDIRECT] [Fatal Error] :1:1: Premature end of file.
2026-08-27 16:04:36,017 [ERROR] LogOutputStream:75 - [STDERR_REDIRECT] 
2026-08-27 16:04:37,017 [ERROR] LogOutputStream:75 - [STDERR_REDIRECT] [Fatal Error] :1:1: Premature end of file.
2026-08-27 16:04:37,017 [ERROR] LogOutputStream:75 - [STDERR_REDIRECT] 
2026-08-27 16:04:38,018 [ERROR] LogOutputStream:75 - [STDERR_REDIRECT] [Fatal Error] :1:1: Premature end of file.
2026-08-27 16:04:38,018 [ERROR] LogOutputStream:75 - [STDERR_REDIRECT] 
2026-08-27 16:04:39,018 [ERROR] LogOutputStream:75 - [STDERR_REDIRECT] [Fatal Error] :1:1: Premature end of file.
2026-08-27 16:04:39,018 [ERROR] LogOutputStream:75 - [STDERR_REDIRECT] 
2026-08-27 16:04:40,018 [ERROR] LogOutputStream:75 - [STDERR_REDIRECT] [Fatal Error] :1:1: Premature end of file.
2026-08-27 16:04:40,018 [ERROR] LogOutputStream:75 - [STDERR_REDIRECT] 
2026-08-27 16:04:41,019 [ERROR] LogOutputStream:75 - [STDERR_REDIRECT] [Fatal Error] :1:1: Premature end of file.
2026-08-27 16:04:41,019 [ERROR] LogOutputStream:75 - [STDERR_REDIRECT] 
2026-08-27 16:04:42,016 [ERROR] LogOutputStream:75 - [STDERR_REDIRECT] [Fatal Error] :1:1: Premature end of file.
2026-08-27 16:04:42,016 [ERROR] LogOutputStream:75 - [STDERR_REDIRECT] 
2026-08-27 16:04:43,016 [ERROR] LogOutputStream:75 - [STDERR_REDIRECT] [Fatal Error] :1:1: Premature end of file.
2026-08-27 16:04:43,016 [ERROR] LogOutputStream:75 - [STDERR_REDIRECT] 
2026-08-27 16:04:44,026 [ERROR] LogOutputStream:75 - [STDERR_REDIRECT] [Fatal Error] :1:1: Premature end of file.
2026-08-27 16:04:44,026 [ERROR] LogOutputStream:75 - [STDERR_REDIRECT] 
2026-08-27 16:04:45,008 [ERROR] LogOutputStream:75 - [STDERR_REDIRECT] [Fatal Error] :1:1: Premature end of file.
2026-08-27 16:04:45,008 [ERROR] LogOutputStream:75 - [STDERR_REDIRECT] 
2026-08-27 16:04:46,018 [ERROR] LogOutputStream:75 - [STDERR_REDIRECT] [Fatal Error] :1:1: Premature end of file.
2026-08-27 16:04:46,018 [ERROR] LogOutputStream:75 - [STDERR_REDIRECT] 
2026-08-27 16:04:47,016 [ERROR] LogOutputStream:75 - [STDERR_REDIRECT] [Fatal Error] :1:1: Premature end of file.
2026-08-27 16:04:47,016 [ERROR] LogOutputStream:75 - [STDERR_REDIRECT] 
2026-08-27 16:04:48,015 [ERROR] LogOutputStream:75 - [STDERR_REDIRECT] [Fatal Error] :1:1: Premature end of file.
2026-08-27 16:04:48,015 [ERROR] LogOutputStream:75 - [STDERR_REDIRECT] 
2026-08-27 16:04:49,018 [ERROR] LogOutputStream:75 - [STDERR_REDIRECT] [Fatal Error] :1:1: Premature end of file.
2026-08-27 16:04:49,018 [ERROR] LogOutputStream:75 - [STDERR_REDIRECT] 
2026-08-27 16:04:50,015 [ERROR] LogOutputStream:75 - [STDERR_REDIRECT] [Fatal Error] :1:1: Premature end of file.
2026-08-27 16:04:50,015 [ERROR] LogOutputStream:75 - [STDERR_REDIRECT] 
2026-08-27 16:04:51,018 [ERROR] LogOutputStream:75 - [STDERR_REDIRECT] [Fatal Error] :1:1: Premature end of file.
2026-08-27 16:04:51,018 [ERROR] LogOutputStream:75 - [STDERR_REDIRECT] 
2026-08-27 16:04:52,016 [ERROR] LogOutputStream:75 - [STDERR_REDIRECT] [Fatal Error] :1:1: Premature end of file.
2026-08-27 16:04:52,016 [ERROR] LogOutputStream:75 - [STDERR_REDIRECT] 
2026-08-27 16:04:53,008 [ERROR] LogOutputStream:75 - [STDERR_REDIRECT] [Fatal Error] :1:1: Premature end of file.
2026-08-27 16:04:53,008 [ERROR] LogOutputStream:75 - [STDERR_REDIRECT] 
2026-08-27 16:04:54,017 [ERROR] LogOutputStream:75 - [STDERR_REDIRECT] [Fatal Error] :1:1: Premature end of file.
2026-08-27 16:04:54,017 [ERROR] LogOutputStream:75 - [STDERR_REDIRECT] 
2026-08-27 16:04:55,017 [ERROR] LogOutputStream:75 - [STDERR_REDIRECT] [Fatal Error] :1:1: Premature end of file.
2026-08-27 16:04:55,017 [ERROR] LogOutputStream:75 - [STDERR_REDIRECT] 
2026-08-27 16:04:56,017 [ERROR] LogOutputStream:75 - [STDERR_REDIRECT] [Fatal Error] :1:1: Premature end of file.
2026-08-27 16:04:56,017 [ERROR] LogOutputStream:75 - [STDERR_REDIRECT] 
2026-08-27 16:04:57,019 [ERROR] LogOutputStream:75 - [STDERR_REDIRECT] [Fatal Error] :1:1: Premature end of file.
2026-08-27 16:04:57,019 [ERROR] LogOutputStream:75 - [STDERR_REDIRECT] 
2026-08-27 16:04:58,018 [ERROR] LogOutputStream:75 - [STDERR_REDIRECT] [Fatal Error] :1:1: Premature end of file.
2026-08-27 16:04:58,018 [ERROR] LogOutputStream:75 - [STDERR_REDIRECT] 
2026-08-27 16:04:58,210 [INFO] FileExtend:248 - Unzip File : cube-finder-db.zip
2026-08-27 16:04:58,210 [INFO] FileExtend:263 - Standard Zip Deflate
2026-08-27 16:04:58,721 [INFO] LoadUrlFilesThread:156 - End of LoadUrlFiles Thread
2026-08-27 16:04:59,027 [ERROR] LogOutputStream:75 - [STDERR_REDIRECT] [Fatal Error] :1:1: Premature end of file.
2026-08-27 16:04:59,027 [ERROR] LogOutputStream:75 - [STDERR_REDIRECT] 
2026-08-27 16:05:00,009 [ERROR] LogOutputStream:75 - [STDERR_REDIRECT] [Fatal Error] :1:1: Premature end of file.
2026-08-27 16:05:00,009 [ERROR] LogOutputStream:75 - [STDERR_REDIRECT] 
2026-08-27 16:05:01,016 [ERROR] LogOutputStream:75 - [STDERR_REDIRECT] [Fatal Error] :1:1: Premature end of file.
2026-08-27 16:05:01,016 [ERROR] LogOutputStream:75 - [STDERR_REDIRECT] 
2026-08-27 16:05:02,014 [ERROR] LogOutputStream:75 - [STDERR_REDIRECT] [Fatal Error] :1:1: Premature end of file.
2026-08-27 16:05:02,014 [ERROR] LogOutputStream:75 - [STDERR_REDIRECT] 
2026-08-27 16:05:03,014 [ERROR] LogOutputStream:75 - [STDERR_REDIRECT] [Fatal Error] :1:1: Premature end of file.
2026-08-27 16:05:03,014 [ERROR] LogOutputStream:75 - [STDERR_REDIRECT] 
2026-08-27 16:05:04,016 [ERROR] LogOutputStream:75 - [STDERR_REDIRECT] [Fatal Error] :1:1: Premature end of file.
2026-08-27 16:05:04,016 [ERROR] LogOutputStream:75 - [STDERR_REDIRECT] 
2026-08-27 16:05:05,015 [ERROR] LogOutputStream:75 - [STDERR_REDIRECT] [Fatal Error] :1:1: Premature end of file.
2026-08-27 16:05:05,015 [ERROR] LogOutputStream:75 - [STDERR_REDIRECT] 
2026-08-27 16:05:06,016 [ERROR] LogOutputStream:75 - [STDERR_REDIRECT] [Fatal Error] :1:1: Premature end of file.
2026-08-27 16:05:06,016 [ERROR] LogOutputStream:75 - [STDERR_REDIRECT] 
2026-08-27 16:05:07,016 [ERROR] LogOutputStream:75 - [STDERR_REDIRECT] [Fatal Error] :1:1: Premature end of file.
2026-08-27 16:05:07,016 [ERROR] LogOutputStream:75 - [STDERR_REDIRECT] 
2026-08-27 16:05:08,015 [ERROR] LogOutputStream:75 - [STDERR_REDIRECT] [Fatal Error] :1:1: Premature end of file.
2026-08-27 16:05:08,015 [ERROR] LogOutputStream:75 - [STDERR_REDIRECT] 
2026-08-27 16:05:09,017 [ERROR] LogOutputStream:75 - [STDERR_REDIRECT] [Fatal Error] :1:1: Premature end of file.
2026-08-27 16:05:09,017 [ERROR] LogOutputStream:75 - [STDERR_REDIRECT] 
2026-08-27 16:05:10,017 [ERROR] LogOutputStream:75 - [STDERR_REDIRECT] [Fatal Error] :1:1: Premature end of file.
2026-08-27 16:05:10,017 [ERROR] LogOutputStream:75 - [STDERR_REDIRECT] 
2026-08-27 16:05:11,017 [ERROR] LogOutputStream:75 - [STDERR_REDIRECT] [Fatal Error] :1:1: Premature end of file.
2026-08-27 16:05:11,017 [ERROR] LogOutputStream:75 - [STDERR_REDIRECT] 
2026-08-27 16:05:12,016 [ERROR] LogOutputStream:75 - [STDERR_REDIRECT] [Fatal Error] :1:1: Premature end of file.
2026-08-27 16:05:12,016 [ERROR] LogOutputStream:75 - [STDERR_REDIRECT] 
2026-08-27 16:05:13,014 [ERROR] LogOutputStream:75 - [STDERR_REDIRECT] [Fatal Error] :1:1: Premature end of file.
2026-08-27 16:05:13,014 [ERROR] LogOutputStream:75 - [STDERR_REDIRECT] 
2026-08-27 16:05:14,021 [ERROR] LogOutputStream:75 - [STDERR_REDIRECT] [Fatal Error] :1:1: Premature end of file.
2026-08-27 16:05:14,021 [ERROR] LogOutputStream:75 - [STDERR_REDIRECT] 
2026-08-27 16:05:14,312 [ERROR] ServerAccessManage:1295 - Problem during Server Connection :  IO error Connection reset
2026-08-27 16:05:14,313 [ERROR] ServerAccessManage:740 - Problem during Server Connection :  : crdb.zip.
2026-08-27 16:05:15,008 [ERROR] LogOutputStream:75 - [STDERR_REDIRECT] [Fatal Error] :1:1: Premature end of file.
2026-08-27 16:05:15,008 [ERROR] LogOutputStream:75 - [STDERR_REDIRECT] 
2026-08-27 16:05:16,016 [ERROR] LogOutputStream:75 - [STDERR_REDIRECT] [Fatal Error] :1:1: Premature end of file.
2026-08-27 16:05:16,016 [ERROR] LogOutputStream:75 - [STDERR_REDIRECT] 
2026-08-27 16:05:17,017 [ERROR] LogOutputStream:75 - [STDERR_REDIRECT] [Fatal Error] :1:1: Premature end of file.
2026-08-27 16:05:17,017 [ERROR] LogOutputStream:75 - [STDERR_REDIRECT] 
2026-08-27 16:05:18,016 [ERROR] LogOutputStream:75 - [STDERR_REDIRECT] [Fatal Error] :1:1: Premature end of file.
2026-08-27 16:05:18,016 [ERROR] LogOutputStream:75 - [STDERR_REDIRECT] 
2026-08-27 16:05:19,019 [ERROR] LogOutputStream:75 - [STDERR_REDIRECT] [Fatal Error] :1:1: Premature end of file.
2026-08-27 16:05:19,019 [ERROR] LogOutputStream:75 - [STDERR_REDIRECT] 
2026-08-27 16:05:20,018 [ERROR] LogOutputStream:75 - [STDERR_REDIRECT] [Fatal Error] :1:1: Premature end of file.
2026-08-27 16:05:20,018 [ERROR] LogOutputStream:75 - [STDERR_REDIRECT] 
2026-08-27 16:05:21,018 [ERROR] LogOutputStream:75 - [STDERR_REDIRECT] [Fatal Error] :1:1: Premature end of file.
2026-08-27 16:05:21,018 [ERROR] LogOutputStream:75 - [STDERR_REDIRECT] 
2026-08-27 16:05:22,017 [ERROR] LogOutputStream:75 - [STDERR_REDIRECT] [Fatal Error] :1:1: Premature end of file.
2026-08-27 16:05:22,017 [ERROR] LogOutputStream:75 - [STDERR_REDIRECT] 
2026-08-27 16:05:23,019 [ERROR] LogOutputStream:75 - [STDERR_REDIRECT] [Fatal Error] :1:1: Premature end of file.
2026-08-27 16:05:23,019 [ERROR] LogOutputStream:75 - [STDERR_REDIRECT] 
2026-08-27 16:05:24,016 [ERROR] LogOutputStream:75 - [STDERR_REDIRECT] [Fatal Error] :1:1: Premature end of file.
2026-08-27 16:05:24,016 [ERROR] LogOutputStream:75 - [STDERR_REDIRECT] 
2026-08-27 16:05:25,016 [ERROR] LogOutputStream:75 - [STDERR_REDIRECT] [Fatal Error] :1:1: Premature end of file.
2026-08-27 16:05:25,016 [ERROR] LogOutputStream:75 - [STDERR_REDIRECT] 
2026-08-27 16:05:25,335 [INFO] LoadUrlFilesThread:156 - End of LoadUrlFiles Thread
2026-08-27 16:05:26,016 [ERROR] LogOutputStream:75 - [STDERR_REDIRECT] [Fatal Error] :1:1: Premature end of file.
2026-08-27 16:05:26,016 [ERROR] LogOutputStream:75 - [STDERR_REDIRECT] 
2026-08-27 16:05:26,829 [INFO] DbMcusAds:53 - JSON generation date=Wed Jul 15 15:14:54 IST 2026 (1784108694001)
2026-08-27 16:05:26,839 [ERROR] TargetSelectorAdapter:267 - Unable to refresh data
2026-08-27 16:05:27,016 [ERROR] LogOutputStream:75 - [STDERR_REDIRECT] [Fatal Error] :1:1: Premature end of file.
2026-08-27 16:05:27,016 [ERROR] LogOutputStream:75 - [STDERR_REDIRECT] 
2026-08-27 16:05:27,047 [INFO] ApiDb:581 - Connected to CubeFinder SQLite database (C:\Users\student\.stmcufinder\plugins\mcufinder\mcu\cube-finder-db.db)
2026-08-27 16:05:27,106 [INFO] ApiDb:668 - CubeFinder database Data Model version=2.1
2026-08-27 16:05:27,106 [INFO] ApiDb:669 - CubeFinder database Configuration version=3.0.42
2026-08-27 16:05:27,107 [INFO] ApiDb:670 - CubeFinder database generation date=2026-08-04 (1785840812)
2026-08-27 16:05:27,107 [INFO] ApiDb:671 - CubeFinder database FW Pack versions=[FP-ATR-ASTRA1_V2.0.0, FP-SNS-FLIGHT1_V5.1.0, FP-SNS-MOTENV1_V5.1.0, FP-SNS-MOTENVWB1_V1.5.0, FP-SNS-SMARTAG2_V1.2.0, FP-SNS-STBOX1_V2.1.0, STM32Cube_FW_C0_V1.4.1, STM32Cube_FW_F4_V1.28.3, STM32Cube_FW_F7_V1.17.4, STM32Cube_FW_G0_V1.6.3, STM32Cube_FW_G4_V1.6.2, STM32Cube_FW_H5_V1.7.0, STM32Cube_FW_H7RS_V1.3.0, STM32Cube_FW_H7_V1.13.0, STM32Cube_FW_L0_V1.12.2, STM32Cube_FW_L4_V1.18.2, STM32Cube_FW_L5_V1.6.0, STM32Cube_FW_N6_V1.4.0, STM32Cube_FW_U0_V1.3.0, STM32Cube_FW_U3_V1.4.0, STM32Cube_FW_U5_V1.9.0, STM32Cube_FW_WB0_V1.5.0, STM32Cube_FW_WBA_V1.10.0, STM32Cube_FW_WB_V1.24.0, STM32Cube_FW_WL3_V1.5.0, STM32Cube_FW_WL_V1.6.0, X-CUBE-ALGOBUILD_V1.5.0, X-CUBE-ALS_V1.0.2, X-CUBE-AZRTOS-F4_V1.1.0, X-CUBE-AZRTOS-F7_V1.1.0, X-CUBE-AZRTOS-G0_V1.1.0, X-CUBE-AZRTOS-G4_V2.0.0, X-CUBE-AZRTOS-H7RS_V1.3.0, X-CUBE-AZRTOS-H7_V3.5.0, X-CUBE-AZRTOS-L4_V2.0.0, X-CUBE-AZRTOS-L5_V2.0.0, X-CUBE-AZRTOS-WB_V2.0.0, X-CUBE-AZRTOS-WL_V2.0.0, X-CUBE-BLE1_V7.1.0, X-CUBE-BLE2_V3.3.0, X-CUBE-BLEMGR_V4.2.0, X-CUBE-EEPRMA1_V5.2.0, X-CUBE-FREERTOS_V1.6.0, X-CUBE-GNSS1_V7.1.1, X-CUBE-MEMS1_V13.0.0, X-CUBE-NFC4_V3.0.0, X-CUBE-NFC7_V2.0.0, X-CUBE-SFXS2LP1_V4.0.0, X-CUBE-ST67W61_V1.3.0, X-CUBE-SUBG2_V5.0.0, X-CUBE-TOF1_V3.4.3]
2026-08-27 16:05:28,017 [ERROR] LogOutputStream:75 - [STDERR_REDIRECT] [Fatal Error] :1:1: Premature end of file.
2026-08-27 16:05:28,017 [ERROR] LogOutputStream:75 - [STDERR_REDIRECT] 
2026-08-27 16:05:28,831 [INFO] ApiDb:240 - Found 880 in-development CPN: [B-G473E-ZEST1S, B-WB1M-WPAN1, B-WBA5M-WPAN, B-WL5M-SUBG1, NUCLEO-C031C6, NUCLEO-C051C8, NUCLEO-C071RB, NUCLEO-C092RC, NUCLEO-H503RB, NUCLEO-H533RE, NUCLEO-H563ZI, NUCLEO-H7S3L8, NUCLEO-N657X0-Q, NUCLEO-U031R8, NUCLEO-U083RC, NUCLEO-U385RG-Q, NUCLEO-U545RE-Q, NUCLEO-U5A5ZJ-Q, NUCLEO-WB05KZ, NUCLEO-WB07CC, NUCLEO-WB09KE, NUCLEO-WBA52CG, NUCLEO-WBA55CG, NUCLEO-WL33CC1, NUCLEO-WL33CC2, STEVAL-PROTEUS1, STEVAL-SMARTAG2, STEVAL-STWINBX1, STM320518-EVAL, STM32C0116-DK, STM32C011D6Y3TR, STM32C011D6Y6TR, STM32C011F4P3, STM32C011F4P6, STM32C011F4U3, STM32C011F4U6TR, STM32C011F6P3, STM32C011F6P6, STM32C011F6U3, STM32C011F6U6TR, STM32C011J4M3, STM32C011J4M6, STM32C011J6M3, STM32C011J6M6, STM32C0316-DK, STM32C031C4T3, STM32C031C4T6, STM32C031C4U3, STM32C031C4U6, STM32C031C6T3, STM32C031C6T6, STM32C031C6U3, STM32C031C6U6, STM32C031F4P3, STM32C031F4P6, STM32C031F6P3, STM32C031F6P6, STM32C031G4U3, STM32C031G4U6, STM32C031G6U3, STM32C031G6U6, STM32C031K4T3, STM32C031K4T6, STM32C031K4U3, STM32C031K4U6, STM32C031K6T3, STM32C031K6T6, STM32C031K6U3, STM32C031K6U6, STM32C051C6T6, STM32C051C6U6, STM32C051C8T6, STM32C051C8U6, STM32C051D8Y6TR, STM32C051F6P6, STM32C051F8P6, STM32C051G6U6, STM32C051G8U6, STM32C051K6T6, STM32C051K6U6, STM32C051K8T6, STM32C071C8T6, STM32C071C8T6N, STM32C071C8U6, STM32C071C8U6N, STM32C071CBT6, STM32C071CBT6N, STM32C071CBU6, STM32C071CBU6N, STM32C071F8P6, STM32C071F8P6N, STM32C071FBP6, STM32C071FBP6N, STM32C071FBY6TR, STM32C071G8U6, STM32C071G8U6N, STM32C071GBU6, STM32C071GBU6N, STM32C071K8T6, STM32C071K8T6N, STM32C071K8U6, STM32C071K8U6N, STM32C071KBT6, STM32C071KBT6N, STM32C071KBU6, STM32C071KBU6N, STM32C071R8T6, STM32C071R8T6N, STM32C071RBI6N, STM32C071RBT6, STM32C071RBT6N, STM32C091CBT6, STM32C091CBU6, STM32C091CCT6, STM32C091CCU6, STM32C091ECY6TR, STM32C091FBP6, STM32C091FCP6, STM32C091GBU6, STM32C091GCU6, STM32C091KBT6, STM32C091KBU6, STM32C091KCT6, STM32C091KCU6, STM32C091RBT6, STM32C091RCI6, STM32C091RCT6, STM32C092CBT6, STM32C092CBU6, STM32C092CCT6, STM32C092CCU6, STM32C092ECY6TR, STM32C092FBP6, STM32C092FCP6, STM32C092GBU6, STM32C092GCU6, STM32C092KBT6, STM32C092KBU6, STM32C092KCT6, STM32C092KCU6, STM32C092RBT6, STM32C092RCI6, STM32C092RCT6, STM32G071K8TXN, STM32G071K8UXN, STM32G081GBU6N, STM32G081KBT6N, STM32G081KBUXN, STM32G0B1CCT6N, STM32G0B1KCT6, STM32G0B1NEY6TR, STM32G0B1RCT6N, STM32G0C1CCT6, STM32G0C1CCT6N, STM32G0C1CCU6N, STM32G0C1CET6N, STM32G0C1CEU6N, STM32G0C1KCT6, STM32G0C1NEY6TR, STM32G0C1RCI6N, STM32G0C1RCT6N, STM32G0C1REI6N, STM32G0C1RET6N, STM32G0C1VCI6, STM32G0C1VEI6, STM32G411C6T3, STM32G411C6T6, STM32G411C6U3, STM32G411C6U6, STM32G411C8T3, STM32G411C8T6, STM32G411C8U3, STM32G411C8U6, STM32G411CBT3, STM32G411CBT6, STM32G411CBU3, STM32G411CBU6, STM32G411K6T3, STM32G411K6T6, STM32G411K6U3, STM32G411K6U6, STM32G411K8T3, STM32G411K8T6, STM32G411K8U3, STM32G411K8U6, STM32G411KBT3, STM32G411KBT6, STM32G411KBU3, STM32G411KBU6, STM32G411M6T3, STM32G411M6T6, STM32G411M8T3, STM32G411M8T6, STM32G411MBT3, STM32G411MBT6, STM32G411R6T3, STM32G411R6T6, STM32G411R8T3, STM32G411R8T6, STM32G411RBT3, STM32G411RBT6, STM32G414CBT3, STM32G414CBT6, STM32G414CBU3, STM32G414CBU6, STM32G414CCT3, STM32G414CCT6, STM32G414CCU3, STM32G414CCU6, STM32G414MBT3, STM32G414MBT6, STM32G414MCT3, STM32G414MCT6, STM32G414RBT3, STM32G414RBT6, STM32G414RCT3, STM32G414RCT6, STM32G414VBT3, STM32G414VBT6, STM32G414VCT3, STM32G414VCT6, STM32G431CBT3Z, STM32G431RBT3Z, STM32G471CCT6, STM32G471CCU6, STM32G471CET3, STM32G471CET6, STM32G471CEU3, STM32G471CEU6, STM32G471MCT6, STM32G471MET3, STM32G471MET6, STM32G471MEY6TR, STM32G471QCT6, STM32G471QET3, STM32G471RCT6, STM32G471RET3, STM32G471RET6, STM32G471VCH6, STM32G471VCI6, STM32G471VCT6, STM32G471VEH3, STM32G471VEH6, STM32G471VEI3, STM32G471VEI6, STM32G471VET3, STM32G471VET6, STM32G473QET3Z, STM32G473RET3Z, STM32G474CCT6, STM32G491RET3Z, STM32H503CBT6, STM32H503CBU6, STM32H503EBY6TR, STM32H503KBU6, STM32H503RBT6, STM32H523CCT6, STM32H523CCU6, STM32H523CET6, STM32H523CEU6, STM32H523HEY6TR, STM32H523RCT6, STM32H523RET6, STM32H523VCI6, STM32H523VCT6, STM32H523VEI6, STM32H523VET6, STM32H523ZCJ6, STM32H523ZCT6, STM32H523ZEJ6, STM32H523ZET6, STM32H533CET6, STM32H533CEU6, STM32H533HEY6TR, STM32H533RET6, STM32H533VEI6, STM32H533VET6, STM32H533ZEJ6, STM32H533ZET6, STM32H562AGI6, STM32H562AII6, STM32H562IGK6, STM32H562IGT6, STM32H562IIK6, STM32H562IIT6, STM32H562RGT6, STM32H562RGV6, STM32H562RIT6, STM32H562RIV6, STM32H562VGT6, STM32H562VIT6, STM32H562ZGT6, STM32H562ZIT6, STM32H563AGI6, STM32H563AII3Q, STM32H563AII6, STM32H563IGK6, STM32H563IGT6, STM32H563IIK3Q, STM32H563IIK6, STM32H563IIT3Q, STM32H563IIT6, STM32H563MIY3QTR, STM32H563RGT6, STM32H563RGV6, STM32H563RIT6, STM32H563RIV6, STM32H563VGT6, STM32H563VIT3Q, STM32H563VIT6, STM32H563ZGT6, STM32H563ZIT3Q, STM32H563ZIT6, STM32H573AII3Q, STM32H573AII6, STM32H573I-DK, STM32H573IIK3Q, STM32H573IIK6, STM32H573IIT3Q, STM32H573IIT6, STM32H573MIY3QTR, STM32H573RIT6, STM32H573RIV6, STM32H573VIT3Q, STM32H573VIT6, STM32H573ZIT3Q, STM32H573ZIT6, STM32H7R3A8I6, STM32H7R3I8K6, STM32H7R3I8T6, STM32H7R3L8H6, STM32H7R3L8H6H, STM32H7R3R8V6, STM32H7R3V8H6, STM32H7R3V8T6, STM32H7R3V8Y6TR, STM32H7R3Z8J6, STM32H7R3Z8T6, STM32H7R7A8I6, STM32H7R7I8K6, STM32H7R7I8T6, STM32H7R7L8H6, STM32H7R7L8H6H, STM32H7R7Z8J6, STM32H7S3A8I6, STM32H7S3I8K6, STM32H7S3I8T6, STM32H7S3L8H6, STM32H7S3L8H6H, STM32H7S3R8V6, STM32H7S3V8H6, STM32H7S3V8T6, STM32H7S3V8Y6TR, STM32H7S3Z8J6, STM32H7S3Z8T6, STM32H7S78-DK, STM32H7S7A8I6, STM32H7S7I8K6, STM32H7S7I8T6, STM32H7S7L8H6, STM32H7S7L8H6H, STM32H7S7Z8J6, STM32L4R5QGI6STR, STM32MP131AAE3, STM32MP131AAF3, STM32MP131AAG3, STM32MP131CAE3, STM32MP131CAF3, STM32MP131CAG3, STM32MP131DAE7, STM32MP131DAF7, STM32MP131DAG7, STM32MP131FAE7, STM32MP131FAF7, STM32MP131FAG7, STM32MP133AAE3, STM32MP133AAF3, STM32MP133AAG3, STM32MP133CAE3, STM32MP133CAF3, STM32MP133CAG3, STM32MP133DAE7, STM32MP133DAF7, STM32MP133DAG7, STM32MP133FAE7, STM32MP133FAF7, STM32MP133FAG7, STM32MP135AAE3, STM32MP135AAF3, STM32MP135AAG3, STM32MP135CAE3, STM32MP135CAF3, STM32MP135CAG3, STM32MP135DAE7, STM32MP135DAF7, STM32MP135DAG7, STM32MP135F-DK, STM32MP135FAE7, STM32MP135FAF7, STM32MP135FAF7T, STM32MP135FAF7U, STM32MP135FAG7, STM32MP211AAL3, STM32MP211AAM3, STM32MP211AAN3, STM32MP211AAO3, STM32MP211CAL3, STM32MP211CAM3, STM32MP211CAN3, STM32MP211CAO3, STM32MP211DAL3, STM32MP211DAM3, STM32MP211DAN3, STM32MP211DAO3, STM32MP211FAL3, STM32MP211FAM3, STM32MP211FAN3, STM32MP211FAO3, STM32MP213AAL3, STM32MP213AAM3, STM32MP213AAN3, STM32MP213AAO3, STM32MP213CAL3, STM32MP213CAM3, STM32MP213CAN3, STM32MP213CAO3, STM32MP213DAL3, STM32MP213DAM3, STM32MP213DAN3, STM32MP213DAO3, STM32MP213FAL3, STM32MP213FAM3, STM32MP213FAN3, STM32MP213FAO3, STM32MP215AAL3, STM32MP215AAM3, STM32MP215AAN3, STM32MP215AAO3, STM32MP215CAL3, STM32MP215CAM3, STM32MP215CAN3, STM32MP215CAO3, STM32MP215DAL3, STM32MP215DAM3, STM32MP215DAN3, STM32MP215DAO3, STM32MP215F-DK, STM32MP215FAL3, STM32MP215FAM3, STM32MP215FAN3, STM32MP215FAO3, STM32MP231AAJ3, STM32MP231AAK3, STM32MP231AAL3, STM32MP231CAJ3, STM32MP231CAK3, STM32MP231CAL3, STM32MP231DAJ3, STM32MP231DAK3, STM32MP231DAL3, STM32MP231FAJ3, STM32MP231FAK3, STM32MP231FAL3, STM32MP233AAJ3, STM32MP233AAK3, STM32MP233AAL3, STM32MP233CAJ3, STM32MP233CAK3, STM32MP233CAL3, STM32MP233DAJ3, STM32MP233DAK3, STM32MP233DAL3, STM32MP233FAJ3, STM32MP233FAK3, STM32MP233FAL3, STM32MP235AAJ3, STM32MP235AAK3, STM32MP235AAL3, STM32MP235CAJ3, STM32MP235CAK3, STM32MP235CAL3, STM32MP235DAJ3, STM32MP235DAK3, STM32MP235DAL3, STM32MP235FAJ3, STM32MP235FAK3, STM32MP235FAL3, STM32MP251AAI3, STM32MP251AAK3, STM32MP251AAL3, STM32MP251CAI3, STM32MP251CAK3, STM32MP251CAL3, STM32MP251DAI3, STM32MP251DAK3, STM32MP251DAL3, STM32MP251FAI3, STM32MP251FAK3, STM32MP251FAL3, STM32MP253AAI3, STM32MP253AAK3, STM32MP253AAL3, STM32MP253CAI3, STM32MP253CAK3, STM32MP253CAL3, STM32MP253DAI3, STM32MP253DAK3, STM32MP253DAL3, STM32MP253FAI3, STM32MP253FAK3, STM32MP253FAL3, STM32MP255AAI3, STM32MP255AAK3, STM32MP255AAL3, STM32MP255CAI3, STM32MP255CAK3, STM32MP255CAL3, STM32MP255DAI3, STM32MP255DAK3, STM32MP255DAL3, STM32MP255FAI3, STM32MP255FAK3, STM32MP255FAL3, STM32MP257AAI3, STM32MP257AAK3, STM32MP257AAL3, STM32MP257CAI3, STM32MP257CAK3, STM32MP257CAL3, STM32MP257DAI3, STM32MP257DAK3, STM32MP257DAL3, STM32MP257F-DK, STM32MP257F-EV1, STM32MP257FAI3, STM32MP257FAK3, STM32MP257FAL3, STM32N645A0H3Q, STM32N645B0H3Q, STM32N645I0H3Q, STM32N645L0H3Q, STM32N645X0H3Q, STM32N645Z0H3Q, STM32N647A0H3Q, STM32N647B0H3Q, STM32N647I0H3Q, STM32N647L0H3Q, STM32N647X0H3Q, STM32N647Z0H3Q, STM32N655A0H3Q, STM32N655B0H3Q, STM32N655I0H3Q, STM32N655L0H3Q, STM32N655X0H3Q, STM32N655Z0H3Q, STM32N6570-DK, STM32N657A0H3Q, STM32N657B0H3Q, STM32N657I0H3Q, STM32N657L0H3Q, STM32N657X0H3Q, STM32N657Z0H3Q, STM32U031C6T6, STM32U031C6U6, STM32U031C8T6, STM32U031C8U6, STM32U031F4P6, STM32U031F6P6, STM32U031F8P6, STM32U031G6Y6TR, STM32U031G8Y6TR, STM32U031K4U6, STM32U031K6U6, STM32U031K8U6, STM32U031R6I6, STM32U031R6T6, STM32U031R8I6, STM32U031R8T6, STM32U073C8T6, STM32U073C8U6, STM32U073CBT6, STM32U073CBU6, STM32U073CCT6, STM32U073CCU6, STM32U073H8Y6TR, STM32U073HBY6TR, STM32U073HCY6TR, STM32U073K8U6, STM32U073KBU6, STM32U073KCU6, STM32U073M8I6, STM32U073M8T6, STM32U073MBI6, STM32U073MBT6, STM32U073MCI6, STM32U073MCT6, STM32U073R8I6, STM32U073R8T6, STM32U073RBI6, STM32U073RBT6, STM32U073RCI6, STM32U073RCT6, STM32U083C-DK, STM32U083CCT6, STM32U083CCU6, STM32U083HCY6TR, STM32U083KCU6, STM32U083MCI6, STM32U083MCT6, STM32U083RCI6, STM32U083RCT6, STM32U375CET6, STM32U375CET6Q, STM32U375CEU6, STM32U375CEU6Q, STM32U375CEY6QTR, STM32U375CGT6, STM32U375CGT6Q, STM32U375CGU6, STM32U375CGU6Q, STM32U375CGY6QTR, STM32U375KEU6, STM32U375KGU6, STM32U375REI6, STM32U375REI6Q, STM32U375RET6, STM32U375RET6Q, STM32U375REY6GTR, STM32U375REY6QTR, STM32U375RGI6, STM32U375RGI6Q, STM32U375RGT6, STM32U375RGT6Q, STM32U375RGY6GTR, STM32U375RGY6QTR, STM32U375VEI6, STM32U375VEI6Q, STM32U375VET6, STM32U375VET6Q, STM32U375VGI6, STM32U375VGI6Q, STM32U375VGT6, STM32U375VGT6Q, STM32U385CGT6, STM32U385CGT6Q, STM32U385CGU6, STM32U385CGU6Q, STM32U385CGY6QTR, STM32U385KGU6, STM32U385RGI6, STM32U385RGI6Q, STM32U385RGT6, STM32U385RGT6Q, STM32U385RGY6GTR, STM32U385RGY6QTR, STM32U385VGI6, STM32U385VGI6Q, STM32U385VGT6, STM32U385VGT6Q, STM32U535CBT6, STM32U535CBT6Q, STM32U535CBU6, STM32U535CBU6Q, STM32U535CCT6, STM32U535CCT6Q, STM32U535CCU6, STM32U535CCU6Q, STM32U535CET6, STM32U535CET6Q, STM32U535CEU6, STM32U535CEU6Q, STM32U535JEY6QTR, STM32U535NCY6QTR, STM32U535NEY6QTR, STM32U535RBI6, STM32U535RBI6Q, STM32U535RBT6, STM32U535RBT6Q, STM32U535RCI6, STM32U535RCI6Q, STM32U535RCT6, STM32U535RCT6Q, STM32U535REI6, STM32U535REI6Q, STM32U535RET6, STM32U535RET6Q, STM32U535VCI6, STM32U535VCI6Q, STM32U535VCT6, STM32U535VCT6Q, STM32U535VEI6, STM32U535VEI6Q, STM32U535VET6, STM32U535VET6Q, STM32U545CET6, STM32U545CET6Q, STM32U545CEU6, STM32U545CEU6Q, STM32U545JEY6QTR, STM32U545NEY6QTR, STM32U545REI6, STM32U545REI6Q, STM32U545RET6, STM32U545RET6Q, STM32U545VEI6, STM32U545VEI6Q, STM32U545VET6, STM32U545VET6Q, STM32U595AIH6, STM32U595AIH6Q, STM32U595AJH6, STM32U595AJH6Q, STM32U595QII6, STM32U595QII6Q, STM32U595QJI6, STM32U595QJI6Q, STM32U595RIT6, STM32U595RIT6Q, STM32U595RJT6, STM32U595RJT6Q, STM32U595VIT6, STM32U595VIT6Q, STM32U595VJT6, STM32U595VJT6Q, STM32U595ZIT6, STM32U595ZIT6Q, STM32U595ZIY6QTR, STM32U595ZJT6, STM32U595ZJT6Q, STM32U595ZJY6QTR, STM32U599BJY6QTR, STM32U599NIH6Q, STM32U599NJH6Q, STM32U599VIT6Q, STM32U599VJT6, STM32U599VJT6Q, STM32U599ZIT6Q, STM32U599ZIY6QTR, STM32U599ZJT6Q, STM32U599ZJY6QTR, STM32U5A5AJH6, STM32U5A5AJH6Q, STM32U5A5QII3Q , STM32U5A5QJI6, STM32U5A5QJI6Q, STM32U5A5RJT6, STM32U5A5RJT6Q, STM32U5A5VJT6, STM32U5A5VJT6Q, STM32U5A5ZJT6, STM32U5A5ZJT6Q, STM32U5A5ZJY6QTR, STM32U5A9BJY6QTR, STM32U5A9J-DK, STM32U5A9NJH6Q, STM32U5A9VJT6Q, STM32U5A9ZJT6Q, STM32U5A9ZJY6QTR, STM32U5F7VIT6, STM32U5F7VIT6Q, STM32U5F7VJT6, STM32U5F7VJT6Q, STM32U5F9BJY6QTR, STM32U5F9NJH6Q, STM32U5F9VIT6Q, STM32U5F9VJT6Q, STM32U5F9ZIJ6QTR, STM32U5F9ZIT6Q, STM32U5F9ZJJ6QTR, STM32U5F9ZJT6Q, STM32U5G7VJT6, STM32U5G7VJT6Q, STM32U5G9BJY6QTR, STM32U5G9J-DK1, STM32U5G9J-DK2, STM32U5G9NJH6Q, STM32U5G9VJT6Q, STM32U5G9ZJJ6QTR, STM32U5G9ZJT6Q, STM32WB05KZV6TR, STM32WB05KZV7TR, STM32WB05TZF6TR, STM32WB05TZF7TR, STM32WB06CCF6TR, STM32WB06CCF7TR, STM32WB06CCV6TR, STM32WB06CCV7TR, STM32WB06KCV6TR, STM32WB06KCV7TR, STM32WB07CCF6TR, STM32WB07CCF7TR, STM32WB07CCV6TR, STM32WB07CCV7TR, STM32WB07KCV6TR, STM32WB07KCV7TR, STM32WB09KEV6TR, STM32WB09KEV7TR, STM32WB09TEF6TR, STM32WB09TEF7TR, STM32WB1MMCH6, STM32WBA50KGU6, STM32WBA50KGU6TR, STM32WBA52CEU6, STM32WBA52CEU6TR, STM32WBA52CEU7, STM32WBA52CEU7TR, STM32WBA52CGU6, STM32WBA52CGU6TR, STM32WBA52CGU6U, STM32WBA52CGU7, STM32WBA52CGU7TR, STM32WBA52KEU6, STM32WBA52KEU6TR, STM32WBA52KGU6, STM32WBA52KGU6TR, STM32WBA54CEU6, STM32WBA54CEU6TR, STM32WBA54CEU7, STM32WBA54CEU7TR, STM32WBA54CGU6, STM32WBA54CGU6TR, STM32WBA54CGU7, STM32WBA54CGU7TR, STM32WBA54KEU6, STM32WBA54KEU6TR, STM32WBA54KEU7, STM32WBA54KEU7TR, STM32WBA54KGU6, STM32WBA54KGU6TR, STM32WBA54KGU7, STM32WBA54KGU7TR, STM32WBA55CEU6, STM32WBA55CEU6TR, STM32WBA55CEU7, STM32WBA55CEU7TR, STM32WBA55CGU6, STM32WBA55CGU6TR, STM32WBA55CGU6U, STM32WBA55CGU7, STM32WBA55CGU7TR, STM32WBA55G-DK1, STM32WBA55HEF6, STM32WBA55HEF7, STM32WBA55HGF6, STM32WBA55HGF7, STM32WBA55UEI6, STM32WBA55UEI6TR, STM32WBA55UEI7, STM32WBA55UEI7TR, STM32WBA55UGI6, STM32WBA55UGI6TR, STM32WBA55UGI7, STM32WBA55UGI7TR, STM32WBA5MMGH6TR, STM32WBA62MGF6, STM32WBA62MIF6, STM32WBA65MGF7, STM32WBA65MIF6, STM32WBA65MIF7, STM32WL30K8V6, STM32WL30KBV6, STM32WL31C8V6, STM32WL31CBV6, STM32WL31K8V6, STM32WL31KBV6, STM32WL33C8V6, STM32WL33C8V6X, STM32WL33CBV6, STM32WL33CBV6X, STM32WL33CCV6, STM32WL33CCV6A, STM32WL33CCV6X, STM32WL33K8V7, STM32WL33K8V7X, STM32WL33KBV7 , STM32WL33KBV7X, STM32WL33KCV7, STM32WL33KCV7X, STM32WL5MOCH6, STM32WL5MOCH6TR]
2026-08-27 16:05:28,841 [INFO] DbMcus:218 - Found 5314 MCUs, 5126 are supported
2026-08-27 16:05:28,841 [INFO] ApiDb:414 - User favorites file not found: C:\Users\student/.stm32cubeide/favorites.mcus.txt
2026-08-27 16:05:28,841 [INFO] DbMcus:224 - Set 0 / 0 favorites MCUs
2026-08-27 16:05:29,018 [ERROR] LogOutputStream:75 - [STDERR_REDIRECT] [Fatal Error] :1:1: Premature end of file.
2026-08-27 16:05:29,018 [ERROR] LogOutputStream:75 - [STDERR_REDIRECT] 
2026-08-27 16:05:29,147 [INFO] ApiDb:668 - CubeFinder database Data Model version=2.1
2026-08-27 16:05:29,147 [INFO] ApiDb:669 - CubeFinder database Configuration version=3.0.42
2026-08-27 16:05:29,148 [INFO] ApiDb:670 - CubeFinder database generation date=2026-08-04 (1785840812)
2026-08-27 16:05:29,148 [INFO] ApiDb:671 - CubeFinder database FW Pack versions=[FP-ATR-ASTRA1_V2.0.0, FP-SNS-FLIGHT1_V5.1.0, FP-SNS-MOTENV1_V5.1.0, FP-SNS-MOTENVWB1_V1.5.0, FP-SNS-SMARTAG2_V1.2.0, FP-SNS-STBOX1_V2.1.0, STM32Cube_FW_C0_V1.4.1, STM32Cube_FW_F4_V1.28.3, STM32Cube_FW_F7_V1.17.4, STM32Cube_FW_G0_V1.6.3, STM32Cube_FW_G4_V1.6.2, STM32Cube_FW_H5_V1.7.0, STM32Cube_FW_H7RS_V1.3.0, STM32Cube_FW_H7_V1.13.0, STM32Cube_FW_L0_V1.12.2, STM32Cube_FW_L4_V1.18.2, STM32Cube_FW_L5_V1.6.0, STM32Cube_FW_N6_V1.4.0, STM32Cube_FW_U0_V1.3.0, STM32Cube_FW_U3_V1.4.0, STM32Cube_FW_U5_V1.9.0, STM32Cube_FW_WB0_V1.5.0, STM32Cube_FW_WBA_V1.10.0, STM32Cube_FW_WB_V1.24.0, STM32Cube_FW_WL3_V1.5.0, STM32Cube_FW_WL_V1.6.0, X-CUBE-ALGOBUILD_V1.5.0, X-CUBE-ALS_V1.0.2, X-CUBE-AZRTOS-F4_V1.1.0, X-CUBE-AZRTOS-F7_V1.1.0, X-CUBE-AZRTOS-G0_V1.1.0, X-CUBE-AZRTOS-G4_V2.0.0, X-CUBE-AZRTOS-H7RS_V1.3.0, X-CUBE-AZRTOS-H7_V3.5.0, X-CUBE-AZRTOS-L4_V2.0.0, X-CUBE-AZRTOS-L5_V2.0.0, X-CUBE-AZRTOS-WB_V2.0.0, X-CUBE-AZRTOS-WL_V2.0.0, X-CUBE-BLE1_V7.1.0, X-CUBE-BLE2_V3.3.0, X-CUBE-BLEMGR_V4.2.0, X-CUBE-EEPRMA1_V5.2.0, X-CUBE-FREERTOS_V1.6.0, X-CUBE-GNSS1_V7.1.1, X-CUBE-MEMS1_V13.0.0, X-CUBE-NFC4_V3.0.0, X-CUBE-NFC7_V2.0.0, X-CUBE-SFXS2LP1_V4.0.0, X-CUBE-ST67W61_V1.3.0, X-CUBE-SUBG2_V5.0.0, X-CUBE-TOF1_V3.4.3]
2026-08-27 16:05:29,181 [INFO] DbBoardsSqlite:226 - include board P-NUCLEO-WB55-NUCLEO as a kit item of type 'Nucleo-64'
2026-08-27 16:05:29,181 [INFO] DbBoardsSqlite:226 - include board P-NUCLEO-WB55-USBDONGLE as a kit item of type 'Nucleo USB Dongle'
2026-08-27 16:05:29,181 [INFO] DbBoardsSqlite:226 - include board STEVAL-IDP005V1 as a kit item of type 'Evaluation Board'
2026-08-27 16:05:29,182 [INFO] DbBoardsSqlite:226 - include board STEVAL-IDP005V2 as a kit item of type 'Evaluation Board'
2026-08-27 16:05:29,237 [INFO] ApiDb:240 - Found 880 in-development CPN: [B-G473E-ZEST1S, B-WB1M-WPAN1, B-WBA5M-WPAN, B-WL5M-SUBG1, NUCLEO-C031C6, NUCLEO-C051C8, NUCLEO-C071RB, NUCLEO-C092RC, NUCLEO-H503RB, NUCLEO-H533RE, NUCLEO-H563ZI, NUCLEO-H7S3L8, NUCLEO-N657X0-Q, NUCLEO-U031R8, NUCLEO-U083RC, NUCLEO-U385RG-Q, NUCLEO-U545RE-Q, NUCLEO-U5A5ZJ-Q, NUCLEO-WB05KZ, NUCLEO-WB07CC, NUCLEO-WB09KE, NUCLEO-WBA52CG, NUCLEO-WBA55CG, NUCLEO-WL33CC1, NUCLEO-WL33CC2, STEVAL-PROTEUS1, STEVAL-SMARTAG2, STEVAL-STWINBX1, STM320518-EVAL, STM32C0116-DK, STM32C011D6Y3TR, STM32C011D6Y6TR, STM32C011F4P3, STM32C011F4P6, STM32C011F4U3, STM32C011F4U6TR, STM32C011F6P3, STM32C011F6P6, STM32C011F6U3, STM32C011F6U6TR, STM32C011J4M3, STM32C011J4M6, STM32C011J6M3, STM32C011J6M6, STM32C0316-DK, STM32C031C4T3, STM32C031C4T6, STM32C031C4U3, STM32C031C4U6, STM32C031C6T3, STM32C031C6T6, STM32C031C6U3, STM32C031C6U6, STM32C031F4P3, STM32C031F4P6, STM32C031F6P3, STM32C031F6P6, STM32C031G4U3, STM32C031G4U6, STM32C031G6U3, STM32C031G6U6, STM32C031K4T3, STM32C031K4T6, STM32C031K4U3, STM32C031K4U6, STM32C031K6T3, STM32C031K6T6, STM32C031K6U3, STM32C031K6U6, STM32C051C6T6, STM32C051C6U6, STM32C051C8T6, STM32C051C8U6, STM32C051D8Y6TR, STM32C051F6P6, STM32C051F8P6, STM32C051G6U6, STM32C051G8U6, STM32C051K6T6, STM32C051K6U6, STM32C051K8T6, STM32C071C8T6, STM32C071C8T6N, STM32C071C8U6, STM32C071C8U6N, STM32C071CBT6, STM32C071CBT6N, STM32C071CBU6, STM32C071CBU6N, STM32C071F8P6, STM32C071F8P6N, STM32C071FBP6, STM32C071FBP6N, STM32C071FBY6TR, STM32C071G8U6, STM32C071G8U6N, STM32C071GBU6, STM32C071GBU6N, STM32C071K8T6, STM32C071K8T6N, STM32C071K8U6, STM32C071K8U6N, STM32C071KBT6, STM32C071KBT6N, STM32C071KBU6, STM32C071KBU6N, STM32C071R8T6, STM32C071R8T6N, STM32C071RBI6N, STM32C071RBT6, STM32C071RBT6N, STM32C091CBT6, STM32C091CBU6, STM32C091CCT6, STM32C091CCU6, STM32C091ECY6TR, STM32C091FBP6, STM32C091FCP6, STM32C091GBU6, STM32C091GCU6, STM32C091KBT6, STM32C091KBU6, STM32C091KCT6, STM32C091KCU6, STM32C091RBT6, STM32C091RCI6, STM32C091RCT6, STM32C092CBT6, STM32C092CBU6, STM32C092CCT6, STM32C092CCU6, STM32C092ECY6TR, STM32C092FBP6, STM32C092FCP6, STM32C092GBU6, STM32C092GCU6, STM32C092KBT6, STM32C092KBU6, STM32C092KCT6, STM32C092KCU6, STM32C092RBT6, STM32C092RCI6, STM32C092RCT6, STM32G071K8TXN, STM32G071K8UXN, STM32G081GBU6N, STM32G081KBT6N, STM32G081KBUXN, STM32G0B1CCT6N, STM32G0B1KCT6, STM32G0B1NEY6TR, STM32G0B1RCT6N, STM32G0C1CCT6, STM32G0C1CCT6N, STM32G0C1CCU6N, STM32G0C1CET6N, STM32G0C1CEU6N, STM32G0C1KCT6, STM32G0C1NEY6TR, STM32G0C1RCI6N, STM32G0C1RCT6N, STM32G0C1REI6N, STM32G0C1RET6N, STM32G0C1VCI6, STM32G0C1VEI6, STM32G411C6T3, STM32G411C6T6, STM32G411C6U3, STM32G411C6U6, STM32G411C8T3, STM32G411C8T6, STM32G411C8U3, STM32G411C8U6, STM32G411CBT3, STM32G411CBT6, STM32G411CBU3, STM32G411CBU6, STM32G411K6T3, STM32G411K6T6, STM32G411K6U3, STM32G411K6U6, STM32G411K8T3, STM32G411K8T6, STM32G411K8U3, STM32G411K8U6, STM32G411KBT3, STM32G411KBT6, STM32G411KBU3, STM32G411KBU6, STM32G411M6T3, STM32G411M6T6, STM32G411M8T3, STM32G411M8T6, STM32G411MBT3, STM32G411MBT6, STM32G411R6T3, STM32G411R6T6, STM32G411R8T3, STM32G411R8T6, STM32G411RBT3, STM32G411RBT6, STM32G414CBT3, STM32G414CBT6, STM32G414CBU3, STM32G414CBU6, STM32G414CCT3, STM32G414CCT6, STM32G414CCU3, STM32G414CCU6, STM32G414MBT3, STM32G414MBT6, STM32G414MCT3, STM32G414MCT6, STM32G414RBT3, STM32G414RBT6, STM32G414RCT3, STM32G414RCT6, STM32G414VBT3, STM32G414VBT6, STM32G414VCT3, STM32G414VCT6, STM32G431CBT3Z, STM32G431RBT3Z, STM32G471CCT6, STM32G471CCU6, STM32G471CET3, STM32G471CET6, STM32G471CEU3, STM32G471CEU6, STM32G471MCT6, STM32G471MET3, STM32G471MET6, STM32G471MEY6TR, STM32G471QCT6, STM32G471QET3, STM32G471RCT6, STM32G471RET3, STM32G471RET6, STM32G471VCH6, STM32G471VCI6, STM32G471VCT6, STM32G471VEH3, STM32G471VEH6, STM32G471VEI3, STM32G471VEI6, STM32G471VET3, STM32G471VET6, STM32G473QET3Z, STM32G473RET3Z, STM32G474CCT6, STM32G491RET3Z, STM32H503CBT6, STM32H503CBU6, STM32H503EBY6TR, STM32H503KBU6, STM32H503RBT6, STM32H523CCT6, STM32H523CCU6, STM32H523CET6, STM32H523CEU6, STM32H523HEY6TR, STM32H523RCT6, STM32H523RET6, STM32H523VCI6, STM32H523VCT6, STM32H523VEI6, STM32H523VET6, STM32H523ZCJ6, STM32H523ZCT6, STM32H523ZEJ6, STM32H523ZET6, STM32H533CET6, STM32H533CEU6, STM32H533HEY6TR, STM32H533RET6, STM32H533VEI6, STM32H533VET6, STM32H533ZEJ6, STM32H533ZET6, STM32H562AGI6, STM32H562AII6, STM32H562IGK6, STM32H562IGT6, STM32H562IIK6, STM32H562IIT6, STM32H562RGT6, STM32H562RGV6, STM32H562RIT6, STM32H562RIV6, STM32H562VGT6, STM32H562VIT6, STM32H562ZGT6, STM32H562ZIT6, STM32H563AGI6, STM32H563AII3Q, STM32H563AII6, STM32H563IGK6, STM32H563IGT6, STM32H563IIK3Q, STM32H563IIK6, STM32H563IIT3Q, STM32H563IIT6, STM32H563MIY3QTR, STM32H563RGT6, STM32H563RGV6, STM32H563RIT6, STM32H563RIV6, STM32H563VGT6, STM32H563VIT3Q, STM32H563VIT6, STM32H563ZGT6, STM32H563ZIT3Q, STM32H563ZIT6, STM32H573AII3Q, STM32H573AII6, STM32H573I-DK, STM32H573IIK3Q, STM32H573IIK6, STM32H573IIT3Q, STM32H573IIT6, STM32H573MIY3QTR, STM32H573RIT6, STM32H573RIV6, STM32H573VIT3Q, STM32H573VIT6, STM32H573ZIT3Q, STM32H573ZIT6, STM32H7R3A8I6, STM32H7R3I8K6, STM32H7R3I8T6, STM32H7R3L8H6, STM32H7R3L8H6H, STM32H7R3R8V6, STM32H7R3V8H6, STM32H7R3V8T6, STM32H7R3V8Y6TR, STM32H7R3Z8J6, STM32H7R3Z8T6, STM32H7R7A8I6, STM32H7R7I8K6, STM32H7R7I8T6, STM32H7R7L8H6, STM32H7R7L8H6H, STM32H7R7Z8J6, STM32H7S3A8I6, STM32H7S3I8K6, STM32H7S3I8T6, STM32H7S3L8H6, STM32H7S3L8H6H, STM32H7S3R8V6, STM32H7S3V8H6, STM32H7S3V8T6, STM32H7S3V8Y6TR, STM32H7S3Z8J6, STM32H7S3Z8T6, STM32H7S78-DK, STM32H7S7A8I6, STM32H7S7I8K6, STM32H7S7I8T6, STM32H7S7L8H6, STM32H7S7L8H6H, STM32H7S7Z8J6, STM32L4R5QGI6STR, STM32MP131AAE3, STM32MP131AAF3, STM32MP131AAG3, STM32MP131CAE3, STM32MP131CAF3, STM32MP131CAG3, STM32MP131DAE7, STM32MP131DAF7, STM32MP131DAG7, STM32MP131FAE7, STM32MP131FAF7, STM32MP131FAG7, STM32MP133AAE3, STM32MP133AAF3, STM32MP133AAG3, STM32MP133CAE3, STM32MP133CAF3, STM32MP133CAG3, STM32MP133DAE7, STM32MP133DAF7, STM32MP133DAG7, STM32MP133FAE7, STM32MP133FAF7, STM32MP133FAG7, STM32MP135AAE3, STM32MP135AAF3, STM32MP135AAG3, STM32MP135CAE3, STM32MP135CAF3, STM32MP135CAG3, STM32MP135DAE7, STM32MP135DAF7, STM32MP135DAG7, STM32MP135F-DK, STM32MP135FAE7, STM32MP135FAF7, STM32MP135FAF7T, STM32MP135FAF7U, STM32MP135FAG7, STM32MP211AAL3, STM32MP211AAM3, STM32MP211AAN3, STM32MP211AAO3, STM32MP211CAL3, STM32MP211CAM3, STM32MP211CAN3, STM32MP211CAO3, STM32MP211DAL3, STM32MP211DAM3, STM32MP211DAN3, STM32MP211DAO3, STM32MP211FAL3, STM32MP211FAM3, STM32MP211FAN3, STM32MP211FAO3, STM32MP213AAL3, STM32MP213AAM3, STM32MP213AAN3, STM32MP213AAO3, STM32MP213CAL3, STM32MP213CAM3, STM32MP213CAN3, STM32MP213CAO3, STM32MP213DAL3, STM32MP213DAM3, STM32MP213DAN3, STM32MP213DAO3, STM32MP213FAL3, STM32MP213FAM3, STM32MP213FAN3, STM32MP213FAO3, STM32MP215AAL3, STM32MP215AAM3, STM32MP215AAN3, STM32MP215AAO3, STM32MP215CAL3, STM32MP215CAM3, STM32MP215CAN3, STM32MP215CAO3, STM32MP215DAL3, STM32MP215DAM3, STM32MP215DAN3, STM32MP215DAO3, STM32MP215F-DK, STM32MP215FAL3, STM32MP215FAM3, STM32MP215FAN3, STM32MP215FAO3, STM32MP231AAJ3, STM32MP231AAK3, STM32MP231AAL3, STM32MP231CAJ3, STM32MP231CAK3, STM32MP231CAL3, STM32MP231DAJ3, STM32MP231DAK3, STM32MP231DAL3, STM32MP231FAJ3, STM32MP231FAK3, STM32MP231FAL3, STM32MP233AAJ3, STM32MP233AAK3, STM32MP233AAL3, STM32MP233CAJ3, STM32MP233CAK3, STM32MP233CAL3, STM32MP233DAJ3, STM32MP233DAK3, STM32MP233DAL3, STM32MP233FAJ3, STM32MP233FAK3, STM32MP233FAL3, STM32MP235AAJ3, STM32MP235AAK3, STM32MP235AAL3, STM32MP235CAJ3, STM32MP235CAK3, STM32MP235CAL3, STM32MP235DAJ3, STM32MP235DAK3, STM32MP235DAL3, STM32MP235FAJ3, STM32MP235FAK3, STM32MP235FAL3, STM32MP251AAI3, STM32MP251AAK3, STM32MP251AAL3, STM32MP251CAI3, STM32MP251CAK3, STM32MP251CAL3, STM32MP251DAI3, STM32MP251DAK3, STM32MP251DAL3, STM32MP251FAI3, STM32MP251FAK3, STM32MP251FAL3, STM32MP253AAI3, STM32MP253AAK3, STM32MP253AAL3, STM32MP253CAI3, STM32MP253CAK3, STM32MP253CAL3, STM32MP253DAI3, STM32MP253DAK3, STM32MP253DAL3, STM32MP253FAI3, STM32MP253FAK3, STM32MP253FAL3, STM32MP255AAI3, STM32MP255AAK3, STM32MP255AAL3, STM32MP255CAI3, STM32MP255CAK3, STM32MP255CAL3, STM32MP255DAI3, STM32MP255DAK3, STM32MP255DAL3, STM32MP255FAI3, STM32MP255FAK3, STM32MP255FAL3, STM32MP257AAI3, STM32MP257AAK3, STM32MP257AAL3, STM32MP257CAI3, STM32MP257CAK3, STM32MP257CAL3, STM32MP257DAI3, STM32MP257DAK3, STM32MP257DAL3, STM32MP257F-DK, STM32MP257F-EV1, STM32MP257FAI3, STM32MP257FAK3, STM32MP257FAL3, STM32N645A0H3Q, STM32N645B0H3Q, STM32N645I0H3Q, STM32N645L0H3Q, STM32N645X0H3Q, STM32N645Z0H3Q, STM32N647A0H3Q, STM32N647B0H3Q, STM32N647I0H3Q, STM32N647L0H3Q, STM32N647X0H3Q, STM32N647Z0H3Q, STM32N655A0H3Q, STM32N655B0H3Q, STM32N655I0H3Q, STM32N655L0H3Q, STM32N655X0H3Q, STM32N655Z0H3Q, STM32N6570-DK, STM32N657A0H3Q, STM32N657B0H3Q, STM32N657I0H3Q, STM32N657L0H3Q, STM32N657X0H3Q, STM32N657Z0H3Q, STM32U031C6T6, STM32U031C6U6, STM32U031C8T6, STM32U031C8U6, STM32U031F4P6, STM32U031F6P6, STM32U031F8P6, STM32U031G6Y6TR, STM32U031G8Y6TR, STM32U031K4U6, STM32U031K6U6, STM32U031K8U6, STM32U031R6I6, STM32U031R6T6, STM32U031R8I6, STM32U031R8T6, STM32U073C8T6, STM32U073C8U6, STM32U073CBT6, STM32U073CBU6, STM32U073CCT6, STM32U073CCU6, STM32U073H8Y6TR, STM32U073HBY6TR, STM32U073HCY6TR, STM32U073K8U6, STM32U073KBU6, STM32U073KCU6, STM32U073M8I6, STM32U073M8T6, STM32U073MBI6, STM32U073MBT6, STM32U073MCI6, STM32U073MCT6, STM32U073R8I6, STM32U073R8T6, STM32U073RBI6, STM32U073RBT6, STM32U073RCI6, STM32U073RCT6, STM32U083C-DK, STM32U083CCT6, STM32U083CCU6, STM32U083HCY6TR, STM32U083KCU6, STM32U083MCI6, STM32U083MCT6, STM32U083RCI6, STM32U083RCT6, STM32U375CET6, STM32U375CET6Q, STM32U375CEU6, STM32U375CEU6Q, STM32U375CEY6QTR, STM32U375CGT6, STM32U375CGT6Q, STM32U375CGU6, STM32U375CGU6Q, STM32U375CGY6QTR, STM32U375KEU6, STM32U375KGU6, STM32U375REI6, STM32U375REI6Q, STM32U375RET6, STM32U375RET6Q, STM32U375REY6GTR, STM32U375REY6QTR, STM32U375RGI6, STM32U375RGI6Q, STM32U375RGT6, STM32U375RGT6Q, STM32U375RGY6GTR, STM32U375RGY6QTR, STM32U375VEI6, STM32U375VEI6Q, STM32U375VET6, STM32U375VET6Q, STM32U375VGI6, STM32U375VGI6Q, STM32U375VGT6, STM32U375VGT6Q, STM32U385CGT6, STM32U385CGT6Q, STM32U385CGU6, STM32U385CGU6Q, STM32U385CGY6QTR, STM32U385KGU6, STM32U385RGI6, STM32U385RGI6Q, STM32U385RGT6, STM32U385RGT6Q, STM32U385RGY6GTR, STM32U385RGY6QTR, STM32U385VGI6, STM32U385VGI6Q, STM32U385VGT6, STM32U385VGT6Q, STM32U535CBT6, STM32U535CBT6Q, STM32U535CBU6, STM32U535CBU6Q, STM32U535CCT6, STM32U535CCT6Q, STM32U535CCU6, STM32U535CCU6Q, STM32U535CET6, STM32U535CET6Q, STM32U535CEU6, STM32U535CEU6Q, STM32U535JEY6QTR, STM32U535NCY6QTR, STM32U535NEY6QTR, STM32U535RBI6, STM32U535RBI6Q, STM32U535RBT6, STM32U535RBT6Q, STM32U535RCI6, STM32U535RCI6Q, STM32U535RCT6, STM32U535RCT6Q, STM32U535REI6, STM32U535REI6Q, STM32U535RET6, STM32U535RET6Q, STM32U535VCI6, STM32U535VCI6Q, STM32U535VCT6, STM32U535VCT6Q, STM32U535VEI6, STM32U535VEI6Q, STM32U535VET6, STM32U535VET6Q, STM32U545CET6, STM32U545CET6Q, STM32U545CEU6, STM32U545CEU6Q, STM32U545JEY6QTR, STM32U545NEY6QTR, STM32U545REI6, STM32U545REI6Q, STM32U545RET6, STM32U545RET6Q, STM32U545VEI6, STM32U545VEI6Q, STM32U545VET6, STM32U545VET6Q, STM32U595AIH6, STM32U595AIH6Q, STM32U595AJH6, STM32U595AJH6Q, STM32U595QII6, STM32U595QII6Q, STM32U595QJI6, STM32U595QJI6Q, STM32U595RIT6, STM32U595RIT6Q, STM32U595RJT6, STM32U595RJT6Q, STM32U595VIT6, STM32U595VIT6Q, STM32U595VJT6, STM32U595VJT6Q, STM32U595ZIT6, STM32U595ZIT6Q, STM32U595ZIY6QTR, STM32U595ZJT6, STM32U595ZJT6Q, STM32U595ZJY6QTR, STM32U599BJY6QTR, STM32U599NIH6Q, STM32U599NJH6Q, STM32U599VIT6Q, STM32U599VJT6, STM32U599VJT6Q, STM32U599ZIT6Q, STM32U599ZIY6QTR, STM32U599ZJT6Q, STM32U599ZJY6QTR, STM32U5A5AJH6, STM32U5A5AJH6Q, STM32U5A5QII3Q , STM32U5A5QJI6, STM32U5A5QJI6Q, STM32U5A5RJT6, STM32U5A5RJT6Q, STM32U5A5VJT6, STM32U5A5VJT6Q, STM32U5A5ZJT6, STM32U5A5ZJT6Q, STM32U5A5ZJY6QTR, STM32U5A9BJY6QTR, STM32U5A9J-DK, STM32U5A9NJH6Q, STM32U5A9VJT6Q, STM32U5A9ZJT6Q, STM32U5A9ZJY6QTR, STM32U5F7VIT6, STM32U5F7VIT6Q, STM32U5F7VJT6, STM32U5F7VJT6Q, STM32U5F9BJY6QTR, STM32U5F9NJH6Q, STM32U5F9VIT6Q, STM32U5F9VJT6Q, STM32U5F9ZIJ6QTR, STM32U5F9ZIT6Q, STM32U5F9ZJJ6QTR, STM32U5F9ZJT6Q, STM32U5G7VJT6, STM32U5G7VJT6Q, STM32U5G9BJY6QTR, STM32U5G9J-DK1, STM32U5G9J-DK2, STM32U5G9NJH6Q, STM32U5G9VJT6Q, STM32U5G9ZJJ6QTR, STM32U5G9ZJT6Q, STM32WB05KZV6TR, STM32WB05KZV7TR, STM32WB05TZF6TR, STM32WB05TZF7TR, STM32WB06CCF6TR, STM32WB06CCF7TR, STM32WB06CCV6TR, STM32WB06CCV7TR, STM32WB06KCV6TR, STM32WB06KCV7TR, STM32WB07CCF6TR, STM32WB07CCF7TR, STM32WB07CCV6TR, STM32WB07CCV7TR, STM32WB07KCV6TR, STM32WB07KCV7TR, STM32WB09KEV6TR, STM32WB09KEV7TR, STM32WB09TEF6TR, STM32WB09TEF7TR, STM32WB1MMCH6, STM32WBA50KGU6, STM32WBA50KGU6TR, STM32WBA52CEU6, STM32WBA52CEU6TR, STM32WBA52CEU7, STM32WBA52CEU7TR, STM32WBA52CGU6, STM32WBA52CGU6TR, STM32WBA52CGU6U, STM32WBA52CGU7, STM32WBA52CGU7TR, STM32WBA52KEU6, STM32WBA52KEU6TR, STM32WBA52KGU6, STM32WBA52KGU6TR, STM32WBA54CEU6, STM32WBA54CEU6TR, STM32WBA54CEU7, STM32WBA54CEU7TR, STM32WBA54CGU6, STM32WBA54CGU6TR, STM32WBA54CGU7, STM32WBA54CGU7TR, STM32WBA54KEU6, STM32WBA54KEU6TR, STM32WBA54KEU7, STM32WBA54KEU7TR, STM32WBA54KGU6, STM32WBA54KGU6TR, STM32WBA54KGU7, STM32WBA54KGU7TR, STM32WBA55CEU6, STM32WBA55CEU6TR, STM32WBA55CEU7, STM32WBA55CEU7TR, STM32WBA55CGU6, STM32WBA55CGU6TR, STM32WBA55CGU6U, STM32WBA55CGU7, STM32WBA55CGU7TR, STM32WBA55G-DK1, STM32WBA55HEF6, STM32WBA55HEF7, STM32WBA55HGF6, STM32WBA55HGF7, STM32WBA55UEI6, STM32WBA55UEI6TR, STM32WBA55UEI7, STM32WBA55UEI7TR, STM32WBA55UGI6, STM32WBA55UGI6TR, STM32WBA55UGI7, STM32WBA55UGI7TR, STM32WBA5MMGH6TR, STM32WBA62MGF6, STM32WBA62MIF6, STM32WBA65MGF7, STM32WBA65MIF6, STM32WBA65MIF7, STM32WL30K8V6, STM32WL30KBV6, STM32WL31C8V6, STM32WL31CBV6, STM32WL31K8V6, STM32WL31KBV6, STM32WL33C8V6, STM32WL33C8V6X, STM32WL33CBV6, STM32WL33CBV6X, STM32WL33CCV6, STM32WL33CCV6A, STM32WL33CCV6X, STM32WL33K8V7, STM32WL33K8V7X, STM32WL33KBV7 , STM32WL33KBV7X, STM32WL33KCV7, STM32WL33KCV7X, STM32WL5MOCH6, STM32WL5MOCH6TR]
2026-08-27 16:05:29,333 [INFO] BoardInfo:889 - No configuration file found for board NUCLEO-H553ZG
2026-08-27 16:05:29,334 [INFO] DbBoards:161 - Board is not supported: NUCLEO-H553ZG
2026-08-27 16:05:29,336 [INFO] BoardInfo:889 - No configuration file found for board NUCLEO-H5E5ZJ
2026-08-27 16:05:29,337 [INFO] DbBoards:161 - Board is not supported: NUCLEO-H5E5ZJ
2026-08-27 16:05:29,388 [INFO] BoardInfo:889 - No configuration file found for board NUCLEO-U3C5ZI-Q
2026-08-27 16:05:29,389 [INFO] DbBoards:161 - Board is not supported: NUCLEO-U3C5ZI-Q
2026-08-27 16:05:29,401 [INFO] BoardInfo:889 - No configuration file found for board NUCLEO-WBA25CE1
2026-08-27 16:05:29,402 [INFO] DbBoards:161 - Board is not supported: NUCLEO-WBA25CE1
2026-08-27 16:05:29,411 [INFO] BoardInfo:889 - No configuration file found for board NUCLEO-WL3RKB1
2026-08-27 16:05:29,412 [INFO] DbBoards:161 - Board is not supported: NUCLEO-WL3RKB1
2026-08-27 16:05:29,413 [INFO] BoardInfo:889 - No configuration file found for board NUCLEO-WL3RKB2
2026-08-27 16:05:29,414 [INFO] DbBoards:161 - Board is not supported: NUCLEO-WL3RKB2
2026-08-27 16:05:29,421 [INFO] BoardInfo:889 - No configuration file found for board P-NUCLEO-WB55
2026-08-27 16:05:29,422 [INFO] DbBoards:161 - Kit is not supported: P-NUCLEO-WB55
2026-08-27 16:05:29,427 [INFO] BoardInfo:889 - No configuration file found for board STEVAL-BFA001V1B
2026-08-27 16:05:29,428 [INFO] DbBoards:161 - Kit is not supported: STEVAL-BFA001V1B
2026-08-27 16:05:29,428 [INFO] BoardInfo:889 - No configuration file found for board STEVAL-BFA001V2B
2026-08-27 16:05:29,429 [INFO] DbBoards:161 - Kit is not supported: STEVAL-BFA001V2B
2026-08-27 16:05:29,521 [INFO] BoardInfo:889 - No configuration file found for board STM32H5F5J-DK
2026-08-27 16:05:29,522 [INFO] DbBoards:161 - Board is not supported: STM32H5F5J-DK
2026-08-27 16:05:29,589 [INFO] DbBoards:168 - Found 219 boards, 209 are supported
2026-08-27 16:05:29,590 [INFO] DbBoards:169 - Found 219 boards, 43 of them is supported for  Bsp
2026-08-27 16:05:29,594 [INFO] ApiDb:414 - User favorites file not found: C:\Users\student/.stm32cubeide/favorites.boards.txt
2026-08-27 16:05:29,594 [INFO] DbBoards:198 - Set 0 / 0 favorites Boards
2026-08-27 16:05:29,594 [INFO] McuFinderGlobals:76 - Set McuFinderConnectedMode to true
2026-08-27 16:05:29,603 [INFO] MultiScanPanel:200 - Auto-refresh data requested => check proxy status ongoing
2026-08-27 16:05:29,606 [INFO] FinderPluginLoader:96 - Searching for filters in installed packs
2026-08-27 16:05:30,016 [ERROR] LogOutputStream:75 - [STDERR_REDIRECT] [Fatal Error] :1:1: Premature end of file.
2026-08-27 16:05:30,016 [ERROR] LogOutputStream:75 - [STDERR_REDIRECT] 
2026-08-27 16:05:30,764 [INFO] ServerAccessManage:452 - Complete download http(s) 200
2026-08-27 16:05:30,764 [INFO] ServerAccessManage:509 - Download File 
2026-08-27 16:05:30,918 [INFO] LoadUrlFilesThread:185 - End of LoadServerUrlFiles without Thread
2026-08-27 16:05:30,941 [INFO] DetailPanel:341 - Set advertising image to C:/Users/student/STM32Cube/Repository/\en.stm32h5cubemxbanner.png
2026-08-27 16:05:31,018 [ERROR] LogOutputStream:75 - [STDERR_REDIRECT] [Fatal Error] :1:1: Premature end of file.
2026-08-27 16:05:31,018 [ERROR] LogOutputStream:75 - [STDERR_REDIRECT] 
2026-08-27 16:05:32,033 [ERROR] LogOutputStream:75 - [STDERR_REDIRECT] [Fatal Error] :1:1: Premature end of file.
2026-08-27 16:05:32,033 [ERROR] LogOutputStream:75 - [STDERR_REDIRECT] 
2026-08-27 16:05:33,011 [ERROR] LogOutputStream:75 - [STDERR_REDIRECT] [Fatal Error] :1:1: Premature end of file.
2026-08-27 16:05:33,011 [ERROR] LogOutputStream:75 - [STDERR_REDIRECT] 
2026-08-27 16:05:34,021 [ERROR] LogOutputStream:75 - [STDERR_REDIRECT] [Fatal Error] :1:1: Premature end of file.
2026-08-27 16:05:34,021 [ERROR] LogOutputStream:75 - [STDERR_REDIRECT] 
2026-08-27 16:05:35,023 [ERROR] LogOutputStream:75 - [STDERR_REDIRECT] [Fatal Error] :1:1: Premature end of file.
2026-08-27 16:05:35,023 [ERROR] LogOutputStream:75 - [STDERR_REDIRECT] 
2026-08-27 16:05:36,025 [ERROR] LogOutputStream:75 - [STDERR_REDIRECT] [Fatal Error] :1:1: Premature end of file.
2026-08-27 16:05:36,025 [ERROR] LogOutputStream:75 - [STDERR_REDIRECT] 
2026-08-27 16:05:37,015 [ERROR] LogOutputStream:75 - [STDERR_REDIRECT] [Fatal Error] :1:1: Premature end of file.
2026-08-27 16:05:37,015 [ERROR] LogOutputStream:75 - [STDERR_REDIRECT] 
2026-08-27 16:05:38,016 [ERROR] LogOutputStream:75 - [STDERR_REDIRECT] [Fatal Error] :1:1: Premature end of file.
2026-08-27 16:05:38,016 [ERROR] LogOutputStream:75 - [STDERR_REDIRECT] 
2026-08-27 16:05:39,015 [ERROR] LogOutputStream:75 - [STDERR_REDIRECT] [Fatal Error] :1:1: Premature end of file.
2026-08-27 16:05:39,015 [ERROR] LogOutputStream:75 - [STDERR_REDIRECT] 
2026-08-27 16:05:40,016 [ERROR] LogOutputStream:75 - [STDERR_REDIRECT] [Fatal Error] :1:1: Premature end of file.
2026-08-27 16:05:40,016 [ERROR] LogOutputStream:75 - [STDERR_REDIRECT] 
2026-08-27 16:05:41,016 [ERROR] LogOutputStream:75 - [STDERR_REDIRECT] [Fatal Error] :1:1: Premature end of file.
2026-08-27 16:05:41,016 [ERROR] LogOutputStream:75 - [STDERR_REDIRECT] 
2026-08-27 16:05:42,016 [ERROR] LogOutputStream:75 - [STDERR_REDIRECT] [Fatal Error] :1:1: Premature end of file.
2026-08-27 16:05:42,017 [ERROR] LogOutputStream:75 - [STDERR_REDIRECT] 
2026-08-27 16:05:43,015 [ERROR] LogOutputStream:75 - [STDERR_REDIRECT] [Fatal Error] :1:1: Premature end of file.
2026-08-27 16:05:43,016 [ERROR] LogOutputStream:75 - [STDERR_REDIRECT] 
2026-08-27 16:05:44,015 [ERROR] LogOutputStream:75 - [STDERR_REDIRECT] [Fatal Error] :1:1: Premature end of file.
2026-08-27 16:05:44,015 [ERROR] LogOutputStream:75 - [STDERR_REDIRECT] 
2026-08-27 16:05:45,016 [ERROR] LogOutputStream:75 - [STDERR_REDIRECT] [Fatal Error] :1:1: Premature end of file.
2026-08-27 16:05:45,016 [ERROR] LogOutputStream:75 - [STDERR_REDIRECT] 
2026-08-27 16:05:46,013 [ERROR] LogOutputStream:75 - [STDERR_REDIRECT] [Fatal Error] :1:1: Premature end of file.
2026-08-27 16:05:46,014 [ERROR] LogOutputStream:75 - [STDERR_REDIRECT] 
2026-08-27 16:05:47,014 [ERROR] LogOutputStream:75 - [STDERR_REDIRECT] [Fatal Error] :1:1: Premature end of file.
2026-08-27 16:05:47,014 [ERROR] LogOutputStream:75 - [STDERR_REDIRECT] 
2026-08-27 16:05:48,014 [ERROR] LogOutputStream:75 - [STDERR_REDIRECT] [Fatal Error] :1:1: Premature end of file.
2026-08-27 16:05:48,014 [ERROR] LogOutputStream:75 - [STDERR_REDIRECT] 
2026-08-27 16:05:49,016 [ERROR] LogOutputStream:75 - [STDERR_REDIRECT] [Fatal Error] :1:1: Premature end of file.
2026-08-27 16:05:49,016 [ERROR] LogOutputStream:75 - [STDERR_REDIRECT] 
2026-08-27 16:05:50,014 [ERROR] LogOutputStream:75 - [STDERR_REDIRECT] [Fatal Error] :1:1: Premature end of file.
2026-08-27 16:05:50,014 [ERROR] LogOutputStream:75 - [STDERR_REDIRECT] 
2026-08-27 16:05:51,015 [ERROR] LogOutputStream:75 - [STDERR_REDIRECT] [Fatal Error] :1:1: Premature end of file.
2026-08-27 16:05:51,015 [ERROR] LogOutputStream:75 - [STDERR_REDIRECT] 
2026-08-27 16:05:52,015 [ERROR] LogOutputStream:75 - [STDERR_REDIRECT] [Fatal Error] :1:1: Premature end of file.
2026-08-27 16:05:52,015 [ERROR] LogOutputStream:75 - [STDERR_REDIRECT] 
2026-08-27 16:05:53,014 [ERROR] LogOutputStream:75 - [STDERR_REDIRECT] [Fatal Error] :1:1: Premature end of file.
2026-08-27 16:05:53,014 [ERROR] LogOutputStream:75 - [STDERR_REDIRECT] 
2026-08-27 16:05:54,015 [ERROR] LogOutputStream:75 - [STDERR_REDIRECT] [Fatal Error] :1:1: Premature end of file.
2026-08-27 16:05:54,015 [ERROR] LogOutputStream:75 - [STDERR_REDIRECT] 
2026-08-27 16:05:55,014 [ERROR] LogOutputStream:75 - [STDERR_REDIRECT] [Fatal Error] :1:1: Premature end of file.
2026-08-27 16:05:55,014 [ERROR] LogOutputStream:75 - [STDERR_REDIRECT] 
2026-08-27 16:05:56,016 [ERROR] LogOutputStream:75 - [STDERR_REDIRECT] [Fatal Error] :1:1: Premature end of file.
2026-08-27 16:05:56,016 [ERROR] LogOutputStream:75 - [STDERR_REDIRECT] 
2026-08-27 16:05:57,015 [ERROR] LogOutputStream:75 - [STDERR_REDIRECT] [Fatal Error] :1:1: Premature end of file.
2026-08-27 16:05:57,015 [ERROR] LogOutputStream:75 - [STDERR_REDIRECT] 
2026-08-27 16:05:58,016 [ERROR] LogOutputStream:75 - [STDERR_REDIRECT] [Fatal Error] :1:1: Premature end of file.
2026-08-27 16:05:58,016 [ERROR] LogOutputStream:75 - [STDERR_REDIRECT] 
2026-08-27 16:05:59,016 [ERROR] LogOutputStream:75 - [STDERR_REDIRECT] [Fatal Error] :1:1: Premature end of file.
2026-08-27 16:05:59,016 [ERROR] LogOutputStream:75 - [STDERR_REDIRECT] 
2026-08-27 16:06:00,017 [ERROR] LogOutputStream:75 - [STDERR_REDIRECT] [Fatal Error] :1:1: Premature end of file.
2026-08-27 16:06:00,017 [ERROR] LogOutputStream:75 - [STDERR_REDIRECT] 
2026-08-27 16:06:01,016 [ERROR] LogOutputStream:75 - [STDERR_REDIRECT] [Fatal Error] :1:1: Premature end of file.
2026-08-27 16:06:01,016 [ERROR] LogOutputStream:75 - [STDERR_REDIRECT] 
2026-08-27 16:06:02,015 [ERROR] LogOutputStream:75 - [STDERR_REDIRECT] [Fatal Error] :1:1: Premature end of file.
2026-08-27 16:06:02,015 [ERROR] LogOutputStream:75 - [STDERR_REDIRECT] 
2026-08-27 16:06:03,016 [ERROR] LogOutputStream:75 - [STDERR_REDIRECT] [Fatal Error] :1:1: Premature end of file.
2026-08-27 16:06:03,016 [ERROR] LogOutputStream:75 - [STDERR_REDIRECT] 
2026-08-27 16:06:04,015 [ERROR] LogOutputStream:75 - [STDERR_REDIRECT] [Fatal Error] :1:1: Premature end of file.
2026-08-27 16:06:04,016 [ERROR] LogOutputStream:75 - [STDERR_REDIRECT] 
2026-08-27 16:06:05,016 [ERROR] LogOutputStream:75 - [STDERR_REDIRECT] [Fatal Error] :1:1: Premature end of file.
2026-08-27 16:06:05,016 [ERROR] LogOutputStream:75 - [STDERR_REDIRECT] 
2026-08-27 16:06:06,015 [ERROR] LogOutputStream:75 - [STDERR_REDIRECT] [Fatal Error] :1:1: Premature end of file.
2026-08-27 16:06:06,015 [ERROR] LogOutputStream:75 - [STDERR_REDIRECT] 
2026-08-27 16:06:07,014 [ERROR] LogOutputStream:75 - [STDERR_REDIRECT] [Fatal Error] :1:1: Premature end of file.
2026-08-27 16:06:07,014 [ERROR] LogOutputStream:75 - [STDERR_REDIRECT] 
2026-08-27 16:06:08,014 [ERROR] LogOutputStream:75 - [STDERR_REDIRECT] [Fatal Error] :1:1: Premature end of file.
2026-08-27 16:06:08,014 [ERROR] LogOutputStream:75 - [STDERR_REDIRECT] 
2026-08-27 16:06:09,015 [ERROR] LogOutputStream:75 - [STDERR_REDIRECT] [Fatal Error] :1:1: Premature end of file.
2026-08-27 16:06:09,015 [ERROR] LogOutputStream:75 - [STDERR_REDIRECT] 
2026-08-27 16:06:10,014 [ERROR] LogOutputStream:75 - [STDERR_REDIRECT] [Fatal Error] :1:1: Premature end of file.
2026-08-27 16:06:10,014 [ERROR] LogOutputStream:75 - [STDERR_REDIRECT] 
2026-08-27 16:06:11,007 [ERROR] LogOutputStream:75 - [STDERR_REDIRECT] [Fatal Error] :1:1: Premature end of file.
2026-08-27 16:06:11,007 [ERROR] LogOutputStream:75 - [STDERR_REDIRECT] 
2026-08-27 16:06:12,019 [ERROR] LogOutputStream:75 - [STDERR_REDIRECT] [Fatal Error] :1:1: Premature end of file.
2026-08-27 16:06:12,019 [ERROR] LogOutputStream:75 - [STDERR_REDIRECT] 
2026-08-27 16:06:13,017 [ERROR] LogOutputStream:75 - [STDERR_REDIRECT] [Fatal Error] :1:1: Premature end of file.
2026-08-27 16:06:13,017 [ERROR] LogOutputStream:75 - [STDERR_REDIRECT] 
2026-08-27 16:06:14,018 [ERROR] LogOutputStream:75 - [STDERR_REDIRECT] [Fatal Error] :1:1: Premature end of file.
2026-08-27 16:06:14,018 [ERROR] LogOutputStream:75 - [STDERR_REDIRECT] 
2026-08-27 16:06:15,013 [ERROR] LogOutputStream:75 - [STDERR_REDIRECT] [Fatal Error] :1:1: Premature end of file.
2026-08-27 16:06:15,013 [ERROR] LogOutputStream:75 - [STDERR_REDIRECT] 
2026-08-27 16:06:16,015 [ERROR] LogOutputStream:75 - [STDERR_REDIRECT] [Fatal Error] :1:1: Premature end of file.
2026-08-27 16:06:16,015 [ERROR] LogOutputStream:75 - [STDERR_REDIRECT] 
2026-08-27 16:06:17,016 [ERROR] LogOutputStream:75 - [STDERR_REDIRECT] [Fatal Error] :1:1: Premature end of file.
2026-08-27 16:06:17,016 [ERROR] LogOutputStream:75 - [STDERR_REDIRECT] 
2026-08-27 16:06:18,017 [ERROR] LogOutputStream:75 - [STDERR_REDIRECT] [Fatal Error] :1:1: Premature end of file.
2026-08-27 16:06:18,017 [ERROR] LogOutputStream:75 - [STDERR_REDIRECT] 
2026-08-27 16:06:19,014 [ERROR] LogOutputStream:75 - [STDERR_REDIRECT] [Fatal Error] :1:1: Premature end of file.
2026-08-27 16:06:19,014 [ERROR] LogOutputStream:75 - [STDERR_REDIRECT] 
2026-08-27 16:06:20,019 [ERROR] LogOutputStream:75 - [STDERR_REDIRECT] [Fatal Error] :1:1: Premature end of file.
2026-08-27 16:06:20,019 [ERROR] LogOutputStream:75 - [STDERR_REDIRECT] 
2026-08-27 16:06:21,017 [ERROR] LogOutputStream:75 - [STDERR_REDIRECT] [Fatal Error] :1:1: Premature end of file.
2026-08-27 16:06:21,017 [ERROR] LogOutputStream:75 - [STDERR_REDIRECT] 
2026-08-27 16:06:22,029 [ERROR] LogOutputStream:75 - [STDERR_REDIRECT] [Fatal Error] :1:1: Premature end of file.
2026-08-27 16:06:22,029 [ERROR] LogOutputStream:75 - [STDERR_REDIRECT] 
2026-08-27 16:06:23,016 [ERROR] LogOutputStream:75 - [STDERR_REDIRECT] [Fatal Error] :1:1: Premature end of file.
2026-08-27 16:06:23,016 [ERROR] LogOutputStream:75 - [STDERR_REDIRECT] 
2026-08-27 16:06:24,022 [ERROR] LogOutputStream:75 - [STDERR_REDIRECT] [Fatal Error] :1:1: Premature end of file.
2026-08-27 16:06:24,022 [ERROR] LogOutputStream:75 - [STDERR_REDIRECT] 
2026-08-27 16:06:25,017 [ERROR] LogOutputStream:75 - [STDERR_REDIRECT] [Fatal Error] :1:1: Premature end of file.
2026-08-27 16:06:25,017 [ERROR] LogOutputStream:75 - [STDERR_REDIRECT] 
2026-08-27 16:06:26,017 [ERROR] LogOutputStream:75 - [STDERR_REDIRECT] [Fatal Error] :1:1: Premature end of file.
2026-08-27 16:06:26,017 [ERROR] LogOutputStream:75 - [STDERR_REDIRECT] 
2026-08-27 16:06:27,018 [ERROR] LogOutputStream:75 - [STDERR_REDIRECT] [Fatal Error] :1:1: Premature end of file.
2026-08-27 16:06:27,018 [ERROR] LogOutputStream:75 - [STDERR_REDIRECT] 
2026-08-27 16:06:28,022 [ERROR] LogOutputStream:75 - [STDERR_REDIRECT] [Fatal Error] :1:1: Premature end of file.
2026-08-27 16:06:28,022 [ERROR] LogOutputStream:75 - [STDERR_REDIRECT] 
2026-08-27 16:06:29,020 [ERROR] LogOutputStream:75 - [STDERR_REDIRECT] [Fatal Error] :1:1: Premature end of file.
2026-08-27 16:06:29,020 [ERROR] LogOutputStream:75 - [STDERR_REDIRECT] 
2026-08-27 16:06:30,019 [ERROR] LogOutputStream:75 - [STDERR_REDIRECT] [Fatal Error] :1:1: Premature end of file.
2026-08-27 16:06:30,019 [ERROR] LogOutputStream:75 - [STDERR_REDIRECT] 
2026-08-27 16:06:31,011 [ERROR] LogOutputStream:75 - [STDERR_REDIRECT] [Fatal Error] :1:1: Premature end of file.
2026-08-27 16:06:31,011 [ERROR] LogOutputStream:75 - [STDERR_REDIRECT] 
2026-08-27 16:06:32,011 [ERROR] LogOutputStream:75 - [STDERR_REDIRECT] [Fatal Error] :1:1: Premature end of file.
2026-08-27 16:06:32,011 [ERROR] LogOutputStream:75 - [STDERR_REDIRECT] 
2026-08-27 16:06:33,012 [ERROR] LogOutputStream:75 - [STDERR_REDIRECT] [Fatal Error] :1:1: Premature end of file.
2026-08-27 16:06:33,012 [ERROR] LogOutputStream:75 - [STDERR_REDIRECT] 
2026-08-27 16:06:34,012 [ERROR] LogOutputStream:75 - [STDERR_REDIRECT] [Fatal Error] :1:1: Premature end of file.
2026-08-27 16:06:34,012 [ERROR] LogOutputStream:75 - [STDERR_REDIRECT] 
2026-08-27 16:06:35,013 [ERROR] LogOutputStream:75 - [STDERR_REDIRECT] [Fatal Error] :1:1: Premature end of file.
2026-08-27 16:06:35,013 [ERROR] LogOutputStream:75 - [STDERR_REDIRECT] 
2026-08-27 16:06:36,013 [ERROR] LogOutputStream:75 - [STDERR_REDIRECT] [Fatal Error] :1:1: Premature end of file.
2026-08-27 16:06:36,013 [ERROR] LogOutputStream:75 - [STDERR_REDIRECT] 
2026-08-27 16:06:37,013 [ERROR] LogOutputStream:75 - [STDERR_REDIRECT] [Fatal Error] :1:1: Premature end of file.
2026-08-27 16:06:37,013 [ERROR] LogOutputStream:75 - [STDERR_REDIRECT] 
2026-08-27 16:06:38,014 [ERROR] LogOutputStream:75 - [STDERR_REDIRECT] [Fatal Error] :1:1: Premature end of file.
2026-08-27 16:06:38,014 [ERROR] LogOutputStream:75 - [STDERR_REDIRECT] 
2026-08-27 16:06:39,015 [ERROR] LogOutputStream:75 - [STDERR_REDIRECT] [Fatal Error] :1:1: Premature end of file.
2026-08-27 16:06:39,015 [ERROR] LogOutputStream:75 - [STDERR_REDIRECT] 
2026-08-27 16:06:40,021 [ERROR] LogOutputStream:75 - [STDERR_REDIRECT] [Fatal Error] :1:1: Premature end of file.
2026-08-27 16:06:40,021 [ERROR] LogOutputStream:75 - [STDERR_REDIRECT] 
2026-08-27 16:06:41,022 [ERROR] LogOutputStream:75 - [STDERR_REDIRECT] [Fatal Error] :1:1: Premature end of file.
2026-08-27 16:06:41,022 [ERROR] LogOutputStream:75 - [STDERR_REDIRECT] 
2026-08-27 16:06:42,022 [ERROR] LogOutputStream:75 - [STDERR_REDIRECT] [Fatal Error] :1:1: Premature end of file.
2026-08-27 16:06:42,022 [ERROR] LogOutputStream:75 - [STDERR_REDIRECT] 
2026-08-27 16:06:43,015 [ERROR] LogOutputStream:75 - [STDERR_REDIRECT] [Fatal Error] :1:1: Premature end of file.
2026-08-27 16:06:43,015 [ERROR] LogOutputStream:75 - [STDERR_REDIRECT] 
2026-08-27 16:06:43,065 [INFO] MultiScanPanel:200 - Auto-refresh data requested => check proxy status ongoing
2026-08-27 16:06:43,163 [INFO] LoadUrlFilesThread:185 - End of LoadServerUrlFiles without Thread
2026-08-27 16:06:43,163 [INFO] DetailPanel:341 - Set advertising image to C:/Users/student/STM32Cube/Repository/\en.stm32h5cubemxbanner.png
2026-08-27 16:06:43,171 [INFO] DbBoards:642 - Loading board mini-images...
2026-08-27 16:06:43,510 [ERROR] DbBoards:659 - Image file not found for board NUCLEO-H553ZG: C:\Users\student\.stmcufinder\plugins\mcufinder//mcu//boards_images/NUCLEO-H553ZG.jpg
2026-08-27 16:06:44,016 [ERROR] LogOutputStream:75 - [STDERR_REDIRECT] [Fatal Error] :1:1: Premature end of file.
2026-08-27 16:06:44,016 [ERROR] LogOutputStream:75 - [STDERR_REDIRECT] 
2026-08-27 16:06:44,828 [INFO] DbBoards:665 - Loaded 218 board mini-images
2026-08-27 16:06:45,019 [ERROR] LogOutputStream:75 - [STDERR_REDIRECT] [Fatal Error] :1:1: Premature end of file.
2026-08-27 16:06:45,019 [ERROR] LogOutputStream:75 - [STDERR_REDIRECT] 
2026-08-27 16:06:46,014 [ERROR] LogOutputStream:75 - [STDERR_REDIRECT] [Fatal Error] :1:1: Premature end of file.
2026-08-27 16:06:46,014 [ERROR] LogOutputStream:75 - [STDERR_REDIRECT] 
2026-08-27 16:06:47,013 [ERROR] LogOutputStream:75 - [STDERR_REDIRECT] [Fatal Error] :1:1: Premature end of file.
2026-08-27 16:06:47,013 [ERROR] LogOutputStream:75 - [STDERR_REDIRECT] 
2026-08-27 16:06:48,013 [ERROR] LogOutputStream:75 - [STDERR_REDIRECT] [Fatal Error] :1:1: Premature end of file.
2026-08-27 16:06:48,013 [ERROR] LogOutputStream:75 - [STDERR_REDIRECT] 
2026-08-27 16:06:49,014 [ERROR] LogOutputStream:75 - [STDERR_REDIRECT] [Fatal Error] :1:1: Premature end of file.
2026-08-27 16:06:49,014 [ERROR] LogOutputStream:75 - [STDERR_REDIRECT] 
2026-08-27 16:06:50,009 [ERROR] LogOutputStream:75 - [STDERR_REDIRECT] [Fatal Error] :1:1: Premature end of file.
2026-08-27 16:06:50,009 [ERROR] LogOutputStream:75 - [STDERR_REDIRECT] 
2026-08-27 16:06:51,020 [ERROR] LogOutputStream:75 - [STDERR_REDIRECT] [Fatal Error] :1:1: Premature end of file.
2026-08-27 16:06:51,020 [ERROR] LogOutputStream:75 - [STDERR_REDIRECT] 
2026-08-27 16:06:52,011 [ERROR] LogOutputStream:75 - [STDERR_REDIRECT] [Fatal Error] :1:1: Premature end of file.
2026-08-27 16:06:52,011 [ERROR] LogOutputStream:75 - [STDERR_REDIRECT] 
2026-08-27 16:06:53,011 [ERROR] LogOutputStream:75 - [STDERR_REDIRECT] [Fatal Error] :1:1: Premature end of file.
2026-08-27 16:06:53,011 [ERROR] LogOutputStream:75 - [STDERR_REDIRECT] 
2026-08-27 16:06:54,012 [ERROR] LogOutputStream:75 - [STDERR_REDIRECT] [Fatal Error] :1:1: Premature end of file.
2026-08-27 16:06:54,012 [ERROR] LogOutputStream:75 - [STDERR_REDIRECT] 
2026-08-27 16:06:55,012 [ERROR] LogOutputStream:75 - [STDERR_REDIRECT] [Fatal Error] :1:1: Premature end of file.
2026-08-27 16:06:55,012 [ERROR] LogOutputStream:75 - [STDERR_REDIRECT] 
2026-08-27 16:06:56,012 [ERROR] LogOutputStream:75 - [STDERR_REDIRECT] [Fatal Error] :1:1: Premature end of file.
2026-08-27 16:06:56,012 [ERROR] LogOutputStream:75 - [STDERR_REDIRECT] 
2026-08-27 16:06:57,013 [ERROR] LogOutputStream:75 - [STDERR_REDIRECT] [Fatal Error] :1:1: Premature end of file.
2026-08-27 16:06:57,013 [ERROR] LogOutputStream:75 - [STDERR_REDIRECT] 
2026-08-27 16:06:58,013 [ERROR] LogOutputStream:75 - [STDERR_REDIRECT] [Fatal Error] :1:1: Premature end of file.
2026-08-27 16:06:58,013 [ERROR] LogOutputStream:75 - [STDERR_REDIRECT] 
2026-08-27 16:06:59,015 [ERROR] LogOutputStream:75 - [STDERR_REDIRECT] [Fatal Error] :1:1: Premature end of file.
2026-08-27 16:06:59,015 [ERROR] LogOutputStream:75 - [STDERR_REDIRECT] 
2026-08-27 16:07:00,014 [ERROR] LogOutputStream:75 - [STDERR_REDIRECT] [Fatal Error] :1:1: Premature end of file.
2026-08-27 16:07:00,014 [ERROR] LogOutputStream:75 - [STDERR_REDIRECT] 
2026-08-27 16:07:01,014 [ERROR] LogOutputStream:75 - [STDERR_REDIRECT] [Fatal Error] :1:1: Premature end of file.
2026-08-27 16:07:01,014 [ERROR] LogOutputStream:75 - [STDERR_REDIRECT] 
2026-08-27 16:07:02,015 [ERROR] LogOutputStream:75 - [STDERR_REDIRECT] [Fatal Error] :1:1: Premature end of file.
2026-08-27 16:07:02,015 [ERROR] LogOutputStream:75 - [STDERR_REDIRECT] 
2026-08-27 16:07:03,016 [ERROR] LogOutputStream:75 - [STDERR_REDIRECT] [Fatal Error] :1:1: Premature end of file.
2026-08-27 16:07:03,016 [ERROR] LogOutputStream:75 - [STDERR_REDIRECT] 
2026-08-27 16:07:04,016 [ERROR] LogOutputStream:75 - [STDERR_REDIRECT] [Fatal Error] :1:1: Premature end of file.
2026-08-27 16:07:04,016 [ERROR] LogOutputStream:75 - [STDERR_REDIRECT] 
2026-08-27 16:07:05,016 [ERROR] LogOutputStream:75 - [STDERR_REDIRECT] [Fatal Error] :1:1: Premature end of file.
2026-08-27 16:07:05,016 [ERROR] LogOutputStream:75 - [STDERR_REDIRECT] 
2026-08-27 16:07:06,017 [ERROR] LogOutputStream:75 - [STDERR_REDIRECT] [Fatal Error] :1:1: Premature end of file.
2026-08-27 16:07:06,017 [ERROR] LogOutputStream:75 - [STDERR_REDIRECT] 
2026-08-27 16:07:07,016 [ERROR] LogOutputStream:75 - [STDERR_REDIRECT] [Fatal Error] :1:1: Premature end of file.
2026-08-27 16:07:07,017 [ERROR] LogOutputStream:75 - [STDERR_REDIRECT] 
2026-08-27 16:07:08,008 [ERROR] LogOutputStream:75 - [STDERR_REDIRECT] [Fatal Error] :1:1: Premature end of file.
2026-08-27 16:07:08,008 [ERROR] LogOutputStream:75 - [STDERR_REDIRECT] 
2026-08-27 16:07:09,018 [ERROR] LogOutputStream:75 - [STDERR_REDIRECT] [Fatal Error] :1:1: Premature end of file.
2026-08-27 16:07:09,018 [ERROR] LogOutputStream:75 - [STDERR_REDIRECT] 
2026-08-27 16:07:10,019 [ERROR] LogOutputStream:75 - [STDERR_REDIRECT] [Fatal Error] :1:1: Premature end of file.
2026-08-27 16:07:10,019 [ERROR] LogOutputStream:75 - [STDERR_REDIRECT] 
2026-08-27 16:07:11,019 [ERROR] LogOutputStream:75 - [STDERR_REDIRECT] [Fatal Error] :1:1: Premature end of file.
2026-08-27 16:07:11,020 [ERROR] LogOutputStream:75 - [STDERR_REDIRECT] 
2026-08-27 16:07:12,010 [ERROR] LogOutputStream:75 - [STDERR_REDIRECT] [Fatal Error] :1:1: Premature end of file.
2026-08-27 16:07:12,010 [ERROR] LogOutputStream:75 - [STDERR_REDIRECT] 
2026-08-27 16:07:13,020 [ERROR] LogOutputStream:75 - [STDERR_REDIRECT] [Fatal Error] :1:1: Premature end of file.
2026-08-27 16:07:13,020 [ERROR] LogOutputStream:75 - [STDERR_REDIRECT] 
2026-08-27 16:07:14,011 [ERROR] LogOutputStream:75 - [STDERR_REDIRECT] [Fatal Error] :1:1: Premature end of file.
2026-08-27 16:07:14,011 [ERROR] LogOutputStream:75 - [STDERR_REDIRECT] 
2026-08-27 16:07:15,011 [ERROR] LogOutputStream:75 - [STDERR_REDIRECT] [Fatal Error] :1:1: Premature end of file.
2026-08-27 16:07:15,011 [ERROR] LogOutputStream:75 - [STDERR_REDIRECT] 
2026-08-27 16:07:16,022 [ERROR] LogOutputStream:75 - [STDERR_REDIRECT] [Fatal Error] :1:1: Premature end of file.
2026-08-27 16:07:16,022 [ERROR] LogOutputStream:75 - [STDERR_REDIRECT] 
2026-08-27 16:07:17,012 [ERROR] LogOutputStream:75 - [STDERR_REDIRECT] [Fatal Error] :1:1: Premature end of file.
2026-08-27 16:07:17,012 [ERROR] LogOutputStream:75 - [STDERR_REDIRECT] 
2026-08-27 16:07:18,012 [ERROR] LogOutputStream:75 - [STDERR_REDIRECT] [Fatal Error] :1:1: Premature end of file.
2026-08-27 16:07:18,012 [ERROR] LogOutputStream:75 - [STDERR_REDIRECT] 
2026-08-27 16:07:19,022 [ERROR] LogOutputStream:75 - [STDERR_REDIRECT] [Fatal Error] :1:1: Premature end of file.
2026-08-27 16:07:19,022 [ERROR] LogOutputStream:75 - [STDERR_REDIRECT] 
2026-08-27 16:07:20,013 [ERROR] LogOutputStream:75 - [STDERR_REDIRECT] [Fatal Error] :1:1: Premature end of file.
2026-08-27 16:07:20,013 [ERROR] LogOutputStream:75 - [STDERR_REDIRECT] 
2026-08-27 16:07:21,014 [ERROR] LogOutputStream:75 - [STDERR_REDIRECT] [Fatal Error] :1:1: Premature end of file.
2026-08-27 16:07:21,014 [ERROR] LogOutputStream:75 - [STDERR_REDIRECT] 
2026-08-27 16:07:22,015 [ERROR] LogOutputStream:75 - [STDERR_REDIRECT] [Fatal Error] :1:1: Premature end of file.
2026-08-27 16:07:22,015 [ERROR] LogOutputStream:75 - [STDERR_REDIRECT] 
2026-08-27 16:07:23,015 [ERROR] LogOutputStream:75 - [STDERR_REDIRECT] [Fatal Error] :1:1: Premature end of file.
2026-08-27 16:07:23,015 [ERROR] LogOutputStream:75 - [STDERR_REDIRECT] 
2026-08-27 16:07:24,016 [ERROR] LogOutputStream:75 - [STDERR_REDIRECT] [Fatal Error] :1:1: Premature end of file.
2026-08-27 16:07:24,016 [ERROR] LogOutputStream:75 - [STDERR_REDIRECT] 
2026-08-27 16:07:25,016 [ERROR] LogOutputStream:75 - [STDERR_REDIRECT] [Fatal Error] :1:1: Premature end of file.
2026-08-27 16:07:25,016 [ERROR] LogOutputStream:75 - [STDERR_REDIRECT] 
2026-08-27 16:07:26,006 [ERROR] LogOutputStream:75 - [STDERR_REDIRECT] [Fatal Error] :1:1: Premature end of file.
2026-08-27 16:07:26,006 [ERROR] LogOutputStream:75 - [STDERR_REDIRECT] 
2026-08-27 16:07:27,015 [ERROR] LogOutputStream:75 - [STDERR_REDIRECT] [Fatal Error] :1:1: Premature end of file.
2026-08-27 16:07:27,016 [ERROR] LogOutputStream:75 - [STDERR_REDIRECT] 
2026-08-27 16:07:28,007 [ERROR] LogOutputStream:75 - [STDERR_REDIRECT] [Fatal Error] :1:1: Premature end of file.
2026-08-27 16:07:28,007 [ERROR] LogOutputStream:75 - [STDERR_REDIRECT] 
2026-08-27 16:07:29,018 [ERROR] LogOutputStream:75 - [STDERR_REDIRECT] [Fatal Error] :1:1: Premature end of file.
2026-08-27 16:07:29,018 [ERROR] LogOutputStream:75 - [STDERR_REDIRECT] 
2026-08-27 16:07:30,019 [ERROR] LogOutputStream:75 - [STDERR_REDIRECT] [Fatal Error] :1:1: Premature end of file.
2026-08-27 16:07:30,019 [ERROR] LogOutputStream:75 - [STDERR_REDIRECT] 
2026-08-27 16:07:31,009 [ERROR] LogOutputStream:75 - [STDERR_REDIRECT] [Fatal Error] :1:1: Premature end of file.
2026-08-27 16:07:31,009 [ERROR] LogOutputStream:75 - [STDERR_REDIRECT] 
2026-08-27 16:07:32,018 [ERROR] LogOutputStream:75 - [STDERR_REDIRECT] [Fatal Error] :1:1: Premature end of file.
2026-08-27 16:07:32,019 [ERROR] LogOutputStream:75 - [STDERR_REDIRECT] 
2026-08-27 16:07:33,010 [ERROR] LogOutputStream:75 - [STDERR_REDIRECT] [Fatal Error] :1:1: Premature end of file.
2026-08-27 16:07:33,010 [ERROR] LogOutputStream:75 - [STDERR_REDIRECT] 
2026-08-27 16:07:34,020 [ERROR] LogOutputStream:75 - [STDERR_REDIRECT] [Fatal Error] :1:1: Premature end of file.
2026-08-27 16:07:34,020 [ERROR] LogOutputStream:75 - [STDERR_REDIRECT] 
2026-08-27 16:07:35,011 [ERROR] LogOutputStream:75 - [STDERR_REDIRECT] [Fatal Error] :1:1: Premature end of file.
2026-08-27 16:07:35,011 [ERROR] LogOutputStream:75 - [STDERR_REDIRECT] 
2026-08-27 16:07:36,011 [ERROR] LogOutputStream:75 - [STDERR_REDIRECT] [Fatal Error] :1:1: Premature end of file.
2026-08-27 16:07:36,011 [ERROR] LogOutputStream:75 - [STDERR_REDIRECT] 
2026-08-27 16:07:37,012 [ERROR] LogOutputStream:75 - [STDERR_REDIRECT] [Fatal Error] :1:1: Premature end of file.
2026-08-27 16:07:37,012 [ERROR] LogOutputStream:75 - [STDERR_REDIRECT] 
2026-08-27 16:07:38,012 [ERROR] LogOutputStream:75 - [STDERR_REDIRECT] [Fatal Error] :1:1: Premature end of file.
2026-08-27 16:07:38,012 [ERROR] LogOutputStream:75 - [STDERR_REDIRECT] 
2026-08-27 16:07:39,021 [ERROR] LogOutputStream:75 - [STDERR_REDIRECT] [Fatal Error] :1:1: Premature end of file.
2026-08-27 16:07:39,021 [ERROR] LogOutputStream:75 - [STDERR_REDIRECT] 
2026-08-27 16:07:40,013 [ERROR] LogOutputStream:75 - [STDERR_REDIRECT] [Fatal Error] :1:1: Premature end of file.
2026-08-27 16:07:40,013 [ERROR] LogOutputStream:75 - [STDERR_REDIRECT] 
2026-08-27 16:07:41,013 [ERROR] LogOutputStream:75 - [STDERR_REDIRECT] [Fatal Error] :1:1: Premature end of file.
2026-08-27 16:07:41,013 [ERROR] LogOutputStream:75 - [STDERR_REDIRECT] 
2026-08-27 16:07:42,014 [ERROR] LogOutputStream:75 - [STDERR_REDIRECT] [Fatal Error] :1:1: Premature end of file.
2026-08-27 16:07:42,014 [ERROR] LogOutputStream:75 - [STDERR_REDIRECT] 
2026-08-27 16:07:43,015 [ERROR] LogOutputStream:75 - [STDERR_REDIRECT] [Fatal Error] :1:1: Premature end of file.
2026-08-27 16:07:43,015 [ERROR] LogOutputStream:75 - [STDERR_REDIRECT] 
2026-08-27 16:07:44,015 [ERROR] LogOutputStream:75 - [STDERR_REDIRECT] [Fatal Error] :1:1: Premature end of file.
2026-08-27 16:07:44,015 [ERROR] LogOutputStream:75 - [STDERR_REDIRECT] 
2026-08-27 16:07:45,015 [ERROR] LogOutputStream:75 - [STDERR_REDIRECT] [Fatal Error] :1:1: Premature end of file.
2026-08-27 16:07:45,015 [ERROR] LogOutputStream:75 - [STDERR_REDIRECT] 
2026-08-27 16:07:46,016 [ERROR] LogOutputStream:75 - [STDERR_REDIRECT] [Fatal Error] :1:1: Premature end of file.
2026-08-27 16:07:46,016 [ERROR] LogOutputStream:75 - [STDERR_REDIRECT] 
2026-08-27 16:07:47,017 [ERROR] LogOutputStream:75 - [STDERR_REDIRECT] [Fatal Error] :1:1: Premature end of file.
2026-08-27 16:07:47,017 [ERROR] LogOutputStream:75 - [STDERR_REDIRECT] 
2026-08-27 16:07:48,016 [ERROR] LogOutputStream:75 - [STDERR_REDIRECT] [Fatal Error] :1:1: Premature end of file.
2026-08-27 16:07:48,016 [ERROR] LogOutputStream:75 - [STDERR_REDIRECT] 
2026-08-27 16:07:49,007 [ERROR] LogOutputStream:75 - [STDERR_REDIRECT] [Fatal Error] :1:1: Premature end of file.
2026-08-27 16:07:49,007 [ERROR] LogOutputStream:75 - [STDERR_REDIRECT] 
2026-08-27 16:07:50,018 [ERROR] LogOutputStream:75 - [STDERR_REDIRECT] [Fatal Error] :1:1: Premature end of file.
2026-08-27 16:07:50,018 [ERROR] LogOutputStream:75 - [STDERR_REDIRECT] 
2026-08-27 16:07:51,018 [ERROR] LogOutputStream:75 - [STDERR_REDIRECT] [Fatal Error] :1:1: Premature end of file.
2026-08-27 16:07:51,018 [ERROR] LogOutputStream:75 - [STDERR_REDIRECT] 
2026-08-27 16:07:52,009 [ERROR] LogOutputStream:75 - [STDERR_REDIRECT] [Fatal Error] :1:1: Premature end of file.
2026-08-27 16:07:52,009 [ERROR] LogOutputStream:75 - [STDERR_REDIRECT] 
2026-08-27 16:07:53,019 [ERROR] LogOutputStream:75 - [STDERR_REDIRECT] [Fatal Error] :1:1: Premature end of file.
2026-08-27 16:07:53,019 [ERROR] LogOutputStream:75 - [STDERR_REDIRECT] 
2026-08-27 16:07:54,009 [ERROR] LogOutputStream:75 - [STDERR_REDIRECT] [Fatal Error] :1:1: Premature end of file.
2026-08-27 16:07:54,009 [ERROR] LogOutputStream:75 - [STDERR_REDIRECT] 
2026-08-27 16:07:55,020 [ERROR] LogOutputStream:75 - [STDERR_REDIRECT] [Fatal Error] :1:1: Premature end of file.
2026-08-27 16:07:55,020 [ERROR] LogOutputStream:75 - [STDERR_REDIRECT] 
2026-08-27 16:07:56,010 [ERROR] LogOutputStream:75 - [STDERR_REDIRECT] [Fatal Error] :1:1: Premature end of file.
2026-08-27 16:07:56,010 [ERROR] LogOutputStream:75 - [STDERR_REDIRECT] 
2026-08-27 16:07:57,019 [ERROR] LogOutputStream:75 - [STDERR_REDIRECT] [Fatal Error] :1:1: Premature end of file.
2026-08-27 16:07:57,019 [ERROR] LogOutputStream:75 - [STDERR_REDIRECT] 
2026-08-27 16:07:58,011 [ERROR] LogOutputStream:75 - [STDERR_REDIRECT] [Fatal Error] :1:1: Premature end of file.
2026-08-27 16:07:58,011 [ERROR] LogOutputStream:75 - [STDERR_REDIRECT] 
2026-08-27 16:07:59,012 [ERROR] LogOutputStream:75 - [STDERR_REDIRECT] [Fatal Error] :1:1: Premature end of file.
2026-08-27 16:07:59,012 [ERROR] LogOutputStream:75 - [STDERR_REDIRECT] 
2026-08-27 16:08:00,013 [ERROR] LogOutputStream:75 - [STDERR_REDIRECT] [Fatal Error] :1:1: Premature end of file.
2026-08-27 16:08:00,013 [ERROR] LogOutputStream:75 - [STDERR_REDIRECT] 
2026-08-27 16:08:01,026 [ERROR] LogOutputStream:75 - [STDERR_REDIRECT] [Fatal Error] :1:1: Premature end of file.
2026-08-27 16:08:01,026 [ERROR] LogOutputStream:75 - [STDERR_REDIRECT] 
2026-08-27 16:08:02,014 [ERROR] LogOutputStream:75 - [STDERR_REDIRECT] [Fatal Error] :1:1: Premature end of file.
2026-08-27 16:08:02,014 [ERROR] LogOutputStream:75 - [STDERR_REDIRECT] 
2026-08-27 16:08:03,014 [ERROR] LogOutputStream:75 - [STDERR_REDIRECT] [Fatal Error] :1:1: Premature end of file.
2026-08-27 16:08:03,014 [ERROR] LogOutputStream:75 - [STDERR_REDIRECT] 
2026-08-27 16:08:04,015 [ERROR] LogOutputStream:75 - [STDERR_REDIRECT] [Fatal Error] :1:1: Premature end of file.
2026-08-27 16:08:04,015 [ERROR] LogOutputStream:75 - [STDERR_REDIRECT] 
2026-08-27 16:08:04,496 [INFO] MainUpdater:2872 - connection check result : 10
2026-08-27 16:08:04,496 [INFO] MainUpdater:2872 - connection check result : 10
2026-08-27 16:08:04,506 [INFO] MicroXplorer:468 - Change Database Path : 
2026-08-27 16:08:04,506 [INFO] MicroXplorer:498 - Change Database Version : DB.6.0.150
2026-08-27 16:08:04,510 [WARN] ThirdParty:871 - waiting for thirdparty lock release [close project]
2026-08-27 16:08:04,511 [INFO] ThirdParty:873 - entering critical section [close project]
2026-08-27 16:08:04,511 [INFO] ThirdParty:883 - exiting critical section [close project]
2026-08-27 16:08:04,513 [INFO] PinOutPanel:1589 - setPackage(No Configuration,No Configuration)
2026-08-27 16:08:04,514 [INFO] UtilMem:75 - Begin LoadConfig() Used Memory: 852494976 Bytes (1073741824)
2026-08-27 16:08:04,518 [INFO] OpenFileManager:355 - Change cursor
2026-08-27 16:08:04,541 [WARN] IntegrityCheckThread:84 - waiting for thirdparty lock release [integrity check]
2026-08-27 16:08:04,541 [INFO] IntegrityCheckThread:86 - entering critical section [integrity check]
2026-08-27 16:08:04,754 [WARN] PackLoader:240 - Cannot read IP mode file for STMicroelectronics.X-CUBE-AZRTOS-H7.3.5.0
2026-08-27 16:08:04,762 [WARN] PackLoader:240 - Cannot read IP mode file for STMicroelectronics.FP-ATR-ASTRA1.2.0.3
2026-08-27 16:08:04,765 [ERROR] Engine:466 - C:\Users\student\.stm32cubemx\thirdparties\pdsc\STMicroelectronics.X-CUBE-SMBUS.2.1.1.pdsc: PDSC version is not supported
2026-08-27 16:08:04,783 [WARN] PackLoader:240 - Cannot read IP mode file for STMicroelectronics.X-CUBE-AZRTOS-F7.1.1.0
2026-08-27 16:08:04,790 [WARN] PackLoader:240 - Cannot read IP mode file for STMicroelectronics.X-CUBE-FREERTOS.1.6.0
2026-08-27 16:08:04,795 [WARN] PackLoader:240 - Cannot read IP mode file for STMicroelectronics.FP-SNS-MOTENV1.5.1.0
2026-08-27 16:08:04,813 [WARN] PackLoader:240 - Cannot read IP mode file for STMicroelectronics.X-CUBE-AZRTOS-H7RS.1.3.0
2026-08-27 16:08:04,820 [WARN] PackLoader:240 - Cannot read IP mode file for WES.I-CUBE-Cesium.1.4.0
2026-08-27 16:08:04,826 [WARN] PackLoader:240 - Cannot read IP mode file for STMicroelectronics.X-CUBE-DISPLAY.3.0.0
2026-08-27 16:08:04,832 [WARN] PackLoader:240 - Cannot read IP mode file for STMicroelectronics.X-CUBE-GNSS1.7.1.1
2026-08-27 16:08:04,837 [WARN] PackLoader:240 - Cannot read IP mode file for STMicroelectronics.FP-SNS-MOTENVWB1.1.5.0
2026-08-27 16:08:04,841 [WARN] PackLoader:240 - Cannot read IP mode file for STMicroelectronics.X-CUBE-NFC10.1.0.0
2026-08-27 16:08:04,846 [WARN] PackLoader:240 - Cannot read IP mode file for STMicroelectronics.X-CUBE-ST60.1.1.0
2026-08-27 16:08:04,850 [WARN] PackLoader:240 - Cannot read IP mode file for emotas.I-CUBE-CANOPEN.1.3.0
2026-08-27 16:08:04,854 [WARN] PackLoader:240 - Cannot read IP mode file for wolfSSL.I-CUBE-wolfSSL.5.9.2
2026-08-27 16:08:04,856 [ERROR] Engine:466 - C:\Users\student\.stm32cubemx\thirdparties\pdsc\STMicroelectronics.X-CUBE-WBA.1.1.0.pdsc: PDSC version is not supported
2026-08-27 16:08:04,860 [WARN] PackLoader:240 - Cannot read IP mode file for STMicroelectronics.FP-SNS-STBOX1.2.1.0
2026-08-27 16:08:04,865 [WARN] PackLoader:240 - Cannot read IP mode file for STMicroelectronics.FP-SNS-SMARTAG2.1.2.0
2026-08-27 16:08:04,868 [WARN] PackLoader:240 - Cannot read IP mode file for STMicroelectronics.FP-SNS-FLIGHT1.5.1.0
2026-08-27 16:08:04,876 [INFO] LogOutputStream:77 - [STDOUT_REDIRECT] 1 : Invalid condition id : UX_CORESTACK_Condition cause : null
2026-08-27 16:08:04,877 [INFO] LogOutputStream:77 - [STDOUT_REDIRECT] 1 : Invalid condition id : UX_CORESTACK_Condition cause : null
2026-08-27 16:08:04,877 [INFO] LogOutputStream:77 - [STDOUT_REDIRECT] 1 : Invalid condition id : UX_CORESTACK_Condition cause : null
2026-08-27 16:08:04,878 [INFO] LogOutputStream:77 - [STDOUT_REDIRECT] 1 : Invalid condition id : UX_CORESTACK_Condition cause : null
2026-08-27 16:08:04,878 [INFO] LogOutputStream:77 - [STDOUT_REDIRECT] 1 : Invalid condition id : UX_CORESTACK_Condition cause : null
2026-08-27 16:08:04,880 [WARN] PackLoader:240 - Cannot read IP mode file for STMicroelectronics.X-CUBE-AZRTOS-WL.2.0.0
2026-08-27 16:08:04,883 [WARN] PackLoader:240 - Cannot read IP mode file for STMicroelectronics.X-CUBE-BLE2.3.3.0
2026-08-27 16:08:04,902 [WARN] PackLoader:240 - Cannot read IP mode file for Infineon.AIROC-Wi-Fi-Bluetooth-STM32.1.8.0
2026-08-27 16:08:04,909 [WARN] PackLoader:240 - Cannot read IP mode file for STMicroelectronics.X-CUBE-NFC9.1.0.0
2026-08-27 16:08:04,912 [WARN] PackLoader:240 - Cannot read IP mode file for STMicroelectronics.X-CUBE-BLE1.7.1.0
2026-08-27 16:08:04,915 [WARN] PackLoader:240 - Cannot read IP mode file for wolfSSL.I-CUBE-wolfMQTT.1.19.2
2026-08-27 16:08:04,919 [WARN] PackLoader:240 - Cannot read IP mode file for STMicroelectronics.X-CUBE-EEPRMA1.5.2.0
2026-08-27 16:08:04,923 [WARN] PackLoader:240 - Cannot read IP mode file for STMicroelectronics.FP-SNS-STAIOTCFT.1.1.0
2026-08-27 16:08:04,934 [WARN] PackLoader:240 - Cannot read IP mode file for STMicroelectronics.X-CUBE-AZRTOS-G0.1.1.0
2026-08-27 16:08:04,938 [WARN] PackLoader:240 - Cannot read IP mode file for STMicroelectronics.X-CUBE-NFC4.3.0.0
2026-08-27 16:08:04,942 [WARN] PackLoader:240 - Cannot read IP mode file for EmbeddedOffice.I-CUBE-FS-RTOS.1.0.1
2026-08-27 16:08:04,946 [WARN] PackLoader:240 - Cannot read IP mode file for wolfSSL.I-CUBE-wolfTPM.3.8.0
2026-08-27 16:08:04,949 [WARN] PackLoader:240 - Cannot read IP mode file for STMicroelectronics.X-CUBE-TCPP.4.2.0
2026-08-27 16:08:04,951 [WARN] PackLoader:240 - Cannot read IP mode file for RealThread.X-CUBE-RT-Thread_Nano.4.1.1
2026-08-27 16:08:04,955 [WARN] PackLoader:240 - Cannot read IP mode file for STMicroelectronics.FP-ATR-SIGFOX1.3.2.0
2026-08-27 16:08:04,958 [WARN] PackLoader:240 - Cannot read IP mode file for ITTIA_DB.I-CUBE-ITTIADB.8.9.0
2026-08-27 16:08:04,961 [WARN] PackLoader:240 - Cannot read IP mode file for Cesanta.I-CUBE-Mongoose.7.21.7
2026-08-27 16:08:04,965 [WARN] PackLoader:240 - Cannot read IP mode file for STMicroelectronics.X-CUBE-NFC6.3.2.0
2026-08-27 16:08:04,969 [WARN] PackLoader:240 - Cannot read IP mode file for STMicroelectronics.X-CUBE-AI.10.2.1
2026-08-27 16:08:04,980 [WARN] PackLoader:240 - Cannot read IP mode file for SEGGER.I-CUBE-embOS.1.3.1
2026-08-27 16:08:04,994 [WARN] PackLoader:240 - Cannot read IP mode file for STMicroelectronics.X-CUBE-NFC13.1.0.0
2026-08-27 16:08:04,994 [WARN] PackLoader:240 - Cannot read IP mode file for STMicroelectronics.X-CUBE-PM33A1.1.0.0
2026-08-27 16:08:05,008 [WARN] PackLoader:240 - Cannot read IP mode file for STMicroelectronics.X-CUBE-AZRTOS-F4.1.1.0
2026-08-27 16:08:05,019 [WARN] PackLoader:240 - Cannot read IP mode file for STMicroelectronics.X-CUBE-ISPU.2.1.0
2026-08-27 16:08:05,024 [WARN] PackLoader:240 - Cannot read IP mode file for STMicroelectronics.X-CUBE-IPS.3.2.0
2026-08-27 16:08:05,024 [ERROR] LogOutputStream:75 - [STDERR_REDIRECT] [Fatal Error] :1:1: Premature end of file.
2026-08-27 16:08:05,024 [ERROR] LogOutputStream:75 - [STDERR_REDIRECT] 
2026-08-27 16:08:05,037 [WARN] PackLoader:240 - Cannot read IP mode file for STMicroelectronics.eDS-WB_DPC_TT-BIDIR.2.1.1
2026-08-27 16:08:05,040 [WARN] PackLoader:240 - Cannot read IP mode file for STMicroelectronics.X-CUBE-NFC12.1.0.0
2026-08-27 16:08:05,049 [WARN] PackLoader:240 - Cannot read IP mode file for STMicroelectronics.X-CUBE-AZRTOS-L5.2.0.0
2026-08-27 16:08:05,054 [WARN] PackLoader:240 - Cannot read IP mode file for STMicroelectronics.X-CUBE-ALGOBUILD.1.5.0
2026-08-27 16:08:05,057 [WARN] PackLoader:240 - Cannot read IP mode file for STMicroelectronics.eDS-WB_DPC_VIENNA.1.2.0
2026-08-27 16:08:05,076 [WARN] PackLoader:240 - Cannot read IP mode file for STMicroelectronics.X-CUBE-MEMS1.13.0.0
2026-08-27 16:08:05,110 [WARN] PackLoader:240 - Cannot read IP mode file for STMicroelectronics.eDS-WB_DPC_3PH2L-BIDIR.1.1.1
2026-08-27 16:08:05,112 [ERROR] Engine:466 - C:\Users\student\.stm32cubemx\thirdparties\pdsc\STMicroelectronics.X-CUBE-ST67W61.1.3.0.pdsc: PDSC version is not supported
2026-08-27 16:08:05,115 [WARN] PackLoader:240 - Cannot read IP mode file for STMicroelectronics.X-CUBE-TOUCHGFX.4.26.1
2026-08-27 16:08:05,118 [WARN] PackLoader:240 - Cannot read IP mode file for STMicroelectronics.X-CUBE-DPower.1.3.0
2026-08-27 16:08:05,127 [WARN] ConditionMgr:438 - getConditionDescription Invalid condition id : LAN8742 Phy interface Condition cause : null
2026-08-27 16:08:05,127 [WARN] PackLoader:240 - Cannot read IP mode file for STMicroelectronics.X-CUBE-AZRTOS-L4.2.0.0
2026-08-27 16:08:05,128 [WARN] ConditionMgr:1044 - genDependencies : Invalid condition id : LAN8742 Phy interface Condition cause : null
2026-08-27 16:08:05,128 [WARN] ConditionMgr:1044 - genDependencies : Invalid condition id : LAN8742 Phy interface Condition cause : null
2026-08-27 16:08:05,128 [WARN] ConditionMgr:1044 - genDependencies : Invalid condition id : LAN8742 Phy interface Condition cause : null
2026-08-27 16:08:05,132 [WARN] PackLoader:240 - Cannot read IP mode file for STMicroelectronics.X-CUBE-SFXS2LP1.4.0.0
2026-08-27 16:08:05,135 [WARN] PackLoader:240 - Cannot read IP mode file for STMicroelectronics.X-CUBE-WB05N.2.1.0
2026-08-27 16:08:05,142 [WARN] ConditionMgr:438 - getConditionDescription Invalid condition id : UX DEVICE CLASS RTOS Condition cause : null
2026-08-27 16:08:05,142 [WARN] ConditionMgr:438 - getConditionDescription Invalid condition id : UX DEVICE CLASS RTOS Condition cause : null
2026-08-27 16:08:05,142 [WARN] PackLoader:240 - Cannot read IP mode file for STMicroelectronics.X-CUBE-AZRTOS-WB.2.0.0
2026-08-27 16:08:05,143 [WARN] ConditionMgr:1044 - genDependencies : Invalid condition id : UX DEVICE CLASS RTOS Condition cause : null
2026-08-27 16:08:05,143 [WARN] ConditionMgr:1044 - genDependencies : Invalid condition id : UX DEVICE CLASS RTOS Condition cause : null
2026-08-27 16:08:05,143 [WARN] ConditionMgr:1044 - genDependencies : Invalid condition id : UX DEVICE CLASS RTOS Condition cause : null
2026-08-27 16:08:05,143 [WARN] ConditionMgr:1044 - genDependencies : Invalid condition id : UX DEVICE CLASS RTOS Condition cause : null
2026-08-27 16:08:05,143 [WARN] ConditionMgr:1044 - genDependencies : Invalid condition id : UX DEVICE CLASS RTOS Condition cause : null
2026-08-27 16:08:05,147 [WARN] ConditionMgr:438 - getConditionDescription Invalid condition id : Cortex-A Device cause : null
2026-08-27 16:08:05,152 [WARN] ConditionMgr:1044 - genDependencies : Invalid condition id : Cortex-A Device cause : null
2026-08-27 16:08:05,152 [WARN] ConditionMgr:1044 - genDependencies : Invalid condition id : Cortex-A Device cause : null
2026-08-27 16:08:05,152 [WARN] ConditionMgr:1044 - genDependencies : Invalid condition id : Cortex-A Device cause : null
2026-08-27 16:08:05,156 [WARN] PackLoader:240 - Cannot read IP mode file for STMicroelectronics.X-CUBE-STSE01.2.0.0
2026-08-27 16:08:05,161 [WARN] PackLoader:240 - Cannot read IP mode file for STMicroelectronics.X-CUBE-SUBG2.5.0.0
2026-08-27 16:08:05,170 [WARN] PackLoader:240 - Cannot read IP mode file for STMicroelectronics.X-CUBE-AZRTOS-G4.2.0.0
2026-08-27 16:08:05,174 [WARN] PackLoader:240 - Cannot read IP mode file for wolfSSL.I-CUBE-wolfSSH.1.4.20
2026-08-27 16:08:05,177 [WARN] PackLoader:240 - Cannot read IP mode file for STMicroelectronics.X-CUBE-NFC7.2.0.0
2026-08-27 16:08:05,179 [ERROR] Engine:466 - C:\Users\student\.stm32cubemx\thirdparties\pdsc\STMicroelectronics.X-CUBE-BLEMGR.4.2.0.pdsc: PDSC version is not supported
2026-08-27 16:08:05,181 [WARN] PackLoader:240 - Cannot read IP mode file for STMicroelectronics.X-CUBE-ALS.1.0.2
2026-08-27 16:08:05,187 [WARN] PackLoader:240 - Cannot read IP mode file for STMicroelectronics.X-CUBE-TOF1.3.4.3
2026-08-27 16:08:05,191 [INFO] ThirdParty:978 - Integrity check success = true
2026-08-27 16:08:05,191 [INFO] IntegrityCheckThread:100 - exiting critical section [integrity check]
2026-08-27 16:08:05,191 [INFO] IntegrityCheckThread:103 - End integrity checks thread
2026-08-27 16:08:05,209 [INFO] ProjectFactory:514 - No CPN specified for board B-L4S5I-IOT01A => set CPN to STM32L4S5VIT6
2026-08-27 16:08:05,209 [INFO] Mcu:2029 - Initializing MCU STM32L4S5VITx STM32L4S5VITx STM32L4S5VIT6
2026-08-27 16:08:06,035 [ERROR] LogOutputStream:75 - [STDERR_REDIRECT] [Fatal Error] :1:1: Premature end of file.
2026-08-27 16:08:06,036 [ERROR] LogOutputStream:75 - [STDERR_REDIRECT] 
2026-08-27 16:08:06,912 [INFO] Context:786 - Trying to add GPIOservice into a context  which must be forbidden
2026-08-27 16:08:07,039 [ERROR] LogOutputStream:75 - [STDERR_REDIRECT] [Fatal Error] :1:1: Premature end of file.
2026-08-27 16:08:07,039 [ERROR] LogOutputStream:75 - [STDERR_REDIRECT] 
2026-08-27 16:08:07,367 [INFO] Rule:233 - rule 117617 - U5Cobra4M][GTZC] default value MPCBB3 and MPCBB5 - Not Secured memory - MPCBB1 is applicable
2026-08-27 16:08:07,368 [INFO] Rule:233 - rule 117617 - U5Cobra4M][GTZC] default value MPCBB3 and MPCBB5 - Not Secured memory - MPCBB1 is applicable
2026-08-27 16:08:07,368 [INFO] Rule:233 - rule 117617 - U5Cobra4M][GTZC] default value MPCBB3 and MPCBB5 - Not Secured memory - MPCBB2 is applicable
2026-08-27 16:08:07,368 [INFO] Rule:233 - rule 117617 - U5Cobra4M][GTZC] default value MPCBB3 and MPCBB5 - Not Secured memory - MPCBB2 is applicable
2026-08-27 16:08:07,368 [INFO] Rule:233 - rule 117617 - U5Cobra4M][GTZC] default value MPCBB3 and MPCBB5 - Not Secured memory - MPCBB3 is applicable
2026-08-27 16:08:07,368 [INFO] Rule:233 - rule 117617 - U5Cobra4M][GTZC] default value MPCBB3 and MPCBB5 - Not Secured memory - MPCBB3 is applicable
2026-08-27 16:08:07,368 [INFO] Rule:233 - rule 117617 - U5Cobra4M][GTZC] default value MPCBB3 and MPCBB5 - Not Secured memory - MPCBB4 is applicable
2026-08-27 16:08:07,368 [INFO] Rule:233 - rule 117617 - U5Cobra4M][GTZC] default value MPCBB3 and MPCBB5 - Not Secured memory - MPCBB4 is applicable
2026-08-27 16:08:07,368 [INFO] Rule:233 - rule 117617 - U5Cobra4M][GTZC] default value MPCBB3 and MPCBB5 - Secured memory - MPCBB1 is applicable
2026-08-27 16:08:07,368 [INFO] Rule:233 - rule 117617 - U5Cobra4M][GTZC] default value MPCBB3 and MPCBB5 - Secured memory - MPCBB2 is applicable
2026-08-27 16:08:07,368 [INFO] Rule:233 - rule 117617 - U5Cobra4M][GTZC] default value MPCBB3 and MPCBB5 - Secured memory - MPCBB3 is applicable
2026-08-27 16:08:07,368 [INFO] Rule:233 - rule 117617 - U5Cobra4M][GTZC] default value MPCBB3 and MPCBB5 - Secured memory - MPCBB4 is applicable
2026-08-27 16:08:07,368 [INFO] Rule:233 - rule 117617 - U5Cobra4M][GTZC] default value MPCBB3 and MPCBB5 - Privileged memory - MPCBB1 is applicable
2026-08-27 16:08:07,368 [INFO] Rule:233 - rule 117617 - U5Cobra4M][GTZC] default value MPCBB3 and MPCBB5 - Privileged memory - MPCBB2 is applicable
2026-08-27 16:08:07,368 [INFO] Rule:233 - rule 117617 - U5Cobra4M][GTZC] default value MPCBB3 and MPCBB5 - Privileged memory - MPCBB3 is applicable
2026-08-27 16:08:07,368 [INFO] Rule:233 - rule 117617 - U5Cobra4M][GTZC] default value MPCBB3 and MPCBB5 - Privileged memory - MPCBB4 is applicable
2026-08-27 16:08:07,368 [INFO] Rule:233 - rule 117617 - U5Cobra4M][GTZC] default value MPCBB3 and MPCBB5 - Not Privileged memory - MPCBB1 is applicable
2026-08-27 16:08:07,368 [INFO] Rule:233 - rule 117617 - U5Cobra4M][GTZC] default value MPCBB3 and MPCBB5 - Not Privileged memory - MPCBB2 is applicable
2026-08-27 16:08:07,368 [INFO] Rule:233 - rule 117617 - U5Cobra4M][GTZC] default value MPCBB3 and MPCBB5 - Not Privileged memory - MPCBB3 is applicable
2026-08-27 16:08:07,368 [INFO] Rule:233 - rule 117617 - U5Cobra4M][GTZC] default value MPCBB3 and MPCBB5 - Not Privileged memory - MPCBB4 is applicable
2026-08-27 16:08:07,368 [INFO] Rule:233 - rule 117617 - U5Cobra4M][GTZC] default value MPCBB3 and MPCBB5 - Privileged memory - MPCBB1 is applicable
2026-08-27 16:08:07,368 [INFO] Rule:233 - rule 117617 - U5Cobra4M][GTZC] default value MPCBB3 and MPCBB5 - Privileged memory - MPCBB2 is applicable
2026-08-27 16:08:07,368 [INFO] Rule:233 - rule 117617 - U5Cobra4M][GTZC] default value MPCBB3 and MPCBB5 - Privileged memory - MPCBB3 is applicable
2026-08-27 16:08:07,368 [INFO] Rule:233 - rule 117617 - U5Cobra4M][GTZC] default value MPCBB3 and MPCBB5 - Privileged memory - MPCBB4 is applicable
2026-08-27 16:08:07,368 [INFO] Rule:233 - rule 117617 - U5Cobra4M][GTZC] default value MPCBB3 and MPCBB5 - Privileged memory - MPCBB1 is applicable
2026-08-27 16:08:07,368 [INFO] Rule:233 - rule 117617 - U5Cobra4M][GTZC] default value MPCBB3 and MPCBB5 - Privileged memory - MPCBB2 is applicable
2026-08-27 16:08:07,368 [INFO] Rule:233 - rule 117617 - U5Cobra4M][GTZC] default value MPCBB3 and MPCBB5 - Privileged memory - MPCBB3 is applicable
2026-08-27 16:08:07,368 [INFO] Rule:233 - rule 117617 - U5Cobra4M][GTZC] default value MPCBB3 and MPCBB5 - Privileged memory - MPCBB4 is applicable
2026-08-27 16:08:07,368 [INFO] Rule:233 - rule 117617 - U5Cobra4M][GTZC] default value MPCBB3 and MPCBB5 - Not Privileged memory - MPCBB1 is applicable
2026-08-27 16:08:07,368 [INFO] Rule:233 - rule 117617 - U5Cobra4M][GTZC] default value MPCBB3 and MPCBB5 - Not Privileged memory - MPCBB2 is applicable
2026-08-27 16:08:07,368 [INFO] Rule:233 - rule 117617 - U5Cobra4M][GTZC] default value MPCBB3 and MPCBB5 - Not Privileged memory - MPCBB3 is applicable
2026-08-27 16:08:07,368 [INFO] Rule:233 - rule 117617 - U5Cobra4M][GTZC] default value MPCBB3 and MPCBB5 - Not Privileged memory - MPCBB4 is applicable
2026-08-27 16:08:07,368 [INFO] Rule:233 - rule 117617 - U5Cobra4M][GTZC] default value MPCBB3 and MPCBB5 - Privileged memory - MPCBB1 is applicable
2026-08-27 16:08:07,368 [INFO] Rule:233 - rule 117617 - U5Cobra4M][GTZC] default value MPCBB3 and MPCBB5 - Privileged memory - MPCBB2 is applicable
2026-08-27 16:08:07,369 [INFO] Rule:233 - rule 117617 - U5Cobra4M][GTZC] default value MPCBB3 and MPCBB5 - Privileged memory - MPCBB3 is applicable
2026-08-27 16:08:07,369 [INFO] Rule:233 - rule 117617 - U5Cobra4M][GTZC] default value MPCBB3 and MPCBB5 - Privileged memory - MPCBB4 is applicable
2026-08-27 16:08:07,369 [INFO] Rule:233 - rule WakeUp0 Mode is applicable
2026-08-27 16:08:07,369 [INFO] Rule:233 - rule WakeUp0 SIGNAL is applicable
2026-08-27 16:08:07,369 [INFO] Rule:233 - rule WakeUp1 Mode is applicable
2026-08-27 16:08:07,369 [INFO] Rule:233 - rule WakeUp1 SIGNAL is applicable
2026-08-27 16:08:07,369 [INFO] Rule:233 - rule WakeUp2 Mode is applicable
2026-08-27 16:08:07,369 [INFO] Rule:233 - rule WakeUp2 SIGNAL is applicable
2026-08-27 16:08:07,369 [INFO] Rule:233 - rule WakeUp4 Mode is applicable
2026-08-27 16:08:07,369 [INFO] Rule:233 - rule WakeUp4 SIGNAL is applicable
2026-08-27 16:08:07,369 [INFO] Rule:233 - rule WakeUp5 Mode is applicable
2026-08-27 16:08:07,369 [INFO] Rule:233 - rule WakeUp5 SIGNAL is applicable
2026-08-27 16:08:07,369 [INFO] Rule:233 - rule Change Default Value for LSE Drive Capability for WB family is applicable
2026-08-27 16:08:07,369 [INFO] Rule:233 - rule change FDCAN default value is applicable
2026-08-27 16:08:07,369 [INFO] Rule:233 - rule Adapt Old IOC before rework replace old CORTEX_M33/CORTEX_M55 attributes by the new one. is applicable
2026-08-27 16:08:07,369 [INFO] Rule:233 - rule Rename parametre of RCC RCC_APBDBG_DIV2 to RCC_TIMPRES_DIV2 is applicable
2026-08-27 16:08:07,369 [INFO] Rule:233 - rule Rename DIE493 pin PA10 [PA12] -> PA10 is applicable
2026-08-27 16:08:07,369 [INFO] Rule:233 - rule Rename DIE493 pin PA9 [PA11] -> PA9 is applicable
2026-08-27 16:08:07,369 [INFO] Rule:233 - rule Rename DIE492 PartNumber CPN STM32WBA5MJGHx -> STM32WBA5MMGHx is applicable
2026-08-27 16:08:07,369 [INFO] Rule:233 - rule Rename DIE492 PartNumber  Name STM32WBA5MJGHx -> STM32WBA5MMGHx is applicable
2026-08-27 16:08:07,369 [INFO] Rule:233 - rule Rename DIE492 PartNumber UserName STM32WBA5MJGHx -> STM32WBA5MMGHx is applicable
2026-08-27 16:08:07,370 [INFO] Rule:233 - rule Rename DIE492 PartNumber DeviceId STM32WBA5MJGHx -> STM32WBA5MMGHx is applicable
2026-08-27 16:08:07,370 [INFO] Rule:233 - rule Adapt Old IOC CSI. is applicable
2026-08-27 16:08:07,370 [INFO] Rule:233 - rule Adapt Old IOC DCMIPP. is applicable
2026-08-27 16:08:07,370 [INFO] Rule:233 - rule Adapt Old IOC DCMIPP Mode Parallel. is applicable
2026-08-27 16:08:07,370 [INFO] Rule:233 - rule Adapt Old IOC LTDC. is applicable
2026-08-27 16:08:07,370 [INFO] Rule:233 - rule Rename STM32MP2 RIF Peripheral LTDC RIF.RISUP.LTDC_L0L1.Privilege -> RIF.RISUP.LTDC_L1L2.Privilege is applicable
2026-08-27 16:08:07,370 [INFO] Rule:233 - rule Rename STM32MP2 RIF Peripheral LTDC RIF.RISUP.LTDC_L0L1.Privilege -> RIF.RISUP.LTDC_L1L2.Privilege is applicable
2026-08-27 16:08:07,370 [INFO] Rule:233 - rule Rename STM32MP2 RIF Peripheral LTDC RIF.RISUP.LTDC_L0L1.Lock -> RIF.RISUP.LTDC_L1L2.Lock is applicable
2026-08-27 16:08:07,370 [INFO] Rule:233 - rule Rename STM32MP2 RIF Peripheral LTDC RIF.RISUP.LTDC_L2.Lock -> RIF.RISUP.LTDC_L3.Lock is applicable
2026-08-27 16:08:07,370 [INFO] Rule:233 - rule Adapt the old IOC example for updating the SYS when it is misconfigured. is applicable
2026-08-27 16:08:07,370 [INFO] Rule:233 - rule Rename STM32C09 Mcu.Package LQFP64 -> LQFP48 is applicable
2026-08-27 16:08:07,370 [INFO] Rule:233 - rule Adapt the old IOC example for updating the SYS when it is misconfigured. is applicable
2026-08-27 16:08:07,370 [INFO] Rule:233 - rule Adapt the old IOC example for updating the SYS when it is misconfigured. is applicable
2026-08-27 16:08:07,374 [INFO] DbConfProperties:307 - Apply Compatibility (5/68 Rules)
2026-08-27 16:08:07,407 [INFO] ImportTextPane:234 - (OptionalMessage_ERROR) Pin84 (VP_RIF_VS_RIF1) cannot be retrieved for this MCU
2026-08-27 16:08:07,496 [INFO] RtosManager:558 - Registered RTOS mode: class=CMSIS, group=RTOS, mode=CMSIS_V1, owner=FREERTOS
2026-08-27 16:08:07,496 [INFO] RtosManager:558 - Registered RTOS mode: class=CMSIS, group=RTOS2, mode=CMSIS_V2, owner=FREERTOS
2026-08-27 16:08:07,496 [INFO] RtosManager:558 - Registered RTOS mode: class=RTOS, group=Core, mode=CMSIS_V1, owner=FREERTOS
2026-08-27 16:08:07,496 [INFO] RtosManager:558 - Registered RTOS mode: class=RTOS, group=Core, mode=CMSIS_V2, owner=FREERTOS
2026-08-27 16:08:07,496 [WARN] ModelIntegratedComponent:184 - Missing modes for component STMicroelectronics:FreeRTOS:0.0.1:STMicroelectronics:RTOS:FreeRTOS:Core:::10.2.0:
2026-08-27 16:08:07,571 [WARN] ModelIntegratedComponent:63 - No mode defined for component null
2026-08-27 16:08:07,571 [WARN] ModelIntegratedComponent:63 - No mode defined for component null
2026-08-27 16:08:07,571 [WARN] ModelIntegratedComponent:63 - No mode defined for component null
2026-08-27 16:08:07,571 [WARN] ModelIntegratedComponent:63 - No mode defined for component null
2026-08-27 16:08:07,571 [WARN] ModelIntegratedComponent:63 - No mode defined for component null
2026-08-27 16:08:07,571 [WARN] ModelIntegratedComponent:63 - No mode defined for component null
2026-08-27 16:08:07,571 [WARN] ModelIntegratedComponent:63 - No mode defined for component null
2026-08-27 16:08:07,571 [WARN] ModelIntegratedComponent:63 - No mode defined for component null
2026-08-27 16:08:07,571 [WARN] ModelIntegratedComponent:63 - No mode defined for component null
2026-08-27 16:08:07,571 [WARN] ModelIntegratedComponent:63 - No mode defined for component null
2026-08-27 16:08:07,571 [WARN] ModelIntegratedComponent:63 - No mode defined for component null
2026-08-27 16:08:07,572 [WARN] ModelIntegratedComponent:63 - No mode defined for component null
2026-08-27 16:08:07,572 [WARN] ModelIntegratedComponent:63 - No mode defined for component null
2026-08-27 16:08:07,572 [WARN] ModelIntegratedComponent:63 - No mode defined for component null
2026-08-27 16:08:07,572 [WARN] ModelIntegratedComponent:63 - No mode defined for component null
2026-08-27 16:08:07,572 [WARN] ModelIntegratedComponent:63 - No mode defined for component null
2026-08-27 16:08:07,572 [WARN] ModelIntegratedComponent:63 - No mode defined for component null
2026-08-27 16:08:07,572 [WARN] ModelIntegratedComponent:63 - No mode defined for component null
2026-08-27 16:08:07,572 [WARN] ModelIntegratedComponent:63 - No mode defined for component null
2026-08-27 16:08:07,572 [WARN] ModelIntegratedComponent:63 - No mode defined for component null
2026-08-27 16:08:07,572 [WARN] ModelIntegratedComponent:63 - No mode defined for component null
2026-08-27 16:08:07,572 [WARN] ModelIntegratedComponent:63 - No mode defined for component null
2026-08-27 16:08:07,572 [WARN] ModelIntegratedComponent:63 - No mode defined for component null
2026-08-27 16:08:07,572 [WARN] ModelIntegratedComponent:63 - No mode defined for component null
2026-08-27 16:08:07,572 [WARN] ModelIntegratedComponent:63 - No mode defined for component null
2026-08-27 16:08:07,572 [WARN] ModelIntegratedComponent:63 - No mode defined for component null
2026-08-27 16:08:07,572 [WARN] ModelIntegratedComponent:63 - No mode defined for component null
2026-08-27 16:08:07,572 [WARN] ModelIntegratedComponent:63 - No mode defined for component null
2026-08-27 16:08:07,572 [WARN] ModelIntegratedComponent:63 - No mode defined for component null
2026-08-27 16:08:07,572 [WARN] ModelIntegratedComponent:63 - No mode defined for component null
2026-08-27 16:08:07,572 [WARN] ModelIntegratedComponent:63 - No mode defined for component null
2026-08-27 16:08:07,572 [WARN] ModelIntegratedComponent:63 - No mode defined for component null
2026-08-27 16:08:07,572 [WARN] ModelIntegratedComponent:63 - No mode defined for component null
2026-08-27 16:08:07,572 [WARN] ModelIntegratedComponent:63 - No mode defined for component null
2026-08-27 16:08:07,572 [WARN] ModelIntegratedComponent:63 - No mode defined for component null
2026-08-27 16:08:07,572 [WARN] ModelPack:524 - Component already loaded: STMicroelectronics:HAL Drivers:0.0.0:STMicroelectronics:Device:STMicro_Driver:XSPI:HAL::0.0.1:HAL_XSPI
2026-08-27 16:08:07,602 [INFO] ThirdPartyModel:298 - Start build external matchings
2026-08-27 16:08:07,840 [INFO] ThirdPartyModel:316 - End build external matchings
2026-08-27 16:08:07,861 [WARN] IP:2250 - MaxTran not found: check if there is a RefParameter without a condition.
2026-08-27 16:08:07,861 [WARN] IP:2250 - Refresh not found: check if there is a RefParameter without a condition.
2026-08-27 16:08:07,861 [INFO] ImportTextPane:234 - (OptionalMessage_ERROR) IP (RCC) : Invalid parameter (FamilyName)
2026-08-27 16:08:08,025 [ERROR] LogOutputStream:75 - [STDERR_REDIRECT] [Fatal Error] :1:1: Premature end of file.
2026-08-27 16:08:08,026 [ERROR] LogOutputStream:75 - [STDERR_REDIRECT] 
2026-08-27 16:08:08,092 [INFO] UtilMem:75 - End LoadConfig() Used Memory: 979537864 Bytes (1073741824)
2026-08-27 16:08:08,169 [WARN] ThirdParty:833 - waiting for thirdparty lock release [change project]
2026-08-27 16:08:08,169 [INFO] ThirdParty:835 - entering critical section [change project]
2026-08-27 16:08:08,169 [INFO] ThirdParty:1030 - CMSIS Pack Vendor :STMicroelectronics X-CUBE-AZRTOS-H7 3.5.0
2026-08-27 16:08:08,169 [INFO] ThirdParty:1030 - CMSIS Pack Vendor :STMicroelectronics X-CUBE-PM33A1 1.0.0
2026-08-27 16:08:08,169 [INFO] ThirdParty:1030 - CMSIS Pack Vendor :STMicroelectronics USBPD 4.1
2026-08-27 16:08:08,169 [INFO] ThirdParty:1030 - CMSIS Pack Vendor :STMicroelectronics X-CUBE-NFC9 1.0.0
2026-08-27 16:08:08,169 [INFO] ThirdParty:1030 - CMSIS Pack Vendor :STMicroelectronics USB_HOST 2.0.0
2026-08-27 16:08:08,169 [INFO] ThirdParty:1030 - CMSIS Pack Vendor :STMicroelectronics FP-ATR-ASTRA1 2.0.3
2026-08-27 16:08:08,169 [INFO] ThirdParty:1030 - CMSIS Pack Vendor :STMicroelectronics X-CUBE-AZRTOS-F4 1.1.0
2026-08-27 16:08:08,169 [INFO] ThirdParty:1030 - CMSIS Pack Vendor :STMicroelectronics LIBJPEG 8.0.0
2026-08-27 16:08:08,169 [INFO] ThirdParty:1030 - CMSIS Pack Vendor :STMicroelectronics X-CUBE-BLE1 7.1.0
2026-08-27 16:08:08,169 [INFO] ThirdParty:1030 - CMSIS Pack Vendor :wolfSSL I-CUBE-wolfMQTT 1.19.2
2026-08-27 16:08:08,169 [INFO] ThirdParty:1030 - CMSIS Pack Vendor :STMicroelectronics USB_DEVICE 3.0.0
2026-08-27 16:08:08,169 [INFO] ThirdParty:1030 - CMSIS Pack Vendor :STMicroelectronics X-CUBE-ISPU 2.1.0
2026-08-27 16:08:08,169 [INFO] ThirdParty:1030 - CMSIS Pack Vendor :STMicroelectronics X-CUBE-EEPRMA1 5.2.0
2026-08-27 16:08:08,169 [INFO] ThirdParty:1030 - CMSIS Pack Vendor :STMicroelectronics X-CUBE-IPS 3.2.0
2026-08-27 16:08:08,169 [INFO] ThirdParty:1030 - CMSIS Pack Vendor :STMicroelectronics eDS-WB_DPC_TT-BIDIR 2.1.1
2026-08-27 16:08:08,169 [INFO] ThirdParty:1030 - CMSIS Pack Vendor :STMicroelectronics X-CUBE-AZRTOS-WB 2.0.0
2026-08-27 16:08:08,169 [INFO] ThirdParty:1030 - CMSIS Pack Vendor :STMicroelectronics X-CUBE-NFC12 1.0.0
2026-08-27 16:08:08,169 [INFO] ThirdParty:1030 - CMSIS Pack Vendor :STMicroelectronics X-CUBE-AZRTOS-F7 1.1.0
2026-08-27 16:08:08,169 [INFO] ThirdParty:1030 - CMSIS Pack Vendor :STMicroelectronics X-CUBE-AZRTOS-L5 2.0.0
2026-08-27 16:08:08,169 [INFO] ThirdParty:1030 - CMSIS Pack Vendor :STMicroelectronics USB_DEVICE 2.0.0
2026-08-27 16:08:08,169 [INFO] ThirdParty:1030 - CMSIS Pack Vendor :STMicroelectronics X-CUBE-FREERTOS 1.6.0
2026-08-27 16:08:08,169 [INFO] ThirdParty:1030 - CMSIS Pack Vendor :STMicroelectronics FP-SNS-STAIOTCFT 1.1.0
2026-08-27 16:08:08,169 [INFO] ThirdParty:1030 - CMSIS Pack Vendor :quantropi X-CUBE-qispace-sdk-base 2.1.0
2026-08-27 16:08:08,169 [INFO] ThirdParty:1030 - CMSIS Pack Vendor :STMicroelectronics X-CUBE-STSE01 2.0.0
2026-08-27 16:08:08,169 [INFO] ThirdParty:1030 - CMSIS Pack Vendor :STMicroelectronics X-CUBE-ALGOBUILD 1.5.0
2026-08-27 16:08:08,169 [INFO] ThirdParty:1030 - CMSIS Pack Vendor :STMicroelectronics FP-SNS-MOTENV1 5.1.0
2026-08-27 16:08:08,169 [INFO] ThirdParty:1030 - CMSIS Pack Vendor :STMicroelectronics FreeRTOS 0.0.1
2026-08-27 16:08:08,169 [INFO] ThirdParty:1030 - CMSIS Pack Vendor :STMicroelectronics X-CUBE-AZRTOS-H7RS 1.3.0
2026-08-27 16:08:08,169 [INFO] ThirdParty:1030 - CMSIS Pack Vendor :STMicroelectronics X-CUBE-AZRTOS-G0 1.1.0
2026-08-27 16:08:08,169 [INFO] ThirdParty:1030 - CMSIS Pack Vendor :STMicroelectronics X-CUBE-NFC4 3.0.0
2026-08-27 16:08:08,169 [INFO] ThirdParty:1030 - CMSIS Pack Vendor :STMicroelectronics X-CUBE-SUBG2 5.0.0
2026-08-27 16:08:08,169 [INFO] ThirdParty:1030 - CMSIS Pack Vendor :STMicroelectronics STM32_WPAN 1.0.0
2026-08-27 16:08:08,169 [INFO] ThirdParty:1030 - CMSIS Pack Vendor :STMicroelectronics eDS-WB_DPC_VIENNA 1.2.0
2026-08-27 16:08:08,169 [INFO] ThirdParty:1030 - CMSIS Pack Vendor :EmbeddedOffice I-CUBE-FS-RTOS 1.0.1
2026-08-27 16:08:08,169 [INFO] ThirdParty:1030 - CMSIS Pack Vendor :STMicroelectronics lwIP 2.0.3
2026-08-27 16:08:08,169 [INFO] ThirdParty:1030 - CMSIS Pack Vendor :WES I-CUBE-Cesium 1.4.0
2026-08-27 16:08:08,169 [INFO] ThirdParty:1030 - CMSIS Pack Vendor :STMicroelectronics X-CUBE-MEMS1 13.0.0
2026-08-27 16:08:08,169 [INFO] ThirdParty:1030 - CMSIS Pack Vendor :STMicroelectronics eDS-WB_DPC_3PH2L-BIDIR 1.1.1
2026-08-27 16:08:08,169 [INFO] ThirdParty:1030 - CMSIS Pack Vendor :STMicroelectronics USB_HOST 1.0.0
2026-08-27 16:08:08,169 [INFO] ThirdParty:1030 - CMSIS Pack Vendor :STMicroelectronics X-CUBE-AZRTOS-G4 2.0.0
2026-08-27 16:08:08,169 [INFO] ThirdParty:1030 - CMSIS Pack Vendor :STMicroelectronics PDM2PCM 3.1.0
2026-08-27 16:08:08,169 [INFO] ThirdParty:1030 - CMSIS Pack Vendor :STMicroelectronics PDM2PCM 3.3.0
2026-08-27 16:08:08,169 [INFO] ThirdParty:1030 - CMSIS Pack Vendor :wolfSSL I-CUBE-wolfTPM 3.8.0
2026-08-27 16:08:08,169 [INFO] ThirdParty:1030 - CMSIS Pack Vendor :STMicroelectronics X-CUBE-DISPLAY 3.0.0
2026-08-27 16:08:08,169 [INFO] ThirdParty:1030 - CMSIS Pack Vendor :wolfSSL I-CUBE-wolfSSH 1.4.20
2026-08-27 16:08:08,169 [INFO] ThirdParty:1030 - CMSIS Pack Vendor :STMicroelectronics X-CUBE-NFC7 2.0.0
2026-08-27 16:08:08,169 [INFO] ThirdParty:1030 - CMSIS Pack Vendor :STMicroelectronics X-CUBE-GNSS1 7.1.1
2026-08-27 16:08:08,169 [INFO] ThirdParty:1030 - CMSIS Pack Vendor :STMicroelectronics FP-SNS-MOTENVWB1 1.5.0
2026-08-27 16:08:08,169 [INFO] ThirdParty:1030 - CMSIS Pack Vendor :STMicroelectronics X-CUBE-TCPP 4.2.0
2026-08-27 16:08:08,169 [INFO] ThirdParty:1030 - CMSIS Pack Vendor :RealThread X-CUBE-RT-Thread_Nano 4.1.1
2026-08-27 16:08:08,169 [INFO] ThirdParty:1030 - CMSIS Pack Vendor :STMicroelectronics FP-ATR-SIGFOX1 3.2.0
2026-08-27 16:08:08,170 [INFO] ThirdParty:1030 - CMSIS Pack Vendor :STMicroelectronics X-CUBE-NFC10 1.0.0
2026-08-27 16:08:08,170 [INFO] ThirdParty:1030 - CMSIS Pack Vendor :STMicroelectronics HAL Drivers 0.0.0
2026-08-27 16:08:08,170 [INFO] ThirdParty:1030 - CMSIS Pack Vendor :STMicroelectronics MBEDTLS 2.16.2
2026-08-27 16:08:08,170 [INFO] ThirdParty:1030 - CMSIS Pack Vendor :STMicroelectronics X-CUBE-ST60 1.1.0
2026-08-27 16:08:08,170 [INFO] ThirdParty:1030 - CMSIS Pack Vendor :STMicroelectronics X-CUBE-ALS 1.0.2
2026-08-27 16:08:08,170 [INFO] ThirdParty:1030 - CMSIS Pack Vendor :emotas I-CUBE-CANOPEN 1.3.0
2026-08-27 16:08:08,170 [INFO] ThirdParty:1030 - CMSIS Pack Vendor :wolfSSL I-CUBE-wolfSSL 5.9.2
2026-08-27 16:08:08,170 [INFO] ThirdParty:1030 - CMSIS Pack Vendor :STMicroelectronics MBEDTLS 2.14.1
2026-08-27 16:08:08,170 [INFO] ThirdParty:1030 - CMSIS Pack Vendor :ITTIA_DB I-CUBE-ITTIADB 8.9.0
2026-08-27 16:08:08,170 [INFO] ThirdParty:1030 - CMSIS Pack Vendor :Cesanta I-CUBE-Mongoose 7.21.7
2026-08-27 16:08:08,170 [INFO] ThirdParty:1030 - CMSIS Pack Vendor :STMicroelectronics X-CUBE-TOUCHGFX 4.26.1
2026-08-27 16:08:08,170 [INFO] ThirdParty:1030 - CMSIS Pack Vendor :STMicroelectronics X-CUBE-NFC6 3.2.0
2026-08-27 16:08:08,170 [INFO] ThirdParty:1030 - CMSIS Pack Vendor :STMicroelectronics FP-SNS-STBOX1 2.1.0
2026-08-27 16:08:08,170 [INFO] ThirdParty:1030 - CMSIS Pack Vendor :STMicroelectronics X-CUBE-AI 10.2.1
2026-08-27 16:08:08,170 [INFO] ThirdParty:1030 - CMSIS Pack Vendor :STMicroelectronics ThreadX 1.0.0
2026-08-27 16:08:08,170 [INFO] ThirdParty:1030 - CMSIS Pack Vendor :STMicroelectronics FP-SNS-SMARTAG2 1.2.0
2026-08-27 16:08:08,170 [INFO] ThirdParty:1030 - CMSIS Pack Vendor :STMicroelectronics FP-SNS-FLIGHT1 5.1.0
2026-08-27 16:08:08,170 [INFO] ThirdParty:1030 - CMSIS Pack Vendor :STMicroelectronics X-CUBE-AZRTOS-WL 2.0.0
2026-08-27 16:08:08,170 [INFO] ThirdParty:1030 - CMSIS Pack Vendor :SEGGER I-CUBE-embOS 1.3.1
2026-08-27 16:08:08,170 [INFO] ThirdParty:1030 - CMSIS Pack Vendor :STMicroelectronics X-CUBE-DPower 1.3.0
2026-08-27 16:08:08,170 [INFO] ThirdParty:1030 - CMSIS Pack Vendor :STMicroelectronics USB_DEVICE 1.0.0
2026-08-27 16:08:08,170 [INFO] ThirdParty:1030 - CMSIS Pack Vendor :STMicroelectronics X-CUBE-AZRTOS-L4 2.0.0
2026-08-27 16:08:08,170 [INFO] ThirdParty:1030 - CMSIS Pack Vendor :STMicroelectronics ThreadX 0.0.2
2026-08-27 16:08:08,170 [INFO] ThirdParty:1030 - CMSIS Pack Vendor :STMicroelectronics lwIP 2.1.2
2026-08-27 16:08:08,170 [INFO] ThirdParty:1030 - CMSIS Pack Vendor :STMicroelectronics X-CUBE-SFXS2LP1 4.0.0
2026-08-27 16:08:08,170 [INFO] ThirdParty:1030 - CMSIS Pack Vendor :STMicroelectronics X-CUBE-BLE2 3.3.0
2026-08-27 16:08:08,170 [INFO] ThirdParty:1030 - CMSIS Pack Vendor :Avnet-IOTCONNECT X-CUBE-iotc-st67-sdk 1.0.0
2026-08-27 16:08:08,170 [INFO] ThirdParty:1030 - CMSIS Pack Vendor :STMicroelectronics X-CUBE-TOF1 3.4.3
2026-08-27 16:08:08,170 [INFO] ThirdParty:1030 - CMSIS Pack Vendor :Infineon AIROC-Wi-Fi-Bluetooth-STM32 1.8.0
2026-08-27 16:08:08,170 [INFO] ThirdParty:1030 - CMSIS Pack Vendor :STMicroelectronics X-CUBE-NFC13 1.0.0
2026-08-27 16:08:08,170 [INFO] ThirdParty:1030 - CMSIS Pack Vendor :STMicroelectronics PDM2PCM 3.2.0
2026-08-27 16:08:08,170 [INFO] ThirdParty:1030 - CMSIS Pack Vendor :STMicroelectronics X-CUBE-WB05N 2.1.0
2026-08-27 16:08:08,170 [INFO] ThirdParty:841 - exiting critical section [change project]
2026-08-27 16:08:08,494 [INFO] PinOutPanel:1589 - setPackage(No Configuration,No Configuration)
2026-08-27 16:08:08,495 [INFO] PinOutPanel:1589 - setPackage(STM32L4S5VITx,LQFP100)
2026-08-27 16:08:08,949 [INFO] UtilMem:75 - Before build in PCC Used Memory: 989239592 Bytes (1073741824)
2026-08-27 16:08:09,015 [ERROR] LogOutputStream:75 - [STDERR_REDIRECT] [Fatal Error] :1:1: Premature end of file.
2026-08-27 16:08:09,015 [ERROR] LogOutputStream:75 - [STDERR_REDIRECT] 
2026-08-27 16:08:09,674 [INFO] UtilMem:75 - After build in PCC Used Memory: 881574688 Bytes (1073741824)
2026-08-27 16:08:09,697 [INFO] IPUIPlugin:80 - create IPUIPlugin
2026-08-27 16:08:09,697 [INFO] IPUIPlugin:80 - create IPUIPlugin
2026-08-27 16:08:09,697 [INFO] IPUIPlugin:80 - create IPUIPlugin
2026-08-27 16:08:09,697 [INFO] IPUIPlugin:80 - create IPUIPlugin
2026-08-27 16:08:09,697 [INFO] IPUIPlugin:80 - create IPUIPlugin
2026-08-27 16:08:09,697 [INFO] IPUIPlugin:80 - create IPUIPlugin
2026-08-27 16:08:09,697 [INFO] IPUIPlugin:80 - create IPUIPlugin
2026-08-27 16:08:09,697 [INFO] IPUIPlugin:80 - create IPUIPlugin
2026-08-27 16:08:09,697 [INFO] IPUIPlugin:80 - create IPUIPlugin
2026-08-27 16:08:09,698 [INFO] IPUIPlugin:80 - create IPUIPlugin
2026-08-27 16:08:09,698 [INFO] IPUIPlugin:80 - create IPUIPlugin
2026-08-27 16:08:09,698 [INFO] IPUIPlugin:80 - create IPUIPlugin
2026-08-27 16:08:09,698 [INFO] IPUIPlugin:80 - create IPUIPlugin
2026-08-27 16:08:09,698 [INFO] IPUIPlugin:80 - create IPUIPlugin
2026-08-27 16:08:09,698 [INFO] IPUIPlugin:80 - create IPUIPlugin
2026-08-27 16:08:09,698 [INFO] IPUIPlugin:80 - create IPUIPlugin
2026-08-27 16:08:09,698 [INFO] IPUIPlugin:80 - create IPUIPlugin
2026-08-27 16:08:09,698 [INFO] IPUIPlugin:80 - create IPUIPlugin
2026-08-27 16:08:09,698 [INFO] IPUIPlugin:80 - create IPUIPlugin
2026-08-27 16:08:09,698 [INFO] IPUIPlugin:80 - create IPUIPlugin
2026-08-27 16:08:09,698 [INFO] IPUIPlugin:80 - create IPUIPlugin
2026-08-27 16:08:09,698 [INFO] IPUIPlugin:80 - create IPUIPlugin
2026-08-27 16:08:09,699 [INFO] IPUIPlugin:80 - create IPUIPlugin
2026-08-27 16:08:09,699 [INFO] IPUIPlugin:80 - create IPUIPlugin
2026-08-27 16:08:09,699 [INFO] IPUIPlugin:80 - create IPUIPlugin
2026-08-27 16:08:09,699 [INFO] IPUIPlugin:80 - create IPUIPlugin
2026-08-27 16:08:09,699 [INFO] IPUIPlugin:80 - create IPUIPlugin
2026-08-27 16:08:09,699 [INFO] IPUIPlugin:80 - create IPUIPlugin
2026-08-27 16:08:09,699 [INFO] IPUIPlugin:80 - create IPUIPlugin
2026-08-27 16:08:09,699 [INFO] IPUIPlugin:80 - create IPUIPlugin
2026-08-27 16:08:09,699 [INFO] IPUIPlugin:80 - create IPUIPlugin
2026-08-27 16:08:09,700 [INFO] IPUIPlugin:80 - create IPUIPlugin
2026-08-27 16:08:09,700 [INFO] IPUIPlugin:80 - create IPUIPlugin
2026-08-27 16:08:09,700 [INFO] IPUIPlugin:80 - create IPUIPlugin
2026-08-27 16:08:09,700 [INFO] IPUIPlugin:80 - create IPUIPlugin
2026-08-27 16:08:09,700 [INFO] IPUIPlugin:80 - create IPUIPlugin
2026-08-27 16:08:09,700 [INFO] IPUIPlugin:80 - create IPUIPlugin
2026-08-27 16:08:09,700 [INFO] IPUIPlugin:80 - create IPUIPlugin
2026-08-27 16:08:09,700 [INFO] IPUIPlugin:80 - create IPUIPlugin
2026-08-27 16:08:09,700 [INFO] IPUIPlugin:80 - create IPUIPlugin
2026-08-27 16:08:09,700 [INFO] IPUIPlugin:80 - create IPUIPlugin
2026-08-27 16:08:09,701 [INFO] IPUIPlugin:80 - create IPUIPlugin
2026-08-27 16:08:09,701 [INFO] IPUIPlugin:80 - create IPUIPlugin
2026-08-27 16:08:09,701 [INFO] IPUIPlugin:80 - create IPUIPlugin
2026-08-27 16:08:09,701 [INFO] IPUIPlugin:80 - create IPUIPlugin
2026-08-27 16:08:09,701 [INFO] IPUIPlugin:80 - create IPUIPlugin
2026-08-27 16:08:09,701 [INFO] IPUIPlugin:80 - create IPUIPlugin
2026-08-27 16:08:09,701 [INFO] IPUIPlugin:80 - create IPUIPlugin
2026-08-27 16:08:09,701 [INFO] IPUIPlugin:80 - create IPUIPlugin
2026-08-27 16:08:09,701 [INFO] IPUIPlugin:80 - create IPUIPlugin
2026-08-27 16:08:09,701 [INFO] IPUIPlugin:80 - create IPUIPlugin
2026-08-27 16:08:09,702 [INFO] IPUIPlugin:80 - create IPUIPlugin
2026-08-27 16:08:09,702 [INFO] IPUIPlugin:80 - create IPUIPlugin
2026-08-27 16:08:09,702 [INFO] IPUIPlugin:80 - create IPUIPlugin
2026-08-27 16:08:09,702 [INFO] IPUIPlugin:80 - create IPUIPlugin
2026-08-27 16:08:09,702 [INFO] IPUIPlugin:80 - create IPUIPlugin
2026-08-27 16:08:09,703 [INFO] IPUIPlugin:80 - create IPUIPlugin
2026-08-27 16:08:09,703 [INFO] IPUIPlugin:80 - create IPUIPlugin
2026-08-27 16:08:09,703 [INFO] IPUIPlugin:80 - create IPUIPlugin
2026-08-27 16:08:09,703 [INFO] IPUIPlugin:80 - create IPUIPlugin
2026-08-27 16:08:09,703 [INFO] IPUIPlugin:80 - create IPUIPlugin
2026-08-27 16:08:09,704 [INFO] IPUIPlugin:80 - create IPUIPlugin
2026-08-27 16:08:09,704 [INFO] IPUIPlugin:80 - create IPUIPlugin
2026-08-27 16:08:09,887 [INFO] CADModel:165 - CPN selected for project levelSTM32L4S5VIT6
2026-08-27 16:08:09,887 [INFO] CADModel:114 - Register for checkConnection events
2026-08-27 16:08:09,931 [INFO] OpenFileManager:386 - Restore cursor
2026-08-27 16:08:10,026 [ERROR] LogOutputStream:75 - [STDERR_REDIRECT] [Fatal Error] :1:1: Premature end of file.
2026-08-27 16:08:10,026 [ERROR] LogOutputStream:75 - [STDERR_REDIRECT] 
2026-08-27 16:08:10,203 [WARN] IP:2250 - MaxTran not found: check if there is a RefParameter without a condition.
2026-08-27 16:08:10,203 [WARN] IP:2250 - Refresh not found: check if there is a RefParameter without a condition.
2026-08-27 16:08:10,203 [WARN] IP:2250 - MaxTran not found: check if there is a RefParameter without a condition.
2026-08-27 16:08:10,203 [WARN] IP:2250 - Refresh not found: check if there is a RefParameter without a condition.
2026-08-27 16:08:10,794 [INFO] UtilMem:75 - End SaveConfig() Used Memory: 965952760 Bytes (1073741824)
2026-08-27 16:08:11,039 [ERROR] LogOutputStream:75 - [STDERR_REDIRECT] [Fatal Error] :1:1: Premature end of file.
2026-08-27 16:08:11,041 [ERROR] LogOutputStream:75 - [STDERR_REDIRECT] 
2026-08-27 16:08:12,027 [ERROR] LogOutputStream:75 - [STDERR_REDIRECT] [Fatal Error] :1:1: Premature end of file.
2026-08-27 16:08:12,027 [ERROR] LogOutputStream:75 - [STDERR_REDIRECT] 
2026-08-27 16:08:13,018 [ERROR] LogOutputStream:75 - [STDERR_REDIRECT] [Fatal Error] :1:1: Premature end of file.
2026-08-27 16:08:13,018 [ERROR] LogOutputStream:75 - [STDERR_REDIRECT] 
2026-08-27 16:08:14,008 [ERROR] LogOutputStream:75 - [STDERR_REDIRECT] [Fatal Error] :1:1: Premature end of file.
2026-08-27 16:08:14,008 [ERROR] LogOutputStream:75 - [STDERR_REDIRECT] 
2026-08-27 16:08:15,018 [ERROR] LogOutputStream:75 - [STDERR_REDIRECT] [Fatal Error] :1:1: Premature end of file.
2026-08-27 16:08:15,018 [ERROR] LogOutputStream:75 - [STDERR_REDIRECT] 
2026-08-27 16:08:16,019 [ERROR] LogOutputStream:75 - [STDERR_REDIRECT] [Fatal Error] :1:1: Premature end of file.
2026-08-27 16:08:16,019 [ERROR] LogOutputStream:75 - [STDERR_REDIRECT] 
2026-08-27 16:08:17,009 [ERROR] ConfigurationRetriever:142 - IOException on connection: Read timed out
2026-08-27 16:08:17,012 [ERROR] LogOutputStream:75 - [STDERR_REDIRECT] [Fatal Error] :1:1: Premature end of file.
2026-08-27 16:08:17,012 [ERROR] LogOutputStream:75 - [STDERR_REDIRECT] 
2026-08-27 16:08:18,009 [ERROR] LogOutputStream:75 - [STDERR_REDIRECT] [Fatal Error] :1:1: Premature end of file.
2026-08-27 16:08:18,009 [ERROR] LogOutputStream:75 - [STDERR_REDIRECT] 
2026-08-27 16:08:18,475 [INFO] McuFinderGlobals:76 - Set McuFinderConnectedMode to true
2026-08-27 16:08:18,477 [INFO] ApiDb:448 - Save user favorites file C:\Users\student/.stm32cubeide/favorites.mcus.txt: 0 item(s)
2026-08-27 16:08:18,478 [INFO] ApiDb:452 - User favorites MCUs=[]
2026-08-27 16:08:18,479 [INFO] ApiDb:448 - Save user favorites file C:\Users\student/.stm32cubeide/favorites.boards.txt: 0 item(s)
2026-08-27 16:08:18,479 [INFO] ApiDb:452 - User favorites Boards=[]
2026-08-27 16:08:19,020 [ERROR] LogOutputStream:75 - [STDERR_REDIRECT] [Fatal Error] :1:1: Premature end of file.
2026-08-27 16:08:19,020 [ERROR] LogOutputStream:75 - [STDERR_REDIRECT] 
2026-08-27 16:08:20,020 [ERROR] LogOutputStream:75 - [STDERR_REDIRECT] [Fatal Error] :1:1: Premature end of file.
2026-08-27 16:08:20,020 [ERROR] LogOutputStream:75 - [STDERR_REDIRECT] 
2026-08-27 16:08:21,021 [ERROR] LogOutputStream:75 - [STDERR_REDIRECT] [Fatal Error] :1:1: Premature end of file.
2026-08-27 16:08:21,021 [ERROR] LogOutputStream:75 - [STDERR_REDIRECT] 
2026-08-27 16:08:22,013 [ERROR] LogOutputStream:75 - [STDERR_REDIRECT] [Fatal Error] :1:1: Premature end of file.
2026-08-27 16:08:22,013 [ERROR] LogOutputStream:75 - [STDERR_REDIRECT] 
2026-08-27 16:08:23,012 [ERROR] LogOutputStream:75 - [STDERR_REDIRECT] [Fatal Error] :1:1: Premature end of file.
2026-08-27 16:08:23,012 [ERROR] LogOutputStream:75 - [STDERR_REDIRECT] 
2026-08-27 16:08:23,369 [ERROR] ConfigurationRetriever:142 - IOException on connection: Read timed out
2026-08-27 16:08:24,012 [ERROR] LogOutputStream:75 - [STDERR_REDIRECT] [Fatal Error] :1:1: Premature end of file.
2026-08-27 16:08:24,012 [ERROR] LogOutputStream:75 - [STDERR_REDIRECT] 
2026-08-27 16:08:25,023 [ERROR] LogOutputStream:75 - [STDERR_REDIRECT] [Fatal Error] :1:1: Premature end of file.
2026-08-27 16:08:25,023 [ERROR] LogOutputStream:75 - [STDERR_REDIRECT] 
2026-08-27 16:08:26,013 [ERROR] LogOutputStream:75 - [STDERR_REDIRECT] [Fatal Error] :1:1: Premature end of file.
2026-08-27 16:08:26,013 [ERROR] LogOutputStream:75 - [STDERR_REDIRECT] 
2026-08-27 16:08:27,013 [ERROR] LogOutputStream:75 - [STDERR_REDIRECT] [Fatal Error] :1:1: Premature end of file.
2026-08-27 16:08:27,013 [ERROR] LogOutputStream:75 - [STDERR_REDIRECT] 
2026-08-27 16:08:28,014 [ERROR] LogOutputStream:75 - [STDERR_REDIRECT] [Fatal Error] :1:1: Premature end of file.
2026-08-27 16:08:28,014 [ERROR] LogOutputStream:75 - [STDERR_REDIRECT] 
2026-08-27 16:08:28,374 [ERROR] ConfigurationRetriever:142 - IOException on connection: Read timed out
2026-08-27 16:08:29,014 [ERROR] LogOutputStream:75 - [STDERR_REDIRECT] [Fatal Error] :1:1: Premature end of file.
2026-08-27 16:08:29,014 [ERROR] LogOutputStream:75 - [STDERR_REDIRECT] 
2026-08-27 16:08:30,015 [ERROR] LogOutputStream:75 - [STDERR_REDIRECT] [Fatal Error] :1:1: Premature end of file.
2026-08-27 16:08:30,015 [ERROR] LogOutputStream:75 - [STDERR_REDIRECT] 
2026-08-27 16:08:31,017 [ERROR] LogOutputStream:75 - [STDERR_REDIRECT] [Fatal Error] :1:1: Premature end of file.
2026-08-27 16:08:31,017 [ERROR] LogOutputStream:75 - [STDERR_REDIRECT] 
2026-08-27 16:08:32,007 [ERROR] LogOutputStream:75 - [STDERR_REDIRECT] [Fatal Error] :1:1: Premature end of file.
2026-08-27 16:08:32,007 [ERROR] LogOutputStream:75 - [STDERR_REDIRECT] 
2026-08-27 16:08:33,018 [ERROR] LogOutputStream:75 - [STDERR_REDIRECT] [Fatal Error] :1:1: Premature end of file.
2026-08-27 16:08:33,018 [ERROR] LogOutputStream:75 - [STDERR_REDIRECT] 
2026-08-27 16:08:33,376 [ERROR] ConfigurationRetriever:142 - IOException on connection: Read timed out
2026-08-27 16:08:34,019 [ERROR] LogOutputStream:75 - [STDERR_REDIRECT] [Fatal Error] :1:1: Premature end of file.
2026-08-27 16:08:34,019 [ERROR] LogOutputStream:75 - [STDERR_REDIRECT] 
2026-08-27 16:08:35,009 [ERROR] LogOutputStream:75 - [STDERR_REDIRECT] [Fatal Error] :1:1: Premature end of file.
2026-08-27 16:08:35,009 [ERROR] LogOutputStream:75 - [STDERR_REDIRECT] 
2026-08-27 16:08:36,009 [ERROR] LogOutputStream:75 - [STDERR_REDIRECT] [Fatal Error] :1:1: Premature end of file.
2026-08-27 16:08:36,009 [ERROR] LogOutputStream:75 - [STDERR_REDIRECT] 
2026-08-27 16:08:37,019 [ERROR] LogOutputStream:75 - [STDERR_REDIRECT] [Fatal Error] :1:1: Premature end of file.
2026-08-27 16:08:37,019 [ERROR] LogOutputStream:75 - [STDERR_REDIRECT] 
2026-08-27 16:08:38,011 [ERROR] LogOutputStream:75 - [STDERR_REDIRECT] [Fatal Error] :1:1: Premature end of file.
2026-08-27 16:08:38,011 [ERROR] LogOutputStream:75 - [STDERR_REDIRECT] 
2026-08-27 16:08:39,011 [ERROR] LogOutputStream:75 - [STDERR_REDIRECT] [Fatal Error] :1:1: Premature end of file.
2026-08-27 16:08:39,011 [ERROR] LogOutputStream:75 - [STDERR_REDIRECT] 
2026-08-27 16:08:40,011 [ERROR] LogOutputStream:75 - [STDERR_REDIRECT] [Fatal Error] :1:1: Premature end of file.
2026-08-27 16:08:40,011 [ERROR] LogOutputStream:75 - [STDERR_REDIRECT] 
2026-08-27 16:08:41,012 [ERROR] LogOutputStream:75 - [STDERR_REDIRECT] [Fatal Error] :1:1: Premature end of file.
2026-08-27 16:08:41,012 [ERROR] LogOutputStream:75 - [STDERR_REDIRECT] 
2026-08-27 16:08:42,012 [ERROR] LogOutputStream:75 - [STDERR_REDIRECT] [Fatal Error] :1:1: Premature end of file.
2026-08-27 16:08:42,012 [ERROR] LogOutputStream:75 - [STDERR_REDIRECT] 
2026-08-27 16:08:43,012 [ERROR] LogOutputStream:75 - [STDERR_REDIRECT] [Fatal Error] :1:1: Premature end of file.
2026-08-27 16:08:43,012 [ERROR] LogOutputStream:75 - [STDERR_REDIRECT] 
2026-08-27 16:08:44,013 [ERROR] LogOutputStream:75 - [STDERR_REDIRECT] [Fatal Error] :1:1: Premature end of file.
2026-08-27 16:08:44,021 [ERROR] LogOutputStream:75 - [STDERR_REDIRECT] 
2026-08-27 16:08:45,014 [ERROR] LogOutputStream:75 - [STDERR_REDIRECT] [Fatal Error] :1:1: Premature end of file.
2026-08-27 16:08:45,014 [ERROR] LogOutputStream:75 - [STDERR_REDIRECT] 
2026-08-27 16:08:46,014 [ERROR] LogOutputStream:75 - [STDERR_REDIRECT] [Fatal Error] :1:1: Premature end of file.
2026-08-27 16:08:46,014 [ERROR] LogOutputStream:75 - [STDERR_REDIRECT] 
2026-08-27 16:08:47,015 [ERROR] LogOutputStream:75 - [STDERR_REDIRECT] [Fatal Error] :1:1: Premature end of file.
2026-08-27 16:08:47,015 [ERROR] LogOutputStream:75 - [STDERR_REDIRECT] 
2026-08-27 16:08:48,015 [ERROR] LogOutputStream:75 - [STDERR_REDIRECT] [Fatal Error] :1:1: Premature end of file.
2026-08-27 16:08:48,015 [ERROR] LogOutputStream:75 - [STDERR_REDIRECT] 
2026-08-27 16:08:49,016 [ERROR] LogOutputStream:75 - [STDERR_REDIRECT] [Fatal Error] :1:1: Premature end of file.
2026-08-27 16:08:49,016 [ERROR] LogOutputStream:75 - [STDERR_REDIRECT] 
2026-08-27 16:08:50,016 [ERROR] LogOutputStream:75 - [STDERR_REDIRECT] [Fatal Error] :1:1: Premature end of file.
2026-08-27 16:08:50,016 [ERROR] LogOutputStream:75 - [STDERR_REDIRECT] 
2026-08-27 16:08:51,017 [ERROR] LogOutputStream:75 - [STDERR_REDIRECT] [Fatal Error] :1:1: Premature end of file.
2026-08-27 16:08:51,017 [ERROR] LogOutputStream:75 - [STDERR_REDIRECT] 
2026-08-27 16:08:52,022 [ERROR] LogOutputStream:75 - [STDERR_REDIRECT] [Fatal Error] :1:1: Premature end of file.
2026-08-27 16:08:52,022 [ERROR] LogOutputStream:75 - [STDERR_REDIRECT] 
2026-08-27 16:08:53,016 [ERROR] LogOutputStream:75 - [STDERR_REDIRECT] [Fatal Error] :1:1: Premature end of file.
2026-08-27 16:08:53,016 [ERROR] LogOutputStream:75 - [STDERR_REDIRECT] 
2026-08-27 16:08:54,016 [ERROR] LogOutputStream:75 - [STDERR_REDIRECT] [Fatal Error] :1:1: Premature end of file.
2026-08-27 16:08:54,016 [ERROR] LogOutputStream:75 - [STDERR_REDIRECT] 
2026-08-27 16:08:55,017 [ERROR] LogOutputStream:75 - [STDERR_REDIRECT] [Fatal Error] :1:1: Premature end of file.
2026-08-27 16:08:55,017 [ERROR] LogOutputStream:75 - [STDERR_REDIRECT] 
2026-08-27 16:08:56,017 [ERROR] LogOutputStream:75 - [STDERR_REDIRECT] [Fatal Error] :1:1: Premature end of file.
2026-08-27 16:08:56,017 [ERROR] LogOutputStream:75 - [STDERR_REDIRECT] 
2026-08-27 16:08:57,017 [ERROR] LogOutputStream:75 - [STDERR_REDIRECT] [Fatal Error] :1:1: Premature end of file.
2026-08-27 16:08:57,017 [ERROR] LogOutputStream:75 - [STDERR_REDIRECT] 
2026-08-27 16:08:58,018 [ERROR] LogOutputStream:75 - [STDERR_REDIRECT] [Fatal Error] :1:1: Premature end of file.
2026-08-27 16:08:58,018 [ERROR] LogOutputStream:75 - [STDERR_REDIRECT] 
2026-08-27 16:08:59,023 [ERROR] LogOutputStream:75 - [STDERR_REDIRECT] [Fatal Error] :1:1: Premature end of file.
2026-08-27 16:08:59,025 [ERROR] LogOutputStream:75 - [STDERR_REDIRECT] 
2026-08-27 16:09:00,026 [ERROR] LogOutputStream:75 - [STDERR_REDIRECT] [Fatal Error] :1:1: Premature end of file.
2026-08-27 16:09:00,026 [ERROR] LogOutputStream:75 - [STDERR_REDIRECT] 
2026-08-27 16:09:01,020 [ERROR] LogOutputStream:75 - [STDERR_REDIRECT] [Fatal Error] :1:1: Premature end of file.
2026-08-27 16:09:01,020 [ERROR] LogOutputStream:75 - [STDERR_REDIRECT] 
2026-08-27 16:09:02,040 [ERROR] LogOutputStream:75 - [STDERR_REDIRECT] [Fatal Error] :1:1: Premature end of file.
2026-08-27 16:09:02,040 [ERROR] LogOutputStream:75 - [STDERR_REDIRECT] 
2026-08-27 16:09:03,022 [ERROR] LogOutputStream:75 - [STDERR_REDIRECT] [Fatal Error] :1:1: Premature end of file.
2026-08-27 16:09:03,022 [ERROR] LogOutputStream:75 - [STDERR_REDIRECT] 
2026-08-27 16:09:04,015 [ERROR] LogOutputStream:75 - [STDERR_REDIRECT] [Fatal Error] :1:1: Premature end of file.
2026-08-27 16:09:04,015 [ERROR] LogOutputStream:75 - [STDERR_REDIRECT] 
2026-08-27 16:09:05,012 [ERROR] LogOutputStream:75 - [STDERR_REDIRECT] [Fatal Error] :1:1: Premature end of file.
2026-08-27 16:09:05,012 [ERROR] LogOutputStream:75 - [STDERR_REDIRECT] 
2026-08-27 16:09:06,014 [ERROR] LogOutputStream:75 - [STDERR_REDIRECT] [Fatal Error] :1:1: Premature end of file.
2026-08-27 16:09:06,014 [ERROR] LogOutputStream:75 - [STDERR_REDIRECT] 
2026-08-27 16:09:07,016 [ERROR] LogOutputStream:75 - [STDERR_REDIRECT] [Fatal Error] :1:1: Premature end of file.
2026-08-27 16:09:07,016 [ERROR] LogOutputStream:75 - [STDERR_REDIRECT] 
2026-08-27 16:09:08,025 [ERROR] LogOutputStream:75 - [STDERR_REDIRECT] [Fatal Error] :1:1: Premature end of file.
2026-08-27 16:09:08,025 [ERROR] LogOutputStream:75 - [STDERR_REDIRECT] 
2026-08-27 16:09:09,026 [ERROR] LogOutputStream:75 - [STDERR_REDIRECT] [Fatal Error] :1:1: Premature end of file.
2026-08-27 16:09:09,026 [ERROR] LogOutputStream:75 - [STDERR_REDIRECT] 
2026-08-27 16:09:10,021 [ERROR] LogOutputStream:75 - [STDERR_REDIRECT] [Fatal Error] :1:1: Premature end of file.
2026-08-27 16:09:10,021 [ERROR] LogOutputStream:75 - [STDERR_REDIRECT] 
2026-08-27 16:09:11,009 [ERROR] LogOutputStream:75 - [STDERR_REDIRECT] [Fatal Error] :1:1: Premature end of file.
2026-08-27 16:09:11,009 [ERROR] LogOutputStream:75 - [STDERR_REDIRECT] 
2026-08-27 16:09:12,011 [ERROR] LogOutputStream:75 - [STDERR_REDIRECT] [Fatal Error] :1:1: Premature end of file.
2026-08-27 16:09:12,011 [ERROR] LogOutputStream:75 - [STDERR_REDIRECT] 
2026-08-27 16:09:13,019 [ERROR] LogOutputStream:75 - [STDERR_REDIRECT] [Fatal Error] :1:1: Premature end of file.
2026-08-27 16:09:13,019 [ERROR] LogOutputStream:75 - [STDERR_REDIRECT] 
2026-08-27 16:09:14,019 [ERROR] LogOutputStream:75 - [STDERR_REDIRECT] [Fatal Error] :1:1: Premature end of file.
2026-08-27 16:09:14,020 [ERROR] LogOutputStream:75 - [STDERR_REDIRECT] 
2026-08-27 16:09:15,017 [ERROR] LogOutputStream:75 - [STDERR_REDIRECT] [Fatal Error] :1:1: Premature end of file.
2026-08-27 16:09:15,018 [ERROR] LogOutputStream:75 - [STDERR_REDIRECT] 
2026-08-27 16:09:16,023 [ERROR] LogOutputStream:75 - [STDERR_REDIRECT] [Fatal Error] :1:1: Premature end of file.
2026-08-27 16:09:16,023 [ERROR] LogOutputStream:75 - [STDERR_REDIRECT] 
2026-08-27 16:09:17,031 [ERROR] LogOutputStream:75 - [STDERR_REDIRECT] [Fatal Error] :1:1: Premature end of file.
2026-08-27 16:09:17,031 [ERROR] LogOutputStream:75 - [STDERR_REDIRECT] 
2026-08-27 16:09:18,022 [ERROR] LogOutputStream:75 - [STDERR_REDIRECT] [Fatal Error] :1:1: Premature end of file.
2026-08-27 16:09:18,022 [ERROR] LogOutputStream:75 - [STDERR_REDIRECT] 
2026-08-27 16:09:19,021 [ERROR] LogOutputStream:75 - [STDERR_REDIRECT] [Fatal Error] :1:1: Premature end of file.
2026-08-27 16:09:19,021 [ERROR] LogOutputStream:75 - [STDERR_REDIRECT] 
2026-08-27 16:09:20,009 [ERROR] LogOutputStream:75 - [STDERR_REDIRECT] [Fatal Error] :1:1: Premature end of file.
2026-08-27 16:09:20,009 [ERROR] LogOutputStream:75 - [STDERR_REDIRECT] 
2026-08-27 16:09:21,017 [ERROR] LogOutputStream:75 - [STDERR_REDIRECT] [Fatal Error] :1:1: Premature end of file.
2026-08-27 16:09:21,017 [ERROR] LogOutputStream:75 - [STDERR_REDIRECT] 
2026-08-27 16:09:22,019 [ERROR] LogOutputStream:75 - [STDERR_REDIRECT] [Fatal Error] :1:1: Premature end of file.
2026-08-27 16:09:22,019 [ERROR] LogOutputStream:75 - [STDERR_REDIRECT] 
2026-08-27 16:09:23,007 [ERROR] LogOutputStream:75 - [STDERR_REDIRECT] [Fatal Error] :1:1: Premature end of file.
2026-08-27 16:09:23,007 [ERROR] LogOutputStream:75 - [STDERR_REDIRECT] 
2026-08-27 16:09:24,010 [ERROR] LogOutputStream:75 - [STDERR_REDIRECT] [Fatal Error] :1:1: Premature end of file.
2026-08-27 16:09:24,010 [ERROR] LogOutputStream:75 - [STDERR_REDIRECT] 
2026-08-27 16:09:25,022 [ERROR] LogOutputStream:75 - [STDERR_REDIRECT] [Fatal Error] :1:1: Premature end of file.
2026-08-27 16:09:25,022 [ERROR] LogOutputStream:75 - [STDERR_REDIRECT] 
2026-08-27 16:09:26,017 [ERROR] LogOutputStream:75 - [STDERR_REDIRECT] [Fatal Error] :1:1: Premature end of file.
2026-08-27 16:09:26,017 [ERROR] LogOutputStream:75 - [STDERR_REDIRECT] 
2026-08-27 16:09:27,013 [ERROR] LogOutputStream:75 - [STDERR_REDIRECT] [Fatal Error] :1:1: Premature end of file.
2026-08-27 16:09:27,013 [ERROR] LogOutputStream:75 - [STDERR_REDIRECT] 
2026-08-27 16:09:28,026 [ERROR] LogOutputStream:75 - [STDERR_REDIRECT] [Fatal Error] :1:1: Premature end of file.
2026-08-27 16:09:28,026 [ERROR] LogOutputStream:75 - [STDERR_REDIRECT] 
2026-08-27 16:09:29,016 [ERROR] LogOutputStream:75 - [STDERR_REDIRECT] [Fatal Error] :1:1: Premature end of file.
2026-08-27 16:09:29,016 [ERROR] LogOutputStream:75 - [STDERR_REDIRECT] 
2026-08-27 16:09:30,019 [ERROR] LogOutputStream:75 - [STDERR_REDIRECT] [Fatal Error] :1:1: Premature end of file.
2026-08-27 16:09:30,019 [ERROR] LogOutputStream:75 - [STDERR_REDIRECT] 
2026-08-27 16:09:31,015 [ERROR] LogOutputStream:75 - [STDERR_REDIRECT] [Fatal Error] :1:1: Premature end of file.
2026-08-27 16:09:31,015 [ERROR] LogOutputStream:75 - [STDERR_REDIRECT] 
2026-08-27 16:09:32,011 [ERROR] LogOutputStream:75 - [STDERR_REDIRECT] [Fatal Error] :1:1: Premature end of file.
2026-08-27 16:09:32,011 [ERROR] LogOutputStream:75 - [STDERR_REDIRECT] 
2026-08-27 16:09:33,025 [ERROR] LogOutputStream:75 - [STDERR_REDIRECT] [Fatal Error] :1:1: Premature end of file.
2026-08-27 16:09:33,025 [ERROR] LogOutputStream:75 - [STDERR_REDIRECT] 
2026-08-27 16:09:34,026 [ERROR] LogOutputStream:75 - [STDERR_REDIRECT] [Fatal Error] :1:1: Premature end of file.
2026-08-27 16:09:34,026 [ERROR] LogOutputStream:75 - [STDERR_REDIRECT] 
2026-08-27 16:09:35,033 [ERROR] LogOutputStream:75 - [STDERR_REDIRECT] [Fatal Error] :1:1: Premature end of file.
2026-08-27 16:09:35,033 [ERROR] LogOutputStream:75 - [STDERR_REDIRECT] 
2026-08-27 16:09:36,020 [ERROR] LogOutputStream:75 - [STDERR_REDIRECT] [Fatal Error] :1:1: Premature end of file.
2026-08-27 16:09:36,020 [ERROR] LogOutputStream:75 - [STDERR_REDIRECT] 
2026-08-27 16:09:37,022 [ERROR] LogOutputStream:75 - [STDERR_REDIRECT] [Fatal Error] :1:1: Premature end of file.
2026-08-27 16:09:37,022 [ERROR] LogOutputStream:75 - [STDERR_REDIRECT] 
2026-08-27 16:09:38,020 [ERROR] LogOutputStream:75 - [STDERR_REDIRECT] [Fatal Error] :1:1: Premature end of file.
2026-08-27 16:09:38,022 [ERROR] LogOutputStream:75 - [STDERR_REDIRECT] 
2026-08-27 16:09:39,028 [ERROR] LogOutputStream:75 - [STDERR_REDIRECT] [Fatal Error] :1:1: Premature end of file.
2026-08-27 16:09:39,028 [ERROR] LogOutputStream:75 - [STDERR_REDIRECT] 
2026-08-27 16:09:40,020 [ERROR] LogOutputStream:75 - [STDERR_REDIRECT] [Fatal Error] :1:1: Premature end of file.
2026-08-27 16:09:40,020 [ERROR] LogOutputStream:75 - [STDERR_REDIRECT] 
2026-08-27 16:09:41,018 [ERROR] LogOutputStream:75 - [STDERR_REDIRECT] [Fatal Error] :1:1: Premature end of file.
2026-08-27 16:09:41,018 [ERROR] LogOutputStream:75 - [STDERR_REDIRECT] 
2026-08-27 16:09:42,032 [ERROR] LogOutputStream:75 - [STDERR_REDIRECT] [Fatal Error] :1:1: Premature end of file.
2026-08-27 16:09:42,032 [ERROR] LogOutputStream:75 - [STDERR_REDIRECT] 
2026-08-27 16:09:43,010 [ERROR] LogOutputStream:75 - [STDERR_REDIRECT] [Fatal Error] :1:1: Premature end of file.
2026-08-27 16:09:43,010 [ERROR] LogOutputStream:75 - [STDERR_REDIRECT] 
2026-08-27 16:09:44,018 [ERROR] LogOutputStream:75 - [STDERR_REDIRECT] [Fatal Error] :1:1: Premature end of file.
2026-08-27 16:09:44,018 [ERROR] LogOutputStream:75 - [STDERR_REDIRECT] 
2026-08-27 16:09:45,009 [ERROR] LogOutputStream:75 - [STDERR_REDIRECT] [Fatal Error] :1:1: Premature end of file.
2026-08-27 16:09:45,009 [ERROR] LogOutputStream:75 - [STDERR_REDIRECT] 
2026-08-27 16:09:46,017 [ERROR] LogOutputStream:75 - [STDERR_REDIRECT] [Fatal Error] :1:1: Premature end of file.
2026-08-27 16:09:46,017 [ERROR] LogOutputStream:75 - [STDERR_REDIRECT] 
2026-08-27 16:09:47,007 [ERROR] LogOutputStream:75 - [STDERR_REDIRECT] [Fatal Error] :1:1: Premature end of file.
2026-08-27 16:09:47,007 [ERROR] LogOutputStream:75 - [STDERR_REDIRECT] 
2026-08-27 16:09:48,015 [ERROR] LogOutputStream:75 - [STDERR_REDIRECT] [Fatal Error] :1:1: Premature end of file.
2026-08-27 16:09:48,015 [ERROR] LogOutputStream:75 - [STDERR_REDIRECT] 
2026-08-27 16:09:49,011 [ERROR] LogOutputStream:75 - [STDERR_REDIRECT] [Fatal Error] :1:1: Premature end of file.
2026-08-27 16:09:49,011 [ERROR] LogOutputStream:75 - [STDERR_REDIRECT] 
2026-08-27 16:09:50,026 [ERROR] LogOutputStream:75 - [STDERR_REDIRECT] [Fatal Error] :1:1: Premature end of file.
2026-08-27 16:09:50,026 [ERROR] LogOutputStream:75 - [STDERR_REDIRECT] 
2026-08-27 16:09:51,014 [ERROR] LogOutputStream:75 - [STDERR_REDIRECT] [Fatal Error] :1:1: Premature end of file.
2026-08-27 16:09:51,014 [ERROR] LogOutputStream:75 - [STDERR_REDIRECT] 
2026-08-27 16:09:52,014 [ERROR] LogOutputStream:75 - [STDERR_REDIRECT] [Fatal Error] :1:1: Premature end of file.
2026-08-27 16:09:52,014 [ERROR] LogOutputStream:75 - [STDERR_REDIRECT] 
2026-08-27 16:09:53,015 [ERROR] LogOutputStream:75 - [STDERR_REDIRECT] [Fatal Error] :1:1: Premature end of file.
2026-08-27 16:09:53,015 [ERROR] LogOutputStream:75 - [STDERR_REDIRECT] 
2026-08-27 16:09:54,030 [ERROR] LogOutputStream:75 - [STDERR_REDIRECT] [Fatal Error] :1:1: Premature end of file.
2026-08-27 16:09:54,030 [ERROR] LogOutputStream:75 - [STDERR_REDIRECT] 
2026-08-27 16:09:55,016 [ERROR] LogOutputStream:75 - [STDERR_REDIRECT] [Fatal Error] :1:1: Premature end of file.
2026-08-27 16:09:55,016 [ERROR] LogOutputStream:75 - [STDERR_REDIRECT] 
2026-08-27 16:09:56,016 [ERROR] LogOutputStream:75 - [STDERR_REDIRECT] [Fatal Error] :1:1: Premature end of file.
2026-08-27 16:09:56,016 [ERROR] LogOutputStream:75 - [STDERR_REDIRECT] 
2026-08-27 16:09:57,021 [ERROR] LogOutputStream:75 - [STDERR_REDIRECT] [Fatal Error] :1:1: Premature end of file.
2026-08-27 16:09:57,021 [ERROR] LogOutputStream:75 - [STDERR_REDIRECT] 
2026-08-27 16:09:58,018 [ERROR] LogOutputStream:75 - [STDERR_REDIRECT] [Fatal Error] :1:1: Premature end of file.
2026-08-27 16:09:58,018 [ERROR] LogOutputStream:75 - [STDERR_REDIRECT] 
2026-08-27 16:09:59,018 [ERROR] LogOutputStream:75 - [STDERR_REDIRECT] [Fatal Error] :1:1: Premature end of file.
2026-08-27 16:09:59,018 [ERROR] LogOutputStream:75 - [STDERR_REDIRECT] 
2026-08-27 16:10:00,021 [ERROR] LogOutputStream:75 - [STDERR_REDIRECT] [Fatal Error] :1:1: Premature end of file.
2026-08-27 16:10:00,021 [ERROR] LogOutputStream:75 - [STDERR_REDIRECT] 
2026-08-27 16:10:01,011 [ERROR] LogOutputStream:75 - [STDERR_REDIRECT] [Fatal Error] :1:1: Premature end of file.
2026-08-27 16:10:01,011 [ERROR] LogOutputStream:75 - [STDERR_REDIRECT] 
2026-08-27 16:10:02,019 [ERROR] LogOutputStream:75 - [STDERR_REDIRECT] [Fatal Error] :1:1: Premature end of file.
2026-08-27 16:10:02,020 [ERROR] LogOutputStream:75 - [STDERR_REDIRECT] 
2026-08-27 16:10:03,015 [ERROR] LogOutputStream:75 - [STDERR_REDIRECT] [Fatal Error] :1:1: Premature end of file.
2026-08-27 16:10:03,015 [ERROR] LogOutputStream:75 - [STDERR_REDIRECT] 
2026-08-27 16:10:04,009 [ERROR] LogOutputStream:75 - [STDERR_REDIRECT] [Fatal Error] :1:1: Premature end of file.
2026-08-27 16:10:04,009 [ERROR] LogOutputStream:75 - [STDERR_REDIRECT] 
2026-08-27 16:10:05,020 [ERROR] LogOutputStream:75 - [STDERR_REDIRECT] [Fatal Error] :1:1: Premature end of file.
2026-08-27 16:10:05,020 [ERROR] LogOutputStream:75 - [STDERR_REDIRECT] 
2026-08-27 16:10:06,011 [ERROR] LogOutputStream:75 - [STDERR_REDIRECT] [Fatal Error] :1:1: Premature end of file.
2026-08-27 16:10:06,011 [ERROR] LogOutputStream:75 - [STDERR_REDIRECT] 
2026-08-27 16:10:07,022 [ERROR] LogOutputStream:75 - [STDERR_REDIRECT] [Fatal Error] :1:1: Premature end of file.
2026-08-27 16:10:07,022 [ERROR] LogOutputStream:75 - [STDERR_REDIRECT] 
2026-08-27 16:10:08,015 [ERROR] LogOutputStream:75 - [STDERR_REDIRECT] [Fatal Error] :1:1: Premature end of file.
2026-08-27 16:10:08,015 [ERROR] LogOutputStream:75 - [STDERR_REDIRECT] 
2026-08-27 16:10:09,035 [ERROR] LogOutputStream:75 - [STDERR_REDIRECT] [Fatal Error] :1:1: Premature end of file.
2026-08-27 16:10:09,035 [ERROR] LogOutputStream:75 - [STDERR_REDIRECT] 
2026-08-27 16:10:10,022 [ERROR] LogOutputStream:75 - [STDERR_REDIRECT] [Fatal Error] :1:1: Premature end of file.
2026-08-27 16:10:10,022 [ERROR] LogOutputStream:75 - [STDERR_REDIRECT] 
2026-08-27 16:10:11,022 [ERROR] LogOutputStream:75 - [STDERR_REDIRECT] [Fatal Error] :1:1: Premature end of file.
2026-08-27 16:10:11,022 [ERROR] LogOutputStream:75 - [STDERR_REDIRECT] 
2026-08-27 16:10:12,016 [ERROR] LogOutputStream:75 - [STDERR_REDIRECT] [Fatal Error] :1:1: Premature end of file.
2026-08-27 16:10:12,016 [ERROR] LogOutputStream:75 - [STDERR_REDIRECT] 
2026-08-27 16:10:13,015 [ERROR] LogOutputStream:75 - [STDERR_REDIRECT] [Fatal Error] :1:1: Premature end of file.
2026-08-27 16:10:13,015 [ERROR] LogOutputStream:75 - [STDERR_REDIRECT] 
2026-08-27 16:10:14,020 [ERROR] LogOutputStream:75 - [STDERR_REDIRECT] [Fatal Error] :1:1: Premature end of file.
2026-08-27 16:10:14,020 [ERROR] LogOutputStream:75 - [STDERR_REDIRECT] 
2026-08-27 16:10:15,017 [ERROR] LogOutputStream:75 - [STDERR_REDIRECT] [Fatal Error] :1:1: Premature end of file.
2026-08-27 16:10:15,017 [ERROR] LogOutputStream:75 - [STDERR_REDIRECT] 
2026-08-27 16:10:16,019 [ERROR] LogOutputStream:75 - [STDERR_REDIRECT] [Fatal Error] :1:1: Premature end of file.
2026-08-27 16:10:16,019 [ERROR] LogOutputStream:75 - [STDERR_REDIRECT] 
2026-08-27 16:10:17,018 [ERROR] LogOutputStream:75 - [STDERR_REDIRECT] [Fatal Error] :1:1: Premature end of file.
2026-08-27 16:10:17,018 [ERROR] LogOutputStream:75 - [STDERR_REDIRECT] 
2026-08-27 16:10:18,018 [ERROR] LogOutputStream:75 - [STDERR_REDIRECT] [Fatal Error] :1:1: Premature end of file.
2026-08-27 16:10:18,018 [ERROR] LogOutputStream:75 - [STDERR_REDIRECT] 
2026-08-27 16:10:19,018 [ERROR] LogOutputStream:75 - [STDERR_REDIRECT] [Fatal Error] :1:1: Premature end of file.
2026-08-27 16:10:19,018 [ERROR] LogOutputStream:75 - [STDERR_REDIRECT] 
2026-08-27 16:10:20,019 [ERROR] LogOutputStream:75 - [STDERR_REDIRECT] [Fatal Error] :1:1: Premature end of file.
2026-08-27 16:10:20,019 [ERROR] LogOutputStream:75 - [STDERR_REDIRECT] 
2026-08-27 16:10:21,007 [ERROR] LogOutputStream:75 - [STDERR_REDIRECT] [Fatal Error] :1:1: Premature end of file.
2026-08-27 16:10:21,007 [ERROR] LogOutputStream:75 - [STDERR_REDIRECT] 
2026-08-27 16:10:22,020 [ERROR] LogOutputStream:75 - [STDERR_REDIRECT] [Fatal Error] :1:1: Premature end of file.
2026-08-27 16:10:22,020 [ERROR] LogOutputStream:75 - [STDERR_REDIRECT] 
2026-08-27 16:10:23,020 [ERROR] LogOutputStream:75 - [STDERR_REDIRECT] [Fatal Error] :1:1: Premature end of file.
2026-08-27 16:10:23,020 [ERROR] LogOutputStream:75 - [STDERR_REDIRECT] 
2026-08-27 16:10:24,021 [ERROR] LogOutputStream:75 - [STDERR_REDIRECT] [Fatal Error] :1:1: Premature end of file.
2026-08-27 16:10:24,021 [ERROR] LogOutputStream:75 - [STDERR_REDIRECT] 
2026-08-27 16:10:25,008 [ERROR] LogOutputStream:75 - [STDERR_REDIRECT] [Fatal Error] :1:1: Premature end of file.
2026-08-27 16:10:25,008 [ERROR] LogOutputStream:75 - [STDERR_REDIRECT] 
2026-08-27 16:10:26,022 [ERROR] LogOutputStream:75 - [STDERR_REDIRECT] [Fatal Error] :1:1: Premature end of file.
2026-08-27 16:10:26,022 [ERROR] LogOutputStream:75 - [STDERR_REDIRECT] 
2026-08-27 16:10:27,022 [ERROR] LogOutputStream:75 - [STDERR_REDIRECT] [Fatal Error] :1:1: Premature end of file.
2026-08-27 16:10:27,022 [ERROR] LogOutputStream:75 - [STDERR_REDIRECT] 
2026-08-27 16:10:28,023 [ERROR] LogOutputStream:75 - [STDERR_REDIRECT] [Fatal Error] :1:1: Premature end of file.
2026-08-27 16:10:28,023 [ERROR] LogOutputStream:75 - [STDERR_REDIRECT] 
2026-08-27 16:10:29,009 [ERROR] LogOutputStream:75 - [STDERR_REDIRECT] [Fatal Error] :1:1: Premature end of file.
2026-08-27 16:10:29,009 [ERROR] LogOutputStream:75 - [STDERR_REDIRECT] 
2026-08-27 16:10:30,024 [ERROR] LogOutputStream:75 - [STDERR_REDIRECT] [Fatal Error] :1:1: Premature end of file.
2026-08-27 16:10:30,024 [ERROR] LogOutputStream:75 - [STDERR_REDIRECT] 
2026-08-27 16:10:31,009 [ERROR] LogOutputStream:75 - [STDERR_REDIRECT] [Fatal Error] :1:1: Premature end of file.
2026-08-27 16:10:31,009 [ERROR] LogOutputStream:75 - [STDERR_REDIRECT] 
2026-08-27 16:10:32,014 [ERROR] LogOutputStream:75 - [STDERR_REDIRECT] [Fatal Error] :1:1: Premature end of file.
2026-08-27 16:10:32,014 [ERROR] LogOutputStream:75 - [STDERR_REDIRECT] 
2026-08-27 16:10:33,009 [ERROR] LogOutputStream:75 - [STDERR_REDIRECT] [Fatal Error] :1:1: Premature end of file.
2026-08-27 16:10:33,009 [ERROR] LogOutputStream:75 - [STDERR_REDIRECT] 
2026-08-27 16:10:34,017 [ERROR] LogOutputStream:75 - [STDERR_REDIRECT] [Fatal Error] :1:1: Premature end of file.
2026-08-27 16:10:34,017 [ERROR] LogOutputStream:75 - [STDERR_REDIRECT] 
2026-08-27 16:10:35,016 [ERROR] LogOutputStream:75 - [STDERR_REDIRECT] [Fatal Error] :1:1: Premature end of file.
2026-08-27 16:10:35,016 [ERROR] LogOutputStream:75 - [STDERR_REDIRECT] 
2026-08-27 16:10:36,009 [ERROR] LogOutputStream:75 - [STDERR_REDIRECT] [Fatal Error] :1:1: Premature end of file.
2026-08-27 16:10:36,009 [ERROR] LogOutputStream:75 - [STDERR_REDIRECT] 
2026-08-27 16:10:37,014 [ERROR] LogOutputStream:75 - [STDERR_REDIRECT] [Fatal Error] :1:1: Premature end of file.
2026-08-27 16:10:37,014 [ERROR] LogOutputStream:75 - [STDERR_REDIRECT] 
2026-08-27 16:10:38,017 [ERROR] LogOutputStream:75 - [STDERR_REDIRECT] [Fatal Error] :1:1: Premature end of file.
2026-08-27 16:10:38,017 [ERROR] LogOutputStream:75 - [STDERR_REDIRECT] 
2026-08-27 16:10:39,014 [ERROR] LogOutputStream:75 - [STDERR_REDIRECT] [Fatal Error] :1:1: Premature end of file.
2026-08-27 16:10:39,014 [ERROR] LogOutputStream:75 - [STDERR_REDIRECT] 
2026-08-27 16:10:40,029 [ERROR] LogOutputStream:75 - [STDERR_REDIRECT] [Fatal Error] :1:1: Premature end of file.
2026-08-27 16:10:40,029 [ERROR] LogOutputStream:75 - [STDERR_REDIRECT] 
2026-08-27 16:10:41,009 [ERROR] LogOutputStream:75 - [STDERR_REDIRECT] [Fatal Error] :1:1: Premature end of file.
2026-08-27 16:10:41,009 [ERROR] LogOutputStream:75 - [STDERR_REDIRECT] 
2026-08-27 16:10:42,019 [ERROR] LogOutputStream:75 - [STDERR_REDIRECT] [Fatal Error] :1:1: Premature end of file.
2026-08-27 16:10:42,019 [ERROR] LogOutputStream:75 - [STDERR_REDIRECT] 
2026-08-27 16:10:43,019 [ERROR] LogOutputStream:75 - [STDERR_REDIRECT] [Fatal Error] :1:1: Premature end of file.
2026-08-27 16:10:43,019 [ERROR] LogOutputStream:75 - [STDERR_REDIRECT] 
2026-08-27 16:10:44,010 [ERROR] LogOutputStream:75 - [STDERR_REDIRECT] [Fatal Error] :1:1: Premature end of file.
2026-08-27 16:10:44,010 [ERROR] LogOutputStream:75 - [STDERR_REDIRECT] 
2026-08-27 16:10:45,013 [ERROR] LogOutputStream:75 - [STDERR_REDIRECT] [Fatal Error] :1:1: Premature end of file.
2026-08-27 16:10:45,013 [ERROR] LogOutputStream:75 - [STDERR_REDIRECT] 
2026-08-27 16:10:46,012 [ERROR] LogOutputStream:75 - [STDERR_REDIRECT] [Fatal Error] :1:1: Premature end of file.
2026-08-27 16:10:46,012 [ERROR] LogOutputStream:75 - [STDERR_REDIRECT] 
2026-08-27 16:10:47,011 [ERROR] LogOutputStream:75 - [STDERR_REDIRECT] [Fatal Error] :1:1: Premature end of file.
2026-08-27 16:10:47,011 [ERROR] LogOutputStream:75 - [STDERR_REDIRECT] 
2026-08-27 16:10:48,019 [ERROR] LogOutputStream:75 - [STDERR_REDIRECT] [Fatal Error] :1:1: Premature end of file.
2026-08-27 16:10:48,020 [ERROR] LogOutputStream:75 - [STDERR_REDIRECT] 
2026-08-27 16:10:49,024 [ERROR] LogOutputStream:75 - [STDERR_REDIRECT] [Fatal Error] :1:1: Premature end of file.
2026-08-27 16:10:49,024 [ERROR] LogOutputStream:75 - [STDERR_REDIRECT] 
2026-08-27 16:10:50,019 [ERROR] LogOutputStream:75 - [STDERR_REDIRECT] [Fatal Error] :1:1: Premature end of file.
2026-08-27 16:10:50,019 [ERROR] LogOutputStream:75 - [STDERR_REDIRECT] 
2026-08-27 16:10:51,020 [ERROR] LogOutputStream:75 - [STDERR_REDIRECT] [Fatal Error] :1:1: Premature end of file.
2026-08-27 16:10:51,020 [ERROR] LogOutputStream:75 - [STDERR_REDIRECT] 
2026-08-27 16:10:52,016 [ERROR] LogOutputStream:75 - [STDERR_REDIRECT] [Fatal Error] :1:1: Premature end of file.
2026-08-27 16:10:52,016 [ERROR] LogOutputStream:75 - [STDERR_REDIRECT] 
2026-08-27 16:10:53,018 [ERROR] LogOutputStream:75 - [STDERR_REDIRECT] [Fatal Error] :1:1: Premature end of file.
2026-08-27 16:10:53,018 [ERROR] LogOutputStream:75 - [STDERR_REDIRECT] 
2026-08-27 16:10:54,013 [ERROR] LogOutputStream:75 - [STDERR_REDIRECT] [Fatal Error] :1:1: Premature end of file.
2026-08-27 16:10:54,013 [ERROR] LogOutputStream:75 - [STDERR_REDIRECT] 
2026-08-27 16:10:55,016 [ERROR] LogOutputStream:75 - [STDERR_REDIRECT] [Fatal Error] :1:1: Premature end of file.
2026-08-27 16:10:55,016 [ERROR] LogOutputStream:75 - [STDERR_REDIRECT] 
2026-08-27 16:10:56,021 [ERROR] LogOutputStream:75 - [STDERR_REDIRECT] [Fatal Error] :1:1: Premature end of file.
2026-08-27 16:10:56,021 [ERROR] LogOutputStream:75 - [STDERR_REDIRECT] 
2026-08-27 16:10:57,019 [ERROR] LogOutputStream:75 - [STDERR_REDIRECT] [Fatal Error] :1:1: Premature end of file.
2026-08-27 16:10:57,019 [ERROR] LogOutputStream:75 - [STDERR_REDIRECT] 
2026-08-27 16:10:58,014 [ERROR] LogOutputStream:75 - [STDERR_REDIRECT] [Fatal Error] :1:1: Premature end of file.
2026-08-27 16:10:58,014 [ERROR] LogOutputStream:75 - [STDERR_REDIRECT] 
2026-08-27 16:10:59,023 [ERROR] LogOutputStream:75 - [STDERR_REDIRECT] [Fatal Error] :1:1: Premature end of file.
2026-08-27 16:10:59,023 [ERROR] LogOutputStream:75 - [STDERR_REDIRECT] 
2026-08-27 16:11:00,011 [ERROR] LogOutputStream:75 - [STDERR_REDIRECT] [Fatal Error] :1:1: Premature end of file.
2026-08-27 16:11:00,011 [ERROR] LogOutputStream:75 - [STDERR_REDIRECT] 
2026-08-27 16:11:01,014 [ERROR] LogOutputStream:75 - [STDERR_REDIRECT] [Fatal Error] :1:1: Premature end of file.
2026-08-27 16:11:01,014 [ERROR] LogOutputStream:75 - [STDERR_REDIRECT] 
2026-08-27 16:11:02,024 [ERROR] LogOutputStream:75 - [STDERR_REDIRECT] [Fatal Error] :1:1: Premature end of file.
2026-08-27 16:11:02,024 [ERROR] LogOutputStream:75 - [STDERR_REDIRECT] 
2026-08-27 16:11:03,024 [ERROR] LogOutputStream:75 - [STDERR_REDIRECT] [Fatal Error] :1:1: Premature end of file.
2026-08-27 16:11:03,024 [ERROR] LogOutputStream:75 - [STDERR_REDIRECT] 
2026-08-27 16:11:04,021 [ERROR] LogOutputStream:75 - [STDERR_REDIRECT] [Fatal Error] :1:1: Premature end of file.
2026-08-27 16:11:04,021 [ERROR] LogOutputStream:75 - [STDERR_REDIRECT] 
2026-08-27 16:11:05,014 [ERROR] LogOutputStream:75 - [STDERR_REDIRECT] [Fatal Error] :1:1: Premature end of file.
2026-08-27 16:11:05,014 [ERROR] LogOutputStream:75 - [STDERR_REDIRECT] 
2026-08-27 16:11:06,020 [ERROR] LogOutputStream:75 - [STDERR_REDIRECT] [Fatal Error] :1:1: Premature end of file.
2026-08-27 16:11:06,020 [ERROR] LogOutputStream:75 - [STDERR_REDIRECT] 
2026-08-27 16:11:07,025 [ERROR] LogOutputStream:75 - [STDERR_REDIRECT] [Fatal Error] :1:1: Premature end of file.
2026-08-27 16:11:07,025 [ERROR] LogOutputStream:75 - [STDERR_REDIRECT] 
2026-08-27 16:11:08,013 [ERROR] LogOutputStream:75 - [STDERR_REDIRECT] [Fatal Error] :1:1: Premature end of file.
2026-08-27 16:11:08,013 [ERROR] LogOutputStream:75 - [STDERR_REDIRECT] 
2026-08-27 16:11:09,025 [ERROR] LogOutputStream:75 - [STDERR_REDIRECT] [Fatal Error] :1:1: Premature end of file.
2026-08-27 16:11:09,025 [ERROR] LogOutputStream:75 - [STDERR_REDIRECT] 
2026-08-27 16:11:10,018 [ERROR] LogOutputStream:75 - [STDERR_REDIRECT] [Fatal Error] :1:1: Premature end of file.
2026-08-27 16:11:10,018 [ERROR] LogOutputStream:75 - [STDERR_REDIRECT] 
2026-08-27 16:11:11,021 [ERROR] LogOutputStream:75 - [STDERR_REDIRECT] [Fatal Error] :1:1: Premature end of file.
2026-08-27 16:11:11,021 [ERROR] LogOutputStream:75 - [STDERR_REDIRECT] 
2026-08-27 16:11:12,018 [ERROR] LogOutputStream:75 - [STDERR_REDIRECT] [Fatal Error] :1:1: Premature end of file.
2026-08-27 16:11:12,018 [ERROR] LogOutputStream:75 - [STDERR_REDIRECT] 
2026-08-27 16:11:13,013 [ERROR] LogOutputStream:75 - [STDERR_REDIRECT] [Fatal Error] :1:1: Premature end of file.
2026-08-27 16:11:13,013 [ERROR] LogOutputStream:75 - [STDERR_REDIRECT] 
2026-08-27 16:11:14,014 [ERROR] LogOutputStream:75 - [STDERR_REDIRECT] [Fatal Error] :1:1: Premature end of file.
2026-08-27 16:11:14,015 [ERROR] LogOutputStream:75 - [STDERR_REDIRECT] 
2026-08-27 16:11:15,015 [ERROR] LogOutputStream:75 - [STDERR_REDIRECT] [Fatal Error] :1:1: Premature end of file.
2026-08-27 16:11:15,015 [ERROR] LogOutputStream:75 - [STDERR_REDIRECT] 
2026-08-27 16:11:16,020 [ERROR] LogOutputStream:75 - [STDERR_REDIRECT] [Fatal Error] :1:1: Premature end of file.
2026-08-27 16:11:16,020 [ERROR] LogOutputStream:75 - [STDERR_REDIRECT] 
2026-08-27 16:11:17,008 [ERROR] LogOutputStream:75 - [STDERR_REDIRECT] [Fatal Error] :1:1: Premature end of file.
2026-08-27 16:11:17,008 [ERROR] LogOutputStream:75 - [STDERR_REDIRECT] 
2026-08-27 16:11:18,020 [ERROR] LogOutputStream:75 - [STDERR_REDIRECT] [Fatal Error] :1:1: Premature end of file.
2026-08-27 16:11:18,020 [ERROR] LogOutputStream:75 - [STDERR_REDIRECT] 
2026-08-27 16:11:19,021 [ERROR] LogOutputStream:75 - [STDERR_REDIRECT] [Fatal Error] :1:1: Premature end of file.
2026-08-27 16:11:19,021 [ERROR] LogOutputStream:75 - [STDERR_REDIRECT] 
2026-08-27 16:11:20,018 [ERROR] LogOutputStream:75 - [STDERR_REDIRECT] [Fatal Error] :1:1: Premature end of file.
2026-08-27 16:11:20,018 [ERROR] LogOutputStream:75 - [STDERR_REDIRECT] 
2026-08-27 16:11:21,016 [ERROR] LogOutputStream:75 - [STDERR_REDIRECT] [Fatal Error] :1:1: Premature end of file.
2026-08-27 16:11:21,016 [ERROR] LogOutputStream:75 - [STDERR_REDIRECT] 
2026-08-27 16:11:22,020 [ERROR] LogOutputStream:75 - [STDERR_REDIRECT] [Fatal Error] :1:1: Premature end of file.
2026-08-27 16:11:22,020 [ERROR] LogOutputStream:75 - [STDERR_REDIRECT] 
2026-08-27 16:11:23,018 [ERROR] LogOutputStream:75 - [STDERR_REDIRECT] [Fatal Error] :1:1: Premature end of file.
2026-08-27 16:11:23,018 [ERROR] LogOutputStream:75 - [STDERR_REDIRECT] 
2026-08-27 16:11:24,019 [ERROR] LogOutputStream:75 - [STDERR_REDIRECT] [Fatal Error] :1:1: Premature end of file.
2026-08-27 16:11:24,019 [ERROR] LogOutputStream:75 - [STDERR_REDIRECT] 
2026-08-27 16:11:25,022 [ERROR] LogOutputStream:75 - [STDERR_REDIRECT] [Fatal Error] :1:1: Premature end of file.
2026-08-27 16:11:25,022 [ERROR] LogOutputStream:75 - [STDERR_REDIRECT] 
2026-08-27 16:11:26,014 [ERROR] LogOutputStream:75 - [STDERR_REDIRECT] [Fatal Error] :1:1: Premature end of file.
2026-08-27 16:11:26,014 [ERROR] LogOutputStream:75 - [STDERR_REDIRECT] 
2026-08-27 16:11:27,018 [ERROR] LogOutputStream:75 - [STDERR_REDIRECT] [Fatal Error] :1:1: Premature end of file.
2026-08-27 16:11:27,018 [ERROR] LogOutputStream:75 - [STDERR_REDIRECT] 
2026-08-27 16:11:28,008 [ERROR] LogOutputStream:75 - [STDERR_REDIRECT] [Fatal Error] :1:1: Premature end of file.
2026-08-27 16:11:28,008 [ERROR] LogOutputStream:75 - [STDERR_REDIRECT] 
2026-08-27 16:11:29,016 [ERROR] LogOutputStream:75 - [STDERR_REDIRECT] [Fatal Error] :1:1: Premature end of file.
2026-08-27 16:11:29,016 [ERROR] LogOutputStream:75 - [STDERR_REDIRECT] 
2026-08-27 16:11:30,021 [ERROR] LogOutputStream:75 - [STDERR_REDIRECT] [Fatal Error] :1:1: Premature end of file.
2026-08-27 16:11:30,021 [ERROR] LogOutputStream:75 - [STDERR_REDIRECT] 
2026-08-27 16:11:31,009 [ERROR] LogOutputStream:75 - [STDERR_REDIRECT] [Fatal Error] :1:1: Premature end of file.
2026-08-27 16:11:31,009 [ERROR] LogOutputStream:75 - [STDERR_REDIRECT] 
2026-08-27 16:11:32,016 [ERROR] LogOutputStream:75 - [STDERR_REDIRECT] [Fatal Error] :1:1: Premature end of file.
2026-08-27 16:11:32,016 [ERROR] LogOutputStream:75 - [STDERR_REDIRECT] 
2026-08-27 16:11:33,021 [ERROR] LogOutputStream:75 - [STDERR_REDIRECT] [Fatal Error] :1:1: Premature end of file.
2026-08-27 16:11:33,021 [ERROR] LogOutputStream:75 - [STDERR_REDIRECT] 
2026-08-27 16:11:34,009 [ERROR] LogOutputStream:75 - [STDERR_REDIRECT] [Fatal Error] :1:1: Premature end of file.
2026-08-27 16:11:34,009 [ERROR] LogOutputStream:75 - [STDERR_REDIRECT] 
2026-08-27 16:11:35,015 [ERROR] LogOutputStream:75 - [STDERR_REDIRECT] [Fatal Error] :1:1: Premature end of file.
2026-08-27 16:11:35,015 [ERROR] LogOutputStream:75 - [STDERR_REDIRECT] 
2026-08-27 16:11:36,021 [ERROR] LogOutputStream:75 - [STDERR_REDIRECT] [Fatal Error] :1:1: Premature end of file.
2026-08-27 16:11:36,021 [ERROR] LogOutputStream:75 - [STDERR_REDIRECT] 
2026-08-27 16:11:37,014 [ERROR] LogOutputStream:75 - [STDERR_REDIRECT] [Fatal Error] :1:1: Premature end of file.
2026-08-27 16:11:37,014 [ERROR] LogOutputStream:75 - [STDERR_REDIRECT] 
2026-08-27 16:11:38,021 [ERROR] LogOutputStream:75 - [STDERR_REDIRECT] [Fatal Error] :1:1: Premature end of file.
2026-08-27 16:11:38,021 [ERROR] LogOutputStream:75 - [STDERR_REDIRECT] 
2026-08-27 16:11:39,014 [ERROR] LogOutputStream:75 - [STDERR_REDIRECT] [Fatal Error] :1:1: Premature end of file.
2026-08-27 16:11:39,014 [ERROR] LogOutputStream:75 - [STDERR_REDIRECT] 
2026-08-27 16:11:40,027 [ERROR] LogOutputStream:75 - [STDERR_REDIRECT] [Fatal Error] :1:1: Premature end of file.
2026-08-27 16:11:40,027 [ERROR] LogOutputStream:75 - [STDERR_REDIRECT] 
2026-08-27 16:11:41,012 [ERROR] LogOutputStream:75 - [STDERR_REDIRECT] [Fatal Error] :1:1: Premature end of file.
2026-08-27 16:11:41,012 [ERROR] LogOutputStream:75 - [STDERR_REDIRECT] 
2026-08-27 16:11:42,016 [ERROR] LogOutputStream:75 - [STDERR_REDIRECT] [Fatal Error] :1:1: Premature end of file.
2026-08-27 16:11:42,016 [ERROR] LogOutputStream:75 - [STDERR_REDIRECT] 
2026-08-27 16:11:43,008 [ERROR] LogOutputStream:75 - [STDERR_REDIRECT] [Fatal Error] :1:1: Premature end of file.
2026-08-27 16:11:43,008 [ERROR] LogOutputStream:75 - [STDERR_REDIRECT] 
2026-08-27 16:11:44,016 [ERROR] LogOutputStream:75 - [STDERR_REDIRECT] [Fatal Error] :1:1: Premature end of file.
2026-08-27 16:11:44,016 [ERROR] LogOutputStream:75 - [STDERR_REDIRECT] 
2026-08-27 16:11:45,025 [ERROR] LogOutputStream:75 - [STDERR_REDIRECT] [Fatal Error] :1:1: Premature end of file.
2026-08-27 16:11:45,025 [ERROR] LogOutputStream:75 - [STDERR_REDIRECT] 
2026-08-27 16:11:46,013 [ERROR] LogOutputStream:75 - [STDERR_REDIRECT] [Fatal Error] :1:1: Premature end of file.
2026-08-27 16:11:46,013 [ERROR] LogOutputStream:75 - [STDERR_REDIRECT] 
2026-08-27 16:11:47,017 [ERROR] LogOutputStream:75 - [STDERR_REDIRECT] [Fatal Error] :1:1: Premature end of file.
2026-08-27 16:11:47,017 [ERROR] LogOutputStream:75 - [STDERR_REDIRECT] 
2026-08-27 16:11:48,009 [ERROR] LogOutputStream:75 - [STDERR_REDIRECT] [Fatal Error] :1:1: Premature end of file.
2026-08-27 16:11:48,009 [ERROR] LogOutputStream:75 - [STDERR_REDIRECT] 
2026-08-27 16:11:49,016 [ERROR] LogOutputStream:75 - [STDERR_REDIRECT] [Fatal Error] :1:1: Premature end of file.
2026-08-27 16:11:49,016 [ERROR] LogOutputStream:75 - [STDERR_REDIRECT] 
2026-08-27 16:11:50,007 [ERROR] LogOutputStream:75 - [STDERR_REDIRECT] [Fatal Error] :1:1: Premature end of file.
2026-08-27 16:11:50,007 [ERROR] LogOutputStream:75 - [STDERR_REDIRECT] 
2026-08-27 16:11:51,016 [ERROR] LogOutputStream:75 - [STDERR_REDIRECT] [Fatal Error] :1:1: Premature end of file.
2026-08-27 16:11:51,016 [ERROR] LogOutputStream:75 - [STDERR_REDIRECT] 
2026-08-27 16:11:52,013 [ERROR] LogOutputStream:75 - [STDERR_REDIRECT] [Fatal Error] :1:1: Premature end of file.
2026-08-27 16:11:52,013 [ERROR] LogOutputStream:75 - [STDERR_REDIRECT] 
2026-08-27 16:11:53,020 [ERROR] LogOutputStream:75 - [STDERR_REDIRECT] [Fatal Error] :1:1: Premature end of file.
2026-08-27 16:11:53,020 [ERROR] LogOutputStream:75 - [STDERR_REDIRECT] 
2026-08-27 16:11:54,013 [ERROR] LogOutputStream:75 - [STDERR_REDIRECT] [Fatal Error] :1:1: Premature end of file.
2026-08-27 16:11:54,013 [ERROR] LogOutputStream:75 - [STDERR_REDIRECT] 
2026-08-27 16:11:55,013 [ERROR] LogOutputStream:75 - [STDERR_REDIRECT] [Fatal Error] :1:1: Premature end of file.
2026-08-27 16:11:55,013 [ERROR] LogOutputStream:75 - [STDERR_REDIRECT] 
2026-08-27 16:11:56,019 [ERROR] LogOutputStream:75 - [STDERR_REDIRECT] [Fatal Error] :1:1: Premature end of file.
2026-08-27 16:11:56,019 [ERROR] LogOutputStream:75 - [STDERR_REDIRECT] 
2026-08-27 16:11:57,013 [ERROR] LogOutputStream:75 - [STDERR_REDIRECT] [Fatal Error] :1:1: Premature end of file.
2026-08-27 16:11:57,013 [ERROR] LogOutputStream:75 - [STDERR_REDIRECT] 
2026-08-27 16:11:58,013 [ERROR] LogOutputStream:75 - [STDERR_REDIRECT] [Fatal Error] :1:1: Premature end of file.
2026-08-27 16:11:58,013 [ERROR] LogOutputStream:75 - [STDERR_REDIRECT] 
2026-08-27 16:11:59,013 [ERROR] LogOutputStream:75 - [STDERR_REDIRECT] [Fatal Error] :1:1: Premature end of file.
2026-08-27 16:11:59,013 [ERROR] LogOutputStream:75 - [STDERR_REDIRECT] 
2026-08-27 16:12:00,014 [ERROR] LogOutputStream:75 - [STDERR_REDIRECT] [Fatal Error] :1:1: Premature end of file.
2026-08-27 16:12:00,014 [ERROR] LogOutputStream:75 - [STDERR_REDIRECT] 
2026-08-27 16:12:01,022 [ERROR] LogOutputStream:75 - [STDERR_REDIRECT] [Fatal Error] :1:1: Premature end of file.
2026-08-27 16:12:01,022 [ERROR] LogOutputStream:75 - [STDERR_REDIRECT] 
2026-08-27 16:12:02,021 [ERROR] LogOutputStream:75 - [STDERR_REDIRECT] [Fatal Error] :1:1: Premature end of file.
2026-08-27 16:12:02,021 [ERROR] LogOutputStream:75 - [STDERR_REDIRECT] 
2026-08-27 16:12:03,021 [ERROR] LogOutputStream:75 - [STDERR_REDIRECT] [Fatal Error] :1:1: Premature end of file.
2026-08-27 16:12:03,021 [ERROR] LogOutputStream:75 - [STDERR_REDIRECT] 
2026-08-27 16:12:04,026 [ERROR] LogOutputStream:75 - [STDERR_REDIRECT] [Fatal Error] :1:1: Premature end of file.
2026-08-27 16:12:04,026 [ERROR] LogOutputStream:75 - [STDERR_REDIRECT] 
2026-08-27 16:12:05,032 [ERROR] LogOutputStream:75 - [STDERR_REDIRECT] [Fatal Error] :1:1: Premature end of file.
2026-08-27 16:12:05,032 [ERROR] LogOutputStream:75 - [STDERR_REDIRECT] 
2026-08-27 16:12:06,018 [ERROR] LogOutputStream:75 - [STDERR_REDIRECT] [Fatal Error] :1:1: Premature end of file.
2026-08-27 16:12:06,018 [ERROR] LogOutputStream:75 - [STDERR_REDIRECT] 
2026-08-27 16:12:07,019 [ERROR] LogOutputStream:75 - [STDERR_REDIRECT] [Fatal Error] :1:1: Premature end of file.
2026-08-27 16:12:07,019 [ERROR] LogOutputStream:75 - [STDERR_REDIRECT] 
2026-08-27 16:12:08,020 [ERROR] LogOutputStream:75 - [STDERR_REDIRECT] [Fatal Error] :1:1: Premature end of file.
2026-08-27 16:12:08,020 [ERROR] LogOutputStream:75 - [STDERR_REDIRECT] 
2026-08-27 16:12:09,038 [ERROR] LogOutputStream:75 - [STDERR_REDIRECT] [Fatal Error] :1:1: Premature end of file.
2026-08-27 16:12:09,038 [ERROR] LogOutputStream:75 - [STDERR_REDIRECT] 
2026-08-27 16:12:10,022 [ERROR] LogOutputStream:75 - [STDERR_REDIRECT] [Fatal Error] :1:1: Premature end of file.
2026-08-27 16:12:10,022 [ERROR] LogOutputStream:75 - [STDERR_REDIRECT] 
2026-08-27 16:12:11,017 [ERROR] LogOutputStream:75 - [STDERR_REDIRECT] [Fatal Error] :1:1: Premature end of file.
2026-08-27 16:12:11,017 [ERROR] LogOutputStream:75 - [STDERR_REDIRECT] 
2026-08-27 16:12:12,011 [ERROR] LogOutputStream:75 - [STDERR_REDIRECT] [Fatal Error] :1:1: Premature end of file.
2026-08-27 16:12:12,011 [ERROR] LogOutputStream:75 - [STDERR_REDIRECT] 
2026-08-27 16:12:13,021 [ERROR] LogOutputStream:75 - [STDERR_REDIRECT] [Fatal Error] :1:1: Premature end of file.
2026-08-27 16:12:13,021 [ERROR] LogOutputStream:75 - [STDERR_REDIRECT] 
2026-08-27 16:12:14,017 [ERROR] LogOutputStream:75 - [STDERR_REDIRECT] [Fatal Error] :1:1: Premature end of file.
2026-08-27 16:12:14,017 [ERROR] LogOutputStream:75 - [STDERR_REDIRECT] 
2026-08-27 16:12:15,023 [ERROR] LogOutputStream:75 - [STDERR_REDIRECT] [Fatal Error] :1:1: Premature end of file.
2026-08-27 16:12:15,023 [ERROR] LogOutputStream:75 - [STDERR_REDIRECT] 
2026-08-27 16:12:16,021 [ERROR] LogOutputStream:75 - [STDERR_REDIRECT] [Fatal Error] :1:1: Premature end of file.
2026-08-27 16:12:16,021 [ERROR] LogOutputStream:75 - [STDERR_REDIRECT] 
2026-08-27 16:12:17,023 [ERROR] LogOutputStream:75 - [STDERR_REDIRECT] [Fatal Error] :1:1: Premature end of file.
2026-08-27 16:12:17,023 [ERROR] LogOutputStream:75 - [STDERR_REDIRECT] 
2026-08-27 16:12:18,029 [ERROR] LogOutputStream:75 - [STDERR_REDIRECT] [Fatal Error] :1:1: Premature end of file.
2026-08-27 16:12:18,029 [ERROR] LogOutputStream:75 - [STDERR_REDIRECT] 
2026-08-27 16:12:19,015 [ERROR] LogOutputStream:75 - [STDERR_REDIRECT] [Fatal Error] :1:1: Premature end of file.
2026-08-27 16:12:19,015 [ERROR] LogOutputStream:75 - [STDERR_REDIRECT] 
2026-08-27 16:12:20,003 [ERROR] LogOutputStream:75 - [STDERR_REDIRECT] [Fatal Error] :1:1: Premature end of file.
2026-08-27 16:12:20,003 [ERROR] LogOutputStream:75 - [STDERR_REDIRECT] 
2026-08-27 16:12:21,023 [ERROR] LogOutputStream:75 - [STDERR_REDIRECT] [Fatal Error] :1:1: Premature end of file.
2026-08-27 16:12:21,023 [ERROR] LogOutputStream:75 - [STDERR_REDIRECT] 
2026-08-27 16:12:22,012 [ERROR] LogOutputStream:75 - [STDERR_REDIRECT] [Fatal Error] :1:1: Premature end of file.
2026-08-27 16:12:22,012 [ERROR] LogOutputStream:75 - [STDERR_REDIRECT] 
2026-08-27 16:12:23,018 [ERROR] LogOutputStream:75 - [STDERR_REDIRECT] [Fatal Error] :1:1: Premature end of file.
2026-08-27 16:12:23,018 [ERROR] LogOutputStream:75 - [STDERR_REDIRECT] 
2026-08-27 16:12:24,029 [ERROR] LogOutputStream:75 - [STDERR_REDIRECT] [Fatal Error] :1:1: Premature end of file.
2026-08-27 16:12:24,029 [ERROR] LogOutputStream:75 - [STDERR_REDIRECT] 
2026-08-27 16:12:25,018 [ERROR] LogOutputStream:75 - [STDERR_REDIRECT] [Fatal Error] :1:1: Premature end of file.
2026-08-27 16:12:25,018 [ERROR] LogOutputStream:75 - [STDERR_REDIRECT] 
2026-08-27 16:12:26,009 [ERROR] LogOutputStream:75 - [STDERR_REDIRECT] [Fatal Error] :1:1: Premature end of file.
2026-08-27 16:12:26,009 [ERROR] LogOutputStream:75 - [STDERR_REDIRECT] 
2026-08-27 16:12:27,018 [ERROR] LogOutputStream:75 - [STDERR_REDIRECT] [Fatal Error] :1:1: Premature end of file.
2026-08-27 16:12:27,018 [ERROR] LogOutputStream:75 - [STDERR_REDIRECT] 
2026-08-27 16:12:28,017 [ERROR] LogOutputStream:75 - [STDERR_REDIRECT] [Fatal Error] :1:1: Premature end of file.
2026-08-27 16:12:28,017 [ERROR] LogOutputStream:75 - [STDERR_REDIRECT] 
2026-08-27 16:12:29,016 [ERROR] LogOutputStream:75 - [STDERR_REDIRECT] [Fatal Error] :1:1: Premature end of file.
2026-08-27 16:12:29,016 [ERROR] LogOutputStream:75 - [STDERR_REDIRECT] 
2026-08-27 16:12:30,016 [ERROR] LogOutputStream:75 - [STDERR_REDIRECT] [Fatal Error] :1:1: Premature end of file.
2026-08-27 16:12:30,016 [ERROR] LogOutputStream:75 - [STDERR_REDIRECT] 
2026-08-27 16:12:31,020 [ERROR] LogOutputStream:75 - [STDERR_REDIRECT] [Fatal Error] :1:1: Premature end of file.
2026-08-27 16:12:31,020 [ERROR] LogOutputStream:75 - [STDERR_REDIRECT] 
2026-08-27 16:12:32,008 [ERROR] LogOutputStream:75 - [STDERR_REDIRECT] [Fatal Error] :1:1: Premature end of file.
2026-08-27 16:12:32,008 [ERROR] LogOutputStream:75 - [STDERR_REDIRECT] 
2026-08-27 16:12:33,022 [ERROR] LogOutputStream:75 - [STDERR_REDIRECT] [Fatal Error] :1:1: Premature end of file.
2026-08-27 16:12:33,022 [ERROR] LogOutputStream:75 - [STDERR_REDIRECT] 
2026-08-27 16:12:34,018 [ERROR] LogOutputStream:75 - [STDERR_REDIRECT] [Fatal Error] :1:1: Premature end of file.
2026-08-27 16:12:34,018 [ERROR] LogOutputStream:75 - [STDERR_REDIRECT] 
2026-08-27 16:12:35,026 [ERROR] LogOutputStream:75 - [STDERR_REDIRECT] [Fatal Error] :1:1: Premature end of file.
2026-08-27 16:12:35,026 [ERROR] LogOutputStream:75 - [STDERR_REDIRECT] 
2026-08-27 16:12:36,014 [ERROR] LogOutputStream:75 - [STDERR_REDIRECT] [Fatal Error] :1:1: Premature end of file.
2026-08-27 16:12:36,014 [ERROR] LogOutputStream:75 - [STDERR_REDIRECT] 
2026-08-27 16:12:37,015 [ERROR] LogOutputStream:75 - [STDERR_REDIRECT] [Fatal Error] :1:1: Premature end of file.
2026-08-27 16:12:37,015 [ERROR] LogOutputStream:75 - [STDERR_REDIRECT] 
2026-08-27 16:12:38,021 [ERROR] LogOutputStream:75 - [STDERR_REDIRECT] [Fatal Error] :1:1: Premature end of file.
2026-08-27 16:12:38,021 [ERROR] LogOutputStream:75 - [STDERR_REDIRECT] 
2026-08-27 16:12:39,016 [ERROR] LogOutputStream:75 - [STDERR_REDIRECT] [Fatal Error] :1:1: Premature end of file.
2026-08-27 16:12:39,016 [ERROR] LogOutputStream:75 - [STDERR_REDIRECT] 
2026-08-27 16:12:40,026 [ERROR] LogOutputStream:75 - [STDERR_REDIRECT] [Fatal Error] :1:1: Premature end of file.
2026-08-27 16:12:40,026 [ERROR] LogOutputStream:75 - [STDERR_REDIRECT] 
2026-08-27 16:12:41,015 [ERROR] LogOutputStream:75 - [STDERR_REDIRECT] [Fatal Error] :1:1: Premature end of file.
2026-08-27 16:12:41,015 [ERROR] LogOutputStream:75 - [STDERR_REDIRECT] 
2026-08-27 16:12:42,016 [ERROR] LogOutputStream:75 - [STDERR_REDIRECT] [Fatal Error] :1:1: Premature end of file.
2026-08-27 16:12:42,016 [ERROR] LogOutputStream:75 - [STDERR_REDIRECT] 
2026-08-27 16:12:43,011 [ERROR] LogOutputStream:75 - [STDERR_REDIRECT] [Fatal Error] :1:1: Premature end of file.
2026-08-27 16:12:43,011 [ERROR] LogOutputStream:75 - [STDERR_REDIRECT] 
2026-08-27 16:12:44,017 [ERROR] LogOutputStream:75 - [STDERR_REDIRECT] [Fatal Error] :1:1: Premature end of file.
2026-08-27 16:12:44,017 [ERROR] LogOutputStream:75 - [STDERR_REDIRECT] 
2026-08-27 16:12:45,018 [ERROR] LogOutputStream:75 - [STDERR_REDIRECT] [Fatal Error] :1:1: Premature end of file.
2026-08-27 16:12:45,018 [ERROR] LogOutputStream:75 - [STDERR_REDIRECT] 
2026-08-27 16:12:46,029 [ERROR] LogOutputStream:75 - [STDERR_REDIRECT] [Fatal Error] :1:1: Premature end of file.
2026-08-27 16:12:46,029 [ERROR] LogOutputStream:75 - [STDERR_REDIRECT] 
2026-08-27 16:12:47,022 [ERROR] LogOutputStream:75 - [STDERR_REDIRECT] [Fatal Error] :1:1: Premature end of file.
2026-08-27 16:12:47,022 [ERROR] LogOutputStream:75 - [STDERR_REDIRECT] 
2026-08-27 16:12:48,011 [ERROR] LogOutputStream:75 - [STDERR_REDIRECT] [Fatal Error] :1:1: Premature end of file.
2026-08-27 16:12:48,011 [ERROR] LogOutputStream:75 - [STDERR_REDIRECT] 
2026-08-27 16:12:49,020 [ERROR] LogOutputStream:75 - [STDERR_REDIRECT] [Fatal Error] :1:1: Premature end of file.
2026-08-27 16:12:49,020 [ERROR] LogOutputStream:75 - [STDERR_REDIRECT] 
2026-08-27 16:12:50,022 [ERROR] LogOutputStream:75 - [STDERR_REDIRECT] [Fatal Error] :1:1: Premature end of file.
2026-08-27 16:12:50,022 [ERROR] LogOutputStream:75 - [STDERR_REDIRECT] 
2026-08-27 16:12:51,010 [ERROR] LogOutputStream:75 - [STDERR_REDIRECT] [Fatal Error] :1:1: Premature end of file.
2026-08-27 16:12:51,010 [ERROR] LogOutputStream:75 - [STDERR_REDIRECT] 
2026-08-27 16:12:52,022 [ERROR] LogOutputStream:75 - [STDERR_REDIRECT] [Fatal Error] :1:1: Premature end of file.
2026-08-27 16:12:52,022 [ERROR] LogOutputStream:75 - [STDERR_REDIRECT] 
2026-08-27 16:12:53,009 [ERROR] LogOutputStream:75 - [STDERR_REDIRECT] [Fatal Error] :1:1: Premature end of file.
2026-08-27 16:12:53,009 [ERROR] LogOutputStream:75 - [STDERR_REDIRECT] 
2026-08-27 16:12:54,014 [ERROR] LogOutputStream:75 - [STDERR_REDIRECT] [Fatal Error] :1:1: Premature end of file.
2026-08-27 16:12:54,014 [ERROR] LogOutputStream:75 - [STDERR_REDIRECT] 
2026-08-27 16:12:55,020 [ERROR] LogOutputStream:75 - [STDERR_REDIRECT] [Fatal Error] :1:1: Premature end of file.
2026-08-27 16:12:55,020 [ERROR] LogOutputStream:75 - [STDERR_REDIRECT] 
2026-08-27 16:12:56,008 [ERROR] LogOutputStream:75 - [STDERR_REDIRECT] [Fatal Error] :1:1: Premature end of file.
2026-08-27 16:12:56,008 [ERROR] LogOutputStream:75 - [STDERR_REDIRECT] 
2026-08-27 16:12:57,012 [ERROR] LogOutputStream:75 - [STDERR_REDIRECT] [Fatal Error] :1:1: Premature end of file.
2026-08-27 16:12:57,012 [ERROR] LogOutputStream:75 - [STDERR_REDIRECT] 
2026-08-27 16:12:58,018 [ERROR] LogOutputStream:75 - [STDERR_REDIRECT] [Fatal Error] :1:1: Premature end of file.
2026-08-27 16:12:58,018 [ERROR] LogOutputStream:75 - [STDERR_REDIRECT] 
2026-08-27 16:12:59,016 [ERROR] LogOutputStream:75 - [STDERR_REDIRECT] [Fatal Error] :1:1: Premature end of file.
2026-08-27 16:12:59,016 [ERROR] LogOutputStream:75 - [STDERR_REDIRECT] 
2026-08-27 16:13:00,022 [ERROR] LogOutputStream:75 - [STDERR_REDIRECT] [Fatal Error] :1:1: Premature end of file.
2026-08-27 16:13:00,022 [ERROR] LogOutputStream:75 - [STDERR_REDIRECT] 
2026-08-27 16:13:01,010 [ERROR] LogOutputStream:75 - [STDERR_REDIRECT] [Fatal Error] :1:1: Premature end of file.
2026-08-27 16:13:01,010 [ERROR] LogOutputStream:75 - [STDERR_REDIRECT] 
2026-08-27 16:13:02,010 [ERROR] LogOutputStream:75 - [STDERR_REDIRECT] [Fatal Error] :1:1: Premature end of file.
2026-08-27 16:13:02,010 [ERROR] LogOutputStream:75 - [STDERR_REDIRECT] 
2026-08-27 16:13:03,014 [ERROR] LogOutputStream:75 - [STDERR_REDIRECT] [Fatal Error] :1:1: Premature end of file.
2026-08-27 16:13:03,014 [ERROR] LogOutputStream:75 - [STDERR_REDIRECT] 
2026-08-27 16:13:04,020 [ERROR] LogOutputStream:75 - [STDERR_REDIRECT] [Fatal Error] :1:1: Premature end of file.
2026-08-27 16:13:04,020 [ERROR] LogOutputStream:75 - [STDERR_REDIRECT] 
2026-08-27 16:13:05,019 [ERROR] LogOutputStream:75 - [STDERR_REDIRECT] [Fatal Error] :1:1: Premature end of file.
2026-08-27 16:13:05,019 [ERROR] LogOutputStream:75 - [STDERR_REDIRECT] 
2026-08-27 16:13:06,011 [ERROR] LogOutputStream:75 - [STDERR_REDIRECT] [Fatal Error] :1:1: Premature end of file.
2026-08-27 16:13:06,011 [ERROR] LogOutputStream:75 - [STDERR_REDIRECT] 
2026-08-27 16:13:07,014 [ERROR] LogOutputStream:75 - [STDERR_REDIRECT] [Fatal Error] :1:1: Premature end of file.
2026-08-27 16:13:07,014 [ERROR] LogOutputStream:75 - [STDERR_REDIRECT] 
2026-08-27 16:13:08,021 [ERROR] LogOutputStream:75 - [STDERR_REDIRECT] [Fatal Error] :1:1: Premature end of file.
2026-08-27 16:13:08,021 [ERROR] LogOutputStream:75 - [STDERR_REDIRECT] 
2026-08-27 16:13:09,009 [ERROR] LogOutputStream:75 - [STDERR_REDIRECT] [Fatal Error] :1:1: Premature end of file.
2026-08-27 16:13:09,009 [ERROR] LogOutputStream:75 - [STDERR_REDIRECT] 
2026-08-27 16:13:10,013 [ERROR] LogOutputStream:75 - [STDERR_REDIRECT] [Fatal Error] :1:1: Premature end of file.
2026-08-27 16:13:10,013 [ERROR] LogOutputStream:75 - [STDERR_REDIRECT] 
2026-08-27 16:13:11,017 [ERROR] LogOutputStream:75 - [STDERR_REDIRECT] [Fatal Error] :1:1: Premature end of file.
2026-08-27 16:13:11,017 [ERROR] LogOutputStream:75 - [STDERR_REDIRECT] 
2026-08-27 16:13:12,022 [ERROR] LogOutputStream:75 - [STDERR_REDIRECT] [Fatal Error] :1:1: Premature end of file.
2026-08-27 16:13:12,022 [ERROR] LogOutputStream:75 - [STDERR_REDIRECT] 
2026-08-27 16:13:13,014 [ERROR] LogOutputStream:75 - [STDERR_REDIRECT] [Fatal Error] :1:1: Premature end of file.
2026-08-27 16:13:13,014 [ERROR] LogOutputStream:75 - [STDERR_REDIRECT] 
2026-08-27 16:13:14,008 [ERROR] LogOutputStream:75 - [STDERR_REDIRECT] [Fatal Error] :1:1: Premature end of file.
2026-08-27 16:13:14,008 [ERROR] LogOutputStream:75 - [STDERR_REDIRECT] 
2026-08-27 16:13:15,015 [ERROR] LogOutputStream:75 - [STDERR_REDIRECT] [Fatal Error] :1:1: Premature end of file.
2026-08-27 16:13:15,015 [ERROR] LogOutputStream:75 - [STDERR_REDIRECT] 
2026-08-27 16:13:16,018 [ERROR] LogOutputStream:75 - [STDERR_REDIRECT] [Fatal Error] :1:1: Premature end of file.
2026-08-27 16:13:16,018 [ERROR] LogOutputStream:75 - [STDERR_REDIRECT] 
2026-08-27 16:13:17,022 [ERROR] LogOutputStream:75 - [STDERR_REDIRECT] [Fatal Error] :1:1: Premature end of file.
2026-08-27 16:13:17,022 [ERROR] LogOutputStream:75 - [STDERR_REDIRECT] 
2026-08-27 16:13:18,012 [ERROR] LogOutputStream:75 - [STDERR_REDIRECT] [Fatal Error] :1:1: Premature end of file.
2026-08-27 16:13:18,012 [ERROR] LogOutputStream:75 - [STDERR_REDIRECT] 
2026-08-27 16:13:19,012 [ERROR] LogOutputStream:75 - [STDERR_REDIRECT] [Fatal Error] :1:1: Premature end of file.
2026-08-27 16:13:19,012 [ERROR] LogOutputStream:75 - [STDERR_REDIRECT] 
2026-08-27 16:13:20,021 [ERROR] LogOutputStream:75 - [STDERR_REDIRECT] [Fatal Error] :1:1: Premature end of file.
2026-08-27 16:13:20,021 [ERROR] LogOutputStream:75 - [STDERR_REDIRECT] 
2026-08-27 16:13:21,014 [ERROR] LogOutputStream:75 - [STDERR_REDIRECT] [Fatal Error] :1:1: Premature end of file.
2026-08-27 16:13:21,014 [ERROR] LogOutputStream:75 - [STDERR_REDIRECT] 
2026-08-27 16:13:22,012 [ERROR] LogOutputStream:75 - [STDERR_REDIRECT] [Fatal Error] :1:1: Premature end of file.
2026-08-27 16:13:22,012 [ERROR] LogOutputStream:75 - [STDERR_REDIRECT] 
2026-08-27 16:13:23,019 [ERROR] LogOutputStream:75 - [STDERR_REDIRECT] [Fatal Error] :1:1: Premature end of file.
2026-08-27 16:13:23,019 [ERROR] LogOutputStream:75 - [STDERR_REDIRECT] 
2026-08-27 16:13:24,026 [ERROR] LogOutputStream:75 - [STDERR_REDIRECT] [Fatal Error] :1:1: Premature end of file.
2026-08-27 16:13:24,026 [ERROR] LogOutputStream:75 - [STDERR_REDIRECT] 
2026-08-27 16:13:25,015 [ERROR] LogOutputStream:75 - [STDERR_REDIRECT] [Fatal Error] :1:1: Premature end of file.
2026-08-27 16:13:25,015 [ERROR] LogOutputStream:75 - [STDERR_REDIRECT] 
2026-08-27 16:13:26,027 [ERROR] LogOutputStream:75 - [STDERR_REDIRECT] [Fatal Error] :1:1: Premature end of file.
2026-08-27 16:13:26,027 [ERROR] LogOutputStream:75 - [STDERR_REDIRECT] 
2026-08-27 16:13:27,017 [ERROR] LogOutputStream:75 - [STDERR_REDIRECT] [Fatal Error] :1:1: Premature end of file.
2026-08-27 16:13:27,017 [ERROR] LogOutputStream:75 - [STDERR_REDIRECT] 
2026-08-27 16:13:28,019 [ERROR] LogOutputStream:75 - [STDERR_REDIRECT] [Fatal Error] :1:1: Premature end of file.
2026-08-27 16:13:28,019 [ERROR] LogOutputStream:75 - [STDERR_REDIRECT] 
2026-08-27 16:13:29,018 [ERROR] LogOutputStream:75 - [STDERR_REDIRECT] [Fatal Error] :1:1: Premature end of file.
2026-08-27 16:13:29,018 [ERROR] LogOutputStream:75 - [STDERR_REDIRECT] 
2026-08-27 16:13:30,016 [ERROR] LogOutputStream:75 - [STDERR_REDIRECT] [Fatal Error] :1:1: Premature end of file.
2026-08-27 16:13:30,016 [ERROR] LogOutputStream:75 - [STDERR_REDIRECT] 
2026-08-27 16:13:31,018 [ERROR] LogOutputStream:75 - [STDERR_REDIRECT] [Fatal Error] :1:1: Premature end of file.
2026-08-27 16:13:31,018 [ERROR] LogOutputStream:75 - [STDERR_REDIRECT] 
2026-08-27 16:13:32,020 [ERROR] LogOutputStream:75 - [STDERR_REDIRECT] [Fatal Error] :1:1: Premature end of file.
2026-08-27 16:13:32,020 [ERROR] LogOutputStream:75 - [STDERR_REDIRECT] 
2026-08-27 16:13:33,020 [ERROR] LogOutputStream:75 - [STDERR_REDIRECT] [Fatal Error] :1:1: Premature end of file.
2026-08-27 16:13:33,020 [ERROR] LogOutputStream:75 - [STDERR_REDIRECT] 
2026-08-27 16:13:34,020 [ERROR] LogOutputStream:75 - [STDERR_REDIRECT] [Fatal Error] :1:1: Premature end of file.
2026-08-27 16:13:34,020 [ERROR] LogOutputStream:75 - [STDERR_REDIRECT] 
2026-08-27 16:13:35,022 [ERROR] LogOutputStream:75 - [STDERR_REDIRECT] [Fatal Error] :1:1: Premature end of file.
2026-08-27 16:13:35,022 [ERROR] LogOutputStream:75 - [STDERR_REDIRECT] 
2026-08-27 16:13:36,023 [ERROR] LogOutputStream:75 - [STDERR_REDIRECT] [Fatal Error] :1:1: Premature end of file.
2026-08-27 16:13:36,023 [ERROR] LogOutputStream:75 - [STDERR_REDIRECT] 
2026-08-27 16:13:37,016 [ERROR] LogOutputStream:75 - [STDERR_REDIRECT] [Fatal Error] :1:1: Premature end of file.
2026-08-27 16:13:37,016 [ERROR] LogOutputStream:75 - [STDERR_REDIRECT] 
2026-08-27 16:13:38,023 [ERROR] LogOutputStream:75 - [STDERR_REDIRECT] [Fatal Error] :1:1: Premature end of file.
2026-08-27 16:13:38,023 [ERROR] LogOutputStream:75 - [STDERR_REDIRECT] 
2026-08-27 16:13:39,025 [ERROR] LogOutputStream:75 - [STDERR_REDIRECT] [Fatal Error] :1:1: Premature end of file.
2026-08-27 16:13:39,026 [ERROR] LogOutputStream:75 - [STDERR_REDIRECT] 
2026-08-27 16:13:40,024 [ERROR] LogOutputStream:75 - [STDERR_REDIRECT] [Fatal Error] :1:1: Premature end of file.
2026-08-27 16:13:40,024 [ERROR] LogOutputStream:75 - [STDERR_REDIRECT] 
2026-08-27 16:13:41,016 [ERROR] LogOutputStream:75 - [STDERR_REDIRECT] [Fatal Error] :1:1: Premature end of file.
2026-08-27 16:13:41,016 [ERROR] LogOutputStream:75 - [STDERR_REDIRECT] 
2026-08-27 16:13:42,016 [ERROR] LogOutputStream:75 - [STDERR_REDIRECT] [Fatal Error] :1:1: Premature end of file.
2026-08-27 16:13:42,016 [ERROR] LogOutputStream:75 - [STDERR_REDIRECT] 
2026-08-27 16:13:43,016 [ERROR] LogOutputStream:75 - [STDERR_REDIRECT] [Fatal Error] :1:1: Premature end of file.
2026-08-27 16:13:43,016 [ERROR] LogOutputStream:75 - [STDERR_REDIRECT] 
2026-08-27 16:13:44,017 [ERROR] LogOutputStream:75 - [STDERR_REDIRECT] [Fatal Error] :1:1: Premature end of file.
2026-08-27 16:13:44,017 [ERROR] LogOutputStream:75 - [STDERR_REDIRECT] 
2026-08-27 16:13:45,017 [ERROR] LogOutputStream:75 - [STDERR_REDIRECT] [Fatal Error] :1:1: Premature end of file.
2026-08-27 16:13:45,017 [ERROR] LogOutputStream:75 - [STDERR_REDIRECT] 
2026-08-27 16:13:46,016 [ERROR] LogOutputStream:75 - [STDERR_REDIRECT] [Fatal Error] :1:1: Premature end of file.
2026-08-27 16:13:46,016 [ERROR] LogOutputStream:75 - [STDERR_REDIRECT] 
2026-08-27 16:13:47,018 [ERROR] LogOutputStream:75 - [STDERR_REDIRECT] [Fatal Error] :1:1: Premature end of file.
2026-08-27 16:13:47,018 [ERROR] LogOutputStream:75 - [STDERR_REDIRECT] 
2026-08-27 16:13:48,018 [ERROR] LogOutputStream:75 - [STDERR_REDIRECT] [Fatal Error] :1:1: Premature end of file.
2026-08-27 16:13:48,018 [ERROR] LogOutputStream:75 - [STDERR_REDIRECT] 
2026-08-27 16:13:49,018 [ERROR] LogOutputStream:75 - [STDERR_REDIRECT] [Fatal Error] :1:1: Premature end of file.
2026-08-27 16:13:49,018 [ERROR] LogOutputStream:75 - [STDERR_REDIRECT] 
2026-08-27 16:13:50,020 [ERROR] LogOutputStream:75 - [STDERR_REDIRECT] [Fatal Error] :1:1: Premature end of file.
2026-08-27 16:13:50,020 [ERROR] LogOutputStream:75 - [STDERR_REDIRECT] 
2026-08-27 16:13:51,021 [ERROR] LogOutputStream:75 - [STDERR_REDIRECT] [Fatal Error] :1:1: Premature end of file.
2026-08-27 16:13:51,021 [ERROR] LogOutputStream:75 - [STDERR_REDIRECT] 
2026-08-27 16:13:52,021 [ERROR] LogOutputStream:75 - [STDERR_REDIRECT] [Fatal Error] :1:1: Premature end of file.
2026-08-27 16:13:52,021 [ERROR] LogOutputStream:75 - [STDERR_REDIRECT] 
2026-08-27 16:13:53,020 [ERROR] LogOutputStream:75 - [STDERR_REDIRECT] [Fatal Error] :1:1: Premature end of file.
2026-08-27 16:13:53,020 [ERROR] LogOutputStream:75 - [STDERR_REDIRECT] 
2026-08-27 16:13:54,021 [ERROR] LogOutputStream:75 - [STDERR_REDIRECT] [Fatal Error] :1:1: Premature end of file.
2026-08-27 16:13:54,021 [ERROR] LogOutputStream:75 - [STDERR_REDIRECT] 
2026-08-27 16:13:55,021 [ERROR] LogOutputStream:75 - [STDERR_REDIRECT] [Fatal Error] :1:1: Premature end of file.
2026-08-27 16:13:55,021 [ERROR] LogOutputStream:75 - [STDERR_REDIRECT] 
2026-08-27 16:13:56,022 [ERROR] LogOutputStream:75 - [STDERR_REDIRECT] [Fatal Error] :1:1: Premature end of file.
2026-08-27 16:13:56,022 [ERROR] LogOutputStream:75 - [STDERR_REDIRECT] 
2026-08-27 16:13:57,022 [ERROR] LogOutputStream:75 - [STDERR_REDIRECT] [Fatal Error] :1:1: Premature end of file.
2026-08-27 16:13:57,022 [ERROR] LogOutputStream:75 - [STDERR_REDIRECT] 
2026-08-27 16:13:58,024 [ERROR] LogOutputStream:75 - [STDERR_REDIRECT] [Fatal Error] :1:1: Premature end of file.
2026-08-27 16:13:58,024 [ERROR] LogOutputStream:75 - [STDERR_REDIRECT] 
2026-08-27 16:13:59,023 [ERROR] LogOutputStream:75 - [STDERR_REDIRECT] [Fatal Error] :1:1: Premature end of file.
2026-08-27 16:13:59,023 [ERROR] LogOutputStream:75 - [STDERR_REDIRECT] 
2026-08-27 16:14:00,023 [ERROR] LogOutputStream:75 - [STDERR_REDIRECT] [Fatal Error] :1:1: Premature end of file.
2026-08-27 16:14:00,023 [ERROR] LogOutputStream:75 - [STDERR_REDIRECT] 
2026-08-27 16:14:01,021 [ERROR] LogOutputStream:75 - [STDERR_REDIRECT] [Fatal Error] :1:1: Premature end of file.
2026-08-27 16:14:01,021 [ERROR] LogOutputStream:75 - [STDERR_REDIRECT] 
2026-08-27 16:14:02,013 [ERROR] LogOutputStream:75 - [STDERR_REDIRECT] [Fatal Error] :1:1: Premature end of file.
2026-08-27 16:14:02,013 [ERROR] LogOutputStream:75 - [STDERR_REDIRECT] 
2026-08-27 16:14:03,015 [ERROR] LogOutputStream:75 - [STDERR_REDIRECT] [Fatal Error] :1:1: Premature end of file.
2026-08-27 16:14:03,015 [ERROR] LogOutputStream:75 - [STDERR_REDIRECT] 
2026-08-27 16:14:04,016 [ERROR] LogOutputStream:75 - [STDERR_REDIRECT] [Fatal Error] :1:1: Premature end of file.
2026-08-27 16:14:04,016 [ERROR] LogOutputStream:75 - [STDERR_REDIRECT] 
2026-08-27 16:14:05,017 [ERROR] LogOutputStream:75 - [STDERR_REDIRECT] [Fatal Error] :1:1: Premature end of file.
2026-08-27 16:14:05,017 [ERROR] LogOutputStream:75 - [STDERR_REDIRECT] 
2026-08-27 16:14:06,017 [ERROR] LogOutputStream:75 - [STDERR_REDIRECT] [Fatal Error] :1:1: Premature end of file.
2026-08-27 16:14:06,017 [ERROR] LogOutputStream:75 - [STDERR_REDIRECT] 
2026-08-27 16:14:07,017 [ERROR] LogOutputStream:75 - [STDERR_REDIRECT] [Fatal Error] :1:1: Premature end of file.
2026-08-27 16:14:07,017 [ERROR] LogOutputStream:75 - [STDERR_REDIRECT] 
2026-08-27 16:14:08,018 [ERROR] LogOutputStream:75 - [STDERR_REDIRECT] [Fatal Error] :1:1: Premature end of file.
2026-08-27 16:14:08,018 [ERROR] LogOutputStream:75 - [STDERR_REDIRECT] 
2026-08-27 16:14:09,018 [ERROR] LogOutputStream:75 - [STDERR_REDIRECT] [Fatal Error] :1:1: Premature end of file.
2026-08-27 16:14:09,018 [ERROR] LogOutputStream:75 - [STDERR_REDIRECT] 
2026-08-27 16:14:10,019 [ERROR] LogOutputStream:75 - [STDERR_REDIRECT] [Fatal Error] :1:1: Premature end of file.
2026-08-27 16:14:10,019 [ERROR] LogOutputStream:75 - [STDERR_REDIRECT] 
2026-08-27 16:14:11,019 [ERROR] LogOutputStream:75 - [STDERR_REDIRECT] [Fatal Error] :1:1: Premature end of file.
2026-08-27 16:14:11,019 [ERROR] LogOutputStream:75 - [STDERR_REDIRECT] 
2026-08-27 16:14:12,019 [ERROR] LogOutputStream:75 - [STDERR_REDIRECT] [Fatal Error] :1:1: Premature end of file.
2026-08-27 16:14:12,019 [ERROR] LogOutputStream:75 - [STDERR_REDIRECT] 
2026-08-27 16:14:13,019 [ERROR] LogOutputStream:75 - [STDERR_REDIRECT] [Fatal Error] :1:1: Premature end of file.
2026-08-27 16:14:13,020 [ERROR] LogOutputStream:75 - [STDERR_REDIRECT] 
2026-08-27 16:14:14,020 [ERROR] LogOutputStream:75 - [STDERR_REDIRECT] [Fatal Error] :1:1: Premature end of file.
2026-08-27 16:14:14,020 [ERROR] LogOutputStream:75 - [STDERR_REDIRECT] 
2026-08-27 16:14:15,020 [ERROR] LogOutputStream:75 - [STDERR_REDIRECT] [Fatal Error] :1:1: Premature end of file.
2026-08-27 16:14:15,020 [ERROR] LogOutputStream:75 - [STDERR_REDIRECT] 
2026-08-27 16:14:16,020 [ERROR] LogOutputStream:75 - [STDERR_REDIRECT] [Fatal Error] :1:1: Premature end of file.
2026-08-27 16:14:16,020 [ERROR] LogOutputStream:75 - [STDERR_REDIRECT] 
2026-08-27 16:14:17,022 [ERROR] LogOutputStream:75 - [STDERR_REDIRECT] [Fatal Error] :1:1: Premature end of file.
2026-08-27 16:14:17,022 [ERROR] LogOutputStream:75 - [STDERR_REDIRECT] 
2026-08-27 16:14:18,022 [ERROR] LogOutputStream:75 - [STDERR_REDIRECT] [Fatal Error] :1:1: Premature end of file.
2026-08-27 16:14:18,022 [ERROR] LogOutputStream:75 - [STDERR_REDIRECT] 
2026-08-27 16:14:19,030 [ERROR] LogOutputStream:75 - [STDERR_REDIRECT] [Fatal Error] :1:1: Premature end of file.
2026-08-27 16:14:19,030 [ERROR] LogOutputStream:75 - [STDERR_REDIRECT] 
2026-08-27 16:14:20,024 [ERROR] LogOutputStream:75 - [STDERR_REDIRECT] [Fatal Error] :1:1: Premature end of file.
2026-08-27 16:14:20,024 [ERROR] LogOutputStream:75 - [STDERR_REDIRECT] 
2026-08-27 16:14:21,024 [ERROR] LogOutputStream:75 - [STDERR_REDIRECT] [Fatal Error] :1:1: Premature end of file.
2026-08-27 16:14:21,024 [ERROR] LogOutputStream:75 - [STDERR_REDIRECT] 
2026-08-27 16:14:22,014 [ERROR] LogOutputStream:75 - [STDERR_REDIRECT] [Fatal Error] :1:1: Premature end of file.
2026-08-27 16:14:22,014 [ERROR] LogOutputStream:75 - [STDERR_REDIRECT] 
2026-08-27 16:14:23,025 [ERROR] LogOutputStream:75 - [STDERR_REDIRECT] [Fatal Error] :1:1: Premature end of file.
2026-08-27 16:14:23,025 [ERROR] LogOutputStream:75 - [STDERR_REDIRECT] 
2026-08-27 16:14:24,021 [ERROR] LogOutputStream:75 - [STDERR_REDIRECT] [Fatal Error] :1:1: Premature end of file.
2026-08-27 16:14:24,021 [ERROR] LogOutputStream:75 - [STDERR_REDIRECT] 
2026-08-27 16:14:25,015 [ERROR] LogOutputStream:75 - [STDERR_REDIRECT] [Fatal Error] :1:1: Premature end of file.
2026-08-27 16:14:25,016 [ERROR] LogOutputStream:75 - [STDERR_REDIRECT] 
2026-08-27 16:14:26,016 [ERROR] LogOutputStream:75 - [STDERR_REDIRECT] [Fatal Error] :1:1: Premature end of file.
2026-08-27 16:14:26,016 [ERROR] LogOutputStream:75 - [STDERR_REDIRECT] 
2026-08-27 16:14:27,015 [ERROR] LogOutputStream:75 - [STDERR_REDIRECT] [Fatal Error] :1:1: Premature end of file.
2026-08-27 16:14:27,015 [ERROR] LogOutputStream:75 - [STDERR_REDIRECT] 
2026-08-27 16:14:28,016 [ERROR] LogOutputStream:75 - [STDERR_REDIRECT] [Fatal Error] :1:1: Premature end of file.
2026-08-27 16:14:28,016 [ERROR] LogOutputStream:75 - [STDERR_REDIRECT] 
2026-08-27 16:14:29,017 [ERROR] LogOutputStream:75 - [STDERR_REDIRECT] [Fatal Error] :1:1: Premature end of file.
2026-08-27 16:14:29,017 [ERROR] LogOutputStream:75 - [STDERR_REDIRECT] 
2026-08-27 16:14:30,027 [ERROR] LogOutputStream:75 - [STDERR_REDIRECT] [Fatal Error] :1:1: Premature end of file.
2026-08-27 16:14:30,027 [ERROR] LogOutputStream:75 - [STDERR_REDIRECT] 
2026-08-27 16:14:31,018 [ERROR] LogOutputStream:75 - [STDERR_REDIRECT] [Fatal Error] :1:1: Premature end of file.
2026-08-27 16:14:31,018 [ERROR] LogOutputStream:75 - [STDERR_REDIRECT] 
2026-08-27 16:14:32,019 [ERROR] LogOutputStream:75 - [STDERR_REDIRECT] [Fatal Error] :1:1: Premature end of file.
2026-08-27 16:14:32,019 [ERROR] LogOutputStream:75 - [STDERR_REDIRECT] 
2026-08-27 16:14:33,019 [ERROR] LogOutputStream:75 - [STDERR_REDIRECT] [Fatal Error] :1:1: Premature end of file.
2026-08-27 16:14:33,019 [ERROR] LogOutputStream:75 - [STDERR_REDIRECT] 
2026-08-27 16:14:34,021 [ERROR] LogOutputStream:75 - [STDERR_REDIRECT] [Fatal Error] :1:1: Premature end of file.
2026-08-27 16:14:34,021 [ERROR] LogOutputStream:75 - [STDERR_REDIRECT] 
2026-08-27 16:14:35,018 [ERROR] LogOutputStream:75 - [STDERR_REDIRECT] [Fatal Error] :1:1: Premature end of file.
2026-08-27 16:14:35,018 [ERROR] LogOutputStream:75 - [STDERR_REDIRECT] 
2026-08-27 16:14:36,022 [ERROR] LogOutputStream:75 - [STDERR_REDIRECT] [Fatal Error] :1:1: Premature end of file.
2026-08-27 16:14:36,022 [ERROR] LogOutputStream:75 - [STDERR_REDIRECT] 
2026-08-27 16:14:37,021 [ERROR] LogOutputStream:75 - [STDERR_REDIRECT] [Fatal Error] :1:1: Premature end of file.
2026-08-27 16:14:37,021 [ERROR] LogOutputStream:75 - [STDERR_REDIRECT] 
2026-08-27 16:14:38,022 [ERROR] LogOutputStream:75 - [STDERR_REDIRECT] [Fatal Error] :1:1: Premature end of file.
2026-08-27 16:14:38,022 [ERROR] LogOutputStream:75 - [STDERR_REDIRECT] 
2026-08-27 16:14:39,021 [ERROR] LogOutputStream:75 - [STDERR_REDIRECT] [Fatal Error] :1:1: Premature end of file.
2026-08-27 16:14:39,021 [ERROR] LogOutputStream:75 - [STDERR_REDIRECT] 
2026-08-27 16:14:40,022 [ERROR] LogOutputStream:75 - [STDERR_REDIRECT] [Fatal Error] :1:1: Premature end of file.
2026-08-27 16:14:40,023 [ERROR] LogOutputStream:75 - [STDERR_REDIRECT] 
2026-08-27 16:14:41,018 [ERROR] LogOutputStream:75 - [STDERR_REDIRECT] [Fatal Error] :1:1: Premature end of file.
2026-08-27 16:14:41,018 [ERROR] LogOutputStream:75 - [STDERR_REDIRECT] 
2026-08-27 16:14:42,023 [ERROR] LogOutputStream:75 - [STDERR_REDIRECT] [Fatal Error] :1:1: Premature end of file.
2026-08-27 16:14:42,023 [ERROR] LogOutputStream:75 - [STDERR_REDIRECT] 
2026-08-27 16:14:43,024 [ERROR] LogOutputStream:75 - [STDERR_REDIRECT] [Fatal Error] :1:1: Premature end of file.
2026-08-27 16:14:43,025 [ERROR] LogOutputStream:75 - [STDERR_REDIRECT] 
2026-08-27 16:14:44,012 [ERROR] LogOutputStream:75 - [STDERR_REDIRECT] [Fatal Error] :1:1: Premature end of file.
2026-08-27 16:14:44,012 [ERROR] LogOutputStream:75 - [STDERR_REDIRECT] 
2026-08-27 16:14:45,025 [ERROR] LogOutputStream:75 - [STDERR_REDIRECT] [Fatal Error] :1:1: Premature end of file.
2026-08-27 16:14:45,025 [ERROR] LogOutputStream:75 - [STDERR_REDIRECT] 
2026-08-27 16:14:46,015 [ERROR] LogOutputStream:75 - [STDERR_REDIRECT] [Fatal Error] :1:1: Premature end of file.
2026-08-27 16:14:46,015 [ERROR] LogOutputStream:75 - [STDERR_REDIRECT] 
2026-08-27 16:14:47,016 [ERROR] LogOutputStream:75 - [STDERR_REDIRECT] [Fatal Error] :1:1: Premature end of file.
2026-08-27 16:14:47,016 [ERROR] LogOutputStream:75 - [STDERR_REDIRECT] 
2026-08-27 16:14:48,017 [ERROR] LogOutputStream:75 - [STDERR_REDIRECT] [Fatal Error] :1:1: Premature end of file.
2026-08-27 16:14:48,017 [ERROR] LogOutputStream:75 - [STDERR_REDIRECT] 
2026-08-27 16:14:49,017 [ERROR] LogOutputStream:75 - [STDERR_REDIRECT] [Fatal Error] :1:1: Premature end of file.
2026-08-27 16:14:49,017 [ERROR] LogOutputStream:75 - [STDERR_REDIRECT] 
2026-08-27 16:14:50,018 [ERROR] LogOutputStream:75 - [STDERR_REDIRECT] [Fatal Error] :1:1: Premature end of file.
2026-08-27 16:14:50,018 [ERROR] LogOutputStream:75 - [STDERR_REDIRECT] 
2026-08-27 16:14:51,016 [ERROR] LogOutputStream:75 - [STDERR_REDIRECT] [Fatal Error] :1:1: Premature end of file.
2026-08-27 16:14:51,016 [ERROR] LogOutputStream:75 - [STDERR_REDIRECT] 
2026-08-27 16:14:52,019 [ERROR] LogOutputStream:75 - [STDERR_REDIRECT] [Fatal Error] :1:1: Premature end of file.
2026-08-27 16:14:52,019 [ERROR] LogOutputStream:75 - [STDERR_REDIRECT] 
2026-08-27 16:14:53,017 [ERROR] LogOutputStream:75 - [STDERR_REDIRECT] [Fatal Error] :1:1: Premature end of file.
2026-08-27 16:14:53,017 [ERROR] LogOutputStream:75 - [STDERR_REDIRECT] 
2026-08-27 16:14:54,018 [ERROR] LogOutputStream:75 - [STDERR_REDIRECT] [Fatal Error] :1:1: Premature end of file.
2026-08-27 16:14:54,018 [ERROR] LogOutputStream:75 - [STDERR_REDIRECT] 
2026-08-27 16:14:55,020 [ERROR] LogOutputStream:75 - [STDERR_REDIRECT] [Fatal Error] :1:1: Premature end of file.
2026-08-27 16:14:55,020 [ERROR] LogOutputStream:75 - [STDERR_REDIRECT] 
2026-08-27 16:14:56,020 [ERROR] LogOutputStream:75 - [STDERR_REDIRECT] [Fatal Error] :1:1: Premature end of file.
2026-08-27 16:14:56,020 [ERROR] LogOutputStream:75 - [STDERR_REDIRECT] 
2026-08-27 16:14:57,021 [ERROR] LogOutputStream:75 - [STDERR_REDIRECT] [Fatal Error] :1:1: Premature end of file.
2026-08-27 16:14:57,021 [ERROR] LogOutputStream:75 - [STDERR_REDIRECT] 
2026-08-27 16:14:58,021 [ERROR] LogOutputStream:75 - [STDERR_REDIRECT] [Fatal Error] :1:1: Premature end of file.
2026-08-27 16:14:58,021 [ERROR] LogOutputStream:75 - [STDERR_REDIRECT] 
2026-08-27 16:14:59,029 [ERROR] LogOutputStream:75 - [STDERR_REDIRECT] [Fatal Error] :1:1: Premature end of file.
2026-08-27 16:14:59,029 [ERROR] LogOutputStream:75 - [STDERR_REDIRECT] 
2026-08-27 16:15:00,023 [ERROR] LogOutputStream:75 - [STDERR_REDIRECT] [Fatal Error] :1:1: Premature end of file.
2026-08-27 16:15:00,023 [ERROR] LogOutputStream:75 - [STDERR_REDIRECT] 
2026-08-27 16:15:01,023 [ERROR] LogOutputStream:75 - [STDERR_REDIRECT] [Fatal Error] :1:1: Premature end of file.
2026-08-27 16:15:01,023 [ERROR] LogOutputStream:75 - [STDERR_REDIRECT] 
2026-08-27 16:15:02,023 [ERROR] LogOutputStream:75 - [STDERR_REDIRECT] [Fatal Error] :1:1: Premature end of file.
2026-08-27 16:15:02,023 [ERROR] LogOutputStream:75 - [STDERR_REDIRECT] 
2026-08-27 16:15:03,023 [ERROR] LogOutputStream:75 - [STDERR_REDIRECT] [Fatal Error] :1:1: Premature end of file.
2026-08-27 16:15:03,023 [ERROR] LogOutputStream:75 - [STDERR_REDIRECT] 
2026-08-27 16:15:04,024 [ERROR] LogOutputStream:75 - [STDERR_REDIRECT] [Fatal Error] :1:1: Premature end of file.
2026-08-27 16:15:04,024 [ERROR] LogOutputStream:75 - [STDERR_REDIRECT] 
2026-08-27 16:15:05,023 [ERROR] LogOutputStream:75 - [STDERR_REDIRECT] [Fatal Error] :1:1: Premature end of file.
2026-08-27 16:15:05,023 [ERROR] LogOutputStream:75 - [STDERR_REDIRECT] 
2026-08-27 16:15:06,027 [ERROR] LogOutputStream:75 - [STDERR_REDIRECT] [Fatal Error] :1:1: Premature end of file.
2026-08-27 16:15:06,027 [ERROR] LogOutputStream:75 - [STDERR_REDIRECT] 
2026-08-27 16:15:07,015 [ERROR] LogOutputStream:75 - [STDERR_REDIRECT] [Fatal Error] :1:1: Premature end of file.
2026-08-27 16:15:07,015 [ERROR] LogOutputStream:75 - [STDERR_REDIRECT] 
2026-08-27 16:15:08,015 [ERROR] LogOutputStream:75 - [STDERR_REDIRECT] [Fatal Error] :1:1: Premature end of file.
2026-08-27 16:15:08,015 [ERROR] LogOutputStream:75 - [STDERR_REDIRECT] 
2026-08-27 16:15:09,016 [ERROR] LogOutputStream:75 - [STDERR_REDIRECT] [Fatal Error] :1:1: Premature end of file.
2026-08-27 16:15:09,016 [ERROR] LogOutputStream:75 - [STDERR_REDIRECT] 
2026-08-27 16:15:10,018 [ERROR] LogOutputStream:75 - [STDERR_REDIRECT] [Fatal Error] :1:1: Premature end of file.
2026-08-27 16:15:10,018 [ERROR] LogOutputStream:75 - [STDERR_REDIRECT] 
2026-08-27 16:15:11,017 [ERROR] LogOutputStream:75 - [STDERR_REDIRECT] [Fatal Error] :1:1: Premature end of file.
2026-08-27 16:15:11,018 [ERROR] LogOutputStream:75 - [STDERR_REDIRECT] 
2026-08-27 16:15:12,015 [ERROR] LogOutputStream:75 - [STDERR_REDIRECT] [Fatal Error] :1:1: Premature end of file.
2026-08-27 16:15:12,015 [ERROR] LogOutputStream:75 - [STDERR_REDIRECT] 
2026-08-27 16:15:13,018 [ERROR] LogOutputStream:75 - [STDERR_REDIRECT] [Fatal Error] :1:1: Premature end of file.
2026-08-27 16:15:13,018 [ERROR] LogOutputStream:75 - [STDERR_REDIRECT] 
2026-08-27 16:15:14,019 [ERROR] LogOutputStream:75 - [STDERR_REDIRECT] [Fatal Error] :1:1: Premature end of file.
2026-08-27 16:15:14,019 [ERROR] LogOutputStream:75 - [STDERR_REDIRECT] 
2026-08-27 16:15:15,019 [ERROR] LogOutputStream:75 - [STDERR_REDIRECT] [Fatal Error] :1:1: Premature end of file.
2026-08-27 16:15:15,020 [ERROR] LogOutputStream:75 - [STDERR_REDIRECT] 
2026-08-27 16:15:16,021 [ERROR] LogOutputStream:75 - [STDERR_REDIRECT] [Fatal Error] :1:1: Premature end of file.
2026-08-27 16:15:16,021 [ERROR] LogOutputStream:75 - [STDERR_REDIRECT] 
2026-08-27 16:15:17,021 [ERROR] LogOutputStream:75 - [STDERR_REDIRECT] [Fatal Error] :1:1: Premature end of file.
2026-08-27 16:15:17,021 [ERROR] LogOutputStream:75 - [STDERR_REDIRECT] 
2026-08-27 16:15:18,020 [ERROR] LogOutputStream:75 - [STDERR_REDIRECT] [Fatal Error] :1:1: Premature end of file.
2026-08-27 16:15:18,020 [ERROR] LogOutputStream:75 - [STDERR_REDIRECT] 
2026-08-27 16:15:19,021 [ERROR] LogOutputStream:75 - [STDERR_REDIRECT] [Fatal Error] :1:1: Premature end of file.
2026-08-27 16:15:19,022 [ERROR] LogOutputStream:75 - [STDERR_REDIRECT] 
2026-08-27 16:15:20,020 [ERROR] LogOutputStream:75 - [STDERR_REDIRECT] [Fatal Error] :1:1: Premature end of file.
2026-08-27 16:15:20,020 [ERROR] LogOutputStream:75 - [STDERR_REDIRECT] 
2026-08-27 16:15:21,023 [ERROR] LogOutputStream:75 - [STDERR_REDIRECT] [Fatal Error] :1:1: Premature end of file.
2026-08-27 16:15:21,023 [ERROR] LogOutputStream:75 - [STDERR_REDIRECT] 
2026-08-27 16:15:22,023 [ERROR] LogOutputStream:75 - [STDERR_REDIRECT] [Fatal Error] :1:1: Premature end of file.
2026-08-27 16:15:22,023 [ERROR] LogOutputStream:75 - [STDERR_REDIRECT] 
2026-08-27 16:15:23,021 [ERROR] LogOutputStream:75 - [STDERR_REDIRECT] [Fatal Error] :1:1: Premature end of file.
2026-08-27 16:15:23,021 [ERROR] LogOutputStream:75 - [STDERR_REDIRECT] 
2026-08-27 16:15:24,023 [ERROR] LogOutputStream:75 - [STDERR_REDIRECT] [Fatal Error] :1:1: Premature end of file.
2026-08-27 16:15:24,023 [ERROR] LogOutputStream:75 - [STDERR_REDIRECT] 
2026-08-27 16:15:25,024 [ERROR] LogOutputStream:75 - [STDERR_REDIRECT] [Fatal Error] :1:1: Premature end of file.
2026-08-27 16:15:25,024 [ERROR] LogOutputStream:75 - [STDERR_REDIRECT] 
2026-08-27 16:15:26,025 [ERROR] LogOutputStream:75 - [STDERR_REDIRECT] [Fatal Error] :1:1: Premature end of file.
2026-08-27 16:15:26,025 [ERROR] LogOutputStream:75 - [STDERR_REDIRECT] 
2026-08-27 16:15:27,015 [ERROR] LogOutputStream:75 - [STDERR_REDIRECT] [Fatal Error] :1:1: Premature end of file.
2026-08-27 16:15:27,015 [ERROR] LogOutputStream:75 - [STDERR_REDIRECT] 
2026-08-27 16:15:28,015 [ERROR] LogOutputStream:75 - [STDERR_REDIRECT] [Fatal Error] :1:1: Premature end of file.
2026-08-27 16:15:28,015 [ERROR] LogOutputStream:75 - [STDERR_REDIRECT] 
2026-08-27 16:15:29,016 [ERROR] LogOutputStream:75 - [STDERR_REDIRECT] [Fatal Error] :1:1: Premature end of file.
2026-08-27 16:15:29,016 [ERROR] LogOutputStream:75 - [STDERR_REDIRECT] 
2026-08-27 16:15:30,016 [ERROR] LogOutputStream:75 - [STDERR_REDIRECT] [Fatal Error] :1:1: Premature end of file.
2026-08-27 16:15:30,016 [ERROR] LogOutputStream:75 - [STDERR_REDIRECT] 
2026-08-27 16:15:31,016 [ERROR] LogOutputStream:75 - [STDERR_REDIRECT] [Fatal Error] :1:1: Premature end of file.
2026-08-27 16:15:31,017 [ERROR] LogOutputStream:75 - [STDERR_REDIRECT] 
2026-08-27 16:15:32,025 [ERROR] LogOutputStream:75 - [STDERR_REDIRECT] [Fatal Error] :1:1: Premature end of file.
2026-08-27 16:15:32,025 [ERROR] LogOutputStream:75 - [STDERR_REDIRECT] 
2026-08-27 16:15:33,019 [ERROR] LogOutputStream:75 - [STDERR_REDIRECT] [Fatal Error] :1:1: Premature end of file.
2026-08-27 16:15:33,019 [ERROR] LogOutputStream:75 - [STDERR_REDIRECT] 
2026-08-27 16:15:34,018 [ERROR] LogOutputStream:75 - [STDERR_REDIRECT] [Fatal Error] :1:1: Premature end of file.
2026-08-27 16:15:34,018 [ERROR] LogOutputStream:75 - [STDERR_REDIRECT] 
2026-08-27 16:15:35,019 [ERROR] LogOutputStream:75 - [STDERR_REDIRECT] [Fatal Error] :1:1: Premature end of file.
2026-08-27 16:15:35,019 [ERROR] LogOutputStream:75 - [STDERR_REDIRECT] 
2026-08-27 16:15:36,019 [ERROR] LogOutputStream:75 - [STDERR_REDIRECT] [Fatal Error] :1:1: Premature end of file.
2026-08-27 16:15:36,019 [ERROR] LogOutputStream:75 - [STDERR_REDIRECT] 
2026-08-27 16:15:37,019 [ERROR] LogOutputStream:75 - [STDERR_REDIRECT] [Fatal Error] :1:1: Premature end of file.
2026-08-27 16:15:37,019 [ERROR] LogOutputStream:75 - [STDERR_REDIRECT] 
2026-08-27 16:15:38,022 [ERROR] LogOutputStream:75 - [STDERR_REDIRECT] [Fatal Error] :1:1: Premature end of file.
2026-08-27 16:15:38,022 [ERROR] LogOutputStream:75 - [STDERR_REDIRECT] 
2026-08-27 16:15:39,020 [ERROR] LogOutputStream:75 - [STDERR_REDIRECT] [Fatal Error] :1:1: Premature end of file.
2026-08-27 16:15:39,020 [ERROR] LogOutputStream:75 - [STDERR_REDIRECT] 
2026-08-27 16:15:40,021 [ERROR] LogOutputStream:75 - [STDERR_REDIRECT] [Fatal Error] :1:1: Premature end of file.
2026-08-27 16:15:40,021 [ERROR] LogOutputStream:75 - [STDERR_REDIRECT] 
2026-08-27 16:15:41,022 [ERROR] LogOutputStream:75 - [STDERR_REDIRECT] [Fatal Error] :1:1: Premature end of file.
2026-08-27 16:15:41,022 [ERROR] LogOutputStream:75 - [STDERR_REDIRECT] 
2026-08-27 16:15:42,022 [ERROR] LogOutputStream:75 - [STDERR_REDIRECT] [Fatal Error] :1:1: Premature end of file.
2026-08-27 16:15:42,022 [ERROR] LogOutputStream:75 - [STDERR_REDIRECT] 
2026-08-27 16:15:43,024 [ERROR] LogOutputStream:75 - [STDERR_REDIRECT] [Fatal Error] :1:1: Premature end of file.
2026-08-27 16:15:43,024 [ERROR] LogOutputStream:75 - [STDERR_REDIRECT] 
2026-08-27 16:15:44,023 [ERROR] LogOutputStream:75 - [STDERR_REDIRECT] [Fatal Error] :1:1: Premature end of file.
2026-08-27 16:15:44,023 [ERROR] LogOutputStream:75 - [STDERR_REDIRECT] 
2026-08-27 16:15:45,022 [ERROR] LogOutputStream:75 - [STDERR_REDIRECT] [Fatal Error] :1:1: Premature end of file.
2026-08-27 16:15:45,022 [ERROR] LogOutputStream:75 - [STDERR_REDIRECT] 
2026-08-27 16:15:46,024 [ERROR] LogOutputStream:75 - [STDERR_REDIRECT] [Fatal Error] :1:1: Premature end of file.
2026-08-27 16:15:46,024 [ERROR] LogOutputStream:75 - [STDERR_REDIRECT] 
2026-08-27 16:15:47,025 [ERROR] LogOutputStream:75 - [STDERR_REDIRECT] [Fatal Error] :1:1: Premature end of file.
2026-08-27 16:15:47,025 [ERROR] LogOutputStream:75 - [STDERR_REDIRECT] 
2026-08-27 16:15:48,025 [ERROR] LogOutputStream:75 - [STDERR_REDIRECT] [Fatal Error] :1:1: Premature end of file.
2026-08-27 16:15:48,025 [ERROR] LogOutputStream:75 - [STDERR_REDIRECT] 
2026-08-27 16:15:49,016 [ERROR] LogOutputStream:75 - [STDERR_REDIRECT] [Fatal Error] :1:1: Premature end of file.
2026-08-27 16:15:49,016 [ERROR] LogOutputStream:75 - [STDERR_REDIRECT] 
2026-08-27 16:15:50,016 [ERROR] LogOutputStream:75 - [STDERR_REDIRECT] [Fatal Error] :1:1: Premature end of file.
2026-08-27 16:15:50,016 [ERROR] LogOutputStream:75 - [STDERR_REDIRECT] 
2026-08-27 16:15:51,016 [ERROR] LogOutputStream:75 - [STDERR_REDIRECT] [Fatal Error] :1:1: Premature end of file.
2026-08-27 16:15:51,016 [ERROR] LogOutputStream:75 - [STDERR_REDIRECT] 
2026-08-27 16:15:52,015 [ERROR] LogOutputStream:75 - [STDERR_REDIRECT] [Fatal Error] :1:1: Premature end of file.
2026-08-27 16:15:52,015 [ERROR] LogOutputStream:75 - [STDERR_REDIRECT] 
2026-08-27 16:15:53,017 [ERROR] LogOutputStream:75 - [STDERR_REDIRECT] [Fatal Error] :1:1: Premature end of file.
2026-08-27 16:15:53,018 [ERROR] LogOutputStream:75 - [STDERR_REDIRECT] 
2026-08-27 16:15:54,017 [ERROR] LogOutputStream:75 - [STDERR_REDIRECT] [Fatal Error] :1:1: Premature end of file.
2026-08-27 16:15:54,017 [ERROR] LogOutputStream:75 - [STDERR_REDIRECT] 
2026-08-27 16:15:55,017 [ERROR] LogOutputStream:75 - [STDERR_REDIRECT] [Fatal Error] :1:1: Premature end of file.
2026-08-27 16:15:55,017 [ERROR] LogOutputStream:75 - [STDERR_REDIRECT] 
2026-08-27 16:15:56,018 [ERROR] LogOutputStream:75 - [STDERR_REDIRECT] [Fatal Error] :1:1: Premature end of file.
2026-08-27 16:15:56,018 [ERROR] LogOutputStream:75 - [STDERR_REDIRECT] 
2026-08-27 16:15:57,019 [ERROR] LogOutputStream:75 - [STDERR_REDIRECT] [Fatal Error] :1:1: Premature end of file.
2026-08-27 16:15:57,019 [ERROR] LogOutputStream:75 - [STDERR_REDIRECT] 
2026-08-27 16:15:58,018 [ERROR] LogOutputStream:75 - [STDERR_REDIRECT] [Fatal Error] :1:1: Premature end of file.
2026-08-27 16:15:58,019 [ERROR] LogOutputStream:75 - [STDERR_REDIRECT] 
2026-08-27 16:15:59,020 [ERROR] LogOutputStream:75 - [STDERR_REDIRECT] [Fatal Error] :1:1: Premature end of file.
2026-08-27 16:15:59,020 [ERROR] LogOutputStream:75 - [STDERR_REDIRECT] 
2026-08-27 16:16:00,021 [ERROR] LogOutputStream:75 - [STDERR_REDIRECT] [Fatal Error] :1:1: Premature end of file.
2026-08-27 16:16:00,021 [ERROR] LogOutputStream:75 - [STDERR_REDIRECT] 
2026-08-27 16:16:01,021 [ERROR] LogOutputStream:75 - [STDERR_REDIRECT] [Fatal Error] :1:1: Premature end of file.
2026-08-27 16:16:01,021 [ERROR] LogOutputStream:75 - [STDERR_REDIRECT] 
2026-08-27 16:16:02,016 [ERROR] LogOutputStream:75 - [STDERR_REDIRECT] [Fatal Error] :1:1: Premature end of file.
2026-08-27 16:16:02,016 [ERROR] LogOutputStream:75 - [STDERR_REDIRECT] 
2026-08-27 16:16:03,024 [ERROR] LogOutputStream:75 - [STDERR_REDIRECT] [Fatal Error] :1:1: Premature end of file.
2026-08-27 16:16:03,024 [ERROR] LogOutputStream:75 - [STDERR_REDIRECT] 
2026-08-27 16:16:04,022 [ERROR] LogOutputStream:75 - [STDERR_REDIRECT] [Fatal Error] :1:1: Premature end of file.
2026-08-27 16:16:04,022 [ERROR] LogOutputStream:75 - [STDERR_REDIRECT] 
2026-08-27 16:16:05,022 [ERROR] LogOutputStream:75 - [STDERR_REDIRECT] [Fatal Error] :1:1: Premature end of file.
2026-08-27 16:16:05,022 [ERROR] LogOutputStream:75 - [STDERR_REDIRECT] 
2026-08-27 16:16:06,024 [ERROR] LogOutputStream:75 - [STDERR_REDIRECT] [Fatal Error] :1:1: Premature end of file.
2026-08-27 16:16:06,024 [ERROR] LogOutputStream:75 - [STDERR_REDIRECT] 
2026-08-27 16:16:07,023 [ERROR] LogOutputStream:75 - [STDERR_REDIRECT] [Fatal Error] :1:1: Premature end of file.
2026-08-27 16:16:07,023 [ERROR] LogOutputStream:75 - [STDERR_REDIRECT] 
2026-08-27 16:16:08,025 [ERROR] LogOutputStream:75 - [STDERR_REDIRECT] [Fatal Error] :1:1: Premature end of file.
2026-08-27 16:16:08,025 [ERROR] LogOutputStream:75 - [STDERR_REDIRECT] 
2026-08-27 16:16:09,019 [ERROR] LogOutputStream:75 - [STDERR_REDIRECT] [Fatal Error] :1:1: Premature end of file.
2026-08-27 16:16:09,019 [ERROR] LogOutputStream:75 - [STDERR_REDIRECT] 
2026-08-27 16:16:10,016 [ERROR] LogOutputStream:75 - [STDERR_REDIRECT] [Fatal Error] :1:1: Premature end of file.
2026-08-27 16:16:10,016 [ERROR] LogOutputStream:75 - [STDERR_REDIRECT] 
2026-08-27 16:16:11,015 [ERROR] LogOutputStream:75 - [STDERR_REDIRECT] [Fatal Error] :1:1: Premature end of file.
2026-08-27 16:16:11,015 [ERROR] LogOutputStream:75 - [STDERR_REDIRECT] 
2026-08-27 16:16:12,017 [ERROR] LogOutputStream:75 - [STDERR_REDIRECT] [Fatal Error] :1:1: Premature end of file.
2026-08-27 16:16:12,017 [ERROR] LogOutputStream:75 - [STDERR_REDIRECT] 
2026-08-27 16:16:13,015 [ERROR] LogOutputStream:75 - [STDERR_REDIRECT] [Fatal Error] :1:1: Premature end of file.
2026-08-27 16:16:13,016 [ERROR] LogOutputStream:75 - [STDERR_REDIRECT] 
2026-08-27 16:16:14,017 [ERROR] LogOutputStream:75 - [STDERR_REDIRECT] [Fatal Error] :1:1: Premature end of file.
2026-08-27 16:16:14,017 [ERROR] LogOutputStream:75 - [STDERR_REDIRECT] 
2026-08-27 16:16:15,018 [ERROR] LogOutputStream:75 - [STDERR_REDIRECT] [Fatal Error] :1:1: Premature end of file.
2026-08-27 16:16:15,018 [ERROR] LogOutputStream:75 - [STDERR_REDIRECT] 
2026-08-27 16:16:16,019 [ERROR] LogOutputStream:75 - [STDERR_REDIRECT] [Fatal Error] :1:1: Premature end of file.
2026-08-27 16:16:16,019 [ERROR] LogOutputStream:75 - [STDERR_REDIRECT] 
2026-08-27 16:16:17,019 [ERROR] LogOutputStream:75 - [STDERR_REDIRECT] [Fatal Error] :1:1: Premature end of file.
2026-08-27 16:16:17,019 [ERROR] LogOutputStream:75 - [STDERR_REDIRECT] 
2026-08-27 16:16:18,019 [ERROR] LogOutputStream:75 - [STDERR_REDIRECT] [Fatal Error] :1:1: Premature end of file.
2026-08-27 16:16:18,019 [ERROR] LogOutputStream:75 - [STDERR_REDIRECT] 
2026-08-27 16:16:19,020 [ERROR] LogOutputStream:75 - [STDERR_REDIRECT] [Fatal Error] :1:1: Premature end of file.
2026-08-27 16:16:19,020 [ERROR] LogOutputStream:75 - [STDERR_REDIRECT] 
2026-08-27 16:16:20,020 [ERROR] LogOutputStream:75 - [STDERR_REDIRECT] [Fatal Error] :1:1: Premature end of file.
2026-08-27 16:16:20,020 [ERROR] LogOutputStream:75 - [STDERR_REDIRECT] 
2026-08-27 16:16:21,021 [ERROR] LogOutputStream:75 - [STDERR_REDIRECT] [Fatal Error] :1:1: Premature end of file.
2026-08-27 16:16:21,021 [ERROR] LogOutputStream:75 - [STDERR_REDIRECT] 
2026-08-27 16:16:22,022 [ERROR] LogOutputStream:75 - [STDERR_REDIRECT] [Fatal Error] :1:1: Premature end of file.
2026-08-27 16:16:22,022 [ERROR] LogOutputStream:75 - [STDERR_REDIRECT] 
2026-08-27 16:16:23,021 [ERROR] LogOutputStream:75 - [STDERR_REDIRECT] [Fatal Error] :1:1: Premature end of file.
2026-08-27 16:16:23,021 [ERROR] LogOutputStream:75 - [STDERR_REDIRECT] 
2026-08-27 16:16:24,022 [ERROR] LogOutputStream:75 - [STDERR_REDIRECT] [Fatal Error] :1:1: Premature end of file.
2026-08-27 16:16:24,022 [ERROR] LogOutputStream:75 - [STDERR_REDIRECT] 
2026-08-27 16:16:25,022 [ERROR] LogOutputStream:75 - [STDERR_REDIRECT] [Fatal Error] :1:1: Premature end of file.
2026-08-27 16:16:25,022 [ERROR] LogOutputStream:75 - [STDERR_REDIRECT] 
2026-08-27 16:16:26,022 [ERROR] LogOutputStream:75 - [STDERR_REDIRECT] [Fatal Error] :1:1: Premature end of file.
2026-08-27 16:16:26,022 [ERROR] LogOutputStream:75 - [STDERR_REDIRECT] 
2026-08-27 16:16:27,023 [ERROR] LogOutputStream:75 - [STDERR_REDIRECT] [Fatal Error] :1:1: Premature end of file.
2026-08-27 16:16:27,023 [ERROR] LogOutputStream:75 - [STDERR_REDIRECT] 
2026-08-27 16:16:28,022 [ERROR] LogOutputStream:75 - [STDERR_REDIRECT] [Fatal Error] :1:1: Premature end of file.
2026-08-27 16:16:28,022 [ERROR] LogOutputStream:75 - [STDERR_REDIRECT] 
2026-08-27 16:16:29,024 [ERROR] LogOutputStream:75 - [STDERR_REDIRECT] [Fatal Error] :1:1: Premature end of file.
2026-08-27 16:16:29,024 [ERROR] LogOutputStream:75 - [STDERR_REDIRECT] 
2026-08-27 16:16:30,025 [ERROR] LogOutputStream:75 - [STDERR_REDIRECT] [Fatal Error] :1:1: Premature end of file.
2026-08-27 16:16:30,025 [ERROR] LogOutputStream:75 - [STDERR_REDIRECT] 
2026-08-27 16:16:31,014 [ERROR] LogOutputStream:75 - [STDERR_REDIRECT] [Fatal Error] :1:1: Premature end of file.
2026-08-27 16:16:31,014 [ERROR] LogOutputStream:75 - [STDERR_REDIRECT] 
2026-08-27 16:16:32,014 [ERROR] LogOutputStream:75 - [STDERR_REDIRECT] [Fatal Error] :1:1: Premature end of file.
2026-08-27 16:16:32,014 [ERROR] LogOutputStream:75 - [STDERR_REDIRECT] 
2026-08-27 16:16:33,016 [ERROR] LogOutputStream:75 - [STDERR_REDIRECT] [Fatal Error] :1:1: Premature end of file.
2026-08-27 16:16:33,016 [ERROR] LogOutputStream:75 - [STDERR_REDIRECT] 
2026-08-27 16:16:34,014 [ERROR] LogOutputStream:75 - [STDERR_REDIRECT] [Fatal Error] :1:1: Premature end of file.
2026-08-27 16:16:34,014 [ERROR] LogOutputStream:75 - [STDERR_REDIRECT] 
2026-08-27 16:16:35,015 [ERROR] LogOutputStream:75 - [STDERR_REDIRECT] [Fatal Error] :1:1: Premature end of file.
2026-08-27 16:16:35,015 [ERROR] LogOutputStream:75 - [STDERR_REDIRECT] 
2026-08-27 16:16:36,016 [ERROR] LogOutputStream:75 - [STDERR_REDIRECT] [Fatal Error] :1:1: Premature end of file.
2026-08-27 16:16:36,016 [ERROR] LogOutputStream:75 - [STDERR_REDIRECT] 
2026-08-27 16:16:37,013 [ERROR] LogOutputStream:75 - [STDERR_REDIRECT] [Fatal Error] :1:1: Premature end of file.
2026-08-27 16:16:37,013 [ERROR] LogOutputStream:75 - [STDERR_REDIRECT] 
2026-08-27 16:16:38,018 [ERROR] LogOutputStream:75 - [STDERR_REDIRECT] [Fatal Error] :1:1: Premature end of file.
2026-08-27 16:16:38,018 [ERROR] LogOutputStream:75 - [STDERR_REDIRECT] 
2026-08-27 16:16:39,017 [ERROR] LogOutputStream:75 - [STDERR_REDIRECT] [Fatal Error] :1:1: Premature end of file.
2026-08-27 16:16:39,017 [ERROR] LogOutputStream:75 - [STDERR_REDIRECT] 
2026-08-27 16:16:40,022 [ERROR] LogOutputStream:75 - [STDERR_REDIRECT] [Fatal Error] :1:1: Premature end of file.
2026-08-27 16:16:40,022 [ERROR] LogOutputStream:75 - [STDERR_REDIRECT] 
2026-08-27 16:16:41,024 [ERROR] LogOutputStream:75 - [STDERR_REDIRECT] [Fatal Error] :1:1: Premature end of file.
2026-08-27 16:16:41,024 [ERROR] LogOutputStream:75 - [STDERR_REDIRECT] 
2026-08-27 16:16:42,016 [ERROR] LogOutputStream:75 - [STDERR_REDIRECT] [Fatal Error] :1:1: Premature end of file.
2026-08-27 16:16:42,016 [ERROR] LogOutputStream:75 - [STDERR_REDIRECT] 
2026-08-27 16:16:43,018 [ERROR] LogOutputStream:75 - [STDERR_REDIRECT] [Fatal Error] :1:1: Premature end of file.
2026-08-27 16:16:43,019 [ERROR] LogOutputStream:75 - [STDERR_REDIRECT] 
2026-08-27 16:16:44,007 [ERROR] LogOutputStream:75 - [STDERR_REDIRECT] [Fatal Error] :1:1: Premature end of file.
2026-08-27 16:16:44,007 [ERROR] LogOutputStream:75 - [STDERR_REDIRECT] 
2026-08-27 16:16:45,012 [ERROR] LogOutputStream:75 - [STDERR_REDIRECT] [Fatal Error] :1:1: Premature end of file.
2026-08-27 16:16:45,012 [ERROR] LogOutputStream:75 - [STDERR_REDIRECT] 
2026-08-27 16:16:46,017 [ERROR] LogOutputStream:75 - [STDERR_REDIRECT] [Fatal Error] :1:1: Premature end of file.
2026-08-27 16:16:46,017 [ERROR] LogOutputStream:75 - [STDERR_REDIRECT] 
2026-08-27 16:16:47,021 [ERROR] LogOutputStream:75 - [STDERR_REDIRECT] [Fatal Error] :1:1: Premature end of file.
2026-08-27 16:16:47,021 [ERROR] LogOutputStream:75 - [STDERR_REDIRECT] 
2026-08-27 16:16:48,020 [ERROR] LogOutputStream:75 - [STDERR_REDIRECT] [Fatal Error] :1:1: Premature end of file.
2026-08-27 16:16:48,020 [ERROR] LogOutputStream:75 - [STDERR_REDIRECT] 
2026-08-27 16:16:49,018 [ERROR] LogOutputStream:75 - [STDERR_REDIRECT] [Fatal Error] :1:1: Premature end of file.
2026-08-27 16:16:49,018 [ERROR] LogOutputStream:75 - [STDERR_REDIRECT] 
2026-08-27 16:16:50,026 [ERROR] LogOutputStream:75 - [STDERR_REDIRECT] [Fatal Error] :1:1: Premature end of file.
2026-08-27 16:16:50,026 [ERROR] LogOutputStream:75 - [STDERR_REDIRECT] 
2026-08-27 16:16:51,027 [ERROR] LogOutputStream:75 - [STDERR_REDIRECT] [Fatal Error] :1:1: Premature end of file.
2026-08-27 16:16:51,028 [ERROR] LogOutputStream:75 - [STDERR_REDIRECT] 
2026-08-27 16:16:52,023 [ERROR] LogOutputStream:75 - [STDERR_REDIRECT] [Fatal Error] :1:1: Premature end of file.
2026-08-27 16:16:52,023 [ERROR] LogOutputStream:75 - [STDERR_REDIRECT] 
2026-08-27 16:16:53,019 [ERROR] LogOutputStream:75 - [STDERR_REDIRECT] [Fatal Error] :1:1: Premature end of file.
2026-08-27 16:16:53,019 [ERROR] LogOutputStream:75 - [STDERR_REDIRECT] 
2026-08-27 16:16:54,027 [ERROR] LogOutputStream:75 - [STDERR_REDIRECT] [Fatal Error] :1:1: Premature end of file.
2026-08-27 16:16:54,028 [ERROR] LogOutputStream:75 - [STDERR_REDIRECT] 
2026-08-27 16:16:55,020 [ERROR] LogOutputStream:75 - [STDERR_REDIRECT] [Fatal Error] :1:1: Premature end of file.
2026-08-27 16:16:55,020 [ERROR] LogOutputStream:75 - [STDERR_REDIRECT] 
2026-08-27 16:16:56,025 [ERROR] LogOutputStream:75 - [STDERR_REDIRECT] [Fatal Error] :1:1: Premature end of file.
2026-08-27 16:16:56,025 [ERROR] LogOutputStream:75 - [STDERR_REDIRECT] 
2026-08-27 16:16:57,019 [ERROR] LogOutputStream:75 - [STDERR_REDIRECT] [Fatal Error] :1:1: Premature end of file.
2026-08-27 16:16:57,019 [ERROR] LogOutputStream:75 - [STDERR_REDIRECT] 
2026-08-27 16:16:58,015 [ERROR] LogOutputStream:75 - [STDERR_REDIRECT] [Fatal Error] :1:1: Premature end of file.
2026-08-27 16:16:58,015 [ERROR] LogOutputStream:75 - [STDERR_REDIRECT] 
2026-08-27 16:16:59,015 [ERROR] LogOutputStream:75 - [STDERR_REDIRECT] [Fatal Error] :1:1: Premature end of file.
2026-08-27 16:16:59,015 [ERROR] LogOutputStream:75 - [STDERR_REDIRECT] 
2026-08-27 16:17:00,019 [ERROR] LogOutputStream:75 - [STDERR_REDIRECT] [Fatal Error] :1:1: Premature end of file.
2026-08-27 16:17:00,019 [ERROR] LogOutputStream:75 - [STDERR_REDIRECT] 
2026-08-27 16:17:01,026 [ERROR] LogOutputStream:75 - [STDERR_REDIRECT] [Fatal Error] :1:1: Premature end of file.
2026-08-27 16:17:01,026 [ERROR] LogOutputStream:75 - [STDERR_REDIRECT] 
2026-08-27 16:17:02,011 [ERROR] LogOutputStream:75 - [STDERR_REDIRECT] [Fatal Error] :1:1: Premature end of file.
2026-08-27 16:17:02,011 [ERROR] LogOutputStream:75 - [STDERR_REDIRECT] 
2026-08-27 16:17:03,015 [ERROR] LogOutputStream:75 - [STDERR_REDIRECT] [Fatal Error] :1:1: Premature end of file.
2026-08-27 16:17:03,015 [ERROR] LogOutputStream:75 - [STDERR_REDIRECT] 
2026-08-27 16:17:04,009 [ERROR] LogOutputStream:75 - [STDERR_REDIRECT] [Fatal Error] :1:1: Premature end of file.
2026-08-27 16:17:04,009 [ERROR] LogOutputStream:75 - [STDERR_REDIRECT] 
2026-08-27 16:17:05,010 [ERROR] LogOutputStream:75 - [STDERR_REDIRECT] [Fatal Error] :1:1: Premature end of file.
2026-08-27 16:17:05,010 [ERROR] LogOutputStream:75 - [STDERR_REDIRECT] 
2026-08-27 16:17:06,013 [ERROR] LogOutputStream:75 - [STDERR_REDIRECT] [Fatal Error] :1:1: Premature end of file.
2026-08-27 16:17:06,013 [ERROR] LogOutputStream:75 - [STDERR_REDIRECT] 
2026-08-27 16:17:07,013 [ERROR] LogOutputStream:75 - [STDERR_REDIRECT] [Fatal Error] :1:1: Premature end of file.
2026-08-27 16:17:07,013 [ERROR] LogOutputStream:75 - [STDERR_REDIRECT] 
2026-08-27 16:17:08,016 [ERROR] LogOutputStream:75 - [STDERR_REDIRECT] [Fatal Error] :1:1: Premature end of file.
2026-08-27 16:17:08,016 [ERROR] LogOutputStream:75 - [STDERR_REDIRECT] 
2026-08-27 16:17:09,015 [ERROR] LogOutputStream:75 - [STDERR_REDIRECT] [Fatal Error] :1:1: Premature end of file.
2026-08-27 16:17:09,015 [ERROR] LogOutputStream:75 - [STDERR_REDIRECT] 
2026-08-27 16:17:10,012 [ERROR] LogOutputStream:75 - [STDERR_REDIRECT] [Fatal Error] :1:1: Premature end of file.
2026-08-27 16:17:10,012 [ERROR] LogOutputStream:75 - [STDERR_REDIRECT] 
2026-08-27 16:17:11,020 [ERROR] LogOutputStream:75 - [STDERR_REDIRECT] [Fatal Error] :1:1: Premature end of file.
2026-08-27 16:17:11,020 [ERROR] LogOutputStream:75 - [STDERR_REDIRECT] 
2026-08-27 16:17:12,022 [ERROR] LogOutputStream:75 - [STDERR_REDIRECT] [Fatal Error] :1:1: Premature end of file.
2026-08-27 16:17:12,022 [ERROR] LogOutputStream:75 - [STDERR_REDIRECT] 
2026-08-27 16:17:13,017 [ERROR] LogOutputStream:75 - [STDERR_REDIRECT] [Fatal Error] :1:1: Premature end of file.
2026-08-27 16:17:13,017 [ERROR] LogOutputStream:75 - [STDERR_REDIRECT] 
2026-08-27 16:17:14,013 [ERROR] LogOutputStream:75 - [STDERR_REDIRECT] [Fatal Error] :1:1: Premature end of file.
2026-08-27 16:17:14,013 [ERROR] LogOutputStream:75 - [STDERR_REDIRECT] 
2026-08-27 16:17:15,016 [ERROR] LogOutputStream:75 - [STDERR_REDIRECT] [Fatal Error] :1:1: Premature end of file.
2026-08-27 16:17:15,016 [ERROR] LogOutputStream:75 - [STDERR_REDIRECT] 
2026-08-27 16:17:16,016 [ERROR] LogOutputStream:75 - [STDERR_REDIRECT] [Fatal Error] :1:1: Premature end of file.
2026-08-27 16:17:16,016 [ERROR] LogOutputStream:75 - [STDERR_REDIRECT] 
2026-08-27 16:17:17,013 [ERROR] LogOutputStream:75 - [STDERR_REDIRECT] [Fatal Error] :1:1: Premature end of file.
2026-08-27 16:17:17,013 [ERROR] LogOutputStream:75 - [STDERR_REDIRECT] 
2026-08-27 16:17:18,023 [ERROR] LogOutputStream:75 - [STDERR_REDIRECT] [Fatal Error] :1:1: Premature end of file.
2026-08-27 16:17:18,023 [ERROR] LogOutputStream:75 - [STDERR_REDIRECT] 
2026-08-27 16:17:19,014 [ERROR] LogOutputStream:75 - [STDERR_REDIRECT] [Fatal Error] :1:1: Premature end of file.
2026-08-27 16:17:19,014 [ERROR] LogOutputStream:75 - [STDERR_REDIRECT] 
2026-08-27 16:17:20,019 [ERROR] LogOutputStream:75 - [STDERR_REDIRECT] [Fatal Error] :1:1: Premature end of file.
2026-08-27 16:17:20,019 [ERROR] LogOutputStream:75 - [STDERR_REDIRECT] 
2026-08-27 16:17:21,018 [ERROR] LogOutputStream:75 - [STDERR_REDIRECT] [Fatal Error] :1:1: Premature end of file.
2026-08-27 16:17:21,018 [ERROR] LogOutputStream:75 - [STDERR_REDIRECT] 
2026-08-27 16:17:22,010 [ERROR] LogOutputStream:75 - [STDERR_REDIRECT] [Fatal Error] :1:1: Premature end of file.
2026-08-27 16:17:22,010 [ERROR] LogOutputStream:75 - [STDERR_REDIRECT] 
2026-08-27 16:17:23,016 [ERROR] LogOutputStream:75 - [STDERR_REDIRECT] [Fatal Error] :1:1: Premature end of file.
2026-08-27 16:17:23,016 [ERROR] LogOutputStream:75 - [STDERR_REDIRECT] 
2026-08-27 16:17:24,006 [ERROR] LogOutputStream:75 - [STDERR_REDIRECT] [Fatal Error] :1:1: Premature end of file.
2026-08-27 16:17:24,006 [ERROR] LogOutputStream:75 - [STDERR_REDIRECT] 
2026-08-27 16:17:25,010 [ERROR] LogOutputStream:75 - [STDERR_REDIRECT] [Fatal Error] :1:1: Premature end of file.
2026-08-27 16:17:25,010 [ERROR] LogOutputStream:75 - [STDERR_REDIRECT] 
2026-08-27 16:17:26,017 [ERROR] LogOutputStream:75 - [STDERR_REDIRECT] [Fatal Error] :1:1: Premature end of file.
2026-08-27 16:17:26,017 [ERROR] LogOutputStream:75 - [STDERR_REDIRECT] 
2026-08-27 16:17:27,021 [ERROR] LogOutputStream:75 - [STDERR_REDIRECT] [Fatal Error] :1:1: Premature end of file.
2026-08-27 16:17:27,021 [ERROR] LogOutputStream:75 - [STDERR_REDIRECT] 
2026-08-27 16:17:28,014 [ERROR] LogOutputStream:75 - [STDERR_REDIRECT] [Fatal Error] :1:1: Premature end of file.
2026-08-27 16:17:28,014 [ERROR] LogOutputStream:75 - [STDERR_REDIRECT] 
2026-08-27 16:17:29,020 [ERROR] LogOutputStream:75 - [STDERR_REDIRECT] [Fatal Error] :1:1: Premature end of file.
2026-08-27 16:17:29,020 [ERROR] LogOutputStream:75 - [STDERR_REDIRECT] 
2026-08-27 16:17:30,011 [ERROR] LogOutputStream:75 - [STDERR_REDIRECT] [Fatal Error] :1:1: Premature end of file.
2026-08-27 16:17:30,011 [ERROR] LogOutputStream:75 - [STDERR_REDIRECT] 
2026-08-27 16:17:31,013 [ERROR] LogOutputStream:75 - [STDERR_REDIRECT] [Fatal Error] :1:1: Premature end of file.
2026-08-27 16:17:31,013 [ERROR] LogOutputStream:75 - [STDERR_REDIRECT] 
2026-08-27 16:17:32,012 [ERROR] LogOutputStream:75 - [STDERR_REDIRECT] [Fatal Error] :1:1: Premature end of file.
2026-08-27 16:17:32,012 [ERROR] LogOutputStream:75 - [STDERR_REDIRECT] 
2026-08-27 16:17:33,012 [ERROR] LogOutputStream:75 - [STDERR_REDIRECT] [Fatal Error] :1:1: Premature end of file.
2026-08-27 16:17:33,012 [ERROR] LogOutputStream:75 - [STDERR_REDIRECT] 
2026-08-27 16:17:34,024 [ERROR] LogOutputStream:75 - [STDERR_REDIRECT] [Fatal Error] :1:1: Premature end of file.
2026-08-27 16:17:34,024 [ERROR] LogOutputStream:75 - [STDERR_REDIRECT] 
2026-08-27 16:17:35,011 [ERROR] LogOutputStream:75 - [STDERR_REDIRECT] [Fatal Error] :1:1: Premature end of file.
2026-08-27 16:17:35,011 [ERROR] LogOutputStream:75 - [STDERR_REDIRECT] 
2026-08-27 16:17:36,015 [ERROR] LogOutputStream:75 - [STDERR_REDIRECT] [Fatal Error] :1:1: Premature end of file.
2026-08-27 16:17:36,015 [ERROR] LogOutputStream:75 - [STDERR_REDIRECT] 
2026-08-27 16:17:37,011 [ERROR] LogOutputStream:75 - [STDERR_REDIRECT] [Fatal Error] :1:1: Premature end of file.
2026-08-27 16:17:37,011 [ERROR] LogOutputStream:75 - [STDERR_REDIRECT] 
2026-08-27 16:17:38,020 [ERROR] LogOutputStream:75 - [STDERR_REDIRECT] [Fatal Error] :1:1: Premature end of file.
2026-08-27 16:17:38,020 [ERROR] LogOutputStream:75 - [STDERR_REDIRECT] 
2026-08-27 16:17:39,011 [ERROR] LogOutputStream:75 - [STDERR_REDIRECT] [Fatal Error] :1:1: Premature end of file.
2026-08-27 16:17:39,011 [ERROR] LogOutputStream:75 - [STDERR_REDIRECT] 
2026-08-27 16:17:40,012 [ERROR] LogOutputStream:75 - [STDERR_REDIRECT] [Fatal Error] :1:1: Premature end of file.
2026-08-27 16:17:40,012 [ERROR] LogOutputStream:75 - [STDERR_REDIRECT] 
2026-08-27 16:17:41,018 [ERROR] LogOutputStream:75 - [STDERR_REDIRECT] [Fatal Error] :1:1: Premature end of file.
2026-08-27 16:17:41,018 [ERROR] LogOutputStream:75 - [STDERR_REDIRECT] 
2026-08-27 16:17:42,015 [ERROR] LogOutputStream:75 - [STDERR_REDIRECT] [Fatal Error] :1:1: Premature end of file.
2026-08-27 16:17:42,015 [ERROR] LogOutputStream:75 - [STDERR_REDIRECT] 
2026-08-27 16:17:43,018 [ERROR] LogOutputStream:75 - [STDERR_REDIRECT] [Fatal Error] :1:1: Premature end of file.
2026-08-27 16:17:43,018 [ERROR] LogOutputStream:75 - [STDERR_REDIRECT] 
2026-08-27 16:17:44,024 [ERROR] LogOutputStream:75 - [STDERR_REDIRECT] [Fatal Error] :1:1: Premature end of file.
2026-08-27 16:17:44,024 [ERROR] LogOutputStream:75 - [STDERR_REDIRECT] 
2026-08-27 16:17:45,013 [ERROR] LogOutputStream:75 - [STDERR_REDIRECT] [Fatal Error] :1:1: Premature end of file.
2026-08-27 16:17:45,013 [ERROR] LogOutputStream:75 - [STDERR_REDIRECT] 
2026-08-27 16:17:46,018 [ERROR] LogOutputStream:75 - [STDERR_REDIRECT] [Fatal Error] :1:1: Premature end of file.
2026-08-27 16:17:46,018 [ERROR] LogOutputStream:75 - [STDERR_REDIRECT] 
2026-08-27 16:17:47,018 [ERROR] LogOutputStream:75 - [STDERR_REDIRECT] [Fatal Error] :1:1: Premature end of file.
2026-08-27 16:17:47,018 [ERROR] LogOutputStream:75 - [STDERR_REDIRECT] 
2026-08-27 16:17:48,009 [ERROR] LogOutputStream:75 - [STDERR_REDIRECT] [Fatal Error] :1:1: Premature end of file.
2026-08-27 16:17:48,009 [ERROR] LogOutputStream:75 - [STDERR_REDIRECT] 
2026-08-27 16:17:49,020 [ERROR] LogOutputStream:75 - [STDERR_REDIRECT] [Fatal Error] :1:1: Premature end of file.
2026-08-27 16:17:49,020 [ERROR] LogOutputStream:75 - [STDERR_REDIRECT] 
2026-08-27 16:17:50,020 [ERROR] LogOutputStream:75 - [STDERR_REDIRECT] [Fatal Error] :1:1: Premature end of file.
2026-08-27 16:17:50,020 [ERROR] LogOutputStream:75 - [STDERR_REDIRECT] 
2026-08-27 16:17:51,016 [ERROR] LogOutputStream:75 - [STDERR_REDIRECT] [Fatal Error] :1:1: Premature end of file.
2026-08-27 16:17:51,016 [ERROR] LogOutputStream:75 - [STDERR_REDIRECT] 
2026-08-27 16:17:52,013 [ERROR] LogOutputStream:75 - [STDERR_REDIRECT] [Fatal Error] :1:1: Premature end of file.
2026-08-27 16:17:52,013 [ERROR] LogOutputStream:75 - [STDERR_REDIRECT] 
2026-08-27 16:17:53,010 [ERROR] LogOutputStream:75 - [STDERR_REDIRECT] [Fatal Error] :1:1: Premature end of file.
2026-08-27 16:17:53,010 [ERROR] LogOutputStream:75 - [STDERR_REDIRECT] 
2026-08-27 16:17:54,021 [ERROR] LogOutputStream:75 - [STDERR_REDIRECT] [Fatal Error] :1:1: Premature end of file.
2026-08-27 16:17:54,021 [ERROR] LogOutputStream:75 - [STDERR_REDIRECT] 
2026-08-27 16:17:55,018 [ERROR] LogOutputStream:75 - [STDERR_REDIRECT] [Fatal Error] :1:1: Premature end of file.
2026-08-27 16:17:55,018 [ERROR] LogOutputStream:75 - [STDERR_REDIRECT] 
2026-08-27 16:17:56,007 [ERROR] LogOutputStream:75 - [STDERR_REDIRECT] [Fatal Error] :1:1: Premature end of file.
2026-08-27 16:17:56,007 [ERROR] LogOutputStream:75 - [STDERR_REDIRECT] 
2026-08-27 16:17:57,009 [ERROR] LogOutputStream:75 - [STDERR_REDIRECT] [Fatal Error] :1:1: Premature end of file.
2026-08-27 16:17:57,009 [ERROR] LogOutputStream:75 - [STDERR_REDIRECT] 
2026-08-27 16:17:58,012 [ERROR] LogOutputStream:75 - [STDERR_REDIRECT] [Fatal Error] :1:1: Premature end of file.
2026-08-27 16:17:58,012 [ERROR] LogOutputStream:75 - [STDERR_REDIRECT] 
2026-08-27 16:17:59,014 [ERROR] LogOutputStream:75 - [STDERR_REDIRECT] [Fatal Error] :1:1: Premature end of file.
2026-08-27 16:17:59,014 [ERROR] LogOutputStream:75 - [STDERR_REDIRECT] 
2026-08-27 16:18:00,017 [ERROR] LogOutputStream:75 - [STDERR_REDIRECT] [Fatal Error] :1:1: Premature end of file.
2026-08-27 16:18:00,017 [ERROR] LogOutputStream:75 - [STDERR_REDIRECT] 
2026-08-27 16:18:01,020 [ERROR] LogOutputStream:75 - [STDERR_REDIRECT] [Fatal Error] :1:1: Premature end of file.
2026-08-27 16:18:01,020 [ERROR] LogOutputStream:75 - [STDERR_REDIRECT] 
2026-08-27 16:18:02,007 [ERROR] LogOutputStream:75 - [STDERR_REDIRECT] [Fatal Error] :1:1: Premature end of file.
2026-08-27 16:18:02,007 [ERROR] LogOutputStream:75 - [STDERR_REDIRECT] 
2026-08-27 16:18:03,011 [ERROR] LogOutputStream:75 - [STDERR_REDIRECT] [Fatal Error] :1:1: Premature end of file.
2026-08-27 16:18:03,011 [ERROR] LogOutputStream:75 - [STDERR_REDIRECT] 
2026-08-27 16:18:04,014 [ERROR] LogOutputStream:75 - [STDERR_REDIRECT] [Fatal Error] :1:1: Premature end of file.
2026-08-27 16:18:04,014 [ERROR] LogOutputStream:75 - [STDERR_REDIRECT] 
2026-08-27 16:18:05,017 [ERROR] LogOutputStream:75 - [STDERR_REDIRECT] [Fatal Error] :1:1: Premature end of file.
2026-08-27 16:18:05,017 [ERROR] LogOutputStream:75 - [STDERR_REDIRECT] 
2026-08-27 16:18:06,021 [ERROR] LogOutputStream:75 - [STDERR_REDIRECT] [Fatal Error] :1:1: Premature end of file.
2026-08-27 16:18:06,021 [ERROR] LogOutputStream:75 - [STDERR_REDIRECT] 
2026-08-27 16:18:07,008 [ERROR] LogOutputStream:75 - [STDERR_REDIRECT] [Fatal Error] :1:1: Premature end of file.
2026-08-27 16:18:07,008 [ERROR] LogOutputStream:75 - [STDERR_REDIRECT] 
2026-08-27 16:18:08,011 [ERROR] LogOutputStream:75 - [STDERR_REDIRECT] [Fatal Error] :1:1: Premature end of file.
2026-08-27 16:18:08,011 [ERROR] LogOutputStream:75 - [STDERR_REDIRECT] 
2026-08-27 16:18:09,014 [ERROR] LogOutputStream:75 - [STDERR_REDIRECT] [Fatal Error] :1:1: Premature end of file.
2026-08-27 16:18:09,014 [ERROR] LogOutputStream:75 - [STDERR_REDIRECT] 
2026-08-27 16:18:10,018 [ERROR] LogOutputStream:75 - [STDERR_REDIRECT] [Fatal Error] :1:1: Premature end of file.
2026-08-27 16:18:10,018 [ERROR] LogOutputStream:75 - [STDERR_REDIRECT] 
2026-08-27 16:18:11,020 [ERROR] LogOutputStream:75 - [STDERR_REDIRECT] [Fatal Error] :1:1: Premature end of file.
2026-08-27 16:18:11,020 [ERROR] LogOutputStream:75 - [STDERR_REDIRECT] 
2026-08-27 16:18:12,008 [ERROR] LogOutputStream:75 - [STDERR_REDIRECT] [Fatal Error] :1:1: Premature end of file.
2026-08-27 16:18:12,008 [ERROR] LogOutputStream:75 - [STDERR_REDIRECT] 
2026-08-27 16:18:13,011 [ERROR] LogOutputStream:75 - [STDERR_REDIRECT] [Fatal Error] :1:1: Premature end of file.
2026-08-27 16:18:13,011 [ERROR] LogOutputStream:75 - [STDERR_REDIRECT] 
2026-08-27 16:18:14,014 [ERROR] LogOutputStream:75 - [STDERR_REDIRECT] [Fatal Error] :1:1: Premature end of file.
2026-08-27 16:18:14,014 [ERROR] LogOutputStream:75 - [STDERR_REDIRECT] 
2026-08-27 16:18:15,017 [ERROR] LogOutputStream:75 - [STDERR_REDIRECT] [Fatal Error] :1:1: Premature end of file.
2026-08-27 16:18:15,017 [ERROR] LogOutputStream:75 - [STDERR_REDIRECT] 
2026-08-27 16:18:16,019 [ERROR] LogOutputStream:75 - [STDERR_REDIRECT] [Fatal Error] :1:1: Premature end of file.
2026-08-27 16:18:16,019 [ERROR] LogOutputStream:75 - [STDERR_REDIRECT] 
2026-08-27 16:18:17,007 [ERROR] LogOutputStream:75 - [STDERR_REDIRECT] [Fatal Error] :1:1: Premature end of file.
2026-08-27 16:18:17,007 [ERROR] LogOutputStream:75 - [STDERR_REDIRECT] 
2026-08-27 16:18:18,010 [ERROR] LogOutputStream:75 - [STDERR_REDIRECT] [Fatal Error] :1:1: Premature end of file.
2026-08-27 16:18:18,010 [ERROR] LogOutputStream:75 - [STDERR_REDIRECT] 
2026-08-27 16:18:19,013 [ERROR] LogOutputStream:75 - [STDERR_REDIRECT] [Fatal Error] :1:1: Premature end of file.
2026-08-27 16:18:19,013 [ERROR] LogOutputStream:75 - [STDERR_REDIRECT] 
2026-08-27 16:18:20,017 [ERROR] LogOutputStream:75 - [STDERR_REDIRECT] [Fatal Error] :1:1: Premature end of file.
2026-08-27 16:18:20,017 [ERROR] LogOutputStream:75 - [STDERR_REDIRECT] 
2026-08-27 16:18:21,021 [ERROR] LogOutputStream:75 - [STDERR_REDIRECT] [Fatal Error] :1:1: Premature end of file.
2026-08-27 16:18:21,021 [ERROR] LogOutputStream:75 - [STDERR_REDIRECT] 
2026-08-27 16:18:22,007 [ERROR] LogOutputStream:75 - [STDERR_REDIRECT] [Fatal Error] :1:1: Premature end of file.
2026-08-27 16:18:22,007 [ERROR] LogOutputStream:75 - [STDERR_REDIRECT] 
2026-08-27 16:18:23,016 [ERROR] LogOutputStream:75 - [STDERR_REDIRECT] [Fatal Error] :1:1: Premature end of file.
2026-08-27 16:18:23,016 [ERROR] LogOutputStream:75 - [STDERR_REDIRECT] 
2026-08-27 16:18:24,007 [ERROR] LogOutputStream:75 - [STDERR_REDIRECT] [Fatal Error] :1:1: Premature end of file.
2026-08-27 16:18:24,007 [ERROR] LogOutputStream:75 - [STDERR_REDIRECT] 
2026-08-27 16:18:25,017 [ERROR] LogOutputStream:75 - [STDERR_REDIRECT] [Fatal Error] :1:1: Premature end of file.
2026-08-27 16:18:25,017 [ERROR] LogOutputStream:75 - [STDERR_REDIRECT] 
2026-08-27 16:18:26,007 [ERROR] LogOutputStream:75 - [STDERR_REDIRECT] [Fatal Error] :1:1: Premature end of file.
2026-08-27 16:18:26,007 [ERROR] LogOutputStream:75 - [STDERR_REDIRECT] 
2026-08-27 16:18:27,012 [ERROR] LogOutputStream:75 - [STDERR_REDIRECT] [Fatal Error] :1:1: Premature end of file.
2026-08-27 16:18:27,012 [ERROR] LogOutputStream:75 - [STDERR_REDIRECT] 
2026-08-27 16:18:28,016 [ERROR] LogOutputStream:75 - [STDERR_REDIRECT] [Fatal Error] :1:1: Premature end of file.
2026-08-27 16:18:28,016 [ERROR] LogOutputStream:75 - [STDERR_REDIRECT] 
2026-08-27 16:18:29,020 [ERROR] LogOutputStream:75 - [STDERR_REDIRECT] [Fatal Error] :1:1: Premature end of file.
2026-08-27 16:18:29,020 [ERROR] LogOutputStream:75 - [STDERR_REDIRECT] 
2026-08-27 16:18:30,011 [ERROR] LogOutputStream:75 - [STDERR_REDIRECT] [Fatal Error] :1:1: Premature end of file.
2026-08-27 16:18:30,011 [ERROR] LogOutputStream:75 - [STDERR_REDIRECT] 
2026-08-27 16:18:31,018 [ERROR] LogOutputStream:75 - [STDERR_REDIRECT] [Fatal Error] :1:1: Premature end of file.
2026-08-27 16:18:31,018 [ERROR] LogOutputStream:75 - [STDERR_REDIRECT] 
2026-08-27 16:18:32,022 [ERROR] LogOutputStream:75 - [STDERR_REDIRECT] [Fatal Error] :1:1: Premature end of file.
2026-08-27 16:18:32,022 [ERROR] LogOutputStream:75 - [STDERR_REDIRECT] 
2026-08-27 16:18:33,010 [ERROR] LogOutputStream:75 - [STDERR_REDIRECT] [Fatal Error] :1:1: Premature end of file.
2026-08-27 16:18:33,010 [ERROR] LogOutputStream:75 - [STDERR_REDIRECT] 
2026-08-27 16:18:34,016 [ERROR] LogOutputStream:75 - [STDERR_REDIRECT] [Fatal Error] :1:1: Premature end of file.
2026-08-27 16:18:34,016 [ERROR] LogOutputStream:75 - [STDERR_REDIRECT] 
2026-08-27 16:18:35,019 [ERROR] LogOutputStream:75 - [STDERR_REDIRECT] [Fatal Error] :1:1: Premature end of file.
2026-08-27 16:18:35,019 [ERROR] LogOutputStream:75 - [STDERR_REDIRECT] 
2026-08-27 16:18:36,021 [ERROR] LogOutputStream:75 - [STDERR_REDIRECT] [Fatal Error] :1:1: Premature end of file.
2026-08-27 16:18:36,029 [ERROR] LogOutputStream:75 - [STDERR_REDIRECT] 
2026-08-27 16:18:37,009 [ERROR] LogOutputStream:75 - [STDERR_REDIRECT] [Fatal Error] :1:1: Premature end of file.
2026-08-27 16:18:37,009 [ERROR] LogOutputStream:75 - [STDERR_REDIRECT] 
2026-08-27 16:18:38,014 [ERROR] LogOutputStream:75 - [STDERR_REDIRECT] [Fatal Error] :1:1: Premature end of file.
2026-08-27 16:18:38,014 [ERROR] LogOutputStream:75 - [STDERR_REDIRECT] 
2026-08-27 16:18:39,007 [ERROR] LogOutputStream:75 - [STDERR_REDIRECT] [Fatal Error] :1:1: Premature end of file.
2026-08-27 16:18:39,007 [ERROR] LogOutputStream:75 - [STDERR_REDIRECT] 
2026-08-27 16:18:40,018 [ERROR] LogOutputStream:75 - [STDERR_REDIRECT] [Fatal Error] :1:1: Premature end of file.
2026-08-27 16:18:40,018 [ERROR] LogOutputStream:75 - [STDERR_REDIRECT] 
2026-08-27 16:18:41,007 [ERROR] LogOutputStream:75 - [STDERR_REDIRECT] [Fatal Error] :1:1: Premature end of file.
2026-08-27 16:18:41,007 [ERROR] LogOutputStream:75 - [STDERR_REDIRECT] 
2026-08-27 16:18:42,010 [ERROR] LogOutputStream:75 - [STDERR_REDIRECT] [Fatal Error] :1:1: Premature end of file.
2026-08-27 16:18:42,010 [ERROR] LogOutputStream:75 - [STDERR_REDIRECT] 
2026-08-27 16:18:43,017 [ERROR] LogOutputStream:75 - [STDERR_REDIRECT] [Fatal Error] :1:1: Premature end of file.
2026-08-27 16:18:43,017 [ERROR] LogOutputStream:75 - [STDERR_REDIRECT] 
2026-08-27 16:18:44,022 [ERROR] LogOutputStream:75 - [STDERR_REDIRECT] [Fatal Error] :1:1: Premature end of file.
2026-08-27 16:18:44,022 [ERROR] LogOutputStream:75 - [STDERR_REDIRECT] 
2026-08-27 16:18:45,013 [ERROR] LogOutputStream:75 - [STDERR_REDIRECT] [Fatal Error] :1:1: Premature end of file.
2026-08-27 16:18:45,013 [ERROR] LogOutputStream:75 - [STDERR_REDIRECT] 
2026-08-27 16:18:46,018 [ERROR] LogOutputStream:75 - [STDERR_REDIRECT] [Fatal Error] :1:1: Premature end of file.
2026-08-27 16:18:46,018 [ERROR] LogOutputStream:75 - [STDERR_REDIRECT] 
2026-08-27 16:18:47,028 [ERROR] LogOutputStream:75 - [STDERR_REDIRECT] [Fatal Error] :1:1: Premature end of file.
2026-08-27 16:18:47,028 [ERROR] LogOutputStream:75 - [STDERR_REDIRECT] 
2026-08-27 16:18:48,013 [ERROR] LogOutputStream:75 - [STDERR_REDIRECT] [Fatal Error] :1:1: Premature end of file.
2026-08-27 16:18:48,013 [ERROR] LogOutputStream:75 - [STDERR_REDIRECT] 
2026-08-27 16:18:49,017 [ERROR] LogOutputStream:75 - [STDERR_REDIRECT] [Fatal Error] :1:1: Premature end of file.
2026-08-27 16:18:49,017 [ERROR] LogOutputStream:75 - [STDERR_REDIRECT] 
2026-08-27 16:18:50,022 [ERROR] LogOutputStream:75 - [STDERR_REDIRECT] [Fatal Error] :1:1: Premature end of file.
2026-08-27 16:18:50,022 [ERROR] LogOutputStream:75 - [STDERR_REDIRECT] 
2026-08-27 16:18:51,013 [ERROR] LogOutputStream:75 - [STDERR_REDIRECT] [Fatal Error] :1:1: Premature end of file.
2026-08-27 16:18:51,013 [ERROR] LogOutputStream:75 - [STDERR_REDIRECT] 
2026-08-27 16:18:52,007 [ERROR] LogOutputStream:75 - [STDERR_REDIRECT] [Fatal Error] :1:1: Premature end of file.
2026-08-27 16:18:52,007 [ERROR] LogOutputStream:75 - [STDERR_REDIRECT] 
2026-08-27 16:18:53,012 [ERROR] LogOutputStream:75 - [STDERR_REDIRECT] [Fatal Error] :1:1: Premature end of file.
2026-08-27 16:18:53,012 [ERROR] LogOutputStream:75 - [STDERR_REDIRECT] 
2026-08-27 16:18:54,016 [ERROR] LogOutputStream:75 - [STDERR_REDIRECT] [Fatal Error] :1:1: Premature end of file.
2026-08-27 16:18:54,016 [ERROR] LogOutputStream:75 - [STDERR_REDIRECT] 
2026-08-27 16:18:55,012 [ERROR] LogOutputStream:75 - [STDERR_REDIRECT] [Fatal Error] :1:1: Premature end of file.
2026-08-27 16:18:55,012 [ERROR] LogOutputStream:75 - [STDERR_REDIRECT] 
2026-08-27 16:18:56,018 [ERROR] LogOutputStream:75 - [STDERR_REDIRECT] [Fatal Error] :1:1: Premature end of file.
2026-08-27 16:18:56,018 [ERROR] LogOutputStream:75 - [STDERR_REDIRECT] 
2026-08-27 16:18:57,021 [ERROR] LogOutputStream:75 - [STDERR_REDIRECT] [Fatal Error] :1:1: Premature end of file.
2026-08-27 16:18:57,021 [ERROR] LogOutputStream:75 - [STDERR_REDIRECT] 
2026-08-27 16:18:58,009 [ERROR] LogOutputStream:75 - [STDERR_REDIRECT] [Fatal Error] :1:1: Premature end of file.
2026-08-27 16:18:58,009 [ERROR] LogOutputStream:75 - [STDERR_REDIRECT] 
2026-08-27 16:18:59,017 [ERROR] LogOutputStream:75 - [STDERR_REDIRECT] [Fatal Error] :1:1: Premature end of file.
2026-08-27 16:18:59,017 [ERROR] LogOutputStream:75 - [STDERR_REDIRECT] 
2026-08-27 16:19:00,018 [ERROR] LogOutputStream:75 - [STDERR_REDIRECT] [Fatal Error] :1:1: Premature end of file.
2026-08-27 16:19:00,018 [ERROR] LogOutputStream:75 - [STDERR_REDIRECT] 
2026-08-27 16:19:01,011 [ERROR] LogOutputStream:75 - [STDERR_REDIRECT] [Fatal Error] :1:1: Premature end of file.
2026-08-27 16:19:01,011 [ERROR] LogOutputStream:75 - [STDERR_REDIRECT] 
2026-08-27 16:19:02,017 [ERROR] LogOutputStream:75 - [STDERR_REDIRECT] [Fatal Error] :1:1: Premature end of file.
2026-08-27 16:19:02,017 [ERROR] LogOutputStream:75 - [STDERR_REDIRECT] 
2026-08-27 16:19:03,008 [ERROR] LogOutputStream:75 - [STDERR_REDIRECT] [Fatal Error] :1:1: Premature end of file.
2026-08-27 16:19:03,008 [ERROR] LogOutputStream:75 - [STDERR_REDIRECT] 
2026-08-27 16:19:04,014 [ERROR] LogOutputStream:75 - [STDERR_REDIRECT] [Fatal Error] :1:1: Premature end of file.
2026-08-27 16:19:04,014 [ERROR] LogOutputStream:75 - [STDERR_REDIRECT] 
2026-08-27 16:19:05,020 [ERROR] LogOutputStream:75 - [STDERR_REDIRECT] [Fatal Error] :1:1: Premature end of file.
2026-08-27 16:19:05,020 [ERROR] LogOutputStream:75 - [STDERR_REDIRECT] 
2026-08-27 16:19:06,011 [ERROR] LogOutputStream:75 - [STDERR_REDIRECT] [Fatal Error] :1:1: Premature end of file.
2026-08-27 16:19:06,011 [ERROR] LogOutputStream:75 - [STDERR_REDIRECT] 
2026-08-27 16:19:07,027 [ERROR] LogOutputStream:75 - [STDERR_REDIRECT] [Fatal Error] :1:1: Premature end of file.
2026-08-27 16:19:07,027 [ERROR] LogOutputStream:75 - [STDERR_REDIRECT] 
2026-08-27 16:19:08,010 [ERROR] LogOutputStream:75 - [STDERR_REDIRECT] [Fatal Error] :1:1: Premature end of file.
2026-08-27 16:19:08,010 [ERROR] LogOutputStream:75 - [STDERR_REDIRECT] 
2026-08-27 16:19:09,014 [ERROR] LogOutputStream:75 - [STDERR_REDIRECT] [Fatal Error] :1:1: Premature end of file.
2026-08-27 16:19:09,014 [ERROR] LogOutputStream:75 - [STDERR_REDIRECT] 
2026-08-27 16:19:10,020 [ERROR] LogOutputStream:75 - [STDERR_REDIRECT] [Fatal Error] :1:1: Premature end of file.
2026-08-27 16:19:10,020 [ERROR] LogOutputStream:75 - [STDERR_REDIRECT] 
2026-08-27 16:19:11,007 [ERROR] LogOutputStream:75 - [STDERR_REDIRECT] [Fatal Error] :1:1: Premature end of file.
2026-08-27 16:19:11,007 [ERROR] LogOutputStream:75 - [STDERR_REDIRECT] 
2026-08-27 16:19:12,018 [ERROR] LogOutputStream:75 - [STDERR_REDIRECT] [Fatal Error] :1:1: Premature end of file.
2026-08-27 16:19:12,018 [ERROR] LogOutputStream:75 - [STDERR_REDIRECT] 
2026-08-27 16:19:13,019 [ERROR] LogOutputStream:75 - [STDERR_REDIRECT] [Fatal Error] :1:1: Premature end of file.
2026-08-27 16:19:13,019 [ERROR] LogOutputStream:75 - [STDERR_REDIRECT] 
2026-08-27 16:19:14,017 [ERROR] LogOutputStream:75 - [STDERR_REDIRECT] [Fatal Error] :1:1: Premature end of file.
2026-08-27 16:19:14,017 [ERROR] LogOutputStream:75 - [STDERR_REDIRECT] 
2026-08-27 16:19:15,014 [ERROR] LogOutputStream:75 - [STDERR_REDIRECT] [Fatal Error] :1:1: Premature end of file.
2026-08-27 16:19:15,014 [ERROR] LogOutputStream:75 - [STDERR_REDIRECT] 
2026-08-27 16:19:16,015 [ERROR] LogOutputStream:75 - [STDERR_REDIRECT] [Fatal Error] :1:1: Premature end of file.
2026-08-27 16:19:16,015 [ERROR] LogOutputStream:75 - [STDERR_REDIRECT] 
2026-08-27 16:19:16,782 [ERROR] LogOutputStream:75 - [STDERR_REDIRECT] 
