Ax,Ay,Az,Gx,Gy,Gz,Label
0.010,-0.001,1.010,0.403,-3.342,0.306,Idle
0.010,-0.001,1.011,0.368,-3.325,0.298,Idle
0.012,-0.001,1.012,0.359,-3.334,0.298,Idle
0.011,-0.001,1.010,0.359,-3.342,0.228,Idle
0.010,-0.001,1.010,0.341,-3.360,0.262,Idle
0.011,-0.000,1.010,0.368,-3.325,0.289,Idle
0.011,-0.001,1.012,0.385,-3.360,0.262,Idle
0.010,-0.000,1.012,0.403,-3.369,0.289,Idle
0.011,-0.001,1.011,0.394,-3.351,0.306,Idle
0.011,-0.001,1.011,0.368,-3.334,0.254,Idle
0.010,-0.001,1.011,0.376,-3.351,0.289,Idle
0.010,-0.000,1.010,0.385,-3.342,0.280,Idle
0.010,-0.001,1.010,0.376,-3.351,0.254,Idle
0.010,-0.001,1.010,0.333,-3.360,0.254,Idle
0.010,-0.001,1.011,0.385,-3.404,0.245,Idle
0.011,0.000,1.011,0.359,-3.334,0.254,Idle
0.010,-0.000,1.011,0.394,-3.360,0.271,Idle
0.010,-0.001,1.012,0.411,-3.378,0.236,Idle
0.011,-0.001,1.011,0.376,-3.307,0.280,Idle
0.011,-0.001,1.010,0.368,-3.316,0.298,Idle
0.011,-0.000,1.011,0.315,-3.334,0.289,Idle
0.011,-0.001,1.011,0.368,-3.342,0.280,Idle
0.012,-0.000,1.011,0.350,-3.386,0.254,Idle
0.011,-0.000,1.011,0.368,-3.334,0.271,Idle
0.010,-0.001,1.011,0.368,-3.360,0.280,Idle
0.011,-0.001,1.010,0.359,-3.342,0.254,Idle
0.011,-0.001,1.011,0.341,-3.342,0.262,Idle
0.010,-0.001,1.011,0.341,-3.395,0.289,Idle
0.011,0.000,1.011,0.368,-3.342,0.262,Idle
0.011,-0.000,1.012,0.376,-3.378,0.262,Idle
0.011,-0.001,1.011,0.324,-3.334,0.289,Idle
0.011,-0.000,1.011,0.376,-3.378,0.298,Idle
0.010,-0.001,1.011,0.368,-3.360,0.289,Idle
0.011,-0.001,1.012,0.306,-3.369,0.315,Idle
0.011,-0.001,1.011,0.385,-3.369,0.298,Idle
0.010,-0.000,1.010,0.376,-3.369,0.254,Idle
0.010,-0.000,1.012,0.403,-3.360,0.271,Idle
0.011,0.000,1.011,0.333,-3.351,0.315,Idle
0.011,-0.000,1.010,0.403,-3.342,0.298,Idle
0.011,-0.000,1.012,0.411,-3.378,0.271,Idle
0.011,-0.000,1.012,0.368,-3.325,0.306,Idle
0.011,-0.001,1.011,0.341,-3.378,0.254,Idle
0.011,-0.000,1.011,0.394,-3.378,0.298,Idle
0.010,-0.001,1.011,0.394,-3.325,0.254,Idle
0.010,-0.001,1.012,0.324,-3.395,0.306,Idle
0.012,-0.001,1.011,0.385,-3.360,0.315,Idle
0.011,0.000,1.010,0.385,-3.351,0.289,Idle
0.009,-0.001,1.012,0.411,-3.351,0.280,Idle
0.011,-0.000,1.011,0.350,-3.307,0.280,Idle
0.010,-0.000,1.011,0.350,-3.378,0.245,Idle
0.011,-0.001,1.011,0.385,-3.342,0.289,Idle
0.010,-0.000,1.011,0.350,-3.334,0.324,Idle
0.011,-0.000,1.011,0.385,-3.307,0.245,Idle
0.011,0.000,1.011,0.403,-3.334,0.271,Idle
0.011,-0.001,1.011,0.403,-3.334,0.254,Idle
0.009,0.000,1.012,0.368,-3.316,0.254,Idle
0.010,-0.001,1.011,0.341,-3.316,0.306,Idle
0.011,-0.000,1.011,0.341,-3.325,0.262,Idle
0.010,-0.000,1.012,0.376,-3.369,0.262,Idle
0.010,-0.000,1.011,0.359,-3.360,0.271,Idle
0.011,0.000,1.010,0.359,-3.334,0.245,Idle
0.012,-0.000,1.011,0.376,-3.307,0.245,Idle
0.011,-0.000,1.010,0.333,-3.342,0.262,Idle
0.010,-0.001,1.013,0.376,-3.325,0.289,Idle
0.010,-0.000,1.011,0.385,-3.360,0.271,Idle
0.010,-0.001,1.011,0.341,-3.369,0.298,Idle
0.011,-0.001,1.011,0.376,-3.342,0.271,Idle
0.009,-0.000,1.012,0.403,-3.342,0.271,Idle
0.011,-0.000,1.012,0.376,-3.325,0.254,Idle
0.011,-0.001,1.011,0.306,-3.351,0.280,Idle
0.011,0.000,1.011,0.394,-3.299,0.271,Idle
0.011,-0.001,1.011,0.376,-3.351,0.236,Idle
0.011,-0.001,1.011,0.341,-3.360,0.280,Idle
0.011,-0.001,1.011,0.376,-3.342,0.254,Idle
0.010,0.000,1.011,0.385,-3.325,0.254,Idle
0.011,-0.000,1.011,0.385,-3.360,0.289,Idle
0.011,-0.001,1.012,0.359,-3.369,0.280,Idle
0.011,-0.000,1.010,0.411,-3.342,0.254,Idle
0.011,0.000,1.011,0.333,-3.316,0.254,Idle
0.010,-0.002,1.010,0.341,-3.369,0.262,Idle
0.011,0.001,1.013,0.359,-3.360,0.262,Idle
0.011,-0.002,1.012,0.376,-3.325,0.254,Idle
0.010,0.000,1.011,0.403,-3.351,0.280,Idle
0.011,-0.002,1.011,0.376,-3.316,0.245,Idle
0.011,-0.001,1.010,0.429,-3.342,0.245,Idle
0.011,-0.000,1.011,0.350,-3.325,0.254,Idle
0.011,-0.001,1.011,0.359,-3.378,0.306,Idle
0.010,0.000,1.011,0.350,-3.325,0.298,Idle
0.011,-0.001,1.010,0.368,-3.290,0.289,Idle
0.012,0.000,1.011,0.359,-3.360,0.306,Idle
0.011,-0.001,1.010,0.368,-3.360,0.298,Idle
0.010,-0.000,1.012,0.420,-3.316,0.289,Idle
0.011,-0.001,1.011,0.359,-3.342,0.298,Idle
0.011,-0.000,1.012,0.368,-3.325,0.262,Idle
0.011,-0.001,1.010,0.324,-3.334,0.324,Idle
0.010,-0.001,1.013,0.376,-3.316,0.271,Idle
0.011,-0.000,1.011,0.368,-3.325,0.245,Idle
0.012,0.000,1.010,0.438,-3.316,0.271,Idle
0.010,-0.001,1.011,0.376,-3.325,0.254,Idle
0.010,-0.000,1.012,0.359,-3.307,0.254,Idle
0.011,-0.000,1.012,0.359,-3.351,0.254,Idle
0.011,-0.001,1.011,0.359,-3.334,0.271,Idle
0.011,-0.000,1.012,0.394,-3.325,0.262,Idle
0.010,-0.001,1.011,0.385,-3.342,0.262,Idle
0.011,-0.001,1.011,0.350,-3.342,0.254,Idle
0.010,-0.000,1.010,0.350,-3.386,0.262,Idle
0.011,-0.001,1.011,0.350,-3.342,0.315,Idle
0.011,-0.001,1.012,0.306,-3.351,0.298,Idle
0.010,-0.000,1.011,0.403,-3.369,0.298,Idle
0.011,-0.000,1.011,0.403,-3.325,0.262,Idle
0.010,0.001,1.012,0.359,-3.369,0.262,Idle
0.012,-0.000,1.010,0.403,-3.342,0.289,Idle
0.011,-0.001,1.010,0.376,-3.360,0.271,Idle
0.011,-0.001,1.011,0.376,-3.360,0.289,Idle
0.010,0.001,1.011,0.350,-3.351,0.289,Idle
0.011,-0.001,1.012,0.394,-3.351,0.262,Idle
0.010,0.000,1.011,0.438,-3.378,0.262,Idle
0.012,0.000,1.012,0.403,-3.360,0.245,Idle
0.011,-0.000,1.011,0.455,-3.360,0.280,Idle
0.010,-0.001,1.011,0.350,-3.351,0.262,Idle
0.011,0.000,1.012,0.376,-3.281,0.289,Idle
0.011,-0.000,1.010,0.385,-3.369,0.262,Idle
0.011,-0.001,1.011,0.376,-3.369,0.298,Idle
0.009,-0.001,1.012,0.411,-3.342,0.262,Idle
0.011,-0.001,1.010,0.350,-3.316,0.271,Idle
0.011,-0.000,1.013,0.394,-3.369,0.289,Idle
0.011,0.001,1.011,0.359,-3.369,0.262,Idle
0.011,-0.000,1.011,0.359,-3.316,0.271,Idle
0.012,-0.001,1.012,0.341,-3.351,0.262,Idle
0.011,-0.002,1.011,0.411,-3.351,0.254,Idle
0.010,-0.001,1.011,0.394,-3.351,0.306,Idle
0.010,-0.001,1.012,0.359,-3.369,0.280,Idle
0.011,-0.001,1.011,0.368,-3.351,0.262,Idle
0.010,-0.001,1.011,0.385,-3.307,0.306,Idle
0.011,-0.001,1.012,0.403,-3.334,0.280,Idle
0.009,-0.001,1.012,0.368,-3.307,0.271,Idle
0.010,-0.000,1.011,0.429,-3.342,0.289,Idle
0.011,0.000,1.012,0.420,-3.334,0.262,Idle
0.010,-0.001,1.011,0.429,-3.307,0.306,Idle
0.010,-0.001,1.012,0.368,-3.290,0.271,Idle
0.010,-0.001,1.012,0.376,-3.351,0.289,Idle
0.010,-0.001,1.012,0.403,-3.334,0.262,Idle
0.011,-0.000,1.012,0.368,-3.325,0.262,Idle
0.011,-0.001,1.010,0.359,-3.360,0.280,Idle
0.011,-0.000,1.012,0.403,-3.334,0.245,Idle
0.011,-0.001,1.012,0.385,-3.264,0.289,Idle
0.010,-0.000,1.012,0.359,-3.342,0.280,Idle
0.011,-0.000,1.012,0.350,-3.316,0.262,Idle
0.010,-0.001,1.011,0.420,-3.316,0.254,Idle
0.011,-0.001,1.011,0.368,-3.360,0.271,Idle
0.010,0.000,1.011,0.385,-3.395,0.280,Idle
0.010,-0.000,1.011,0.376,-3.334,0.306,Idle
0.012,0.001,1.012,0.376,-3.351,0.262,Idle
0.011,-0.001,1.012,0.385,-3.325,0.271,Idle
0.011,-0.000,1.010,0.359,-3.378,0.289,Idle
0.010,-0.000,1.013,0.341,-3.316,0.254,Idle
0.010,-0.000,1.011,0.403,-3.369,0.262,Idle
0.011,-0.000,1.011,0.350,-3.351,0.236,Idle
0.011,0.000,1.011,0.341,-3.386,0.280,Idle
0.011,-0.001,1.012,0.394,-3.378,0.236,Idle
0.010,-0.001,1.012,0.376,-3.360,0.298,Idle
0.010,0.001,1.011,0.368,-3.351,0.254,Idle
0.010,-0.002,1.012,0.350,-3.307,0.289,Idle
0.010,-0.001,1.011,0.411,-3.334,0.254,Idle
0.010,-0.001,1.012,0.385,-3.360,0.254,Idle
0.011,-0.000,1.013,0.376,-3.342,0.262,Idle
0.010,-0.000,1.011,0.385,-3.342,0.280,Idle
0.011,-0.000,1.011,0.411,-3.369,0.228,Idle
0.011,0.000,1.011,0.385,-3.369,0.280,Idle
0.012,0.000,1.012,0.376,-3.360,0.262,Idle
0.011,-0.000,1.011,0.350,-3.360,0.245,Idle
0.010,-0.001,1.012,0.394,-3.316,0.324,Idle
0.011,0.000,1.011,0.368,-3.360,0.289,Idle
0.010,-0.001,1.012,0.403,-3.342,0.289,Idle
0.011,-0.000,1.011,0.385,-3.386,0.262,Idle
0.011,-0.001,1.011,0.385,-3.369,0.254,Idle
0.011,-0.001,1.012,0.376,-3.342,0.262,Idle
0.010,-0.001,1.011,0.315,-3.351,0.306,Idle
0.010,-0.001,1.010,0.394,-3.334,0.271,Idle
0.011,-0.000,1.011,0.385,-3.316,0.245,Idle
0.010,-0.000,1.011,0.411,-3.360,0.219,Idle
0.010,0.000,1.011,0.376,-3.334,0.271,Idle
0.011,-0.001,1.011,0.359,-3.342,0.298,Idle
0.011,-0.001,1.010,0.368,-3.360,0.280,Idle
0.010,-0.000,1.012,0.403,-3.325,0.280,Idle
0.010,-0.000,1.011,0.385,-3.351,0.280,Idle
0.011,-0.000,1.011,0.368,-3.334,0.262,Idle
0.011,-0.001,1.012,0.368,-3.342,0.271,Idle
0.010,-0.000,1.012,0.411,-3.307,0.289,Idle
0.010,-0.001,1.011,0.394,-3.369,0.262,Idle
0.011,-0.001,1.011,0.350,-3.334,0.254,Idle
0.010,-0.001,1.012,0.376,-3.334,0.306,Idle
0.011,-0.001,1.012,0.385,-3.360,0.245,Idle
0.010,-0.001,1.011,0.359,-3.316,0.254,Idle
0.011,-0.001,1.011,0.420,-3.342,0.298,Idle
0.011,-0.001,1.012,0.350,-3.369,0.324,Idle
0.010,0.000,1.012,0.394,-3.325,0.262,Idle
0.010,-0.001,1.012,0.376,-3.342,0.271,Idle
0.010,-0.001,1.009,0.368,-3.334,0.254,Idle
0.010,-0.000,1.012,0.385,-3.369,0.236,Idle
0.010,0.000,1.010,0.403,-3.307,0.280,Idle
0.011,-0.000,1.011,0.394,-3.360,0.254,Idle
0.011,-0.001,1.010,0.350,-3.325,0.280,Idle
0.011,-0.000,1.012,0.385,-3.342,0.262,Idle
0.011,0.000,1.011,0.350,-3.342,0.245,Idle
0.011,0.001,1.011,0.385,-3.325,0.280,Idle
0.012,-0.000,1.012,0.359,-3.334,0.254,Idle
0.010,-0.001,1.011,0.403,-3.342,0.306,Idle
0.010,-0.001,1.010,0.385,-3.360,0.280,Idle
0.010,-0.001,1.011,0.368,-3.342,0.210,Idle
0.010,-0.001,1.011,0.403,-3.421,0.271,Idle
0.011,-0.001,1.011,0.394,-3.325,0.289,Idle
0.010,-0.000,1.011,0.368,-3.351,0.306,Idle
0.010,0.000,1.011,0.385,-3.342,0.298,Idle
0.010,-0.000,1.012,0.341,-3.316,0.236,Idle
0.011,-0.000,1.011,0.438,-3.325,0.298,Idle
0.011,-0.001,1.011,0.359,-3.334,0.280,Idle
0.011,-0.001,1.011,0.438,-3.334,0.254,Idle
0.011,-0.000,1.012,0.350,-3.334,0.245,Idle
0.011,0.000,1.011,0.385,-3.342,0.298,Idle
0.010,-0.000,1.012,0.403,-3.351,0.271,Idle
0.011,-0.001,1.011,0.368,-3.307,0.271,Idle
0.011,-0.000,1.011,0.394,-3.342,0.245,Idle
0.011,-0.000,1.012,0.403,-3.342,0.289,Idle
0.011,-0.000,1.012,0.324,-3.342,0.245,Idle
0.011,0.001,1.012,0.341,-3.342,0.280,Idle
0.009,-0.001,1.012,0.333,-3.360,0.280,Idle
0.011,-0.001,1.010,0.359,-3.395,0.298,Idle
0.011,0.000,1.010,0.411,-3.386,0.262,Idle
0.012,-0.001,1.012,0.429,-3.360,0.306,Idle
0.010,-0.001,1.012,0.341,-3.325,0.289,Idle
0.010,0.000,1.012,0.324,-3.325,0.298,Idle
0.011,-0.001,1.012,0.403,-3.334,0.289,Idle
0.010,-0.001,1.011,0.333,-3.360,0.289,Idle
0.010,-0.001,1.012,0.376,-3.351,0.271,Idle
0.011,-0.001,1.011,0.376,-3.325,0.298,Idle
0.010,-0.000,1.012,0.394,-3.307,0.306,Idle
0.010,-0.001,1.011,0.394,-3.351,0.289,Idle
0.012,0.000,1.011,0.359,-3.360,0.289,Idle
0.010,-0.000,1.012,0.394,-3.307,0.289,Idle
0.011,-0.000,1.011,0.333,-3.325,0.289,Idle
0.011,-0.000,1.012,0.385,-3.325,0.271,Idle
0.012,-0.001,1.011,0.359,-3.342,0.298,Idle
0.011,-0.001,1.012,0.341,-3.342,0.315,Idle
0.010,-0.000,1.011,0.341,-3.299,0.271,Idle
0.011,-0.001,1.012,0.350,-3.360,0.324,Idle
0.010,-0.000,1.011,0.385,-3.360,0.271,Idle
0.011,-0.000,1.011,0.350,-3.325,0.280,Idle
0.012,-0.001,1.012,0.385,-3.325,0.280,Idle
0.011,-0.001,1.011,0.359,-3.351,0.280,Idle
0.011,-0.001,1.012,0.376,-3.369,0.280,Idle
0.011,-0.000,1.012,0.333,-3.325,0.254,Idle
0.010,-0.001,1.010,0.394,-3.342,0.271,Idle
0.010,-0.000,1.011,0.359,-3.342,0.271,Idle
0.010,-0.001,1.010,0.359,-3.351,0.280,Idle
0.010,0.000,1.011,0.385,-3.378,0.280,Idle
0.010,-0.001,1.013,0.298,-3.342,0.280,Idle
0.011,-0.000,1.011,0.411,-3.325,0.289,Idle
0.011,-0.001,1.013,0.385,-3.351,0.271,Idle
0.010,-0.001,1.010,0.368,-3.360,0.271,Idle
0.010,-0.000,1.011,0.385,-3.316,0.280,Idle
0.011,-0.000,1.011,0.341,-3.342,0.280,Idle
0.011,0.001,1.011,0.341,-3.342,0.341,Idle
0.012,0.000,1.012,0.341,-3.316,0.245,Idle
0.011,-0.001,1.012,0.403,-3.334,0.245,Idle
0.011,-0.000,1.012,0.394,-3.299,0.280,Idle
0.010,-0.000,1.011,0.368,-3.360,0.254,Idle
0.010,-0.001,1.011,0.333,-3.369,0.271,Idle
0.010,-0.001,1.012,0.376,-3.342,0.262,Idle
0.011,-0.001,1.011,0.333,-3.316,0.298,Idle
0.011,-0.000,1.012,0.394,-3.290,0.262,Idle
0.011,0.000,1.009,0.333,-3.334,0.298,Idle
0.010,-0.001,1.012,0.324,-3.369,0.289,Idle
0.010,-0.001,1.012,0.333,-3.325,0.245,Idle
0.011,-0.001,1.012,0.394,-3.378,0.306,Idle
0.010,0.001,1.010,0.394,-3.316,0.280,Idle
0.010,-0.001,1.012,0.350,-3.307,0.271,Idle
0.010,-0.001,1.010,0.403,-3.325,0.271,Idle
0.010,-0.001,1.012,0.411,-3.325,0.245,Idle
0.012,0.000,1.010,0.376,-3.325,0.271,Idle
0.010,-0.000,1.012,0.403,-3.307,0.315,Idle
0.011,0.000,1.012,0.376,-3.351,0.271,Idle
0.011,-0.001,1.011,0.385,-3.342,0.289,Idle
0.011,-0.001,1.011,0.376,-3.307,0.315,Idle
0.010,-0.001,1.011,0.315,-3.351,0.254,Idle
0.010,-0.000,1.012,0.350,-3.395,0.315,Idle
0.011,-0.001,1.011,0.403,-3.334,0.315,Idle
0.011,-0.000,1.011,0.376,-3.342,0.245,Idle
0.010,-0.001,1.012,0.394,-3.369,0.262,Idle
0.010,-0.000,1.011,0.376,-3.325,0.271,Idle
0.010,-0.001,1.011,0.420,-3.360,0.245,Idle
0.012,0.001,1.009,0.411,-3.395,0.245,Idle
0.010,-0.001,1.012,0.403,-3.325,0.262,Idle
0.006,-0.001,1.012,0.394,-3.351,0.271,Idle
0.014,0.004,1.009,0.341,-3.351,0.289,Idle
0.013,0.000,1.011,0.420,-3.351,0.262,Idle
0.009,-0.003,1.013,0.324,-3.325,0.262,Idle
0.007,0.002,1.011,0.350,-3.316,0.254,Idle
0.010,-0.000,1.011,0.403,-3.360,0.271,Idle
0.014,-0.002,1.012,0.376,-3.307,0.315,Idle
0.010,-0.001,1.012,0.341,-3.316,0.289,Idle
0.009,0.001,1.011,0.403,-3.369,0.280,Idle
0.009,-0.002,1.012,0.403,-3.316,0.254,Idle
0.013,-0.001,1.012,0.359,-3.342,0.262,Idle
0.011,-0.000,1.012,0.333,-3.342,0.306,Idle
0.007,-0.001,1.012,0.333,-3.360,0.228,Idle
0.010,-0.001,1.011,0.420,-3.334,0.315,Idle
0.013,-0.001,1.011,0.403,-3.351,0.306,Idle
0.012,-0.000,1.012,0.376,-3.351,0.306,Idle
0.008,0.001,1.011,0.403,-3.360,0.298,Idle
0.010,-0.001,1.011,0.394,-3.351,0.245,Idle
0.013,-0.000,1.012,0.411,-3.299,0.245,Idle
0.011,-0.000,1.011,0.376,-3.342,0.254,Idle
0.007,-0.000,1.010,0.350,-3.290,0.298,Idle
0.010,-0.001,1.012,0.376,-3.360,0.280,Idle
0.013,-0.000,1.011,0.420,-3.334,0.271,Idle
0.011,-0.000,1.011,0.403,-3.360,0.289,Idle
0.009,-0.000,1.011,0.385,-3.334,0.254,Idle
0.010,-0.000,1.011,0.350,-3.342,0.254,Idle
0.012,-0.001,1.012,0.376,-3.325,0.271,Idle
0.011,-0.001,1.012,0.394,-3.369,0.271,Idle
0.008,-0.000,1.012,0.376,-3.342,0.280,Idle
0.010,-0.000,1.012,0.359,-3.404,0.289,Idle
0.013,0.000,1.010,0.350,-3.360,0.245,Idle
0.009,-0.001,1.011,0.350,-3.351,0.262,Idle
0.009,-0.001,1.012,0.368,-3.342,0.271,Idle
0.011,0.000,1.011,0.385,-3.325,0.254,Idle
0.013,-0.001,1.011,0.385,-3.342,0.306,Idle
0.011,-0.001,1.012,0.385,-3.342,0.280,Idle
0.010,0.000,1.012,0.411,-3.369,0.228,Idle
0.010,-0.001,1.012,0.385,-3.369,0.280,Idle
0.012,-0.000,1.011,0.403,-3.369,0.254,Idle
0.011,-0.001,1.012,0.385,-3.334,0.280,Idle
0.010,-0.001,1.012,0.350,-3.299,0.271,Idle
0.010,-0.000,1.010,0.376,-3.386,0.236,Idle
0.012,-0.001,1.011,0.359,-3.360,0.271,Idle
0.011,-0.001,1.012,0.368,-3.360,0.254,Idle
0.009,0.000,1.011,0.385,-3.351,0.262,Idle
0.013,-0.001,1.013,0.394,-3.342,0.280,Idle
0.011,0.001,1.010,0.376,-3.360,0.271,Idle
0.010,-0.002,1.013,0.333,-3.342,0.315,Idle
0.010,0.000,1.010,0.368,-3.369,0.289,Idle
0.013,-0.000,1.012,0.385,-3.360,0.254,Idle
0.010,-0.001,1.011,0.368,-3.307,0.289,Idle
0.009,-0.000,1.011,0.376,-3.307,0.245,Idle
0.010,0.000,1.010,0.341,-3.307,0.298,Idle
0.014,-0.000,1.012,0.368,-3.342,0.289,Idle
0.011,-0.000,1.010,0.368,-3.307,0.324,Idle
0.009,-0.000,1.011,0.376,-3.334,0.280,Idle
0.010,-0.001,1.011,0.350,-3.342,0.298,Idle
0.011,-0.001,1.011,0.350,-3.334,0.262,Idle
0.011,-0.000,1.012,0.411,-3.351,0.262,Idle
0.009,-0.000,1.011,0.420,-3.351,0.298,Idle
0.010,-0.000,1.012,0.324,-3.369,0.271,Idle
0.012,-0.002,1.011,0.385,-3.369,0.254,Idle
0.011,0.001,1.010,0.350,-3.351,0.306,Idle
0.009,0.001,1.011,0.350,-3.342,0.298,Idle
0.010,-0.000,1.011,0.341,-3.351,0.254,Idle
0.013,-0.000,1.011,0.429,-3.316,0.298,Idle
0.010,0.000,1.011,0.324,-3.290,0.324,Idle
0.009,-0.001,1.012,0.350,-3.360,0.306,Idle
0.010,-0.001,1.012,0.341,-3.334,0.298,Idle
0.013,-0.001,1.013,0.394,-3.307,0.271,Idle
0.011,0.000,1.011,0.350,-3.342,0.333,Idle
0.010,0.001,1.012,0.359,-3.316,0.254,Idle
0.010,-0.001,1.011,0.394,-3.360,0.298,Idle
0.012,-0.001,1.011,0.368,-3.351,0.271,Idle
0.011,-0.000,1.010,0.411,-3.360,0.245,Idle
0.008,-0.000,1.012,0.394,-3.351,0.254,Idle
0.011,-0.001,1.011,0.359,-3.307,0.219,Idle
0.012,-0.001,1.012,0.376,-3.325,0.262,Idle
0.011,0.000,1.011,0.394,-3.342,0.280,Idle
0.010,-0.000,1.011,0.333,-3.316,0.298,Idle
0.010,-0.001,1.012,0.385,-3.334,0.262,Idle
0.012,-0.000,1.012,0.368,-3.342,0.280,Idle
0.010,-0.000,1.012,0.359,-3.342,0.262,Idle
0.009,0.000,1.011,0.411,-3.342,0.298,Idle
0.011,-0.000,1.011,0.420,-3.334,0.262,Idle
0.012,-0.001,1.011,0.368,-3.378,0.280,Idle
0.011,-0.000,1.010,0.324,-3.360,0.245,Idle
0.009,-0.000,1.011,0.385,-3.325,0.262,Idle
0.011,0.000,1.012,0.359,-3.386,0.254,Idle
0.011,-0.000,1.011,0.385,-3.351,0.306,Idle
0.011,-0.001,1.011,0.394,-3.334,0.245,Idle
0.010,-0.000,1.011,0.403,-3.334,0.280,Idle
0.010,-0.001,1.011,0.455,-3.307,0.298,Idle
0.011,-0.001,1.011,0.359,-3.334,0.254,Idle
0.010,-0.000,1.011,0.359,-3.360,0.298,Idle
0.010,0.000,1.011,0.368,-3.369,0.245,Idle
0.011,-0.001,1.010,0.333,-3.316,0.289,Idle
0.011,-0.000,1.011,0.324,-3.360,0.210,Idle
0.011,-0.001,1.012,0.368,-3.360,0.271,Idle
0.010,-0.000,1.011,0.368,-3.316,0.289,Idle
0.010,-0.000,1.012,0.350,-3.342,0.271,Idle
0.012,-0.000,1.009,0.376,-3.334,0.271,Idle
0.010,-0.000,1.011,0.306,-3.342,0.280,Idle
0.011,-0.000,1.011,0.368,-3.342,0.236,Idle
0.010,0.000,1.011,0.368,-3.334,0.306,Idle
0.010,-0.001,1.011,0.324,-3.360,0.271,Idle
0.010,-0.001,1.012,0.376,-3.378,0.280,Idle
0.011,0.001,1.010,0.341,-3.342,0.298,Idle
0.010,-0.002,1.013,0.368,-3.386,0.289,Idle
0.011,-0.001,1.012,0.376,-3.307,0.245,Idle
0.011,-0.000,1.011,0.403,-3.351,0.289,Idle
0.011,-0.001,1.011,0.350,-3.351,0.298,Idle
0.011,-0.000,1.011,0.315,-3.378,0.289,Idle
0.011,-0.000,1.011,0.359,-3.342,0.289,Idle
0.010,-0.001,1.012,0.420,-3.360,0.271,Idle
0.010,-0.000,1.011,0.385,-3.334,0.245,Idle
0.012,0.000,1.011,0.403,-3.334,0.262,Idle
0.010,-0.001,1.012,0.376,-3.334,0.262,Idle
0.010,-0.001,1.012,0.394,-3.342,0.262,Idle
0.012,0.000,1.012,0.350,-3.334,0.280,Idle
0.010,-0.000,1.012,0.368,-3.351,0.245,Idle
0.011,-0.000,1.012,0.359,-3.334,0.306,Idle
0.010,-0.000,1.012,0.368,-3.334,0.245,Idle
0.011,-0.000,1.010,0.403,-3.334,0.280,Idle
0.011,-0.000,1.011,0.376,-3.360,0.262,Idle
0.010,-0.001,1.011,0.376,-3.369,0.306,Idle
0.010,-0.000,1.012,0.376,-3.342,0.298,Idle
0.011,0.000,1.011,0.359,-3.351,0.236,Idle
0.011,-0.001,1.010,0.376,-3.334,0.254,Idle
0.011,0.000,1.010,0.333,-3.351,0.298,Idle
0.010,0.000,1.011,0.385,-3.334,0.306,Idle
0.012,-0.000,1.011,0.385,-3.351,0.289,Idle
0.012,-0.000,1.011,0.385,-3.325,0.289,Idle
0.010,-0.000,1.012,0.403,-3.369,0.298,Idle
0.010,-0.001,1.012,0.350,-3.299,0.236,Idle
0.012,-0.001,1.011,0.341,-3.369,0.298,Idle
0.011,0.001,1.011,0.394,-3.316,0.210,Idle
0.009,-0.001,1.012,0.376,-3.342,0.245,Idle
0.013,0.000,1.011,0.359,-3.369,0.280,Idle
0.011,-0.000,1.010,0.420,-3.316,0.298,Idle
0.010,-0.001,1.009,0.411,-3.386,0.262,Idle
0.011,0.000,1.011,0.385,-3.334,0.236,Idle
0.012,-0.001,1.012,0.394,-3.369,0.280,Idle
0.012,0.002,1.010,0.350,-3.342,0.280,Idle
0.009,-0.001,1.010,0.341,-3.325,0.298,Idle
0.010,0.000,1.012,0.394,-3.325,0.280,Idle
0.011,-0.000,1.012,0.376,-3.369,0.280,Idle
0.011,-0.001,1.011,0.324,-3.351,0.280,Idle
0.009,0.000,1.010,0.368,-3.369,0.254,Idle
0.009,0.000,1.011,0.411,-3.378,0.298,Idle
0.011,-0.000,1.012,0.359,-3.369,0.315,Idle
0.011,-0.000,1.011,0.411,-3.316,0.280,Idle
0.009,0.000,1.011,0.385,-3.342,0.280,Idle
0.009,0.000,1.010,0.420,-3.316,0.271,Idle
0.012,-0.000,1.012,0.368,-3.334,0.254,Idle
0.013,-0.000,1.009,0.385,-3.342,0.271,Idle
0.011,0.000,1.011,0.324,-3.342,0.245,Idle
0.010,-0.000,1.012,0.394,-3.325,0.306,Idle
0.011,-0.001,1.011,0.394,-3.342,0.254,Idle
0.012,0.000,1.010,0.394,-3.369,0.236,Idle
0.010,0.000,1.010,0.394,-3.351,0.298,Idle
0.009,-0.002,1.011,0.385,-3.351,0.236,Idle
0.012,-0.001,1.012,0.324,-3.334,0.315,Idle
0.012,0.001,1.010,0.403,-3.378,0.280,Idle
0.009,-0.001,1.011,0.350,-3.316,0.280,Idle
0.009,-0.000,1.010,0.376,-3.325,0.245,Idle
0.012,-0.001,1.012,0.403,-3.360,0.219,Idle
0.011,-0.000,1.011,0.385,-3.334,0.262,Idle
0.010,0.000,1.012,0.411,-3.307,0.271,Idle
0.009,0.000,1.011,0.420,-3.334,0.262,Idle
0.012,-0.001,1.012,0.359,-3.325,0.254,Idle
0.011,-0.001,1.011,0.394,-3.299,0.262,Idle
0.010,-0.001,1.011,0.385,-3.386,0.298,Idle
0.010,0.000,1.011,0.350,-3.342,0.254,Idle
0.013,-0.000,1.011,0.394,-3.334,0.306,Idle
0.011,-0.001,1.010,0.385,-3.334,0.254,Idle
0.011,0.000,1.011,0.394,-3.351,0.228,Idle
0.011,-0.001,1.011,0.394,-3.360,0.280,Idle
0.012,-0.000,1.012,0.385,-3.316,0.254,Idle
0.010,-0.002,1.011,0.376,-3.369,0.254,Idle
0.010,0.000,1.011,0.359,-3.334,0.289,Idle
0.009,-0.001,1.012,0.376,-3.342,0.280,Idle
0.011,0.000,1.011,0.350,-3.325,0.271,Idle
0.011,-0.000,1.012,0.376,-3.290,0.280,Idle
0.010,-0.001,1.012,0.350,-3.378,0.262,Idle
0.011,0.000,1.011,0.368,-3.360,0.236,Idle
0.011,-0.001,1.012,0.385,-3.351,0.254,Idle
0.011,-0.001,1.011,0.411,-3.351,0.254,Idle
0.011,-0.001,1.011,0.376,-3.334,0.254,Idle
0.010,-0.001,1.010,0.333,-3.360,0.228,Idle
0.010,-0.001,1.011,0.385,-3.325,0.271,Idle
0.012,0.000,1.012,0.429,-3.386,0.271,Idle
0.011,-0.001,1.011,0.420,-3.360,0.333,Idle
0.011,-0.000,1.011,0.333,-3.342,0.262,Idle
0.010,0.000,1.011,0.420,-3.316,0.280,Idle
0.011,-0.000,1.011,0.368,-3.325,0.298,Idle
0.011,0.000,1.011,0.376,-3.369,0.262,Idle
0.011,-0.000,1.010,0.368,-3.316,0.271,Idle
0.010,-0.001,1.011,0.403,-3.325,0.245,Idle
0.010,0.000,1.011,0.359,-3.360,0.289,Idle
0.010,-0.000,1.011,0.385,-3.351,0.254,Idle
0.010,-0.000,1.012,0.341,-3.351,0.262,Idle
0.011,-0.000,1.011,0.411,-3.334,0.280,Idle
0.011,-0.001,1.012,0.306,-3.369,0.254,Idle
0.012,-0.000,1.011,0.341,-3.307,0.298,Idle
0.010,0.001,1.011,0.368,-3.299,0.271,Idle
0.009,0.000,1.012,0.341,-3.316,0.324,Idle
0.012,-0.000,1.010,0.411,-3.342,0.262,Idle
0.012,-0.001,1.010,0.359,-3.369,0.262,Idle
0.010,0.001,1.011,0.368,-3.369,0.306,Idle
0.010,-0.000,1.012,0.403,-3.334,0.262,Idle
0.011,-0.000,1.012,0.403,-3.351,0.306,Idle
0.011,-0.002,1.011,0.368,-3.351,0.289,Idle
0.010,-0.001,1.011,0.359,-3.360,0.254,Idle
0.010,-0.001,1.011,0.376,-3.378,0.271,Idle
0.012,-0.000,1.009,0.394,-3.325,0.280,Idle
0.011,-0.000,1.011,0.411,-3.395,0.280,Idle
0.010,-0.001,1.010,0.368,-3.369,0.280,Idle
0.011,0.000,1.012,0.385,-3.299,0.254,Idle
0.011,-0.001,1.011,0.315,-3.334,0.262,Idle
0.010,-0.000,1.011,0.368,-3.360,0.245,Idle
0.010,0.000,1.011,0.385,-3.378,0.262,Idle
0.011,-0.001,1.012,0.385,-3.369,0.271,Idle
0.011,-0.000,1.011,0.368,-3.360,0.262,Idle
0.011,-0.000,1.010,0.359,-3.360,0.306,Idle
0.010,-0.000,1.011,0.385,-3.360,0.298,Idle
0.011,-0.000,1.012,0.368,-3.351,0.262,Idle
0.010,-0.001,1.011,0.341,-3.369,0.298,Idle
0.008,0.000,1.013,0.341,-3.334,0.280,Idle
0.010,-0.001,1.011,0.333,-3.334,0.254,Idle
0.012,-0.002,1.011,0.368,-3.369,0.254,Idle
0.010,0.001,1.011,0.403,-3.342,0.289,Idle
0.009,-0.000,1.010,0.376,-3.307,0.315,Idle
0.011,-0.001,1.013,0.368,-3.360,0.254,Idle
0.012,0.000,1.011,0.350,-3.351,0.280,Idle
0.010,-0.001,1.011,0.403,-3.316,0.289,Idle
0.009,-0.001,1.011,0.350,-3.342,0.280,Idle
0.011,0.001,1.011,0.403,-3.351,0.306,Idle
0.012,-0.000,1.012,0.341,-3.281,0.289,Idle
0.010,0.000,1.010,0.341,-3.351,0.262,Idle
0.009,-0.001,1.011,0.333,-3.351,0.262,Idle
0.011,-0.001,1.010,0.376,-3.360,0.254,Idle
0.010,-0.001,1.010,0.411,-3.325,0.262,Idle
0.010,-0.001,1.011,0.394,-3.334,0.298,Idle
0.010,0.000,1.012,0.394,-3.334,0.280,Idle
0.011,0.000,1.011,0.376,-3.334,0.254,Idle
0.011,-0.001,1.012,0.359,-3.316,0.262,Idle
0.011,-0.001,1.011,0.411,-3.325,0.262,Idle
0.010,-0.000,1.011,0.333,-3.334,0.280,Idle
0.011,-0.001,1.012,0.385,-3.369,0.271,Idle
0.011,-0.001,1.011,0.376,-3.360,0.271,Idle
0.011,-0.001,1.010,0.420,-3.325,0.289,Idle
0.011,0.000,1.010,0.368,-3.369,0.262,Idle
0.011,-0.000,1.012,0.394,-3.342,0.245,Idle
0.011,-0.000,1.011,0.403,-3.395,0.289,Idle
0.010,-0.001,1.012,0.350,-3.316,0.245,Idle
0.009,-0.001,1.010,0.333,-3.334,0.254,Idle
0.012,0.001,1.011,0.350,-3.351,0.306,Idle
0.011,-0.001,1.013,0.438,-3.307,0.298,Idle
0.012,-0.001,1.012,0.298,-3.342,0.280,Idle
0.011,-0.001,1.011,0.385,-3.351,0.262,Idle
0.011,-0.001,1.012,0.394,-3.325,0.315,Idle
0.011,-0.001,1.012,0.385,-3.325,0.219,Idle
0.010,-0.000,1.011,0.385,-3.334,0.228,Idle
0.011,-0.001,1.011,0.394,-3.334,0.245,Idle
0.011,0.000,1.011,0.403,-3.316,0.271,Idle
0.011,-0.000,1.012,0.368,-3.316,0.280,Idle
0.010,-0.000,1.013,0.394,-3.360,0.228,Idle
0.010,-0.001,1.012,0.341,-3.334,0.280,Idle
0.010,-0.001,1.011,0.403,-3.351,0.289,Idle
0.012,0.000,1.012,0.376,-3.351,0.245,Idle
0.011,-0.000,1.011,0.420,-3.360,0.245,Idle
0.010,-0.000,1.009,0.385,-3.316,0.280,Idle
0.010,0.000,1.011,0.385,-3.351,0.333,Idle
0.012,-0.000,1.011,0.368,-3.334,0.306,Idle
0.011,-0.001,1.013,0.394,-3.351,0.271,Idle
0.010,-0.000,1.012,0.333,-3.378,0.289,Idle
0.009,-0.000,1.011,0.411,-3.386,0.271,Idle
0.011,0.000,1.011,0.394,-3.395,0.245,Idle
0.010,-0.000,1.009,0.411,-3.325,0.236,Idle
0.011,-0.000,1.010,0.420,-3.307,0.236,Idle
0.011,0.001,1.011,0.403,-3.334,0.254,Idle
0.011,-0.001,1.011,0.429,-3.342,0.228,Idle
0.011,-0.001,1.012,0.324,-3.342,0.306,Idle
0.010,-0.000,1.010,0.394,-3.316,0.228,Idle
0.010,-0.000,1.012,0.376,-3.342,0.262,Idle
0.012,0.000,1.010,0.341,-3.325,0.219,Idle
0.012,-0.000,1.012,0.350,-3.342,0.219,Idle
0.011,-0.000,1.012,0.446,-3.334,0.271,Idle
0.011,-0.000,1.011,0.333,-3.342,0.298,Idle
0.011,-0.000,1.011,0.385,-3.342,0.262,Idle
0.012,-0.001,1.012,0.368,-3.316,0.289,Idle
0.010,0.001,1.011,0.429,-3.342,0.298,Idle
0.009,-0.002,1.013,0.350,-3.369,0.280,Idle
0.012,-0.000,1.010,0.438,-3.369,0.271,Idle
0.011,-0.000,1.012,0.341,-3.360,0.289,Idle
0.010,-0.001,1.011,0.403,-3.325,0.289,Idle
0.010,-0.000,1.011,0.403,-3.325,0.280,Idle
0.012,-0.000,1.012,0.376,-3.378,0.262,Idle
0.011,-0.002,1.012,0.376,-3.351,0.280,Idle
0.010,0.001,1.012,0.359,-3.334,0.280,Idle
0.011,-0.000,1.011,0.376,-3.369,0.306,Idle
0.011,-0.001,1.011,0.385,-3.342,0.271,Idle
0.010,-0.001,1.011,0.438,-3.316,0.262,Idle
0.009,0.000,1.011,0.420,-3.299,0.271,Idle
0.010,-0.000,1.011,0.411,-3.334,0.254,Idle
0.012,0.000,1.010,0.359,-3.378,0.306,Idle
0.011,-0.001,1.012,0.359,-3.325,0.280,Idle
0.012,0.001,1.011,0.394,-3.307,0.236,Idle
0.010,-0.001,1.011,0.333,-3.369,0.236,Idle
0.009,-0.000,1.011,0.403,-3.378,0.298,Idle
0.010,-0.000,1.011,0.376,-3.334,0.236,Idle
0.014,0.000,1.011,0.376,-3.316,0.254,Idle
0.011,-0.001,1.013,0.403,-3.342,0.280,Idle
0.009,0.001,1.011,0.368,-3.342,0.262,Idle
0.012,-0.001,1.012,0.341,-3.351,0.280,Idle
0.012,-0.000,1.009,0.359,-3.360,0.289,Idle
0.010,-0.000,1.012,0.359,-3.360,0.262,Idle
0.009,-0.000,1.011,0.385,-3.299,0.315,Idle
0.012,-0.002,1.012,0.350,-3.342,0.298,Idle
0.011,-0.001,1.011,0.385,-3.325,0.262,Idle
0.010,-0.000,1.011,0.411,-3.325,0.210,Idle
0.010,-0.000,1.012,0.341,-3.395,0.271,Idle
0.011,0.000,1.013,0.359,-3.342,0.236,Idle
0.011,-0.000,1.012,0.394,-3.351,0.280,Idle
0.010,-0.001,1.011,0.385,-3.316,0.298,Idle
0.011,0.000,1.009,0.394,-3.299,0.271,Idle
0.012,-0.000,1.011,0.359,-3.351,0.280,Idle
0.011,-0.001,1.011,0.403,-3.342,0.280,Idle
0.011,0.000,1.010,0.385,-3.325,0.228,Idle
0.010,0.001,1.013,0.394,-3.342,0.254,Idle
0.011,-0.001,1.012,0.359,-3.299,0.289,Idle
0.011,-0.000,1.012,0.411,-3.316,0.245,Idle
0.010,-0.001,1.010,0.376,-3.351,0.271,Idle
0.011,0.000,1.011,0.350,-3.369,0.280,Idle
0.011,-0.001,1.012,0.341,-3.307,0.289,Idle
0.010,-0.001,1.011,0.403,-3.369,0.262,Idle
0.011,-0.000,1.012,0.368,-3.360,0.219,Idle
0.010,-0.001,1.011,0.403,-3.360,0.271,Idle
0.011,-0.000,1.012,0.350,-3.342,0.262,Idle
0.011,-0.001,1.010,0.385,-3.316,0.262,Idle
0.010,0.000,1.010,0.394,-3.342,0.271,Idle
0.010,-0.000,1.010,0.403,-3.299,0.219,Idle
0.012,-0.000,1.011,0.385,-3.351,0.262,Idle
0.011,-0.000,1.012,0.394,-3.316,0.289,Idle
0.011,-0.001,1.012,0.368,-3.334,0.254,Idle
0.010,-0.000,1.011,0.350,-3.369,0.271,Idle
0.012,-0.002,1.011,0.368,-3.351,0.245,Idle
0.012,0.000,1.009,0.438,-3.342,0.271,Idle
0.010,-0.001,1.011,0.438,-3.378,0.271,Idle
0.011,-0.000,1.011,0.376,-3.334,0.254,Idle
0.011,0.000,1.012,0.376,-3.334,0.289,Idle
0.011,-0.000,1.010,0.446,-3.378,0.280,Idle
0.011,0.000,1.012,0.376,-3.378,0.236,Idle
0.011,-0.001,1.012,0.411,-3.351,0.289,Idle
0.010,-0.001,1.011,0.429,-3.334,0.289,Idle
0.010,-0.000,1.011,0.376,-3.378,0.271,Idle
0.011,-0.000,1.011,0.411,-3.325,0.262,Idle
0.010,-0.000,1.012,0.333,-3.342,0.298,Idle
0.010,0.000,1.012,0.411,-3.360,0.280,Idle
0.011,-0.002,1.013,0.403,-3.307,0.289,Idle
0.010,-0.001,1.012,0.368,-3.386,0.271,Idle
0.011,0.000,1.011,0.403,-3.325,0.262,Idle
0.011,0.000,1.010,0.368,-3.299,0.254,Idle
0.011,-0.002,1.011,0.376,-3.360,0.306,Idle
0.010,0.000,1.010,0.368,-3.334,0.280,Idle
0.010,-0.001,1.011,0.376,-3.360,0.306,Idle
0.010,-0.002,1.012,0.315,-3.334,0.262,Idle
0.012,-0.000,1.011,0.394,-3.334,0.280,Idle
0.011,-0.001,1.012,0.306,-3.334,0.315,Idle
0.010,-0.001,1.012,0.411,-3.351,0.289,Idle
0.010,-0.001,1.011,0.411,-3.369,0.271,Idle
0.011,-0.001,1.010,0.359,-3.325,0.262,Idle
0.011,-0.001,1.011,0.359,-3.316,0.280,Idle
0.012,-0.001,1.012,0.411,-3.334,0.280,Idle
0.010,-0.000,1.011,0.385,-3.334,0.280,Idle
0.010,-0.000,1.011,0.394,-3.334,0.289,Idle
0.011,-0.000,1.012,0.385,-3.342,0.254,Idle
0.011,-0.000,1.011,0.385,-3.325,0.271,Idle
0.010,-0.000,1.011,0.394,-3.369,0.210,Idle
0.010,-0.000,1.011,0.376,-3.369,0.298,Idle
0.011,-0.001,1.012,0.350,-3.342,0.289,Idle
0.010,-0.000,1.011,0.376,-3.386,0.262,Idle
0.011,-0.001,1.012,0.359,-3.334,0.298,Idle
0.012,-0.001,1.012,0.394,-3.325,0.289,Idle
0.010,0.000,1.012,0.368,-3.316,0.262,Idle
0.011,-0.000,1.011,0.341,-3.351,0.280,Idle
0.011,-0.000,1.011,0.403,-3.325,0.262,Idle
0.011,-0.000,1.010,0.385,-3.342,0.236,Idle
0.011,-0.000,1.011,0.368,-3.360,0.271,Idle
0.011,-0.000,1.010,0.359,-3.342,0.254,Idle
0.010,0.000,1.011,0.376,-3.351,0.298,Idle
0.011,-0.001,1.013,0.385,-3.342,0.280,Idle
0.010,-0.001,1.012,0.411,-3.342,0.315,Idle
0.011,-0.000,1.012,0.368,-3.360,0.298,Idle
0.010,-0.000,1.011,0.403,-3.360,0.271,Idle
0.011,-0.001,1.013,0.341,-3.334,0.280,Idle
0.011,0.000,1.011,0.368,-3.342,0.280,Idle
0.010,0.000,1.012,0.403,-3.334,0.280,Idle
0.009,-0.001,1.012,0.385,-3.325,0.254,Idle
0.011,-0.001,1.011,0.368,-3.351,0.298,Idle
0.011,-0.001,1.013,0.359,-3.351,0.280,Idle
0.011,-0.001,1.011,0.403,-3.334,0.306,Idle
0.010,-0.000,1.011,0.350,-3.334,0.298,Idle
0.012,-0.000,1.011,0.385,-3.342,0.298,Idle
0.010,-0.000,1.012,0.394,-3.351,0.280,Idle
0.011,-0.000,1.011,0.411,-3.316,0.271,Idle
0.010,0.000,1.011,0.376,-3.299,0.254,Idle
0.011,-0.001,1.012,0.376,-3.316,0.306,Idle
0.011,-0.001,1.010,0.368,-3.351,0.254,Idle
0.011,-0.000,1.011,0.394,-3.316,0.262,Idle
0.011,-0.001,1.012,0.403,-3.360,0.271,Idle
0.010,0.000,1.012,0.385,-3.307,0.271,Idle
0.012,-0.001,1.012,0.385,-3.360,0.271,Idle
0.011,0.000,1.010,0.315,-3.369,0.298,Idle
0.010,-0.001,1.010,0.359,-3.290,0.254,Idle
0.010,-0.001,1.013,0.376,-3.342,0.271,Idle
0.011,-0.000,1.012,0.368,-3.360,0.262,Idle
0.011,-0.001,1.011,0.368,-3.342,0.262,Idle
0.010,-0.000,1.011,0.341,-3.360,0.315,Idle
0.010,-0.000,1.011,0.385,-3.316,0.289,Idle
0.011,-0.001,1.012,0.376,-3.316,0.254,Idle
0.011,-0.000,1.010,0.403,-3.369,0.315,Idle
0.009,-0.001,1.012,0.376,-3.342,0.280,Idle
0.010,-0.000,1.012,0.341,-3.334,0.298,Idle
0.011,-0.001,1.012,0.385,-3.325,0.254,Idle
0.011,-0.003,1.013,0.394,-3.360,0.280,Idle
0.010,0.000,1.012,0.368,-3.351,0.280,Idle
0.010,-0.001,1.010,0.403,-3.351,0.298,Idle
0.012,-0.003,1.013,0.429,-3.369,0.219,Idle
0.011,0.001,1.011,0.411,-3.325,0.254,Idle
0.009,0.002,1.012,0.438,-3.351,0.219,Idle
0.010,-0.002,1.013,0.376,-3.378,0.236,Idle
0.012,0.000,1.012,0.394,-3.316,0.289,Idle
0.011,0.001,1.010,0.403,-3.360,0.280,Idle
0.010,-0.001,1.011,0.385,-3.334,0.262,Idle
0.011,0.000,1.013,0.359,-3.360,0.262,Idle
0.012,0.000,1.010,0.420,-3.360,0.315,Idle
0.010,-0.001,1.013,0.411,-3.334,0.289,Idle
0.010,-0.000,1.012,0.368,-3.342,0.289,Idle
0.011,-0.001,1.012,0.368,-3.386,0.289,Idle
0.011,0.000,1.012,0.368,-3.351,0.254,Idle
0.010,-0.001,1.012,0.359,-3.325,0.289,Idle
0.009,-0.001,1.012,0.411,-3.334,0.245,Idle
0.011,0.000,1.010,0.385,-3.307,0.298,Idle
0.011,-0.001,1.011,0.376,-3.334,0.245,Idle
0.010,-0.001,1.012,0.376,-3.307,0.262,Idle
0.009,-0.000,1.011,0.394,-3.334,0.254,Idle
0.010,-0.001,1.012,0.394,-3.342,0.201,Idle
0.012,-0.001,1.011,0.411,-3.325,0.280,Idle
0.010,0.000,1.011,0.446,-3.369,0.236,Idle
0.010,-0.000,1.012,0.420,-3.316,0.245,Idle
0.011,-0.001,1.012,0.385,-3.351,0.271,Idle
0.011,-0.001,1.012,0.368,-3.325,0.245,Idle
0.009,0.000,1.012,0.403,-3.342,0.245,Idle
0.011,-0.002,1.013,0.446,-3.316,0.271,Idle
0.011,-0.001,1.012,0.403,-3.342,0.298,Idle
0.011,-0.001,1.011,0.411,-3.369,0.280,Idle
0.010,-0.000,1.012,0.368,-3.299,0.245,Idle
0.010,0.000,1.011,0.368,-3.360,0.280,Idle
0.011,-0.000,1.012,0.385,-3.325,0.262,Idle
0.011,-0.000,1.012,0.376,-3.369,0.262,Idle
0.011,-0.001,1.011,0.403,-3.334,0.280,Idle
0.010,-0.001,1.011,0.368,-3.342,0.280,Idle
0.011,-0.001,1.012,0.385,-3.360,0.262,Idle
0.011,-0.000,1.011,0.315,-3.360,0.315,Idle
0.010,0.001,1.011,0.411,-3.334,0.280,Idle
0.011,-0.000,1.011,0.394,-3.369,0.254,Idle
0.011,-0.000,1.012,0.350,-3.351,0.245,Idle
0.010,-0.001,1.011,0.368,-3.299,0.271,Idle
0.011,-0.000,1.010,0.394,-3.351,0.262,Idle
0.010,-0.001,1.011,0.385,-3.342,0.280,Idle
0.011,-0.001,1.011,0.411,-3.316,0.271,Idle
0.011,-0.001,1.012,0.411,-3.299,0.271,Idle
0.010,0.000,1.011,0.376,-3.334,0.236,Idle
0.010,-0.000,1.011,0.359,-3.334,0.262,Idle
0.011,-0.001,1.012,0.359,-3.307,0.289,Idle
0.010,-0.001,1.012,0.385,-3.342,0.315,Idle
0.010,-0.001,1.011,0.403,-3.325,0.368,Idle
0.010,-0.001,1.010,0.376,-3.360,0.280,Idle
0.010,-0.000,1.012,0.385,-3.342,0.271,Idle
0.011,-0.000,1.011,0.394,-3.360,0.254,Idle
0.012,-0.000,1.011,0.385,-3.342,0.254,Idle
0.010,-0.001,1.012,0.359,-3.342,0.271,Idle
0.011,0.000,1.012,0.394,-3.351,0.280,Idle
0.011,-0.000,1.011,0.368,-3.395,0.280,Idle
0.011,-0.001,1.012,0.411,-3.325,0.271,Idle
0.011,-0.001,1.011,0.385,-3.316,0.245,Idle
0.011,-0.001,1.011,0.376,-3.334,0.280,Idle
0.011,-0.000,1.011,0.376,-3.307,0.254,Idle
0.012,0.000,1.010,0.368,-3.369,0.280,Idle
0.011,0.000,1.011,0.368,-3.325,0.262,Idle
0.010,0.000,1.012,0.359,-3.325,0.262,Idle
0.010,-0.000,1.010,0.403,-3.360,0.280,Idle
0.011,-0.001,1.013,0.385,-3.325,0.254,Idle
0.011,-0.001,1.011,0.385,-3.316,0.262,Idle
0.011,-0.001,1.011,0.394,-3.307,0.271,Idle
0.010,0.000,1.012,0.333,-3.316,0.324,Idle
0.010,-0.001,1.013,0.394,-3.316,0.245,Idle
0.012,-0.001,1.010,0.394,-3.342,0.210,Idle
0.010,-0.001,1.013,0.411,-3.307,0.262,Idle
0.009,0.000,1.011,0.394,-3.342,0.271,Idle
0.011,-0.000,1.014,0.403,-3.395,0.271,Idle
0.011,-0.001,1.010,0.394,-3.290,0.262,Idle
0.010,-0.001,1.013,0.394,-3.342,0.289,Idle
0.010,-0.002,1.011,0.385,-3.360,0.289,Idle
0.010,0.001,1.012,0.368,-3.378,0.271,Idle
0.012,0.001,1.009,0.394,-3.325,0.254,Idle
0.011,-0.000,1.012,0.394,-3.307,0.201,Idle
0.011,0.000,1.012,0.394,-3.342,0.280,Idle
0.011,0.000,1.011,0.403,-3.360,0.245,Idle
0.010,-0.002,1.011,0.368,-3.342,0.262,Idle
0.011,0.000,1.011,0.359,-3.395,0.245,Idle
0.010,-0.001,1.013,0.446,-3.351,0.298,Idle
0.010,-0.001,1.012,0.359,-3.360,0.271,Idle
0.011,-0.001,1.012,0.403,-3.351,0.245,Idle
0.011,-0.000,1.011,0.385,-3.342,0.254,Idle
0.010,-0.001,1.011,0.411,-3.351,0.280,Idle
0.012,-0.001,1.011,0.359,-3.360,0.271,Idle
0.011,-0.000,1.012,0.368,-3.307,0.280,Idle
0.011,0.000,1.013,0.350,-3.334,0.289,Idle
0.010,0.000,1.012,0.385,-3.351,0.298,Idle
0.011,0.000,1.011,0.376,-3.351,0.271,Idle
0.011,-0.001,1.011,0.350,-3.369,0.271,Idle
0.011,-0.000,1.011,0.376,-3.351,0.289,Idle
0.010,0.000,1.012,0.420,-3.325,0.254,Idle
0.012,-0.000,1.010,0.333,-3.360,0.262,Idle
0.011,-0.001,1.012,0.394,-3.369,0.219,Idle
0.010,-0.001,1.010,0.411,-3.342,0.271,Idle
0.011,-0.000,1.011,0.411,-3.360,0.280,Idle
0.011,-0.000,1.012,0.350,-3.351,0.262,Idle
0.011,-0.000,1.011,0.376,-3.307,0.271,Idle
0.010,-0.001,1.012,0.341,-3.351,0.254,Idle
0.010,-0.001,1.011,0.359,-3.316,0.271,Idle
0.011,-0.001,1.012,0.333,-3.351,0.289,Idle
0.010,0.000,1.011,0.376,-3.316,0.262,Idle
0.010,-0.000,1.011,0.394,-3.360,0.254,Idle
0.010,-0.001,1.012,0.359,-3.334,0.298,Idle
0.011,-0.001,1.011,0.446,-3.334,0.262,Idle
0.010,-0.000,1.012,0.350,-3.334,0.271,Idle
0.011,-0.000,1.011,0.394,-3.334,0.280,Idle
0.011,-0.001,1.011,0.368,-3.307,0.228,Idle
0.011,0.001,1.012,0.403,-3.325,0.271,Idle
0.011,-0.000,1.013,0.385,-3.334,0.245,Idle
0.011,-0.001,1.010,0.394,-3.378,0.254,Idle
0.011,0.001,1.011,0.333,-3.395,0.262,Idle
0.011,-0.002,1.011,0.376,-3.360,0.271,Idle
0.010,-0.000,1.011,0.324,-3.325,0.228,Idle
0.010,0.000,1.011,0.411,-3.325,0.254,Idle
0.012,0.000,1.010,0.385,-3.307,0.262,Idle
0.010,-0.001,1.012,0.403,-3.334,0.289,Idle
0.011,0.000,1.011,0.350,-3.316,0.245,Idle
0.009,-0.000,1.011,0.385,-3.360,0.271,Idle
0.012,0.000,1.010,0.385,-3.334,0.333,Idle
0.011,0.000,1.012,0.394,-3.334,0.289,Idle
0.009,-0.001,1.010,0.411,-3.334,0.254,Idle
0.010,-0.000,1.010,0.385,-3.369,0.306,Idle
0.012,-0.000,1.010,0.376,-3.351,0.262,Idle
0.010,-0.000,1.012,0.394,-3.360,0.245,Idle
0.010,-0.000,1.012,0.411,-3.351,0.254,Idle
0.010,-0.001,1.010,0.411,-3.325,0.271,Idle
0.011,0.001,1.010,0.368,-3.360,0.271,Idle
0.010,-0.000,1.012,0.403,-3.395,0.271,Idle
0.011,-0.000,1.011,0.359,-3.360,0.280,Idle
0.011,0.001,1.011,0.289,-3.290,0.262,Idle
0.011,0.001,1.011,0.385,-3.334,0.298,Idle
0.010,-0.002,1.013,0.376,-3.334,0.236,Idle
0.009,-0.001,1.012,0.376,-3.342,0.254,Idle
0.011,0.000,1.011,0.350,-3.378,0.245,Idle
0.011,0.000,1.012,0.359,-3.325,0.262,Idle
0.010,-0.001,1.012,0.420,-3.334,0.280,Idle
0.011,-0.000,1.011,0.394,-3.342,0.245,Idle
0.011,0.000,1.012,0.368,-3.360,0.298,Idle
0.010,-0.001,1.011,0.385,-3.342,0.245,Idle
0.011,-0.001,1.013,0.420,-3.378,0.271,Idle
0.011,-0.000,1.012,0.411,-3.307,0.271,Idle
0.011,-0.001,1.011,0.306,-3.360,0.254,Idle
0.011,-0.000,1.011,0.385,-3.369,0.236,Idle
0.010,-0.001,1.011,0.385,-3.334,0.254,Idle
0.011,-0.001,1.011,0.368,-3.351,0.245,Idle
0.010,-0.000,1.012,0.403,-3.360,0.298,Idle
0.012,-0.001,1.012,0.394,-3.342,0.262,Idle
0.010,-0.001,1.013,0.385,-3.342,0.289,Idle
0.010,-0.000,1.012,0.438,-3.307,0.289,Idle
0.011,-0.001,1.011,0.333,-3.325,0.271,Idle
0.010,0.001,1.010,0.429,-3.334,0.262,Idle
0.012,-0.001,1.011,0.333,-3.369,0.254,Idle
0.011,-0.001,1.011,0.385,-3.316,0.271,Idle
0.010,-0.001,1.011,0.376,-3.325,0.280,Idle
0.010,-0.000,1.010,0.350,-3.316,0.262,Idle
0.011,-0.000,1.012,0.411,-3.334,0.315,Idle
0.011,-0.001,1.011,0.333,-3.316,0.262,Idle
0.011,0.000,1.010,0.411,-3.360,0.289,Idle
0.011,0.000,1.011,0.368,-3.369,0.254,Idle
0.011,0.000,1.011,0.359,-3.342,0.280,Idle
0.010,-0.000,1.012,0.385,-3.351,0.254,Idle
0.011,0.000,1.012,0.359,-3.360,0.280,Idle
0.011,0.001,1.010,0.368,-3.334,0.245,Idle
0.011,-0.000,1.011,0.446,-3.334,0.280,Idle
0.011,-0.001,1.012,0.420,-3.360,0.228,Idle
0.011,-0.000,1.011,0.341,-3.342,0.262,Idle
0.010,-0.001,1.010,0.394,-3.307,0.271,Idle
0.010,-0.002,1.012,0.394,-3.316,0.236,Idle
0.012,-0.000,1.011,0.368,-3.325,0.271,Idle
0.010,0.000,1.010,0.394,-3.334,0.262,Idle
0.011,-0.001,1.012,0.394,-3.325,0.289,Idle
0.010,-0.001,1.012,0.385,-3.334,0.280,Idle
0.012,0.001,1.009,0.394,-3.325,0.254,Idle
0.010,-0.001,1.012,0.333,-3.325,0.289,Idle
0.010,-0.001,1.011,0.376,-3.316,0.280,Idle
0.011,-0.001,1.011,0.385,-3.334,0.289,Idle
0.011,0.001,1.011,0.341,-3.342,0.254,Idle
0.010,0.000,1.012,0.385,-3.307,0.219,Idle
0.011,-0.001,1.011,0.394,-3.325,0.262,Idle
0.010,-0.001,1.013,0.385,-3.307,0.236,Idle
0.010,0.000,1.010,0.403,-3.290,0.245,Idle
0.011,-0.001,1.012,0.359,-3.378,0.245,Idle
0.011,0.000,1.012,0.376,-3.342,0.245,Idle
0.011,-0.000,1.011,0.385,-3.351,0.271,Idle
0.011,-0.001,1.012,0.420,-3.307,0.254,Idle
0.011,-0.001,1.010,0.350,-3.342,0.271,Idle
0.011,-0.000,1.011,0.394,-3.316,0.289,Idle
0.012,-0.000,1.012,0.429,-3.378,0.262,Idle
0.012,-0.001,1.011,0.403,-3.378,0.289,Idle
0.010,-0.001,1.011,0.411,-3.316,0.262,Idle
0.011,-0.000,1.012,0.359,-3.334,0.306,Idle
0.011,-0.000,1.011,0.350,-3.360,0.254,Idle
0.011,-0.000,1.012,0.368,-3.307,0.271,Idle
0.011,-0.001,1.010,0.385,-3.342,0.298,Idle
0.010,-0.001,1.012,0.368,-3.360,0.298,Idle
0.010,-0.000,1.012,0.359,-3.369,0.271,Idle
0.012,-0.000,1.012,0.385,-3.395,0.271,Idle
0.011,-0.001,1.010,0.411,-3.342,0.254,Idle
0.011,-0.000,1.010,0.359,-3.360,0.228,Idle
0.010,-0.000,1.010,0.368,-3.325,0.280,Idle
0.011,-0.000,1.011,0.411,-3.334,0.262,Idle
0.011,-0.000,1.011,0.350,-3.342,0.298,Idle
0.009,-0.001,1.014,0.324,-3.342,0.280,Idle
0.011,0.001,1.009,0.368,-3.334,0.298,Idle
0.012,-0.001,1.012,0.359,-3.360,0.315,Idle
0.010,-0.002,1.013,0.385,-3.351,0.280,Idle
0.011,0.000,1.011,0.315,-3.316,0.271,Idle
0.010,0.000,1.011,0.350,-3.342,0.271,Idle
0.011,-0.000,1.012,0.403,-3.351,0.262,Idle
0.011,0.000,1.012,0.385,-3.342,0.262,Idle
0.010,-0.001,1.011,0.385,-3.316,0.280,Idle
0.010,-0.000,1.012,0.420,-3.360,0.271,Idle
0.011,-0.001,1.012,0.376,-3.351,0.280,Idle
0.011,-0.001,1.012,0.324,-3.325,0.254,Idle
0.011,-0.001,1.011,0.359,-3.342,0.254,Idle
0.010,-0.000,1.011,0.420,-3.325,0.245,Idle
0.011,-0.001,1.011,0.368,-3.325,0.271,Idle
0.010,0.000,1.012,0.359,-3.334,0.280,Idle
0.011,-0.000,1.012,0.350,-3.334,0.271,Idle
0.011,-0.000,1.012,0.350,-3.351,0.271,Idle
0.011,-0.001,1.012,0.324,-3.316,0.289,Idle
0.010,-0.001,1.012,0.350,-3.369,0.350,Idle
0.011,0.001,1.012,0.385,-3.299,0.306,Idle
0.011,-0.000,1.010,0.385,-3.342,0.298,Idle
0.011,-0.001,1.011,0.376,-3.342,0.324,Idle
0.011,-0.001,1.012,0.341,-3.342,0.245,Idle
0.011,-0.000,1.011,0.341,-3.334,0.254,Idle
0.011,-0.000,1.011,0.350,-3.351,0.271,Idle
0.011,0.000,1.011,0.350,-3.360,0.262,Idle
0.011,-0.001,1.012,0.376,-3.316,0.280,Idle
0.010,-0.001,1.011,0.324,-3.351,0.280,Idle
0.010,-0.001,1.012,0.341,-3.351,0.262,Idle
0.011,0.000,1.012,0.376,-3.360,0.271,Idle
0.012,-0.001,1.010,0.385,-3.334,0.245,Idle
0.011,-0.000,1.012,0.420,-3.351,0.245,Idle
0.011,-0.000,1.012,0.359,-3.299,0.298,Idle
0.011,-0.002,1.012,0.438,-3.325,0.289,Idle
0.011,-0.001,1.012,0.368,-3.360,0.306,Idle
0.011,-0.001,1.011,0.368,-3.307,0.280,Idle
0.011,0.000,1.010,0.359,-3.299,0.245,Idle
0.011,-0.001,1.012,0.368,-3.334,0.289,Idle
0.012,0.000,1.012,0.394,-3.299,0.289,Idle
0.010,-0.000,1.012,0.324,-3.325,0.298,Idle
0.012,-0.000,1.010,0.376,-3.334,0.271,Idle
0.010,-0.001,1.013,0.394,-3.378,0.280,Idle
0.011,-0.001,1.011,0.429,-3.325,0.262,Idle
0.011,-0.000,1.011,0.385,-3.342,0.289,Idle
0.011,-0.001,1.012,0.359,-3.307,0.254,Idle
0.012,-0.000,1.011,0.368,-3.299,0.280,Idle
0.010,-0.000,1.012,0.376,-3.351,0.271,Idle
0.011,0.000,1.012,0.403,-3.334,0.254,Idle
0.010,0.000,1.010,0.394,-3.360,0.254,Idle
0.010,-0.002,1.012,0.376,-3.307,0.245,Idle
0.011,0.000,1.011,0.411,-3.334,0.236,Idle
0.012,-0.001,1.012,0.394,-3.316,0.280,Idle
0.011,-0.000,1.011,0.341,-3.325,0.289,Idle
0.011,-0.001,1.012,0.350,-3.316,0.271,Idle
0.011,0.000,1.012,0.333,-3.307,0.262,Idle
0.010,-0.001,1.011,0.394,-3.316,0.298,Idle
0.011,-0.000,1.013,0.385,-3.369,0.289,Idle
0.011,-0.000,1.011,0.429,-3.299,0.228,Idle
0.011,-0.001,1.011,0.403,-3.325,0.236,Idle
0.010,-0.001,1.012,0.350,-3.334,0.245,Idle
0.010,-0.000,1.011,0.438,-3.325,0.289,Idle
0.011,-0.002,1.012,0.359,-3.360,0.254,Idle
0.012,-0.001,1.011,0.438,-3.342,0.228,Idle
0.010,-0.001,1.012,0.403,-3.360,0.280,Idle
0.011,-0.000,1.011,0.411,-3.334,0.289,Idle
0.011,0.000,1.011,0.394,-3.342,0.262,Idle
0.011,-0.001,1.012,0.350,-3.360,0.289,Idle
0.011,-0.001,1.011,0.394,-3.378,0.280,Idle
0.011,-0.000,1.010,0.394,-3.307,0.236,Idle
0.010,-0.000,1.013,0.368,-3.334,0.289,Idle
0.011,-0.000,1.010,0.341,-3.342,0.271,Idle
0.010,-0.000,1.013,0.385,-3.360,0.254,Idle
0.010,-0.001,1.012,0.376,-3.316,0.262,Idle
0.010,-0.000,1.010,0.420,-3.325,0.298,Idle
0.011,-0.001,1.012,0.385,-3.307,0.271,Idle
0.011,0.001,1.011,0.376,-3.378,0.289,Idle
0.011,-0.000,1.013,0.368,-3.316,0.245,Idle
0.010,-0.001,1.012,0.350,-3.334,0.306,Idle
0.010,-0.000,1.011,0.376,-3.299,0.271,Idle
0.011,-0.001,1.012,0.385,-3.334,0.271,Idle
0.011,-0.000,1.011,0.385,-3.360,0.315,Idle
0.010,-0.000,1.011,0.359,-3.299,0.271,Idle
0.010,-0.001,1.011,0.368,-3.325,0.289,Idle
0.010,0.000,1.012,0.385,-3.307,0.289,Idle
0.011,-0.000,1.011,0.385,-3.316,0.262,Idle
0.011,-0.000,1.012,0.341,-3.316,0.289,Idle
0.010,-0.000,1.011,0.350,-3.360,0.289,Idle
0.011,-0.001,1.011,0.411,-3.325,0.271,Idle
0.010,0.001,1.012,0.368,-3.386,0.306,Idle
0.011,-0.000,1.011,0.385,-3.334,0.280,Idle
0.011,-0.001,1.011,0.359,-3.325,0.289,Idle
0.010,0.000,1.012,0.359,-3.369,0.298,Idle
0.011,-0.000,1.011,0.420,-3.351,0.254,Idle
0.012,-0.001,1.012,0.368,-3.299,0.324,Idle
0.011,0.000,1.010,0.376,-3.325,0.280,Idle
0.011,-0.000,1.011,0.403,-3.342,0.254,Idle
0.011,-0.000,1.011,0.368,-3.325,0.298,Idle
0.010,-0.000,1.011,0.315,-3.360,0.315,Idle
0.010,-0.001,1.012,0.368,-3.369,0.280,Idle
0.010,-0.001,1.010,0.403,-3.342,0.280,Idle
0.010,-0.001,1.012,0.368,-3.334,0.245,Idle
0.011,-0.000,1.012,0.394,-3.369,0.289,Idle
0.011,-0.000,1.012,0.350,-3.369,0.315,Idle
0.009,-0.000,1.012,0.368,-3.369,0.315,Idle
0.011,-0.000,1.011,0.359,-3.351,0.289,Idle
0.011,0.000,1.011,0.376,-3.273,0.306,Idle
0.010,-0.000,1.011,0.394,-3.334,0.262,Idle
0.011,-0.001,1.011,0.350,-3.334,0.298,Idle
0.011,-0.000,1.012,0.359,-3.334,0.289,Idle
0.011,0.000,1.012,0.385,-3.316,0.245,Idle
0.011,-0.001,1.012,0.368,-3.360,0.271,Idle
0.010,-0.000,1.012,0.368,-3.378,0.262,Idle
0.012,-0.000,1.010,0.333,-3.334,0.280,Idle
0.011,0.001,1.011,0.324,-3.378,0.245,Idle
0.010,0.000,1.010,0.324,-3.342,0.262,Idle
0.010,-0.001,1.014,0.350,-3.378,0.289,Idle
0.011,0.000,1.011,0.411,-3.325,0.280,Idle
0.011,-0.001,1.012,0.403,-3.316,0.289,Idle
0.011,-0.001,1.012,0.403,-3.351,0.254,Idle
0.010,-0.001,1.012,0.359,-3.351,0.245,Idle
0.011,0.001,1.011,0.368,-3.334,0.236,Idle
0.012,0.001,1.011,0.438,-3.325,0.254,Idle
0.010,-0.001,1.012,0.411,-3.316,0.315,Idle
0.010,-0.001,1.012,0.385,-3.378,0.271,Idle
0.012,-0.001,1.011,0.385,-3.342,0.271,Idle
0.011,-0.001,1.012,0.359,-3.351,0.333,Idle
0.011,-0.001,1.012,0.315,-3.325,0.306,Idle
0.010,-0.000,1.012,0.368,-3.369,0.245,Idle
0.011,-0.001,1.011,0.376,-3.334,0.245,Idle
0.012,-0.000,1.011,0.446,-3.307,0.254,Idle
0.011,-0.001,1.012,0.385,-3.307,0.262,Idle
0.010,0.001,1.011,0.359,-3.334,0.289,Idle
0.011,-0.000,1.011,0.376,-3.360,0.298,Idle
0.011,-0.001,1.012,0.411,-3.351,0.306,Idle
0.010,-0.000,1.012,0.394,-3.351,0.298,Idle
0.011,-0.002,1.012,0.385,-3.325,0.280,Idle
0.011,-0.000,1.011,0.394,-3.351,0.280,Idle
0.011,-0.001,1.012,0.359,-3.395,0.298,Idle
0.010,0.000,1.011,0.324,-3.360,0.245,Idle
0.010,0.000,1.011,0.350,-3.360,0.315,Idle
0.011,0.000,1.011,0.350,-3.360,0.298,Idle
0.012,-0.000,1.011,0.385,-3.351,0.254,Idle
0.011,-0.000,1.011,0.376,-3.334,0.262,Idle
0.011,-0.001,1.012,0.359,-3.342,0.271,Idle
0.010,-0.000,1.012,0.333,-3.351,0.289,Idle
0.011,0.001,1.011,0.341,-3.369,0.289,Idle
0.011,-0.000,1.009,0.333,-3.316,0.271,Idle
0.011,-0.001,1.012,0.324,-3.334,0.271,Idle
0.011,0.001,1.012,0.368,-3.351,0.262,Idle
0.010,-0.001,1.012,0.368,-3.316,0.262,Idle
0.011,0.000,1.011,0.324,-3.360,0.236,Idle
0.011,-0.000,1.011,0.368,-3.342,0.280,Idle
0.010,-0.001,1.012,0.403,-3.360,0.280,Idle
0.011,-0.000,1.011,0.350,-3.325,0.298,Idle
0.012,-0.001,1.011,0.368,-3.412,0.254,Idle
0.011,-0.001,1.010,0.385,-3.378,0.280,Idle
0.009,0.001,1.010,0.324,-3.342,0.298,Idle
0.010,-0.000,1.012,0.368,-3.360,0.262,Idle
0.012,-0.000,1.011,0.403,-3.351,0.271,Idle
0.011,0.000,1.012,0.341,-3.351,0.289,Idle
0.010,-0.000,1.013,0.394,-3.360,0.289,Idle
0.012,0.000,1.011,0.420,-3.342,0.289,Idle
0.010,-0.000,1.012,0.411,-3.351,0.262,Idle
0.011,0.000,1.009,0.341,-3.369,0.315,Idle
0.009,-0.001,1.012,0.385,-3.378,0.254,Idle
0.012,-0.001,1.013,0.341,-3.378,0.289,Idle
0.012,0.000,1.010,0.350,-3.360,0.298,Idle
0.009,-0.002,1.013,0.359,-3.307,0.236,Idle
0.010,-0.001,1.013,0.359,-3.334,0.289,Idle
0.013,0.001,1.011,0.368,-3.351,0.289,Idle
0.012,-0.001,1.012,0.394,-3.316,0.271,Idle
0.011,-0.001,1.011,0.368,-3.316,0.271,Idle
0.010,0.000,1.013,0.368,-3.334,0.280,Idle
0.012,-0.001,1.011,0.385,-3.360,0.280,Idle
0.012,-0.001,1.010,0.403,-3.369,0.289,Idle
0.010,-0.001,1.013,0.385,-3.325,0.262,Idle
0.010,-0.000,1.011,0.359,-3.334,0.245,Idle
0.011,0.000,1.011,0.376,-3.342,0.262,Idle
0.012,-0.002,1.011,0.368,-3.316,0.271,Idle
0.009,-0.000,1.012,0.359,-3.334,0.236,Idle
0.011,0.001,1.011,0.376,-3.351,0.280,Idle
0.011,-0.001,1.010,0.376,-3.316,0.245,Idle
0.011,0.001,1.012,0.368,-3.316,0.262,Idle
0.011,0.001,1.012,0.420,-3.351,0.236,Idle
0.009,-0.001,1.013,0.394,-3.369,0.271,Idle
0.009,-0.001,1.010,0.438,-3.334,0.262,Idle
0.013,0.001,1.009,0.368,-3.386,0.236,Idle
0.012,0.000,1.011,0.359,-3.342,0.280,Idle
0.009,-0.000,1.012,0.376,-3.325,0.298,Idle
0.010,0.000,1.012,0.411,-3.307,0.271,Idle
0.014,-0.001,1.012,0.429,-3.369,0.306,Idle
0.013,-0.001,1.011,0.376,-3.325,0.262,Idle
0.007,-0.001,1.012,0.376,-3.325,0.298,Idle
0.011,0.001,1.012,0.420,-3.299,0.262,Idle
0.013,-0.001,1.011,0.429,-3.369,0.298,Idle
0.010,-0.001,1.011,0.376,-3.325,0.280,Idle
0.009,-0.000,1.011,0.420,-3.369,0.245,Idle
0.012,0.000,1.012,0.385,-3.360,0.280,Idle
0.012,-0.001,1.011,0.359,-3.360,0.271,Idle
0.010,-0.001,1.012,0.368,-3.369,0.324,Idle
0.009,0.000,1.011,0.446,-3.360,0.228,Idle
0.011,-0.001,1.012,0.376,-3.369,0.315,Idle
0.013,0.000,1.011,0.385,-3.334,0.280,Idle
0.009,0.000,1.012,0.394,-3.334,0.306,Idle
0.008,-0.000,1.012,0.394,-3.360,0.271,Idle
0.012,-0.001,1.010,0.420,-3.369,0.289,Idle
0.012,0.000,1.011,0.420,-3.334,0.245,Idle
0.010,-0.001,1.011,0.385,-3.334,0.262,Idle
0.010,0.000,1.013,0.411,-3.316,0.254,Idle
0.012,-0.000,1.011,0.341,-3.351,0.289,Idle
0.011,0.000,1.010,0.385,-3.369,0.228,Idle
0.010,-0.000,1.012,0.385,-3.307,0.289,Idle
0.011,0.000,1.011,0.368,-3.325,0.236,Idle
0.013,-0.001,1.011,0.350,-3.342,0.271,Idle
0.012,-0.001,1.012,0.376,-3.360,0.271,Idle
0.010,-0.001,1.012,0.368,-3.334,0.280,Idle
0.010,-0.000,1.011,0.359,-3.342,0.306,Idle
0.013,-0.001,1.011,0.376,-3.360,0.236,Idle
0.011,0.000,1.010,0.403,-3.325,0.245,Idle
0.009,-0.001,1.012,0.394,-3.351,0.289,Idle
0.010,0.000,1.012,0.385,-3.342,0.289,Idle
0.012,-0.000,1.011,0.376,-3.325,0.315,Idle
0.012,-0.000,1.012,0.376,-3.325,0.289,Idle
0.010,-0.002,1.012,0.359,-3.369,0.315,Idle
0.011,0.001,1.012,0.341,-3.334,0.262,Idle
0.011,-0.000,1.010,0.394,-3.351,0.306,Idle
0.011,-0.001,1.012,0.394,-3.342,0.306,Idle
0.011,0.000,1.011,0.385,-3.316,0.271,Idle
0.010,0.000,1.012,0.324,-3.360,0.280,Idle
0.012,-0.000,1.011,0.403,-3.351,0.254,Idle
0.011,0.000,1.012,0.420,-3.316,0.262,Idle
0.010,-0.000,1.011,0.394,-3.342,0.298,Idle
0.010,-0.001,1.011,0.341,-3.369,0.306,Idle
0.011,-0.001,1.011,0.438,-3.342,0.289,Idle
0.011,-0.001,1.011,0.324,-3.316,0.306,Idle
0.009,-0.000,1.011,0.385,-3.342,0.254,Idle
0.010,-0.000,1.011,0.394,-3.316,0.245,Idle
0.011,-0.001,1.011,0.368,-3.334,0.254,Idle
0.012,-0.001,1.013,0.385,-3.342,0.262,Idle
0.010,0.000,1.011,0.403,-3.325,0.271,Idle
0.009,-0.000,1.010,0.376,-3.369,0.236,Idle
0.011,-0.000,1.012,0.376,-3.342,0.262,Idle
0.011,-0.000,1.011,0.394,-3.334,0.289,Idle
0.010,-0.000,1.013,0.403,-3.342,0.245,Idle
0.011,0.000,1.012,0.368,-3.334,0.228,Idle
0.010,-0.000,1.012,0.333,-3.369,0.254,Idle
0.011,-0.001,1.011,0.341,-3.342,0.280,Idle
0.010,-0.001,1.009,0.324,-3.360,0.298,Idle
0.011,0.000,1.012,0.350,-3.299,0.254,Idle
0.010,-0.000,1.011,0.368,-3.325,0.271,Idle
0.011,-0.001,1.011,0.403,-3.325,0.236,Idle
0.010,0.000,1.011,0.359,-3.281,0.262,Idle
0.010,0.000,1.011,0.376,-3.342,0.262,Idle
0.012,-0.001,1.013,0.385,-3.325,0.254,Idle
0.011,-0.001,1.012,0.394,-3.334,0.271,Idle
0.011,-0.000,1.011,0.385,-3.360,0.289,Idle
0.010,-0.001,1.012,0.385,-3.360,0.271,Idle
0.011,0.000,1.011,0.403,-3.299,0.298,Idle
0.010,-0.001,1.011,0.403,-3.342,0.271,Idle
0.010,-0.000,1.012,0.359,-3.316,0.262,Idle
0.010,-0.000,1.012,0.429,-3.351,0.254,Idle
0.012,-0.001,1.012,0.394,-3.351,0.298,Idle
0.011,0.000,1.012,0.403,-3.342,0.280,Idle
0.010,-0.000,1.012,0.341,-3.351,0.280,Idle
0.011,-0.001,1.010,0.385,-3.386,0.271,Idle
0.011,-0.000,1.012,0.341,-3.378,0.306,Idle
0.011,-0.001,1.012,0.368,-3.334,0.280,Idle
0.010,-0.001,1.011,0.333,-3.325,0.315,Idle
0.011,-0.001,1.012,0.359,-3.360,0.280,Idle
0.011,0.000,1.012,0.350,-3.360,0.298,Idle
0.011,-0.001,1.010,0.403,-3.351,0.271,Idle
0.010,-0.000,1.012,0.359,-3.325,0.245,Idle
0.010,-0.001,1.011,0.376,-3.334,0.262,Idle
0.011,-0.000,1.011,0.411,-3.325,0.280,Idle
0.011,-0.000,1.011,0.411,-3.351,0.228,Idle
0.010,0.000,1.012,0.394,-3.325,0.271,Idle
0.011,0.000,1.011,0.341,-3.334,0.245,Idle
0.012,-0.001,1.011,0.394,-3.307,0.254,Idle
0.011,0.000,1.012,0.359,-3.360,0.315,Idle
0.010,-0.001,1.011,0.411,-3.378,0.228,Idle
0.011,-0.000,1.012,0.359,-3.342,0.254,Idle
0.012,-0.000,1.010,0.368,-3.351,0.228,Idle
0.011,0.000,1.011,0.403,-3.360,0.271,Idle
0.010,-0.000,1.011,0.403,-3.316,0.254,Idle
0.010,-0.001,1.011,0.333,-3.325,0.289,Idle
0.011,-0.001,1.011,0.341,-3.342,0.280,Idle
0.010,-0.001,1.011,0.368,-3.351,0.280,Idle
0.011,-0.001,1.012,0.376,-3.351,0.271,Idle
0.011,-0.001,1.013,0.385,-3.351,0.298,Idle
0.011,0.000,1.011,0.385,-3.342,0.271,Idle
0.011,-0.001,1.011,0.385,-3.307,0.280,Idle
0.011,0.000,1.011,0.385,-3.307,0.210,Idle
0.011,-0.000,1.011,0.359,-3.378,0.280,Idle
0.011,-0.001,1.012,0.455,-3.351,0.280,Idle
0.011,0.000,1.012,0.376,-3.316,0.280,Idle
0.011,0.001,1.010,0.385,-3.325,0.306,Idle
0.011,-0.001,1.012,0.368,-3.351,0.280,Idle
0.011,-0.001,1.011,0.420,-3.369,0.289,Idle
0.010,0.000,1.010,0.403,-3.369,0.289,Idle
0.012,-0.000,1.012,0.376,-3.334,0.245,Idle
0.011,-0.002,1.012,0.394,-3.334,0.280,Idle
0.010,-0.000,1.012,0.359,-3.351,0.262,Idle
0.010,-0.000,1.011,0.403,-3.334,0.298,Idle
0.011,-0.001,1.011,0.306,-3.316,0.298,Idle
0.011,-0.001,1.011,0.403,-3.334,0.262,Idle
0.010,-0.000,1.011,0.385,-3.325,0.254,Idle
0.010,-0.000,1.008,0.376,-3.316,0.271,Idle
0.011,0.000,1.012,0.429,-3.342,0.306,Idle
0.010,-0.001,1.013,0.341,-3.316,0.254,Idle
0.010,-0.001,1.012,0.385,-3.369,0.245,Idle
0.010,-0.001,1.012,0.385,-3.334,0.280,Idle
0.011,-0.001,1.011,0.394,-3.369,0.262,Idle
0.011,-0.001,1.011,0.359,-3.334,0.289,Idle
0.011,0.000,1.011,0.411,-3.360,0.280,Idle
0.011,-0.001,1.011,0.385,-3.360,0.262,Idle
0.011,0.000,1.011,0.376,-3.360,0.298,Idle
0.012,-0.000,1.012,0.368,-3.334,0.236,Idle
0.011,0.001,1.010,0.394,-3.334,0.280,Idle
0.010,-0.001,1.011,0.385,-3.342,0.280,Idle
0.011,-0.000,1.011,0.324,-3.351,0.324,Idle
0.010,-0.000,1.011,0.376,-3.334,0.289,Idle
0.011,-0.000,1.012,0.359,-3.334,0.298,Idle
0.012,-0.000,1.012,0.359,-3.378,0.262,Idle
0.010,-0.000,1.012,0.438,-3.342,0.254,Idle
0.011,-0.000,1.011,0.341,-3.316,0.254,Idle
0.012,-0.001,1.012,0.359,-3.351,0.289,Idle
0.010,-0.001,1.010,0.385,-3.325,0.245,Idle
0.011,0.001,1.012,0.376,-3.325,0.254,Idle
0.012,-0.001,1.010,0.385,-3.342,0.289,Idle
0.011,-0.001,1.011,0.376,-3.325,0.254,Idle
0.012,-0.000,1.012,0.376,-3.342,0.280,Idle
0.010,-0.001,1.012,0.403,-3.360,0.298,Idle
0.011,-0.001,1.011,0.420,-3.342,0.271,Idle
0.011,-0.000,1.011,0.341,-3.325,0.245,Idle
0.010,-0.000,1.012,0.376,-3.342,0.271,Idle
0.011,-0.001,1.012,0.341,-3.325,0.324,Idle
0.011,0.000,1.011,0.376,-3.316,0.262,Idle
0.011,-0.001,1.012,0.376,-3.342,0.245,Idle
0.010,-0.000,1.012,0.350,-3.351,0.262,Idle
0.010,-0.000,1.011,0.403,-3.307,0.245,Idle
0.010,-0.001,1.012,0.368,-3.342,0.254,Idle
0.011,-0.000,1.013,0.385,-3.351,0.280,Idle
0.010,-0.001,1.012,0.411,-3.334,0.262,Idle
0.010,-0.000,1.012,0.376,-3.316,0.254,Idle
0.011,-0.001,1.011,0.385,-3.316,0.289,Idle
0.011,0.001,1.012,0.385,-3.342,0.315,Idle
0.011,-0.000,1.012,0.359,-3.290,0.236,Idle
0.012,0.000,1.012,0.359,-3.369,0.262,Idle
0.010,-0.000,1.012,0.350,-3.351,0.315,Idle
0.011,-0.001,1.012,0.333,-3.342,0.236,Idle
0.011,-0.001,1.012,0.420,-3.334,0.315,Idle
0.011,0.000,1.011,0.403,-3.369,0.280,Idle
0.011,-0.000,1.012,0.394,-3.342,0.271,Idle
0.011,-0.000,1.012,0.324,-3.360,0.280,Idle
0.010,-0.001,1.011,0.385,-3.351,0.280,Idle
0.012,0.001,1.012,0.376,-3.351,0.236,Idle
0.011,-0.001,1.012,0.385,-3.334,0.280,Idle
0.011,-0.000,1.012,0.368,-3.351,0.254,Idle
0.011,-0.000,1.012,0.394,-3.351,0.254,Idle
0.011,0.000,1.011,0.403,-3.378,0.280,Idle
0.011,-0.001,1.011,0.394,-3.334,0.236,Idle
0.011,-0.001,1.011,0.341,-3.299,0.271,Idle
0.010,0.000,1.012,0.376,-3.325,0.271,Idle
0.011,-0.000,1.011,0.403,-3.351,0.271,Idle
0.011,-0.001,1.012,0.376,-3.386,0.280,Idle
0.012,0.000,1.011,0.385,-3.307,0.254,Idle
0.010,-0.001,1.012,0.376,-3.325,0.280,Idle
0.011,-0.000,1.011,0.429,-3.378,0.245,Idle
0.011,-0.001,1.012,0.385,-3.299,0.271,Idle
0.012,-0.001,1.011,0.368,-3.378,0.289,Idle
0.011,-0.000,1.011,0.350,-3.342,0.306,Idle
0.010,-0.001,1.011,0.411,-3.299,0.236,Idle
0.011,-0.000,1.011,0.394,-3.316,0.298,Idle
0.011,-0.000,1.012,0.376,-3.334,0.271,Idle
0.010,-0.000,1.011,0.368,-3.360,0.245,Idle
0.011,-0.000,1.012,0.376,-3.325,0.262,Idle
0.011,-0.000,1.011,0.376,-3.299,0.262,Idle
0.011,0.001,1.011,0.376,-3.307,0.306,Idle
0.011,-0.004,1.014,0.350,-3.325,0.306,Idle
0.012,0.007,1.007,0.341,-3.342,0.262,Idle
0.014,0.002,1.012,0.341,-3.325,0.280,Idle
0.012,-0.003,1.013,0.368,-3.334,0.280,Idle
0.008,0.003,1.011,0.350,-3.334,0.298,Idle
0.008,0.002,1.010,0.376,-3.334,0.262,Idle
0.013,-0.000,1.011,0.350,-3.316,0.271,Idle
0.012,-0.003,1.012,0.324,-3.334,0.262,Idle
0.009,0.002,1.011,0.403,-3.334,0.271,Idle
0.009,-0.001,1.012,0.420,-3.334,0.236,Idle
0.013,-0.002,1.012,0.376,-3.307,0.254,Idle
0.010,-0.001,1.011,0.376,-3.316,0.306,Idle
0.008,-0.001,1.013,0.368,-3.360,0.262,Idle
0.009,0.000,1.011,0.359,-3.281,0.271,Idle
0.013,-0.001,1.012,0.403,-3.334,0.254,Idle
0.011,-0.000,1.012,0.394,-3.342,0.271,Idle
0.008,-0.001,1.012,0.403,-3.334,0.298,Idle
0.009,-0.001,1.012,0.350,-3.342,0.280,Idle
0.014,-0.000,1.011,0.376,-3.342,0.289,Idle
0.011,-0.000,1.012,0.385,-3.334,0.289,Idle
0.009,-0.000,1.011,0.368,-3.351,0.262,Idle
0.009,-0.000,1.012,0.376,-3.342,0.271,Idle
0.012,-0.001,1.012,0.333,-3.316,0.236,Idle
0.010,0.001,1.011,0.315,-3.290,0.262,Idle
0.009,0.000,1.011,0.394,-3.360,0.254,Idle
0.010,-0.001,1.011,0.376,-3.395,0.254,Idle
0.012,-0.000,1.012,0.385,-3.360,0.298,Idle
0.012,-0.000,1.010,0.333,-3.325,0.254,Idle
0.010,-0.000,1.011,0.411,-3.342,0.271,Idle
0.009,-0.000,1.011,0.341,-3.342,0.315,Idle
0.013,-0.000,1.011,0.385,-3.351,0.262,Idle
0.011,0.000,1.011,0.376,-3.360,0.254,Idle
0.010,-0.001,1.012,0.324,-3.342,0.262,Idle
0.010,-0.000,1.011,0.368,-3.316,0.280,Idle
0.012,-0.001,1.011,0.376,-3.316,0.289,Idle
0.009,-0.000,1.011,0.350,-3.334,0.306,Idle
0.009,0.000,1.010,0.359,-3.316,0.324,Idle
0.010,-0.000,1.012,0.376,-3.351,0.280,Idle
0.012,-0.001,1.011,0.341,-3.342,0.271,Idle
0.011,0.001,1.010,0.394,-3.378,0.254,Idle
0.009,-0.001,1.011,0.385,-3.351,0.289,Idle
0.010,-0.001,1.012,0.385,-3.351,0.306,Idle
0.013,-0.000,1.011,0.411,-3.334,0.280,Idle
0.010,-0.000,1.011,0.333,-3.342,0.280,Idle
0.009,0.001,1.011,0.420,-3.334,0.236,Idle
0.011,-0.001,1.012,0.438,-3.351,0.245,Idle
0.013,-0.000,1.012,0.420,-3.325,0.245,Idle
0.009,-0.000,1.011,0.403,-3.316,0.280,Idle
0.008,0.000,1.011,0.403,-3.334,0.262,Idle
0.010,-0.000,1.012,0.359,-3.369,0.298,Idle
0.013,-0.000,1.011,0.438,-3.334,0.289,Idle
0.012,-0.001,1.012,0.359,-3.307,0.271,Idle
0.009,-0.001,1.012,0.403,-3.360,0.289,Idle
0.008,-0.000,1.012,0.368,-3.342,0.298,Idle
0.014,-0.001,1.011,0.411,-3.325,0.254,Idle
0.012,0.001,1.011,0.411,-3.386,0.254,Idle
0.009,-0.000,1.012,0.359,-3.351,0.298,Idle
0.007,-0.002,1.012,0.359,-3.299,0.210,Idle
0.015,0.000,1.011,0.429,-3.307,0.236,Idle
0.011,-0.000,1.011,0.359,-3.334,0.228,Idle
0.009,0.000,1.011,0.341,-3.316,0.245,Idle
0.010,0.000,1.012,0.368,-3.351,0.245,Idle
0.012,-0.002,1.011,0.376,-3.360,0.271,Idle
0.011,-0.001,1.012,0.359,-3.334,0.262,Idle
0.009,-0.000,1.011,0.359,-3.351,0.262,Idle
0.010,-0.001,1.012,0.376,-3.325,0.280,Idle
0.012,-0.000,1.011,0.403,-3.360,0.271,Idle
0.011,-0.001,1.012,0.359,-3.378,0.262,Idle
0.011,-0.000,1.012,0.315,-3.325,0.280,Idle
0.009,-0.001,1.012,0.394,-3.325,0.324,Idle
0.011,-0.000,1.011,0.411,-3.334,0.271,Idle
0.012,-0.001,1.012,0.385,-3.342,0.254,Idle
0.010,-0.001,1.012,0.376,-3.342,0.210,Idle
0.010,-0.001,1.012,0.411,-3.378,0.280,Idle
0.011,0.000,1.010,0.394,-3.334,0.254,Idle
0.010,-0.001,1.011,0.411,-3.342,0.280,Idle
0.012,-0.002,1.012,0.368,-3.325,0.254,Idle
0.011,-0.000,1.011,0.359,-3.369,0.271,Idle
0.009,-0.001,1.010,0.385,-3.325,0.262,Idle
0.011,-0.000,1.012,0.394,-3.369,0.298,Idle
0.012,0.002,1.010,0.385,-3.342,0.280,Idle
0.009,-0.002,1.013,0.394,-3.342,0.254,Idle
0.012,0.000,1.010,0.350,-3.386,0.271,Idle
0.011,-0.004,1.014,0.385,-3.351,0.271,Idle
0.011,0.002,1.011,0.394,-3.378,0.245,Idle
0.008,-0.003,1.013,0.368,-3.369,0.280,Idle
0.011,0.000,1.012,0.359,-3.334,0.280,Idle
0.012,-0.001,1.012,0.420,-3.325,0.289,Idle
0.011,-0.000,1.011,0.376,-3.290,0.210,Idle
0.009,-0.001,1.011,0.368,-3.360,0.271,Idle
0.010,-0.000,1.010,0.385,-3.334,0.271,Idle
0.011,-0.000,1.012,0.306,-3.316,0.262,Idle
0.011,-0.001,1.011,0.359,-3.342,0.306,Idle
0.009,-0.001,1.011,0.359,-3.369,0.262,Idle
0.012,-0.000,1.012,0.359,-3.316,0.236,Idle
0.011,-0.001,1.013,0.359,-3.351,0.280,Idle
0.011,-0.000,1.012,0.394,-3.378,0.254,Idle
0.010,0.000,1.012,0.411,-3.334,0.271,Idle
0.010,-0.000,1.011,0.368,-3.334,0.306,Idle
0.011,-0.000,1.012,0.376,-3.316,0.289,Idle
0.011,-0.000,1.011,0.411,-3.369,0.315,Idle
0.010,0.000,1.011,0.368,-3.307,0.298,Idle
0.012,-0.000,1.011,0.359,-3.342,0.306,Idle
0.009,0.000,1.011,0.368,-3.342,0.228,Idle
0.010,-0.000,1.013,0.385,-3.342,0.262,Idle
0.012,-0.001,1.012,0.376,-3.334,0.289,Idle
0.011,-0.000,1.012,0.385,-3.369,0.271,Idle
0.011,-0.001,1.011,0.403,-3.360,0.306,Idle
0.011,-0.000,1.013,0.376,-3.342,0.245,Idle
0.011,-0.001,1.012,0.376,-3.351,0.262,Idle
0.008,-0.003,1.012,0.385,-3.351,0.289,Idle
0.011,-0.001,1.012,0.420,-3.369,0.280,Idle
0.010,-0.000,1.012,0.359,-3.334,0.245,Idle
0.010,-0.000,1.011,0.333,-3.360,0.271,Idle
0.011,0.000,1.011,0.420,-3.307,0.245,Idle
0.011,0.000,1.010,0.411,-3.369,0.254,Idle
0.011,0.000,1.010,0.385,-3.316,0.271,Idle
0.009,-0.002,1.012,0.411,-3.342,0.254,Idle
0.010,-0.000,1.011,0.385,-3.325,0.289,Idle
0.011,-0.001,1.012,0.438,-3.360,0.254,Idle
0.010,0.000,1.012,0.376,-3.334,0.262,Idle
0.010,-0.001,1.012,0.376,-3.360,0.271,Idle
0.009,-0.000,1.012,0.376,-3.334,0.306,Idle
0.011,0.001,1.011,0.368,-3.316,0.280,Idle
0.009,-0.001,1.011,0.341,-3.342,0.254,Idle
0.010,0.000,1.012,0.411,-3.307,0.245,Idle
0.011,-0.000,1.011,0.368,-3.369,0.254,Idle
0.011,-0.000,1.011,0.385,-3.325,0.254,Idle
0.010,0.000,1.011,0.350,-3.386,0.298,Idle
0.011,-0.002,1.013,0.368,-3.342,0.289,Idle
0.011,0.000,1.011,0.368,-3.334,0.254,Idle
0.012,-0.001,1.012,0.403,-3.351,0.254,Idle
0.011,0.000,1.011,0.368,-3.342,0.262,Idle
0.011,-0.002,1.012,0.394,-3.325,0.262,Idle
0.010,0.000,1.011,0.368,-3.351,0.219,Idle
0.011,0.000,1.011,0.411,-3.360,0.262,Idle
0.011,-0.000,1.011,0.385,-3.351,0.262,Idle
0.011,-0.000,1.011,0.359,-3.395,0.262,Idle
0.011,-0.000,1.012,0.394,-3.316,0.228,Idle
0.012,-0.001,1.012,0.411,-3.325,0.280,Idle
0.011,-0.000,1.011,0.420,-3.325,0.254,Idle
0.011,-0.001,1.013,0.411,-3.325,0.245,Idle
0.011,-0.000,1.013,0.455,-3.369,0.262,Idle
0.011,-0.000,1.012,0.394,-3.325,0.271,Idle
0.011,-0.001,1.012,0.411,-3.307,0.271,Idle
0.011,-0.001,1.012,0.333,-3.316,0.271,Idle
0.011,-0.001,1.012,0.403,-3.307,0.262,Idle
0.011,0.000,1.010,0.376,-3.369,0.298,Idle
0.010,-0.000,1.011,0.429,-3.325,0.298,Idle
0.010,-0.000,1.012,0.376,-3.334,0.254,Idle
0.012,-0.000,1.011,0.368,-3.351,0.262,Idle
0.011,-0.000,1.011,0.376,-3.325,0.289,Idle
0.010,-0.001,1.012,0.385,-3.334,0.324,Idle
0.010,-0.001,1.011,0.341,-3.334,0.289,Idle
0.011,0.000,1.010,0.359,-3.378,0.228,Idle
0.011,-0.001,1.011,0.333,-3.334,0.271,Idle
0.011,-0.001,1.012,0.403,-3.351,0.289,Idle
0.010,-0.001,1.011,0.394,-3.334,0.236,Idle
0.011,-0.002,1.012,0.376,-3.342,0.262,Idle
0.011,-0.000,1.011,0.403,-3.360,0.262,Idle
0.011,-0.001,1.012,0.420,-3.325,0.236,Idle
0.010,-0.001,1.013,0.350,-3.369,0.262,Idle
0.011,0.000,1.011,0.368,-3.307,0.271,Idle
0.011,-0.001,1.012,0.350,-3.325,0.298,Idle
0.011,0.000,1.011,0.368,-3.378,0.289,Idle
0.010,0.000,1.012,0.368,-3.325,0.262,Idle
0.011,-0.000,1.011,0.333,-3.334,0.245,Idle
0.011,-0.001,1.012,0.333,-3.360,0.306,Idle
0.011,-0.000,1.012,0.385,-3.342,0.280,Idle
0.010,0.001,1.010,0.368,-3.360,0.271,Idle
0.011,-0.000,1.011,0.394,-3.369,0.254,Idle
0.012,-0.001,1.012,0.359,-3.378,0.254,Idle
0.011,-0.000,1.011,0.403,-3.307,0.289,Idle
0.010,0.000,1.012,0.385,-3.342,0.254,Idle
0.010,-0.000,1.012,0.350,-3.334,0.306,Idle
0.012,-0.001,1.012,0.376,-3.325,0.254,Idle
0.011,-0.001,1.011,0.385,-3.334,0.289,Idle
0.009,0.000,1.012,0.350,-3.360,0.324,Idle
0.012,-0.003,1.012,0.376,-3.299,0.210,Idle
0.011,-0.000,1.012,0.385,-3.360,0.271,Idle
0.008,-0.001,1.010,0.315,-3.378,0.306,Idle
0.009,-0.001,1.011,0.368,-3.369,0.271,Idle
0.013,-0.001,1.012,0.394,-3.351,0.280,Idle
0.011,-0.001,1.011,0.341,-3.307,0.271,Idle
0.008,-0.000,1.010,0.341,-3.351,0.306,Idle
0.010,0.000,1.012,0.333,-3.342,0.280,Idle
0.012,-0.002,1.011,0.333,-3.334,0.298,Idle
0.011,-0.000,1.013,0.341,-3.351,0.306,Idle
0.009,-0.001,1.013,0.385,-3.342,0.280,Idle
0.010,-0.000,1.011,0.376,-3.369,0.254,Idle
0.011,0.000,1.012,0.394,-3.307,0.236,Idle
0.010,-0.000,1.011,0.341,-3.334,0.315,Idle
0.009,-0.000,1.011,0.350,-3.369,0.254,Idle
0.010,-0.000,1.010,0.376,-3.360,0.262,Idle
0.012,-0.001,1.013,0.376,-3.342,0.298,Idle
0.010,-0.000,1.011,0.359,-3.334,0.254,Idle
0.010,0.000,1.011,0.368,-3.360,0.298,Idle
0.011,-0.001,1.012,0.411,-3.334,0.298,Idle
0.012,-0.000,1.012,0.359,-3.316,0.254,Idle
0.011,-0.000,1.011,0.368,-3.351,0.298,Idle
0.010,0.000,1.011,0.385,-3.360,0.289,Idle
0.011,0.000,1.011,0.298,-3.342,0.289,Idle
0.012,-0.000,1.011,0.350,-3.334,0.254,Idle
0.011,-0.000,1.011,0.350,-3.325,0.228,Idle
0.010,0.000,1.011,0.359,-3.360,0.315,Idle
0.011,-0.001,1.011,0.298,-3.378,0.333,Idle
0.012,-0.000,1.013,0.359,-3.360,0.280,Idle
0.011,0.001,1.011,0.350,-3.316,0.271,Idle
0.010,-0.001,1.012,0.359,-3.360,0.315,Idle
0.011,-0.000,1.010,0.341,-3.316,0.280,Idle
0.012,-0.001,1.012,0.359,-3.351,0.306,Idle
0.010,0.001,1.011,0.385,-3.342,0.245,Idle
0.011,-0.000,1.011,0.385,-3.369,0.298,Idle
0.011,0.001,1.012,0.350,-3.334,0.271,Idle
0.009,-0.000,1.012,0.368,-3.334,0.289,Idle
0.011,-0.000,1.012,0.359,-3.325,0.280,Idle
0.011,-0.002,1.012,0.411,-3.325,0.271,Idle
0.010,0.001,1.010,0.376,-3.316,0.262,Idle
0.011,-0.001,1.012,0.376,-3.325,0.271,Idle
0.010,0.001,1.011,0.420,-3.369,0.236,Idle
0.011,-0.001,1.011,0.420,-3.351,0.236,Idle
0.011,-0.000,1.009,0.429,-3.342,0.245,Idle
0.010,0.001,1.013,0.411,-3.325,0.280,Idle
0.012,-0.000,1.011,0.333,-3.325,0.298,Idle
0.011,0.000,1.011,0.368,-3.342,0.289,Idle
0.011,-0.000,1.012,0.359,-3.334,0.262,Idle
0.010,-0.000,1.012,0.403,-3.342,0.228,Idle
0.010,-0.000,1.012,0.368,-3.386,0.280,Idle
0.012,-0.001,1.010,0.429,-3.325,0.262,Idle
0.010,-0.000,1.011,0.385,-3.342,0.280,Idle
0.010,-0.000,1.012,0.403,-3.369,0.289,Idle
0.011,-0.000,1.011,0.385,-3.369,0.262,Idle
0.012,-0.000,1.011,0.368,-3.342,0.306,Idle
0.011,-0.001,1.011,0.376,-3.342,0.262,Idle
0.010,-0.000,1.012,0.341,-3.334,0.289,Idle
0.012,-0.000,1.011,0.341,-3.334,0.271,Idle
0.011,0.000,1.011,0.403,-3.307,0.262,Idle
0.011,-0.001,1.012,0.394,-3.334,0.228,Idle
0.011,0.000,1.011,0.341,-3.351,0.280,Idle
0.011,-0.000,1.010,0.411,-3.325,0.298,Idle
0.011,-0.000,1.011,0.394,-3.290,0.289,Idle
0.011,-0.000,1.011,0.376,-3.360,0.289,Idle
0.011,-0.000,1.011,0.376,-3.351,0.280,Idle
0.011,-0.001,1.010,0.333,-3.316,0.271,Idle
0.011,-0.001,1.012,0.411,-3.325,0.245,Idle
0.010,-0.001,1.012,0.368,-3.316,0.280,Idle
0.010,-0.001,1.011,0.315,-3.316,0.262,Idle
0.011,0.000,1.012,0.376,-3.342,0.254,Idle
0.011,-0.000,1.011,0.315,-3.351,0.280,Idle
0.011,-0.000,1.011,0.368,-3.334,0.236,Idle
0.011,0.000,1.011,0.368,-3.351,0.280,Idle
0.011,-0.000,1.011,0.403,-3.351,0.289,Idle
0.011,0.000,1.011,0.368,-3.316,0.271,Idle
0.011,0.000,1.013,0.359,-3.334,0.254,Idle
0.010,-0.001,1.012,0.411,-3.342,0.298,Idle
0.011,0.000,1.010,0.394,-3.386,0.289,Idle
0.012,0.000,1.011,0.385,-3.378,0.271,Idle
0.011,0.000,1.011,0.385,-3.299,0.333,Idle
0.011,-0.001,1.011,0.368,-3.342,0.280,Idle
0.011,-0.001,1.012,0.385,-3.351,0.245,Idle
0.012,0.000,1.011,0.368,-3.378,0.280,Idle
0.011,-0.000,1.012,0.429,-3.325,0.245,Idle
0.010,-0.000,1.012,0.411,-3.351,0.262,Idle
0.011,-0.001,1.010,0.376,-3.342,0.236,Idle
0.010,-0.000,1.011,0.376,-3.360,0.262,Idle
0.011,-0.000,1.011,0.385,-3.360,0.262,Idle
0.011,0.000,1.011,0.385,-3.360,0.262,Idle
0.014,-0.001,1.011,0.368,-3.404,0.262,Idle
0.009,0.001,1.010,0.368,-3.360,0.289,Idle
0.007,-0.000,1.012,0.385,-3.334,0.254,Idle
0.013,-0.001,1.011,0.403,-3.360,0.262,Idle
0.014,-0.001,1.011,0.376,-3.334,0.280,Idle
0.010,-0.000,1.011,0.376,-3.360,0.298,Idle
0.008,-0.001,1.011,0.411,-3.316,0.236,Idle
0.012,0.000,1.012,0.411,-3.351,0.219,Idle
0.013,-0.000,1.012,0.385,-3.342,0.271,Idle
0.009,0.000,1.011,0.385,-3.351,0.262,Idle
0.008,-0.000,1.012,0.420,-3.351,0.289,Idle
0.013,-0.001,1.011,0.376,-3.290,0.262,Idle
0.012,-0.001,1.012,0.385,-3.325,0.245,Idle
0.009,0.000,1.011,0.394,-3.307,0.254,Idle
0.009,-0.001,1.012,0.350,-3.334,0.271,Idle
0.013,-0.000,1.011,0.394,-3.351,0.289,Idle
0.012,0.000,1.012,0.368,-3.334,0.298,Idle
0.009,-0.000,1.011,0.333,-3.386,0.280,Idle
0.009,-0.000,1.011,0.333,-3.378,0.306,Idle
0.012,-0.001,1.012,0.359,-3.351,0.262,Idle
0.012,-0.001,1.010,0.403,-3.307,0.262,Idle
0.009,-0.000,1.010,0.385,-3.351,0.280,Idle
0.009,-0.000,1.011,0.376,-3.360,0.271,Idle
0.012,-0.000,1.012,0.368,-3.351,0.262,Idle
0.012,-0.001,1.013,0.376,-3.316,0.280,Idle
0.010,-0.000,1.012,0.385,-3.342,0.262,Idle
0.010,-0.000,1.012,0.385,-3.369,0.271,Idle
0.012,-0.000,1.012,0.385,-3.369,0.289,Idle
0.011,0.000,1.012,0.403,-3.342,0.236,Idle
0.010,-0.001,1.012,0.420,-3.334,0.271,Idle
0.010,-0.000,1.011,0.411,-3.351,0.254,Idle
0.013,-0.000,1.012,0.385,-3.342,0.306,Idle
0.011,-0.001,1.012,0.368,-3.334,0.245,Idle
0.009,-0.002,1.012,0.341,-3.351,0.262,Idle
0.011,0.000,1.009,0.368,-3.351,0.289,Idle
0.012,-0.001,1.012,0.385,-3.325,0.280,Idle
0.011,-0.001,1.011,0.368,-3.342,0.315,Idle
0.009,-0.001,1.013,0.403,-3.325,0.271,Idle
0.010,0.000,1.011,0.368,-3.325,0.271,Idle
0.011,-0.001,1.012,0.394,-3.299,0.306,Idle
0.012,-0.001,1.011,0.403,-3.342,0.236,Idle
0.009,-0.000,1.011,0.394,-3.316,0.245,Idle
0.010,-0.001,1.012,0.403,-3.360,0.298,Idle
0.012,-0.000,1.012,0.394,-3.360,0.254,Idle
0.011,-0.001,1.011,0.403,-3.334,0.280,Idle
0.010,-0.001,1.011,0.341,-3.360,0.228,Idle
0.010,-0.001,1.011,0.394,-3.360,0.298,Idle
0.011,-0.001,1.012,0.341,-3.325,0.271,Idle
0.010,-0.000,1.012,0.368,-3.369,0.245,Idle
0.011,-0.000,1.012,0.394,-3.360,0.289,Idle
0.010,0.000,1.010,0.376,-3.360,0.280,Idle
0.012,-0.001,1.013,0.350,-3.342,0.271,Idle
0.010,-0.001,1.012,0.341,-3.342,0.306,Idle
0.009,0.000,1.012,0.359,-3.351,0.289,Idle
0.010,-0.001,1.011,0.385,-3.342,0.289,Idle
0.011,-0.000,1.012,0.368,-3.334,0.298,Idle
0.011,-0.000,1.012,0.359,-3.351,0.262,Idle
0.010,-0.000,1.013,0.385,-3.369,0.280,Idle
0.010,-0.001,1.012,0.385,-3.342,0.262,Idle
0.011,-0.000,1.012,0.350,-3.325,0.280,Idle
0.011,-0.000,1.011,0.368,-3.334,0.280,Idle
0.010,0.000,1.011,0.350,-3.316,0.254,Idle
0.011,-0.000,1.011,0.376,-3.316,0.306,Idle
0.011,-0.000,1.013,0.368,-3.334,0.254,Idle
0.011,0.000,1.012,0.368,-3.369,0.271,Idle
0.011,-0.000,1.011,0.385,-3.369,0.289,Idle
0.011,-0.001,1.012,0.403,-3.386,0.254,Idle
0.011,-0.001,1.012,0.394,-3.351,0.280,Idle
0.010,-0.001,1.010,0.411,-3.360,0.306,Idle
0.010,-0.000,1.011,0.368,-3.342,0.280,Idle
0.010,-0.001,1.012,0.333,-3.325,0.271,Idle
0.011,0.000,1.012,0.333,-3.342,0.271,Idle
0.010,-0.001,1.013,0.350,-3.369,0.236,Idle
0.011,-0.001,1.012,0.350,-3.342,0.262,Idle
0.011,0.000,1.011,0.359,-3.351,0.280,Idle
0.011,-0.001,1.010,0.429,-3.299,0.254,Idle
0.010,0.001,1.012,0.368,-3.334,0.254,Idle
0.011,0.001,1.010,0.411,-3.316,0.306,Idle
0.012,-0.000,1.012,0.333,-3.369,0.289,Idle
0.012,0.000,1.011,0.376,-3.325,0.254,Idle
0.010,-0.001,1.011,0.359,-3.369,0.280,Idle
0.011,-0.001,1.012,0.324,-3.342,0.271,Idle
0.010,-0.000,1.011,0.350,-3.334,0.280,Idle
0.011,-0.000,1.011,0.394,-3.386,0.280,Idle
0.011,-0.001,1.013,0.350,-3.360,0.280,Idle
0.010,-0.000,1.011,0.376,-3.360,0.254,Idle
0.011,-0.000,1.012,0.376,-3.360,0.254,Idle
0.010,-0.001,1.012,0.333,-3.351,0.306,Idle
0.010,-0.000,1.012,0.368,-3.360,0.254,Idle
0.010,-0.001,1.012,0.403,-3.378,0.289,Idle
0.012,-0.000,1.011,0.376,-3.342,0.254,Idle
0.011,0.000,1.012,0.359,-3.369,0.262,Idle
0.010,-0.000,1.011,0.411,-3.351,0.236,Idle
0.010,-0.001,1.011,0.359,-3.369,0.298,Idle
0.012,-0.001,1.011,0.359,-3.307,0.289,Idle
0.010,-0.001,1.013,0.359,-3.351,0.262,Idle
0.009,0.000,1.012,0.403,-3.342,0.262,Idle
0.009,-0.000,1.011,0.368,-3.325,0.262,Idle
0.012,-0.000,1.012,0.368,-3.334,0.271,Idle
0.010,0.000,1.012,0.368,-3.325,0.254,Idle
0.010,-0.000,1.011,0.350,-3.334,0.271,Idle
0.011,-0.001,1.012,0.438,-3.316,0.306,Idle
0.012,0.000,1.011,0.359,-3.360,0.262,Idle
0.010,-0.000,1.011,0.411,-3.342,0.262,Idle
0.011,0.000,1.012,0.403,-3.369,0.262,Idle
0.010,-0.001,1.011,0.350,-3.351,0.324,Idle
0.012,0.000,1.012,0.411,-3.360,0.289,Idle
0.010,-0.000,1.011,0.394,-3.299,0.219,Idle
0.009,-0.001,1.011,0.350,-3.386,0.289,Idle
0.010,0.000,1.011,0.376,-3.386,0.262,Idle
0.012,-0.001,1.012,0.403,-3.325,0.289,Idle
0.010,-0.001,1.011,0.411,-3.342,0.280,Idle
0.010,-0.000,1.011,0.359,-3.351,0.289,Idle
0.011,-0.001,1.012,0.411,-3.325,0.271,Idle
0.012,-0.000,1.012,0.394,-3.334,0.289,Idle
0.010,-0.001,1.011,0.368,-3.351,0.289,Idle
0.010,0.000,1.013,0.341,-3.351,0.245,Idle
0.010,-0.000,1.011,0.394,-3.325,0.333,Idle
0.011,-0.000,1.012,0.394,-3.334,0.289,Idle
0.010,-0.000,1.011,0.341,-3.342,0.271,Idle
0.011,0.000,1.011,0.403,-3.334,0.262,Idle
0.012,-0.000,1.012,0.385,-3.351,0.262,Idle
0.010,0.000,1.011,0.333,-3.299,0.262,Idle
0.010,-0.001,1.011,0.403,-3.360,0.245,Idle
0.010,-0.001,1.011,0.411,-3.351,0.289,Idle
0.011,-0.001,1.012,0.333,-3.378,0.298,Idle
0.011,-0.000,1.012,0.376,-3.325,0.280,Idle
0.010,-0.000,1.012,0.394,-3.307,0.210,Idle
0.012,-0.002,1.011,0.341,-3.386,0.262,Idle
0.010,-0.000,1.012,0.376,-3.351,0.271,Idle
0.011,0.001,1.010,0.359,-3.342,0.262,Idle
0.011,-0.001,1.011,0.385,-3.316,0.280,Idle
0.010,-0.000,1.012,0.429,-3.351,0.236,Idle
0.012,-0.001,1.012,0.394,-3.290,0.289,Idle
0.011,-0.001,1.013,0.368,-3.307,0.280,Idle
0.010,-0.001,1.011,0.385,-3.316,0.271,Idle
0.010,0.000,1.013,0.394,-3.369,0.289,Idle
0.010,-0.001,1.010,0.403,-3.334,0.289,Idle
0.012,-0.001,1.010,0.403,-3.360,0.262,Idle
0.010,0.000,1.012,0.368,-3.334,0.289,Idle
0.011,-0.001,1.013,0.368,-3.360,0.262,Idle
0.010,-0.000,1.012,0.438,-3.360,0.254,Idle
0.011,-0.000,1.011,0.359,-3.351,0.271,Idle
0.010,-0.002,1.012,0.376,-3.369,0.271,Idle
0.010,-0.001,1.011,0.359,-3.325,0.254,Idle
0.010,-0.000,1.012,0.315,-3.316,0.280,Idle
0.010,-0.001,1.011,0.341,-3.351,0.298,Idle
0.011,0.000,1.012,0.368,-3.369,0.271,Idle
0.010,-0.000,1.012,0.376,-3.351,0.262,Idle
0.011,-0.001,1.012,0.385,-3.351,0.324,Idle
0.011,-0.000,1.011,0.403,-3.334,0.315,Idle
0.010,-0.002,1.012,0.420,-3.386,0.298,Idle
0.009,-0.000,1.011,0.420,-3.334,0.271,Idle
0.010,0.000,1.011,0.376,-3.369,0.262,Idle
0.012,0.000,1.012,0.429,-3.334,0.280,Idle
0.011,-0.001,1.012,0.368,-3.334,0.254,Idle
0.010,-0.000,1.011,0.359,-3.369,0.289,Idle
0.010,-0.001,1.011,0.368,-3.334,0.271,Idle
0.011,-0.001,1.011,0.403,-3.351,0.262,Idle
0.010,-0.000,1.011,0.385,-3.325,0.236,Idle
0.010,-0.000,1.012,0.385,-3.342,0.271,Idle
0.011,-0.000,1.012,0.350,-3.378,0.236,Idle
0.011,-0.001,1.011,0.403,-3.334,0.280,Idle
0.011,-0.001,1.011,0.420,-3.334,0.254,Idle
0.009,-0.000,1.011,0.350,-3.342,0.280,Idle
0.010,0.000,1.010,0.368,-3.325,0.280,Idle
0.011,-0.000,1.012,0.429,-3.360,0.289,Idle
0.009,0.001,1.011,0.385,-3.316,0.271,Idle
0.011,0.000,1.011,0.411,-3.325,0.289,Idle
0.011,-0.001,1.012,0.394,-3.360,0.271,Idle
0.011,0.001,1.010,0.368,-3.342,0.280,Idle
0.014,-0.001,1.013,0.394,-3.334,0.245,Idle
0.012,-0.000,1.012,0.368,-3.360,0.280,Idle
0.008,0.000,1.011,0.403,-3.351,0.254,Idle
0.013,0.002,1.010,0.350,-3.360,0.271,Idle
0.013,-0.001,1.012,0.403,-3.351,0.245,Idle
0.011,0.002,1.011,0.411,-3.351,0.271,Idle
0.009,0.001,1.011,0.333,-3.360,0.262,Idle
0.012,0.001,1.014,0.376,-3.342,0.298,Idle
0.010,-0.001,1.008,0.333,-3.342,0.280,Idle
0.010,-0.001,1.014,0.341,-3.334,0.298,Idle
0.011,0.001,1.013,0.368,-3.316,0.298,Idle
0.012,0.000,1.012,0.403,-3.351,0.289,Idle
0.010,-0.001,1.012,0.411,-3.342,0.228,Idle
0.009,-0.001,1.012,0.394,-3.334,0.236,Idle
0.011,0.000,1.013,0.350,-3.316,0.254,Idle
0.010,-0.000,1.010,0.350,-3.334,0.271,Idle
0.011,-0.001,1.011,0.368,-3.386,0.324,Idle
0.010,-0.000,1.012,0.333,-3.360,0.333,Idle
0.010,-0.000,1.010,0.385,-3.378,0.289,Idle
0.010,-0.001,1.012,0.333,-3.360,0.289,Idle
0.011,-0.001,1.011,0.359,-3.351,0.289,Idle
0.011,-0.000,1.010,0.368,-3.342,0.298,Idle
0.010,-0.000,1.012,0.350,-3.334,0.245,Idle
0.012,-0.000,1.011,0.324,-3.342,0.245,Idle
0.010,-0.000,1.012,0.403,-3.334,0.254,Idle
0.009,-0.000,1.010,0.385,-3.378,0.254,Idle
0.010,-0.000,1.011,0.333,-3.325,0.262,Idle
0.012,-0.001,1.011,0.411,-3.351,0.271,Idle
0.010,0.000,1.012,0.359,-3.360,0.280,Idle
0.009,-0.000,1.012,0.394,-3.342,0.245,Idle
0.013,0.000,1.010,0.368,-3.351,0.262,Idle
0.011,-0.002,1.011,0.333,-3.334,0.245,Idle
0.010,0.000,1.011,0.368,-3.351,0.254,Idle
0.010,-0.001,1.012,0.333,-3.360,0.289,Idle
0.011,-0.001,1.012,0.324,-3.342,0.315,Idle
0.010,-0.001,1.011,0.411,-3.351,0.271,Idle
0.010,-0.001,1.014,0.368,-3.334,0.262,Idle
0.011,0.000,1.011,0.368,-3.342,0.245,Idle
0.011,-0.000,1.011,0.368,-3.351,0.228,Idle
0.011,0.000,1.012,0.403,-3.369,0.228,Idle
0.010,-0.001,1.011,0.341,-3.378,0.271,Idle
0.010,-0.002,1.012,0.368,-3.342,0.289,Idle
0.011,-0.000,1.008,0.403,-3.325,0.262,Idle
0.011,-0.003,1.013,0.394,-3.351,0.298,Idle
0.009,0.002,1.009,0.376,-3.378,0.280,Idle
0.011,-0.000,1.010,0.403,-3.342,0.289,Idle
0.011,-0.000,1.010,0.411,-3.378,0.254,Idle
0.010,-0.001,1.012,0.306,-3.342,0.289,Idle
0.011,0.000,1.011,0.359,-3.307,0.271,Idle
0.011,-0.001,1.011,0.368,-3.342,0.306,Idle
0.011,-0.001,1.011,0.411,-3.281,0.262,Idle
0.011,0.000,1.012,0.359,-3.316,0.262,Idle
0.010,-0.000,1.010,0.315,-3.342,0.289,Idle
0.011,0.001,1.011,0.403,-3.351,0.298,Idle
0.011,-0.000,1.009,0.368,-3.369,0.298,Idle
0.011,-0.001,1.012,0.394,-3.360,0.289,Idle
0.010,0.001,1.010,0.368,-3.351,0.324,Idle
0.010,-0.001,1.013,0.350,-3.316,0.289,Idle
0.011,0.000,1.011,0.333,-3.334,0.280,Idle
0.012,-0.001,1.012,0.341,-3.378,0.271,Idle
0.008,0.000,1.011,0.315,-3.351,0.298,Idle
0.010,-0.001,1.011,0.341,-3.307,0.324,Idle
0.013,-0.002,1.010,0.341,-3.325,0.262,Idle
0.012,0.000,1.012,0.394,-3.334,0.254,Idle
0.011,-0.000,1.011,0.394,-3.334,0.228,Idle
0.010,-0.001,1.010,0.394,-3.307,0.254,Idle
0.012,-0.001,1.012,0.350,-3.342,0.280,Idle
0.012,-0.001,1.010,0.385,-3.360,0.289,Idle
0.009,0.000,1.010,0.376,-3.334,0.280,Idle
0.009,0.001,1.011,0.385,-3.360,0.280,Idle
0.011,-0.001,1.011,0.341,-3.334,0.254,Idle
0.012,0.000,1.010,0.385,-3.342,0.298,Idle
0.010,-0.001,1.012,0.385,-3.360,0.315,Idle
0.009,0.001,1.012,0.411,-3.334,0.280,Idle
0.011,0.000,1.011,0.324,-3.334,0.280,Idle
0.013,-0.002,1.011,0.403,-3.325,0.271,Idle
0.010,0.001,1.011,0.394,-3.334,0.262,Idle
0.009,-0.002,1.012,0.368,-3.325,0.289,Idle
0.011,0.001,1.010,0.385,-3.360,0.262,Idle
0.013,-0.000,1.012,0.359,-3.325,0.254,Idle
0.009,0.001,1.009,0.350,-3.334,0.289,Idle
0.010,-0.002,1.013,0.394,-3.386,0.271,Idle
0.012,0.000,1.009,0.420,-3.404,0.254,Idle
0.012,-0.001,1.012,0.394,-3.316,0.350,Idle
0.010,0.000,1.010,0.376,-3.342,0.254,Idle
0.010,-0.001,1.012,0.394,-3.351,0.280,Idle
0.012,-0.000,1.012,0.376,-3.360,0.245,Idle
0.012,-0.002,1.012,0.376,-3.334,0.306,Idle
0.010,-0.001,1.011,0.394,-3.342,0.228,Idle
0.010,0.000,1.011,0.429,-3.325,0.306,Idle
0.012,-0.001,1.011,0.350,-3.360,0.271,Idle
0.012,-0.001,1.010,0.394,-3.334,0.298,Idle
0.010,-0.000,1.010,0.376,-3.342,0.271,Idle
0.012,-0.000,1.011,0.385,-3.342,0.306,Idle
0.010,-0.001,1.012,0.376,-3.360,0.219,Idle
0.010,-0.000,1.011,0.394,-3.334,0.298,Idle
0.010,-0.000,1.011,0.403,-3.342,0.228,Idle
0.011,-0.001,1.010,0.368,-3.316,0.306,Idle
0.011,-0.001,1.011,0.333,-3.360,0.298,Idle
0.009,0.001,1.010,0.368,-3.369,0.254,Idle
0.011,-0.000,1.011,0.376,-3.334,0.289,Idle
0.011,-0.000,1.012,0.385,-3.334,0.280,Idle
0.011,-0.001,1.010,0.359,-3.360,0.254,Idle
0.011,0.000,1.010,0.376,-3.307,0.280,Idle
0.011,-0.000,1.011,0.385,-3.351,0.298,Idle
0.010,-0.000,1.010,0.333,-3.325,0.271,Idle
0.011,-0.001,1.011,0.385,-3.342,0.254,Idle
0.010,0.000,1.011,0.403,-3.316,0.289,Idle
0.011,0.000,1.012,0.394,-3.351,0.262,Idle
0.011,-0.002,1.011,0.394,-3.325,0.271,Idle
0.011,0.001,1.012,0.385,-3.360,0.289,Idle
0.010,-0.001,1.012,0.368,-3.342,0.236,Idle
0.012,0.000,1.011,0.315,-3.351,0.271,Idle
0.010,-0.002,1.013,0.376,-3.360,0.262,Idle
0.010,-0.000,1.012,0.376,-3.378,0.271,Idle
0.010,-0.001,1.011,0.350,-3.351,0.298,Idle
0.011,-0.000,1.011,0.350,-3.360,0.254,Idle
0.010,0.000,1.011,0.385,-3.334,0.280,Idle
0.010,0.001,1.010,0.403,-3.316,0.245,Idle
0.011,-0.000,1.011,0.394,-3.342,0.271,Idle
0.012,0.000,1.012,0.368,-3.307,0.262,Idle
0.010,-0.000,1.012,0.394,-3.386,0.298,Idle
0.010,0.000,1.011,0.368,-3.307,0.289,Idle
0.011,-0.000,1.012,0.394,-3.351,0.262,Idle
0.010,-0.001,1.011,0.394,-3.369,0.262,Idle
0.011,-0.001,1.012,0.376,-3.351,0.306,Idle
0.010,-0.001,1.011,0.385,-3.369,0.236,Idle
0.012,-0.001,1.012,0.376,-3.316,0.289,Idle
0.011,-0.000,1.012,0.394,-3.351,0.271,Idle
0.011,-0.000,1.010,0.403,-3.360,0.228,Idle
0.012,-0.001,1.009,0.394,-3.316,0.324,Idle
0.012,-0.002,1.011,0.420,-3.342,0.289,Idle
0.010,-0.001,1.012,0.376,-3.316,0.254,Idle
0.011,-0.001,1.011,0.368,-3.325,0.236,Idle
0.011,-0.002,1.012,0.359,-3.342,0.289,Idle
0.011,-0.001,1.012,0.341,-3.360,0.280,Idle
0.011,-0.001,1.012,0.368,-3.307,0.306,Idle
0.009,-0.000,1.012,0.359,-3.334,0.315,Idle
0.010,0.000,1.011,0.368,-3.316,0.306,Idle
0.011,-0.001,1.012,0.394,-3.342,0.245,Idle
0.009,0.000,1.013,0.350,-3.325,0.306,Idle
0.011,0.001,1.011,0.438,-3.386,0.271,Idle
0.012,0.000,1.011,0.376,-3.342,0.271,Idle
0.010,-0.000,1.010,0.385,-3.342,0.280,Idle
0.012,-0.000,1.011,0.394,-3.378,0.245,Idle
0.009,-0.001,1.011,0.368,-3.351,0.271,Idle
0.011,-0.001,1.011,0.350,-3.316,0.262,Idle
0.011,-0.000,1.012,0.376,-3.395,0.289,Idle
0.012,0.001,1.010,0.411,-3.325,0.271,Idle
0.011,0.001,1.010,0.376,-3.325,0.298,Idle
0.010,-0.002,1.013,0.359,-3.342,0.254,Idle
0.010,-0.002,1.014,0.359,-3.342,0.289,Idle
0.011,-0.000,1.010,0.394,-3.351,0.271,Idle
0.010,0.000,1.011,0.359,-3.342,0.289,Idle
0.010,-0.000,1.010,0.429,-3.360,0.280,Idle
0.010,-0.001,1.011,0.376,-3.369,0.245,Idle
0.010,-0.000,1.011,0.411,-3.334,0.219,Idle
0.011,-0.002,1.011,0.368,-3.316,0.271,Idle
0.009,-0.000,1.011,0.403,-3.386,0.280,Idle
0.011,-0.000,1.009,0.368,-3.334,0.324,Idle
0.010,-0.000,1.010,0.385,-3.360,0.236,Idle
0.011,-0.001,1.011,0.394,-3.378,0.236,Idle
0.010,0.001,1.011,0.385,-3.342,0.280,Idle
0.011,-0.001,1.012,0.376,-3.351,0.254,Idle
0.011,-0.000,1.011,0.350,-3.334,0.280,Idle
0.011,-0.001,1.012,0.376,-3.378,0.262,Idle
0.011,-0.000,1.011,0.350,-3.307,0.245,Idle
0.011,-0.000,1.010,0.429,-3.334,0.262,Idle
0.011,0.000,1.010,0.403,-3.360,0.289,Idle
0.011,-0.001,1.010,0.394,-3.342,0.254,Idle
0.011,-0.001,1.011,0.403,-3.325,0.280,Idle
0.011,-0.001,1.013,0.376,-3.325,0.254,Idle
0.010,-0.001,1.012,0.385,-3.369,0.306,Idle
0.010,-0.001,1.011,0.376,-3.290,0.254,Idle
0.011,-0.001,1.011,0.403,-3.334,0.254,Idle
0.011,0.000,1.012,0.394,-3.342,0.306,Idle
0.010,-0.001,1.010,0.376,-3.342,0.254,Idle
0.010,-0.001,1.011,0.350,-3.342,0.289,Idle
0.011,-0.001,1.010,0.394,-3.299,0.271,Idle
0.011,-0.001,1.011,0.376,-3.334,0.262,Idle
0.010,-0.001,1.011,0.324,-3.342,0.262,Idle
0.011,0.000,1.012,0.359,-3.369,0.271,Idle
0.011,-0.001,1.010,0.403,-3.351,0.254,Idle
0.010,-0.000,1.012,0.324,-3.325,0.306,Idle
0.010,0.000,1.011,0.403,-3.369,0.333,Idle
0.010,-0.001,1.011,0.455,-3.307,0.236,Idle
0.010,-0.001,1.010,0.411,-3.378,0.280,Idle
0.012,-0.000,1.012,0.394,-3.386,0.245,Idle
0.012,-0.000,1.011,0.368,-3.360,0.280,Idle
0.010,-0.001,1.010,0.385,-3.342,0.333,Idle
0.010,-0.001,1.011,0.385,-3.325,0.254,Idle
0.010,0.000,1.011,0.376,-3.325,0.306,Idle
0.011,-0.001,1.012,0.376,-3.342,0.289,Idle
0.011,-0.001,1.011,0.385,-3.334,0.289,Idle
0.011,-0.001,1.012,0.368,-3.369,0.271,Idle
0.011,-0.001,1.011,0.359,-3.360,0.254,Idle
0.010,-0.001,1.012,0.385,-3.325,0.262,Idle
0.011,0.000,1.011,0.376,-3.316,0.306,Idle
0.011,-0.000,1.011,0.368,-3.360,0.262,Idle
0.011,-0.001,1.012,0.420,-3.351,0.271,Idle
0.010,-0.001,1.011,0.385,-3.316,0.262,Idle
0.011,-0.000,1.013,0.376,-3.307,0.298,Idle
0.010,0.001,1.011,0.394,-3.378,0.245,Idle
0.011,-0.000,1.013,0.394,-3.290,0.254,Idle
0.011,-0.000,1.012,0.315,-3.299,0.280,Idle
0.010,-0.001,1.010,0.385,-3.316,0.271,Idle
0.010,-0.001,1.010,0.368,-3.342,0.262,Idle
0.011,-0.001,1.012,0.403,-3.325,0.254,Idle
0.011,-0.001,1.011,0.385,-3.334,0.280,Idle
0.010,-0.001,1.010,0.359,-3.342,0.262,Idle
0.010,0.000,1.011,0.385,-3.316,0.254,Idle
0.011,-0.000,1.011,0.394,-3.316,0.254,Idle
0.011,0.000,1.012,0.385,-3.360,0.324,Idle
0.010,0.000,1.011,0.420,-3.351,0.298,Idle
0.011,0.000,1.011,0.385,-3.351,0.280,Idle
0.011,-0.001,1.010,0.350,-3.360,0.271,Idle
0.011,-0.001,1.011,0.438,-3.342,0.315,Idle
0.012,-0.001,1.012,0.385,-3.334,0.219,Idle
0.011,0.000,1.011,0.341,-3.325,0.271,Idle
0.011,-0.000,1.012,0.333,-3.342,0.262,Idle
0.011,-0.001,1.012,0.403,-3.325,0.271,Idle
0.011,0.000,1.009,0.376,-3.342,0.271,Idle
0.010,-0.000,1.011,0.333,-3.334,0.228,Idle
0.011,-0.001,1.012,0.368,-3.360,0.254,Idle
0.011,-0.001,1.012,0.359,-3.360,0.271,Idle
0.011,0.000,1.011,0.403,-3.334,0.306,Idle
0.011,-0.000,1.011,0.368,-3.351,0.280,Idle
0.011,-0.001,1.010,0.376,-3.325,0.298,Idle
0.010,-0.000,1.011,0.411,-3.325,0.271,Idle
0.011,-0.000,1.011,0.306,-3.334,0.289,Idle
0.010,-0.000,1.010,0.359,-3.307,0.289,Idle
0.011,-0.001,1.011,0.368,-3.325,0.254,Idle
0.010,0.000,1.012,0.376,-3.351,0.236,Idle
0.011,-0.000,1.012,0.385,-3.351,0.298,Idle
0.011,0.000,1.011,0.403,-3.342,0.280,Idle
0.010,-0.000,1.013,0.376,-3.360,0.280,Idle
0.010,0.000,1.012,0.403,-3.360,0.271,Idle
0.010,0.001,1.010,0.403,-3.360,0.236,Idle
0.011,-0.000,1.011,0.411,-3.342,0.298,Idle
0.011,-0.001,1.013,0.385,-3.369,0.262,Idle
0.011,-0.001,1.011,0.394,-3.334,0.333,Idle
0.010,-0.001,1.011,0.359,-3.351,0.280,Idle
0.011,0.000,1.011,0.333,-3.351,0.298,Idle
0.011,-0.001,1.010,0.376,-3.307,0.289,Idle
0.010,-0.000,1.012,0.333,-3.351,0.262,Idle
0.011,-0.000,1.012,0.376,-3.360,0.280,Idle
0.010,0.000,1.012,0.394,-3.342,0.245,Idle
0.011,-0.001,1.010,0.368,-3.360,0.254,Idle
0.011,-0.000,1.012,0.333,-3.334,0.280,Idle
0.011,0.000,1.012,0.350,-3.325,0.271,Idle
0.010,-0.000,1.011,0.403,-3.342,0.262,Idle
0.010,-0.000,1.011,0.368,-3.316,0.262,Idle
0.011,0.000,1.012,0.403,-3.316,0.271,Idle
0.011,0.000,1.009,0.411,-3.299,0.315,Idle
0.010,-0.001,1.011,0.376,-3.334,0.228,Idle
0.011,-0.000,1.011,0.368,-3.360,0.289,Idle
0.010,-0.001,1.009,0.411,-3.316,0.271,Idle
0.011,-0.000,1.012,0.350,-3.369,0.228,Idle
0.010,-0.001,1.011,0.376,-3.351,0.280,Idle
0.010,-0.001,1.013,0.359,-3.360,0.280,Idle
0.010,-0.001,1.011,0.333,-3.342,0.271,Idle
0.011,-0.001,1.011,0.403,-3.334,0.254,Idle
0.010,0.000,1.010,0.368,-3.325,0.245,Idle
0.011,-0.000,1.011,0.368,-3.325,0.262,Idle
0.010,-0.000,1.012,0.403,-3.316,0.245,Idle
0.011,-0.001,1.010,0.394,-3.360,0.254,Idle
0.011,-0.001,1.011,0.376,-3.325,0.254,Idle
0.011,-0.001,1.012,0.385,-3.334,0.289,Idle
0.011,0.000,1.012,0.376,-3.307,0.271,Idle
0.011,-0.000,1.010,0.359,-3.334,0.298,Idle
0.010,-0.000,1.010,0.376,-3.369,0.306,Idle
0.010,-0.001,1.012,0.411,-3.334,0.289,Idle
0.011,-0.001,1.012,0.376,-3.334,0.236,Idle
0.010,-0.001,1.013,0.385,-3.307,0.210,Idle
0.011,0.000,1.012,0.359,-3.316,0.254,Idle
0.010,-0.001,1.011,0.411,-3.360,0.262,Idle
0.011,-0.000,1.011,0.376,-3.334,0.271,Idle
0.010,-0.000,1.011,0.403,-3.386,0.236,Idle
0.011,0.000,1.011,0.359,-3.342,0.254,Idle
0.010,-0.000,1.013,0.385,-3.395,0.254,Idle
0.011,-0.001,1.011,0.324,-3.360,0.298,Idle
0.011,-0.000,1.012,0.359,-3.334,0.254,Idle
0.011,-0.001,1.012,0.333,-3.369,0.254,Idle
0.011,-0.001,1.012,0.350,-3.334,0.324,Idle
0.010,-0.001,1.010,0.359,-3.351,0.306,Idle
0.011,-0.000,1.011,0.403,-3.334,0.228,Idle
0.010,-0.001,1.012,0.376,-3.360,0.298,Idle
0.010,-0.002,1.012,0.359,-3.369,0.289,Idle
0.012,0.000,1.013,0.394,-3.342,0.298,Idle
0.012,0.000,1.011,0.429,-3.325,0.280,Idle
0.009,-0.000,1.012,0.368,-3.307,0.306,Idle
0.009,-0.001,1.010,0.385,-3.351,0.289,Idle
0.010,-0.001,1.010,0.394,-3.351,0.262,Idle
0.011,-0.001,1.011,0.446,-3.360,0.236,Idle
0.011,-0.001,1.012,0.403,-3.325,0.280,Idle
0.010,0.000,1.013,0.385,-3.342,0.280,Idle
0.012,-0.002,1.011,0.350,-3.307,0.289,Idle
0.011,-0.001,1.012,0.385,-3.351,0.280,Idle
0.009,-0.000,1.010,0.350,-3.351,0.289,Idle
0.010,0.001,1.013,0.341,-3.316,0.280,Idle
0.011,-0.000,1.011,0.333,-3.334,0.289,Idle
0.011,-0.001,1.012,0.385,-3.360,0.271,Idle
0.011,0.000,1.010,0.368,-3.334,0.245,Idle
0.010,-0.000,1.011,0.359,-3.325,0.280,Idle
0.012,-0.000,1.011,0.333,-3.325,0.289,Idle
0.012,-0.000,1.010,0.420,-3.299,0.228,Idle
0.010,-0.001,1.014,0.350,-3.325,0.262,Idle
0.009,-0.000,1.010,0.376,-3.334,0.254,Idle
0.011,-0.001,1.013,0.350,-3.307,0.280,Idle
0.010,0.000,1.012,0.376,-3.342,0.262,Idle
0.010,-0.001,1.012,0.359,-3.316,0.254,Idle
0.011,0.000,1.011,0.394,-3.316,0.219,Idle
0.011,-0.001,1.012,0.403,-3.325,0.245,Idle
0.011,-0.001,1.012,0.385,-3.378,0.262,Idle
0.009,-0.000,1.012,0.394,-3.369,0.289,Idle
0.011,-0.001,1.012,0.420,-3.360,0.315,Idle
0.010,0.000,1.011,0.403,-3.360,0.280,Idle
0.010,-0.001,1.011,0.359,-3.351,0.280,Idle
0.011,-0.001,1.010,0.368,-3.325,0.289,Idle
0.010,-0.001,1.011,0.429,-3.342,0.262,Idle
0.011,-0.002,1.012,0.368,-3.342,0.254,Idle
0.012,-0.001,1.011,0.429,-3.316,0.245,Idle
0.010,-0.000,1.010,0.385,-3.404,0.262,Idle
0.009,-0.001,1.012,0.385,-3.342,0.280,Idle
0.012,0.001,1.010,0.333,-3.369,0.245,Idle
0.011,-0.001,1.013,0.341,-3.369,0.254,Idle
0.010,0.000,1.012,0.376,-3.342,0.262,Idle
0.010,-0.001,1.011,0.403,-3.334,0.289,Idle
0.011,0.000,1.011,0.385,-3.334,0.306,Idle
0.010,-0.000,1.012,0.333,-3.316,0.254,Idle
0.010,-0.000,1.011,0.394,-3.369,0.341,Idle
0.011,-0.001,1.011,0.350,-3.360,0.280,Idle
0.012,-0.001,1.011,0.376,-3.342,0.289,Idle
0.010,-0.001,1.012,0.455,-3.334,0.219,Idle
0.011,0.000,1.010,0.368,-3.342,0.280,Idle
0.011,-0.002,1.012,0.341,-3.316,0.298,Idle
0.011,-0.001,1.011,0.394,-3.307,0.289,Idle
0.010,-0.001,1.012,0.376,-3.360,0.228,Idle
0.010,-0.001,1.011,0.359,-3.378,0.298,Idle
0.012,-0.001,1.011,0.429,-3.325,0.315,Idle
0.010,-0.001,1.011,0.403,-3.360,0.271,Idle
0.010,-0.000,1.013,0.368,-3.351,0.262,Idle
0.010,-0.000,1.011,0.368,-3.307,0.298,Idle
0.010,-0.000,1.012,0.411,-3.342,0.210,Idle
0.012,-0.001,1.012,0.411,-3.334,0.262,Idle
0.010,0.000,1.012,0.403,-3.299,0.271,Idle
0.009,0.000,1.011,0.385,-3.386,0.254,Idle
0.011,-0.001,1.010,0.385,-3.334,0.298,Idle
0.010,-0.000,1.012,0.385,-3.307,0.271,Idle
0.011,-0.000,1.011,0.411,-3.369,0.280,Idle
0.010,-0.000,1.011,0.411,-3.386,0.262,Idle
0.011,0.000,1.011,0.368,-3.351,0.280,Idle
0.011,0.000,1.011,0.376,-3.342,0.228,Idle
0.010,-0.000,1.011,0.341,-3.325,0.262,Idle
0.009,-0.002,1.013,0.411,-3.342,0.228,Idle
0.011,0.001,1.010,0.359,-3.334,0.210,Idle
0.011,-0.001,1.011,0.438,-3.360,0.254,Idle
0.011,0.000,1.011,0.368,-3.334,0.254,Idle
0.010,-0.001,1.012,0.324,-3.325,0.324,Idle
0.011,-0.001,1.011,0.411,-3.307,0.298,Idle
0.012,-0.000,1.011,0.359,-3.325,0.254,Idle
0.010,-0.001,1.012,0.368,-3.325,0.306,Idle
0.011,-0.000,1.012,0.350,-3.342,0.262,Idle
0.010,0.001,1.011,0.333,-3.316,0.236,Idle
0.011,-0.001,1.011,0.385,-3.316,0.245,Idle
0.009,-0.001,1.012,0.333,-3.342,0.262,Idle
0.010,-0.001,1.012,0.368,-3.369,0.254,Idle
0.011,-0.000,1.010,0.376,-3.299,0.262,Idle
0.012,-0.000,1.012,0.385,-3.378,0.254,Idle
0.010,-0.001,1.011,0.359,-3.351,0.245,Idle
0.009,-0.001,1.012,0.385,-3.369,0.315,Idle
0.011,-0.000,1.011,0.368,-3.334,0.262,Idle
0.011,0.000,1.011,0.394,-3.325,0.245,Idle
0.011,0.000,1.012,0.403,-3.342,0.228,Idle
0.011,-0.001,1.011,0.394,-3.351,0.262,Idle
0.010,-0.001,1.011,0.333,-3.360,0.262,Idle
0.011,-0.001,1.012,0.411,-3.307,0.298,Idle
0.010,-0.001,1.012,0.376,-3.360,0.289,Idle
0.010,-0.000,1.013,0.385,-3.334,0.228,Idle
0.011,0.000,1.011,0.385,-3.325,0.254,Idle
0.011,-0.000,1.012,0.385,-3.316,0.280,Idle
0.009,-0.001,1.011,0.403,-3.342,0.271,Idle
0.010,-0.001,1.010,0.359,-3.334,0.289,Idle
0.011,-0.001,1.011,0.403,-3.325,0.254,Idle
0.012,0.000,1.012,0.341,-3.351,0.315,Idle
0.010,-0.001,1.012,0.350,-3.351,0.306,Idle
0.010,-0.000,1.012,0.394,-3.334,0.262,Idle
0.012,-0.001,1.011,0.368,-3.369,0.298,Idle
0.010,0.000,1.012,0.411,-3.334,0.271,Idle
0.010,0.000,1.012,0.341,-3.360,0.262,Idle
0.011,0.000,1.010,0.333,-3.334,0.280,Idle
0.011,-0.001,1.011,0.368,-3.334,0.245,Idle
0.010,-0.000,1.011,0.341,-3.316,0.280,Idle
0.011,-0.000,1.011,0.359,-3.325,0.289,Idle
0.010,-0.001,1.012,0.403,-3.334,0.298,Idle
0.011,-0.000,1.010,0.324,-3.299,0.315,Idle
0.011,-0.000,1.013,0.350,-3.351,0.306,Idle
0.012,-0.001,1.010,0.420,-3.307,0.271,Idle
0.011,0.000,1.011,0.394,-3.290,0.271,Idle
0.011,-0.000,1.012,0.341,-3.342,0.254,Idle
0.011,-0.000,1.013,0.368,-3.342,0.298,Idle
0.010,-0.001,1.011,0.368,-3.342,0.280,Idle
0.012,-0.000,1.012,0.368,-3.360,0.298,Idle
0.011,0.000,1.010,0.394,-3.351,0.254,Idle
0.011,-0.001,1.012,0.376,-3.351,0.271,Idle
0.011,-0.001,1.012,0.368,-3.369,0.262,Idle
0.011,0.000,1.012,0.368,-3.378,0.280,Idle
0.009,-0.001,1.012,0.350,-3.334,0.271,Idle
0.010,0.000,1.012,0.376,-3.360,0.271,Idle
0.010,-0.001,1.012,0.403,-3.325,0.271,Idle
0.011,-0.001,1.011,0.403,-3.351,0.228,Idle
0.010,-0.001,1.010,0.394,-3.316,0.341,Idle
0.010,-0.001,1.010,0.385,-3.334,0.298,Idle
0.011,0.000,1.011,0.359,-3.325,0.262,Idle
0.011,-0.000,1.010,0.385,-3.351,0.315,Idle
0.010,-0.000,1.012,0.385,-3.378,0.245,Idle
0.010,-0.000,1.012,0.376,-3.325,0.298,Idle
0.011,-0.000,1.011,0.403,-3.342,0.289,Idle
0.010,-0.000,1.011,0.411,-3.369,0.271,Idle
0.009,-0.001,1.011,0.350,-3.307,0.315,Idle
0.010,-0.001,1.011,0.420,-3.351,0.262,Idle
0.011,-0.000,1.011,0.403,-3.299,0.254,Idle
0.011,-0.000,1.011,0.394,-3.334,0.271,Idle
0.011,-0.001,1.011,0.420,-3.351,0.262,Idle
0.010,-0.001,1.011,0.394,-3.386,0.262,Idle
0.011,0.000,1.011,0.376,-3.369,0.236,Idle
0.011,-0.001,1.012,0.394,-3.316,0.262,Idle
0.011,-0.000,1.010,0.394,-3.351,0.280,Idle
0.010,-0.001,1.011,0.429,-3.325,0.254,Idle
0.010,-0.000,1.012,0.368,-3.351,0.262,Idle
0.010,-0.001,1.011,0.359,-3.334,0.271,Idle
0.011,-0.001,1.012,0.385,-3.360,0.306,Idle
0.011,-0.001,1.009,0.394,-3.325,0.254,Idle
0.011,-0.000,1.012,0.411,-3.334,0.254,Idle
0.010,-0.001,1.010,0.368,-3.316,0.298,Idle
0.011,0.000,1.013,0.376,-3.325,0.271,Idle
0.010,-0.000,1.012,0.350,-3.342,0.262,Idle
0.011,-0.001,1.012,0.359,-3.360,0.245,Idle
0.011,-0.001,1.012,0.394,-3.351,0.262,Idle
0.011,-0.001,1.011,0.368,-3.369,0.236,Idle
0.011,-0.000,1.013,0.385,-3.316,0.271,Idle
0.011,0.000,1.011,0.385,-3.325,0.254,Idle
0.010,-0.000,1.012,0.359,-3.360,0.262,Idle
0.011,0.000,1.012,0.376,-3.360,0.289,Idle
0.011,0.000,1.011,0.403,-3.351,0.298,Idle
0.010,-0.001,1.011,0.403,-3.334,0.306,Idle
0.010,-0.000,1.011,0.368,-3.369,0.289,Idle
0.010,-0.001,1.011,0.385,-3.369,0.280,Idle
0.011,-0.000,1.011,0.394,-3.334,0.254,Idle
0.011,-0.001,1.012,0.359,-3.316,0.298,Idle
0.010,-0.001,1.012,0.438,-3.342,0.236,Idle
0.010,-0.001,1.011,0.359,-3.351,0.280,Idle
0.011,-0.001,1.011,0.394,-3.342,0.306,Idle
0.009,-0.000,1.011,0.359,-3.386,0.289,Idle
0.011,-0.000,1.011,0.359,-3.369,0.298,Idle
0.011,0.001,1.011,0.341,-3.334,0.315,Idle
0.012,0.000,1.010,0.420,-3.325,0.245,Idle
0.010,-0.001,1.013,0.368,-3.334,0.271,Idle
0.010,-0.001,1.011,0.324,-3.342,0.254,Idle
0.011,-0.001,1.011,0.438,-3.342,0.245,Idle
0.011,-0.001,1.012,0.411,-3.342,0.271,Idle
0.011,0.000,1.011,0.411,-3.325,0.254,Idle
0.011,-0.001,1.011,0.394,-3.342,0.245,Idle
0.010,-0.000,1.012,0.411,-3.360,0.333,Idle
0.010,0.001,1.012,0.359,-3.342,0.271,Idle
0.011,-0.001,1.011,0.376,-3.334,0.245,Idle
0.011,-0.001,1.012,0.403,-3.342,0.280,Idle
0.011,-0.001,1.012,0.411,-3.334,0.245,Idle
0.010,-0.000,1.012,0.394,-3.334,0.228,Idle
0.010,-0.001,1.012,0.385,-3.334,0.245,Idle
0.010,0.000,1.012,0.385,-3.307,0.236,Idle
0.011,-0.001,1.010,0.420,-3.316,0.333,Idle
0.011,-0.000,1.011,0.385,-3.360,0.280,Idle
0.010,-0.001,1.012,0.385,-3.334,0.210,Idle
0.011,-0.000,1.012,0.420,-3.351,0.245,Idle
0.011,-0.001,1.011,0.385,-3.334,0.228,Idle
0.012,-0.000,1.010,0.411,-3.342,0.236,Idle
0.010,-0.000,1.011,0.376,-3.316,0.228,Idle
0.010,-0.001,1.011,0.333,-3.342,0.262,Idle
0.010,-0.001,1.010,0.376,-3.334,0.254,Idle
0.011,-0.001,1.010,0.376,-3.325,0.219,Idle
0.010,-0.000,1.011,0.394,-3.360,0.315,Idle
0.011,-0.000,1.012,0.385,-3.342,0.280,Idle
0.011,-0.000,1.010,0.368,-3.334,0.289,Idle
0.010,-0.001,1.012,0.403,-3.342,0.289,Idle
0.010,-0.001,1.011,0.324,-3.360,0.271,Idle
0.010,-0.001,1.012,0.376,-3.360,0.280,Idle
0.011,0.000,1.011,0.394,-3.369,0.271,Idle
0.009,0.001,1.010,0.324,-3.342,0.254,Idle
0.010,-0.001,1.011,0.394,-3.325,0.271,Idle
0.011,-0.002,1.011,0.359,-3.351,0.262,Idle
0.010,-0.001,1.014,0.376,-3.334,0.315,Idle
0.010,0.001,1.011,0.341,-3.395,0.210,Idle
0.011,0.000,1.011,0.350,-3.351,0.254,Idle
0.012,-0.000,1.012,0.315,-3.378,0.262,Idle
0.010,-0.001,1.012,0.403,-3.378,0.298,Idle
0.009,-0.001,1.011,0.394,-3.325,0.236,Idle
0.011,-0.000,1.012,0.350,-3.325,0.333,Idle
0.011,-0.001,1.011,0.368,-3.342,0.280,Idle
0.011,-0.001,1.010,0.394,-3.325,0.271,Idle
0.010,0.000,1.010,0.376,-3.342,0.254,Idle
0.012,-0.001,1.010,0.385,-3.334,0.262,Idle
0.011,0.001,1.012,0.376,-3.307,0.280,Idle
0.010,-0.001,1.012,0.394,-3.342,0.262,Idle
0.011,-0.000,1.013,0.455,-3.316,0.254,Idle
0.011,-0.001,1.013,0.385,-3.325,0.262,Idle
0.010,-0.001,1.012,0.411,-3.299,0.245,Idle
0.010,-0.000,1.011,0.420,-3.360,0.262,Idle
0.010,-0.001,1.011,0.368,-3.299,0.289,Idle
0.011,0.000,1.011,0.359,-3.342,0.262,Idle
0.012,-0.000,1.011,0.403,-3.281,0.315,Idle
0.010,-0.001,1.011,0.376,-3.369,0.262,Idle
0.009,-0.001,1.013,0.420,-3.325,0.254,Idle
0.011,-0.000,1.011,0.394,-3.378,0.254,Idle
0.010,-0.001,1.011,0.394,-3.316,0.254,Idle
0.010,-0.000,1.011,0.403,-3.351,0.298,Idle
0.010,-0.000,1.011,0.385,-3.307,0.280,Idle
0.011,-0.001,1.012,0.368,-3.395,0.228,Idle
0.010,-0.000,1.011,0.385,-3.316,0.298,Idle
0.011,-0.002,1.012,0.394,-3.334,0.228,Idle
0.011,-0.001,1.011,0.403,-3.342,0.254,Idle
0.011,0.000,1.011,0.368,-3.351,0.219,Idle
0.011,-0.001,1.011,0.385,-3.334,0.262,Idle
0.010,0.000,1.011,0.394,-3.342,0.262,Idle
0.011,-0.001,1.011,0.385,-3.334,0.254,Idle
0.010,-0.000,1.010,0.368,-3.342,0.262,Idle
0.011,-0.000,1.012,0.350,-3.290,0.245,Idle
0.010,-0.000,1.010,0.420,-3.342,0.262,Idle
0.011,-0.001,1.012,0.394,-3.325,0.271,Idle
0.011,-0.001,1.013,0.341,-3.334,0.262,Idle
0.011,-0.000,1.012,0.420,-3.351,0.289,Idle
0.010,-0.001,1.011,0.411,-3.334,0.289,Idle
0.011,-0.000,1.011,0.403,-3.351,0.280,Idle
0.011,0.000,1.011,0.394,-3.378,0.271,Idle
0.010,-0.000,1.011,0.403,-3.325,0.271,Idle
0.011,-0.000,1.011,0.394,-3.342,0.306,Idle
0.011,0.000,1.011,0.411,-3.325,0.280,Idle
0.010,-0.000,1.011,0.403,-3.342,0.271,Idle
0.011,-0.000,1.011,0.385,-3.351,0.262,Idle
0.011,0.000,1.011,0.376,-3.342,0.219,Idle
0.011,-0.001,1.011,0.359,-3.342,0.228,Idle
0.011,-0.000,1.011,0.333,-3.334,0.315,Idle
0.011,-0.000,1.011,0.368,-3.351,0.289,Idle
0.011,0.000,1.011,0.376,-3.378,0.245,Idle
0.012,-0.001,1.011,0.341,-3.342,0.262,Idle
0.010,0.000,1.009,0.438,-3.325,0.262,Idle
0.010,-0.001,1.010,0.368,-3.342,0.271,Idle
0.012,-0.000,1.013,0.394,-3.360,0.262,Idle
0.011,0.001,1.010,0.429,-3.386,0.262,Idle
0.010,-0.001,1.012,0.394,-3.334,0.280,Idle
0.010,0.001,1.012,0.376,-3.360,0.289,Idle
0.011,0.001,1.012,0.376,-3.378,0.306,Idle
0.012,-0.002,1.012,0.359,-3.325,0.262,Idle
0.010,-0.001,1.011,0.376,-3.342,0.254,Idle
0.010,-0.002,1.012,0.385,-3.342,0.298,Idle
0.011,-0.000,1.011,0.376,-3.307,0.219,Idle
0.011,-0.001,1.012,0.368,-3.360,0.271,Idle
0.011,-0.001,1.011,0.394,-3.360,0.289,Idle
0.011,-0.000,1.011,0.376,-3.360,0.245,Idle
0.011,-0.000,1.012,0.394,-3.351,0.280,Idle
0.010,0.000,1.010,0.394,-3.325,0.280,Idle
0.010,-0.001,1.012,0.368,-3.316,0.254,Idle
0.011,-0.001,1.010,0.359,-3.325,0.271,Idle
0.011,-0.000,1.011,0.394,-3.360,0.245,Idle
0.011,-0.000,1.012,0.368,-3.386,0.262,Idle
0.010,-0.001,1.011,0.411,-3.360,0.298,Idle
0.010,-0.001,1.011,0.350,-3.360,0.289,Idle
0.010,-0.000,1.011,0.368,-3.334,0.280,Idle
0.010,0.001,1.012,0.411,-3.334,0.254,Idle
0.011,-0.002,1.011,0.394,-3.334,0.324,Idle
0.011,0.000,1.011,0.341,-3.334,0.262,Idle
0.011,-0.001,1.012,0.429,-3.386,0.271,Idle
0.011,-0.000,1.011,0.411,-3.307,0.262,Idle
0.012,-0.000,1.011,0.394,-3.369,0.280,Idle
0.010,-0.001,1.011,0.324,-3.325,0.245,Idle
0.011,-0.001,1.010,0.394,-3.299,0.262,Idle
0.011,-0.000,1.012,0.368,-3.351,0.280,Idle
0.011,-0.001,1.010,0.385,-3.360,0.262,Idle
0.011,0.000,1.012,0.429,-3.307,0.254,Idle
0.010,0.000,1.011,0.394,-3.307,0.254,Idle
0.010,0.001,1.010,0.420,-3.360,0.262,Idle
0.011,0.000,1.012,0.420,-3.334,0.262,Idle
0.011,-0.000,1.011,0.333,-3.342,0.245,Idle
0.010,-0.000,1.012,0.394,-3.351,0.298,Idle
0.010,-0.001,1.012,0.403,-3.325,0.245,Idle
0.011,-0.000,1.012,0.411,-3.316,0.280,Idle
0.011,-0.001,1.012,0.403,-3.334,0.236,Idle
0.011,-0.001,1.012,0.394,-3.378,0.271,Idle
0.010,-0.000,1.011,0.385,-3.334,0.245,Idle
0.011,-0.000,1.011,0.403,-3.307,0.271,Idle
0.011,-0.001,1.010,0.403,-3.351,0.210,Idle
0.010,-0.000,1.011,0.385,-3.369,0.280,Idle
0.011,-0.000,1.012,0.403,-3.334,0.262,Idle
0.011,-0.001,1.012,0.411,-3.334,0.254,Idle
0.010,-0.001,1.011,0.403,-3.334,0.245,Idle
0.010,-0.000,1.010,0.368,-3.378,0.289,Idle
0.010,-0.001,1.011,0.315,-3.351,0.236,Idle
0.010,-0.000,1.011,0.359,-3.325,0.245,Idle
0.011,-0.000,1.011,0.368,-3.325,0.271,Idle
0.009,-0.001,1.012,0.385,-3.334,0.254,Idle
0.011,-0.000,1.012,0.376,-3.386,0.280,Idle
0.010,-0.001,1.012,0.385,-3.334,0.271,Idle
0.011,-0.000,1.011,0.403,-3.342,0.245,Idle
0.011,-0.000,1.011,0.359,-3.369,0.298,Idle
0.010,-0.001,1.011,0.385,-3.316,0.236,Idle
0.011,-0.000,1.011,0.341,-3.360,0.315,Idle
0.010,-0.000,1.011,0.333,-3.351,0.324,Idle
0.011,-0.001,1.011,0.438,-3.369,0.254,Idle
0.012,-0.001,1.012,0.385,-3.325,0.254,Idle
0.010,0.000,1.011,0.394,-3.334,0.254,Idle
0.010,-0.001,1.012,0.394,-3.351,0.254,Idle
0.011,-0.001,1.011,0.385,-3.334,0.289,Idle
0.011,-0.001,1.012,0.368,-3.334,0.324,Idle
0.011,-0.000,1.011,0.368,-3.342,0.271,Idle
0.011,-0.000,1.011,0.385,-3.351,0.262,Idle
0.011,-0.000,1.011,0.429,-3.316,0.271,Idle
0.011,-0.000,1.011,0.394,-3.351,0.228,Idle
0.010,-0.001,1.010,0.376,-3.351,0.262,Idle
0.010,-0.000,1.010,0.368,-3.325,0.262,Idle
0.011,-0.000,1.012,0.350,-3.342,0.245,Idle
0.011,-0.001,1.012,0.359,-3.334,0.280,Idle
0.012,-0.000,1.010,0.403,-3.360,0.245,Idle
0.010,0.000,1.010,0.385,-3.378,0.254,Idle
0.009,-0.001,1.011,0.368,-3.342,0.245,Idle
0.011,-0.001,1.012,0.333,-3.342,0.271,Idle
0.010,-0.001,1.010,0.411,-3.360,0.262,Idle
0.010,-0.001,1.011,0.385,-3.316,0.271,Idle
0.011,-0.000,1.011,0.350,-3.325,0.254,Idle
0.012,-0.000,1.011,0.394,-3.325,0.280,Idle
0.010,-0.000,1.010,0.368,-3.299,0.236,Idle
0.010,-0.001,1.011,0.376,-3.325,0.254,Idle
0.011,0.000,1.011,0.420,-3.386,0.306,Idle
0.011,-0.000,1.011,0.411,-3.316,0.280,Idle
0.010,-0.001,1.011,0.403,-3.325,0.245,Idle
0.010,-0.001,1.011,0.376,-3.307,0.289,Idle
0.011,-0.001,1.012,0.403,-3.325,0.298,Idle
0.010,0.000,1.011,0.376,-3.334,0.271,Idle
0.009,-0.001,1.012,0.368,-3.360,0.210,Idle
0.010,-0.001,1.012,0.403,-3.342,0.262,Idle
0.013,0.000,1.011,0.350,-3.342,0.271,Idle
0.011,-0.002,1.012,0.315,-3.342,0.271,Idle
0.010,-0.001,1.013,0.385,-3.360,0.280,Idle
0.011,-0.001,1.011,0.368,-3.342,0.289,Idle
0.010,-0.001,1.011,0.403,-3.316,0.254,Idle
0.011,-0.001,1.011,0.403,-3.334,0.271,Idle
0.009,-0.000,1.011,0.368,-3.369,0.271,Idle
0.010,0.000,1.011,0.385,-3.334,0.280,Idle
0.012,-0.001,1.012,0.368,-3.351,0.262,Idle
0.011,-0.000,1.012,0.376,-3.386,0.271,Idle
0.010,-0.001,1.012,0.368,-3.299,0.289,Idle
0.010,-0.000,1.011,0.403,-3.351,0.280,Idle
0.011,-0.000,1.012,0.368,-3.351,0.271,Idle
0.011,-0.001,1.011,0.394,-3.325,0.254,Idle
0.009,0.000,1.011,0.403,-3.334,0.262,Idle
0.010,-0.001,1.010,0.403,-3.325,0.271,Idle
0.012,0.000,1.012,0.385,-3.325,0.236,Idle
0.011,-0.001,1.012,0.394,-3.342,0.219,Idle
0.010,-0.001,1.011,0.350,-3.281,0.236,Idle
0.010,-0.001,1.011,0.394,-3.316,0.254,Idle
0.011,-0.001,1.011,0.429,-3.334,0.271,Idle
0.010,-0.000,1.012,0.359,-3.360,0.271,Idle
0.010,-0.000,1.011,0.420,-3.342,0.271,Idle
0.010,-0.000,1.011,0.368,-3.342,0.245,Idle
0.011,-0.001,1.011,0.359,-3.342,0.236,Idle
0.010,-0.001,1.012,0.341,-3.307,0.306,Idle
0.010,-0.000,1.011,0.385,-3.334,0.262,Idle
0.012,-0.000,1.011,0.403,-3.369,0.289,Idle
0.012,-0.001,1.013,0.359,-3.334,0.254,Idle
0.010,0.000,1.012,0.394,-3.325,0.280,Idle
0.010,-0.000,1.010,0.376,-3.334,0.271,Idle
0.010,-0.000,1.011,0.350,-3.325,0.262,Idle
0.011,-0.001,1.012,0.376,-3.334,0.262,Idle
0.010,-0.000,1.012,0.403,-3.342,0.254,Idle
0.010,-0.001,1.011,0.411,-3.342,0.236,Idle
0.011,-0.000,1.011,0.403,-3.334,0.254,Idle
0.011,-0.002,1.011,0.376,-3.369,0.262,Idle
0.010,-0.000,1.011,0.385,-3.342,0.271,Idle
0.010,-0.001,1.011,0.438,-3.386,0.236,Idle
0.011,-0.001,1.011,0.359,-3.316,0.289,Idle
0.011,-0.000,1.011,0.306,-3.342,0.245,Idle
0.011,0.001,1.012,0.368,-3.325,0.245,Idle
0.010,-0.000,1.011,0.455,-3.334,0.280,Idle
0.010,-0.001,1.012,0.394,-3.334,0.280,Idle
0.011,-0.001,1.013,0.394,-3.351,0.262,Idle
0.011,0.000,1.011,0.359,-3.325,0.254,Idle
0.010,-0.001,1.011,0.403,-3.342,0.280,Idle
0.011,-0.000,1.012,0.411,-3.342,0.289,Idle
0.011,-0.000,1.011,0.350,-3.369,0.280,Idle
0.012,-0.001,1.012,0.376,-3.299,0.298,Idle
0.011,0.000,1.012,0.385,-3.369,0.262,Idle
0.011,-0.001,1.012,0.385,-3.342,0.271,Idle
0.010,-0.001,1.010,0.350,-3.307,0.271,Idle
0.011,-0.001,1.011,0.385,-3.351,0.219,Idle
0.011,-0.001,1.012,0.341,-3.334,0.271,Idle
0.011,0.000,1.010,0.359,-3.360,0.219,Idle
0.011,-0.000,1.012,0.403,-3.334,0.289,Idle
0.011,-0.001,1.012,0.403,-3.307,0.236,Idle
0.011,-0.000,1.011,0.403,-3.325,0.254,Idle
0.011,-0.001,1.011,0.333,-3.360,0.271,Idle
0.011,-0.000,1.010,0.438,-3.316,0.219,Idle
0.010,-0.001,1.011,0.368,-3.378,0.280,Idle
0.010,0.000,1.012,0.385,-3.386,0.219,Idle
0.011,-0.001,1.011,0.403,-3.325,0.280,Idle
0.010,-0.001,1.011,0.376,-3.316,0.271,Idle
0.010,0.000,1.012,0.368,-3.378,0.254,Idle
0.011,-0.001,1.012,0.385,-3.334,0.280,Idle
0.010,-0.001,1.011,0.403,-3.325,0.298,Idle
0.010,-0.000,1.012,0.403,-3.325,0.271,Idle
0.010,-0.001,1.012,0.341,-3.299,0.228,Idle
0.011,0.000,1.012,0.385,-3.334,0.280,Idle
0.011,-0.001,1.012,0.368,-3.369,0.236,Idle
0.009,-0.001,1.011,0.385,-3.316,0.271,Idle
0.010,-0.000,1.011,0.368,-3.325,0.271,Idle
0.010,-0.001,1.012,0.464,-3.299,0.228,Idle
0.011,-0.001,1.012,0.368,-3.334,0.245,Idle
0.011,-0.000,1.011,0.403,-3.307,0.245,Idle
0.011,0.000,1.012,0.411,-3.334,0.184,Idle
0.010,-0.001,1.011,0.368,-3.342,0.262,Idle
0.011,-0.001,1.010,0.350,-3.334,0.254,Idle
0.009,-0.001,1.011,0.376,-3.316,0.262,Idle
0.010,-0.001,1.012,0.341,-3.316,0.228,Idle
0.011,0.000,1.012,0.394,-3.334,0.262,Idle
0.011,-0.001,1.011,0.376,-3.307,0.289,Idle
0.010,-0.002,1.010,0.438,-3.307,0.289,Idle
0.009,0.001,1.011,0.394,-3.316,0.254,Idle
0.010,-0.001,1.012,0.455,-3.342,0.289,Idle
0.010,-0.001,1.010,0.359,-3.342,0.298,Idle
0.011,-0.000,1.012,0.394,-3.273,0.236,Idle
0.010,-0.000,1.012,0.403,-3.342,0.280,Idle
0.010,-0.001,1.011,0.411,-3.316,0.280,Idle
0.010,-0.000,1.012,0.385,-3.342,0.254,Idle
0.010,-0.001,1.012,0.394,-3.334,0.262,Idle
0.010,0.000,1.011,0.394,-3.334,0.306,Idle
0.011,-0.001,1.012,0.394,-3.325,0.289,Idle
0.010,-0.000,1.012,0.403,-3.342,0.280,Idle
0.010,-0.001,1.011,0.403,-3.325,0.254,Idle
0.010,-0.001,1.013,0.411,-3.334,0.271,Idle
0.012,-0.000,1.010,0.359,-3.342,0.280,Idle
0.010,-0.000,1.011,0.438,-3.360,0.254,Idle
0.010,-0.000,1.011,0.376,-3.325,0.228,Idle
0.010,-0.000,1.011,0.394,-3.342,0.280,Idle
0.011,-0.000,1.011,0.350,-3.334,0.245,Idle
0.010,-0.001,1.012,0.411,-3.316,0.298,Idle
0.010,-0.000,1.012,0.394,-3.351,0.280,Idle
0.010,-0.001,1.012,0.333,-3.351,0.271,Idle
0.012,-0.001,1.012,0.368,-3.316,0.271,Idle
0.010,-0.000,1.011,0.394,-3.342,0.306,Idle
0.011,-0.000,1.011,0.385,-3.351,0.254,Idle
0.011,-0.000,1.011,0.368,-3.360,0.262,Idle
0.011,-0.001,1.011,0.368,-3.334,0.271,Idle
0.010,-0.000,1.012,0.376,-3.342,0.271,Idle
0.011,-0.000,1.011,0.376,-3.351,0.254,Idle
0.011,-0.000,1.012,0.394,-3.369,0.280,Idle
0.011,-0.000,1.011,0.385,-3.316,0.289,Idle
0.010,-0.001,1.011,0.403,-3.316,0.298,Idle
0.010,-0.001,1.011,0.411,-3.378,0.262,Idle
0.011,-0.000,1.011,0.315,-3.360,0.271,Idle
0.011,0.001,1.013,0.359,-3.325,0.289,Idle
0.011,-0.000,1.011,0.438,-3.351,0.324,Idle
0.010,-0.000,1.012,0.385,-3.360,0.245,Idle
0.011,-0.001,1.011,0.368,-3.386,0.280,Idle
0.010,-0.000,1.012,0.403,-3.369,0.271,Idle
0.009,-0.001,1.012,0.350,-3.281,0.289,Idle
0.010,-0.001,1.010,0.376,-3.360,0.298,Idle
0.010,-0.001,1.012,0.333,-3.360,0.306,Idle
0.012,-0.000,1.011,0.385,-3.351,0.298,Idle
0.010,-0.000,1.012,0.420,-3.334,0.254,Idle
0.010,-0.001,1.011,0.385,-3.369,0.254,Idle
0.011,-0.000,1.012,0.403,-3.342,0.271,Idle
0.010,0.000,1.011,0.385,-3.342,0.280,Idle
0.010,-0.001,1.012,0.350,-3.351,0.306,Idle
0.011,0.000,1.012,0.394,-3.342,0.298,Idle
0.011,-0.000,1.011,0.394,-3.351,0.289,Idle
0.012,-0.002,1.013,0.289,-3.307,0.280,Idle
0.009,-0.001,1.013,0.385,-3.395,0.298,Idle
0.009,-0.002,1.010,0.359,-3.351,0.324,Idle
0.010,0.000,1.011,0.376,-3.334,0.219,Idle
0.010,-0.002,1.011,0.403,-3.351,0.280,Idle
0.010,-0.001,1.013,0.359,-3.360,0.298,Idle
0.011,-0.001,1.013,0.376,-3.334,0.254,Idle
0.012,0.000,1.012,0.438,-3.360,0.228,Idle
0.010,0.000,1.013,0.403,-3.360,0.280,Idle
0.010,-0.000,1.012,0.411,-3.307,0.254,Idle
0.011,-0.001,1.011,0.376,-3.325,0.262,Idle
0.010,-0.001,1.013,0.403,-3.342,0.245,Idle
0.010,0.000,1.012,0.385,-3.334,0.271,Idle
0.010,-0.001,1.012,0.368,-3.325,0.245,Idle
0.012,-0.000,1.011,0.411,-3.299,0.271,Idle
0.010,-0.001,1.012,0.420,-3.342,0.315,Idle
0.010,-0.001,1.012,0.341,-3.325,0.262,Idle
0.011,-0.001,1.011,0.438,-3.351,0.254,Idle
0.010,-0.001,1.011,0.385,-3.290,0.254,Idle
0.010,-0.001,1.012,0.376,-3.351,0.262,Idle
0.011,-0.001,1.012,0.420,-3.325,0.271,Idle
0.010,-0.001,1.012,0.394,-3.334,0.262,Idle
0.011,-0.001,1.011,0.394,-3.342,0.219,Idle
0.010,-0.000,1.012,0.403,-3.342,0.298,Idle
0.011,-0.001,1.012,0.368,-3.325,0.236,Idle
0.010,-0.001,1.011,0.385,-3.334,0.298,Idle
0.011,-0.001,1.011,0.368,-3.360,0.280,Idle
0.010,-0.001,1.011,0.376,-3.351,0.228,Idle
0.011,-0.001,1.012,0.411,-3.316,0.298,Idle
0.011,-0.001,1.011,0.385,-3.316,0.262,Idle
0.011,-0.002,1.011,0.411,-3.342,0.306,Idle
0.010,-0.000,1.010,0.368,-3.307,0.210,Idle
0.011,-0.001,1.011,0.350,-3.369,0.289,Idle
0.012,0.000,1.012,0.376,-3.342,0.262,Idle
0.011,-0.001,1.012,0.341,-3.342,0.315,Idle
0.011,-0.000,1.011,0.420,-3.342,0.245,Idle
0.010,-0.001,1.012,0.368,-3.351,0.254,Idle
0.011,-0.001,1.012,0.315,-3.395,0.271,Idle
0.010,-0.001,1.011,0.368,-3.334,0.289,Idle
0.011,0.000,1.010,0.376,-3.351,0.262,Idle
0.011,-0.001,1.012,0.394,-3.316,0.315,Idle
0.010,0.000,1.011,0.376,-3.342,0.262,Idle
0.011,-0.000,1.011,0.394,-3.325,0.280,Idle
0.011,-0.000,1.012,0.341,-3.351,0.254,Idle
0.011,0.000,1.011,0.411,-3.334,0.280,Idle
0.010,-0.000,1.012,0.394,-3.342,0.245,Idle
0.011,0.001,1.012,0.359,-3.307,0.271,Idle
0.010,0.000,1.010,0.376,-3.334,0.298,Idle
0.010,-0.000,1.012,0.359,-3.307,0.262,Idle
0.012,0.000,1.011,0.324,-3.404,0.324,Idle
0.010,-0.000,1.012,0.394,-3.360,0.254,Idle
0.010,0.000,1.012,0.341,-3.351,0.298,Idle
0.010,-0.000,1.012,0.368,-3.334,0.280,Idle
0.012,-0.000,1.012,0.376,-3.351,0.271,Idle
0.011,0.000,1.011,0.359,-3.360,0.298,Idle
0.009,-0.001,1.012,0.368,-3.334,0.254,Idle
0.011,-0.001,1.010,0.350,-3.342,0.280,Idle
0.011,-0.001,1.012,0.385,-3.342,0.298,Idle
0.011,-0.000,1.012,0.359,-3.360,0.236,Idle
0.009,0.000,1.010,0.385,-3.386,0.262,Idle
0.012,-0.003,1.013,0.376,-3.325,0.280,Idle
0.010,0.001,1.011,0.420,-3.369,0.298,Idle
0.008,-0.004,1.011,0.350,-3.378,0.254,Idle
0.011,-0.000,1.013,0.385,-3.334,0.306,Idle
0.013,-0.000,1.009,0.429,-3.334,0.262,Idle
0.011,-0.001,1.012,0.324,-3.325,0.271,Idle
0.009,0.000,1.010,0.446,-3.334,0.280,Idle
0.012,0.000,1.014,0.394,-3.360,0.289,Idle
0.011,-0.000,1.012,0.411,-3.307,0.289,Idle
0.010,-0.001,1.013,0.350,-3.334,0.245,Idle
0.011,0.001,1.011,0.438,-3.334,0.236,Idle
0.012,-0.001,1.011,0.403,-3.334,0.315,Idle
0.012,-0.001,1.013,0.420,-3.351,0.280,Idle
0.011,-0.003,1.012,0.411,-3.360,0.236,Idle
0.008,-0.001,1.010,0.359,-3.334,0.271,Idle
0.012,0.000,1.010,0.420,-3.342,0.289,Idle
0.011,-0.002,1.012,0.385,-3.342,0.254,Idle
0.011,0.001,1.010,0.350,-3.351,0.280,Idle
0.010,0.000,1.013,0.376,-3.316,0.262,Idle
0.010,-0.001,1.012,0.394,-3.316,0.271,Idle
0.011,-0.001,1.011,0.341,-3.351,0.236,Idle
0.010,-0.002,1.010,0.394,-3.360,0.280,Idle
0.009,-0.000,1.011,0.350,-3.342,0.271,Idle
0.012,-0.001,1.012,0.403,-3.360,0.262,Idle
0.012,0.000,1.012,0.359,-3.299,0.280,Idle
0.009,-0.001,1.012,0.403,-3.351,0.280,Idle
0.009,0.000,1.012,0.368,-3.334,0.298,Idle
0.013,-0.001,1.011,0.420,-3.342,0.254,Idle
0.011,-0.000,1.012,0.385,-3.299,0.298,Idle
0.008,-0.000,1.011,0.341,-3.334,0.280,Idle
0.009,-0.000,1.012,0.385,-3.342,0.280,Idle
0.013,-0.001,1.010,0.394,-3.342,0.306,Idle
0.012,-0.000,1.011,0.411,-3.369,0.262,Idle
0.008,0.000,1.011,0.376,-3.334,0.236,Idle
0.009,-0.000,1.012,0.385,-3.342,0.262,Idle
0.013,0.001,1.011,0.394,-3.351,0.254,Idle
0.010,-0.001,1.012,0.411,-3.316,0.245,Idle
0.009,0.000,1.012,0.411,-3.342,0.262,Idle
0.011,-0.000,1.012,0.368,-3.351,0.280,Idle
0.013,-0.001,1.010,0.394,-3.360,0.245,Idle
0.010,-0.001,1.013,0.403,-3.342,0.262,Idle
0.008,-0.001,1.011,0.359,-3.325,0.254,Idle
0.010,-0.002,1.012,0.394,-3.299,0.262,Idle
0.013,-0.001,1.010,0.411,-3.342,0.219,Idle
0.011,-0.001,1.012,0.368,-3.307,0.262,Idle
0.009,-0.000,1.011,0.359,-3.334,0.280,Idle
0.011,-0.001,1.012,0.403,-3.360,0.245,Idle
0.012,-0.000,1.011,0.420,-3.316,0.245,Idle
0.010,-0.000,1.010,0.359,-3.325,0.219,Idle
0.009,0.000,1.011,0.376,-3.334,0.262,Idle
0.011,-0.001,1.011,0.394,-3.325,0.280,Idle
0.012,-0.001,1.012,0.429,-3.316,0.254,Idle
0.011,0.000,1.013,0.359,-3.386,0.298,Idle
0.010,-0.000,1.012,0.368,-3.378,0.280,Idle
0.011,-0.001,1.011,0.341,-3.342,0.271,Idle
0.011,0.000,1.012,0.411,-3.307,0.262,Idle
0.010,0.000,1.011,0.385,-3.360,0.236,Idle
0.009,-0.000,1.012,0.394,-3.316,0.271,Idle
0.011,0.001,1.012,0.385,-3.342,0.236,Idle
0.010,0.000,1.010,0.359,-3.342,0.262,Idle
0.010,-0.000,1.013,0.385,-3.369,0.280,Idle
0.011,-0.001,1.009,0.403,-3.334,0.298,Idle
0.012,-0.000,1.011,0.403,-3.307,0.306,Idle
0.011,-0.000,1.011,0.420,-3.342,0.236,Idle
0.011,-0.001,1.011,0.385,-3.325,0.271,Idle
0.009,-0.001,1.012,0.376,-3.299,0.289,Idle
0.009,-0.000,1.010,0.350,-3.369,0.245,Idle
0.013,-0.000,1.011,0.333,-3.316,0.262,Idle
0.012,-0.001,1.011,0.385,-3.307,0.245,Idle
0.010,-0.001,1.012,0.359,-3.316,0.254,Idle
0.009,0.000,1.011,0.385,-3.299,0.315,Idle
0.012,0.000,1.011,0.341,-3.342,0.306,Idle
0.011,-0.001,1.013,0.376,-3.325,0.262,Idle
0.010,0.000,1.011,0.359,-3.351,0.228,Idle
0.010,0.001,1.012,0.403,-3.325,0.298,Idle
0.011,-0.002,1.012,0.429,-3.316,0.245,Idle
0.011,-0.002,1.010,0.438,-3.395,0.262,Idle
0.008,0.001,1.009,0.359,-3.299,0.254,Idle
0.009,-0.001,1.011,0.376,-3.351,0.236,Idle
0.013,-0.002,1.011,0.385,-3.299,0.306,Idle
0.011,-0.000,1.012,0.350,-3.334,0.254,Idle
0.007,-0.000,1.011,0.350,-3.342,0.219,Idle
0.009,-0.001,1.013,0.333,-3.316,0.254,Idle
0.012,-0.001,1.012,0.411,-3.325,0.254,Idle
0.013,-0.000,1.012,0.350,-3.360,0.254,Idle
0.011,-0.001,1.013,0.385,-3.360,0.236,Idle
0.007,0.000,1.011,0.411,-3.351,0.262,Idle
0.012,0.000,1.012,0.420,-3.342,0.271,Idle
0.012,-0.000,1.011,0.385,-3.316,0.254,Idle
0.009,-0.000,1.011,0.376,-3.342,0.280,Idle
0.009,-0.001,1.012,0.368,-3.334,0.289,Idle
0.013,-0.001,1.012,0.403,-3.342,0.254,Idle
0.010,0.000,1.011,0.368,-3.360,0.271,Idle
0.008,-0.001,1.012,0.411,-3.342,0.298,Idle
0.009,-0.000,1.011,0.368,-3.351,0.271,Idle
0.014,-0.001,1.013,0.376,-3.360,0.262,Idle
0.009,-0.000,1.011,0.394,-3.325,0.289,Idle
0.008,-0.001,1.013,0.350,-3.316,0.254,Idle
0.010,-0.001,1.011,0.394,-3.360,0.280,Idle
0.013,0.001,1.011,0.438,-3.342,0.262,Idle
0.009,-0.000,1.012,0.394,-3.369,0.271,Idle
0.007,-0.001,1.012,0.376,-3.342,0.280,Idle
0.010,0.001,1.010,0.429,-3.316,0.262,Idle
0.013,-0.001,1.012,0.403,-3.334,0.298,Idle
0.009,-0.001,1.010,0.376,-3.351,0.254,Idle
0.009,-0.001,1.012,0.411,-3.369,0.245,Idle
0.012,-0.001,1.011,0.376,-3.316,0.262,Idle
0.012,0.001,1.012,0.376,-3.316,0.192,Idle
0.008,-0.000,1.011,0.368,-3.316,0.289,Idle
0.010,-0.001,1.011,0.403,-3.334,0.289,Idle
0.013,-0.000,1.010,0.385,-3.351,0.298,Idle
0.011,-0.001,1.012,0.359,-3.316,0.280,Idle
0.010,0.000,1.009,0.376,-3.299,0.254,Idle
0.011,0.000,1.013,0.420,-3.342,0.228,Idle
0.012,-0.001,1.012,0.403,-3.307,0.262,Idle
0.011,-0.000,1.012,0.350,-3.342,0.271,Idle
0.010,0.000,1.012,0.385,-3.342,0.289,Idle
0.010,-0.001,1.013,0.376,-3.369,0.262,Idle
0.011,-0.000,1.012,0.359,-3.334,0.254,Idle
0.012,-0.001,1.012,0.411,-3.369,0.254,Idle
0.009,-0.000,1.012,0.376,-3.386,0.280,Idle
0.010,-0.000,1.010,0.420,-3.325,0.236,Idle
0.012,-0.000,1.011,0.385,-3.351,0.254,Idle
0.011,0.001,1.011,0.359,-3.325,0.289,Idle
0.009,-0.000,1.011,0.341,-3.334,0.228,Idle
0.011,-0.000,1.011,0.350,-3.316,0.254,Idle
0.012,-0.000,1.012,0.411,-3.325,0.219,Idle
0.011,-0.000,1.011,0.333,-3.351,0.254,Idle
0.009,-0.001,1.011,0.403,-3.281,0.254,Idle
0.010,-0.001,1.011,0.411,-3.351,0.280,Idle
0.012,-0.001,1.012,0.394,-3.307,0.245,Idle
0.011,0.000,1.010,0.411,-3.360,0.271,Idle
0.010,-0.000,1.012,0.368,-3.334,0.262,Idle
0.011,0.000,1.012,0.368,-3.369,0.280,Idle
0.011,-0.001,1.011,0.403,-3.316,0.236,Idle
0.011,-0.001,1.011,0.341,-3.307,0.262,Idle
0.010,-0.001,1.010,0.359,-3.325,0.271,Idle
0.010,-0.000,1.012,0.394,-3.316,0.280,Idle
0.012,-0.000,1.012,0.403,-3.334,0.280,Idle
0.011,0.001,1.012,0.403,-3.325,0.228,Idle
0.010,-0.001,1.010,0.359,-3.316,0.324,Idle
0.010,-0.000,1.010,0.368,-3.325,0.280,Idle
0.011,0.000,1.012,0.376,-3.351,0.262,Idle
0.010,-0.000,1.012,0.359,-3.299,0.210,Idle
0.011,-0.001,1.012,0.438,-3.360,0.280,Idle
0.010,-0.001,1.011,0.394,-3.351,0.271,Idle
0.011,-0.001,1.011,0.376,-3.360,0.271,Idle
0.010,-0.000,1.011,0.403,-3.351,0.254,Idle
0.011,-0.000,1.011,0.429,-3.325,0.262,Idle
0.010,-0.000,1.011,0.333,-3.334,0.280,Idle
0.011,-0.001,1.012,0.368,-3.351,0.271,Idle
0.011,-0.001,1.011,0.411,-3.351,0.262,Idle
0.012,-0.000,1.012,0.403,-3.342,0.228,Idle
0.010,0.000,1.012,0.324,-3.334,0.289,Idle
0.010,-0.000,1.011,0.385,-3.316,0.219,Idle
0.011,-0.001,1.011,0.385,-3.325,0.254,Idle
0.009,-0.000,1.012,0.429,-3.351,0.271,Idle
0.011,-0.000,1.012,0.429,-3.351,0.262,Idle
0.011,-0.001,1.012,0.438,-3.378,0.280,Idle
0.010,-0.002,1.010,0.376,-3.290,0.236,Idle
0.010,-0.000,1.012,0.376,-3.351,0.271,Idle
0.011,-0.001,1.013,0.368,-3.360,0.298,Idle
0.012,0.000,1.014,0.333,-3.334,0.289,Idle
0.010,-0.000,1.011,0.298,-3.316,0.306,Idle
0.010,0.000,1.011,0.385,-3.316,0.271,Idle
0.011,0.000,1.010,0.368,-3.342,0.236,Idle
0.010,-0.001,1.012,0.350,-3.342,0.254,Idle
0.010,0.000,1.012,0.359,-3.342,0.271,Idle
0.010,0.001,1.011,0.403,-3.351,0.280,Idle
0.011,-0.001,1.011,0.368,-3.307,0.298,Idle
0.010,-0.000,1.012,0.420,-3.325,0.280,Idle
0.010,-0.001,1.011,0.385,-3.325,0.228,Idle
0.010,0.001,1.011,0.438,-3.316,0.236,Idle
0.011,-0.000,1.011,0.429,-3.334,0.271,Idle
0.010,0.000,1.012,0.385,-3.378,0.271,Idle
0.011,-0.001,1.011,0.376,-3.334,0.254,Idle
0.010,-0.001,1.011,0.411,-3.342,0.245,Idle
0.011,-0.001,1.010,0.350,-3.334,0.254,Idle
0.011,-0.001,1.012,0.403,-3.342,0.333,Idle
0.010,-0.000,1.011,0.394,-3.316,0.271,Idle
0.011,-0.000,1.011,0.403,-3.369,0.254,Idle
0.010,0.001,1.012,0.420,-3.342,0.289,Idle
0.011,0.000,1.011,0.376,-3.378,0.280,Idle
0.011,-0.000,1.012,0.385,-3.325,0.298,Idle
0.011,0.000,1.011,0.403,-3.378,0.289,Idle
0.010,-0.000,1.012,0.411,-3.325,0.280,Idle
0.011,-0.000,1.011,0.385,-3.342,0.280,Idle
0.010,-0.000,1.010,0.385,-3.325,0.262,Idle
0.011,-0.001,1.011,0.403,-3.342,0.262,Idle
0.010,-0.000,1.012,0.359,-3.360,0.280,Idle
0.010,0.000,1.012,0.350,-3.360,0.271,Idle
0.010,0.001,1.012,0.368,-3.334,0.262,Idle
0.012,-0.000,1.011,0.385,-3.351,0.289,Idle
0.011,-0.000,1.012,0.368,-3.334,0.298,Idle
0.011,0.001,1.012,0.368,-3.325,0.298,Idle
0.010,-0.000,1.011,0.368,-3.351,0.289,Idle
0.011,-0.000,1.011,0.376,-3.307,0.280,Idle
0.011,0.000,1.011,0.368,-3.325,0.298,Idle
0.010,-0.000,1.010,0.350,-3.334,0.280,Idle
0.010,-0.001,1.011,0.376,-3.378,0.271,Idle
0.010,0.000,1.011,0.376,-3.334,0.324,Idle
0.011,-0.000,1.012,0.429,-3.369,0.298,Idle
0.011,-0.001,1.012,0.411,-3.325,0.324,Idle
0.011,-0.001,1.011,0.341,-3.386,0.280,Idle
0.011,-0.000,1.010,0.350,-3.378,0.306,Idle
0.010,-0.000,1.011,0.394,-3.325,0.289,Idle
0.010,-0.001,1.011,0.385,-3.307,0.228,Idle
0.011,0.000,1.011,0.385,-3.342,0.262,Idle
0.011,-0.001,1.012,0.385,-3.334,0.254,Idle
0.011,-0.000,1.013,0.385,-3.395,0.245,Idle
0.010,-0.001,1.012,0.394,-3.299,0.245,Idle
0.011,-0.001,1.012,0.350,-3.334,0.262,Idle
0.011,-0.000,1.011,0.403,-3.325,0.254,Idle
0.011,-0.001,1.010,0.368,-3.360,0.271,Idle
0.008,-0.001,1.011,0.385,-3.299,0.280,Idle
0.013,-0.000,1.012,0.359,-3.386,0.245,Idle
0.011,-0.001,1.011,0.429,-3.316,0.262,Idle
0.011,-0.000,1.011,0.376,-3.316,0.219,Idle
0.009,-0.001,1.012,0.394,-3.307,0.228,Idle
0.011,-0.000,1.011,0.394,-3.316,0.254,Idle
0.011,0.000,1.010,0.438,-3.334,0.228,Idle
0.010,-0.001,1.011,0.368,-3.351,0.306,Idle
0.010,-0.001,1.012,0.350,-3.360,0.228,Idle
0.012,-0.000,1.011,0.376,-3.351,0.280,Idle
0.011,-0.001,1.012,0.333,-3.378,0.289,Idle
0.009,-0.000,1.010,0.368,-3.360,0.280,Idle
0.010,-0.000,1.011,0.376,-3.334,0.280,Idle
0.011,0.000,1.012,0.368,-3.351,0.280,Idle
0.011,-0.000,1.012,0.376,-3.369,0.254,Idle
0.010,-0.000,1.010,0.403,-3.369,0.254,Idle
0.010,-0.001,1.011,0.359,-3.360,0.254,Idle
0.012,-0.001,1.012,0.403,-3.334,0.280,Idle
0.010,-0.000,1.011,0.438,-3.334,0.245,Idle
0.010,-0.001,1.011,0.394,-3.325,0.262,Idle
0.011,-0.000,1.012,0.359,-3.360,0.254,Idle
0.011,0.001,1.011,0.368,-3.351,0.254,Idle
0.011,0.000,1.011,0.350,-3.334,0.289,Idle
0.011,-0.001,1.010,0.420,-3.342,0.324,Idle
0.011,-0.001,1.012,0.359,-3.342,0.254,Idle
0.012,-0.001,1.012,0.403,-3.316,0.254,Idle
0.010,0.000,1.012,0.403,-3.386,0.262,Idle
0.009,-0.000,1.011,0.394,-3.334,0.262,Idle
0.011,-0.000,1.011,0.350,-3.351,0.280,Idle
0.011,-0.000,1.011,0.385,-3.351,0.289,Idle
0.011,0.000,1.011,0.376,-3.334,0.228,Idle
0.010,0.000,1.012,0.359,-3.342,0.280,Idle
0.011,0.000,1.012,0.411,-3.351,0.236,Idle
0.011,-0.000,1.011,0.411,-3.342,0.254,Idle
0.010,0.001,1.011,0.385,-3.351,0.315,Idle
0.010,-0.000,1.012,0.411,-3.334,0.262,Idle
0.011,-0.000,1.012,0.385,-3.334,0.262,Idle
0.011,0.000,1.012,0.341,-3.360,0.271,Idle
0.010,-0.001,1.011,0.376,-3.334,0.280,Idle
0.010,-0.000,1.011,0.385,-3.386,0.245,Idle
0.011,-0.001,1.011,0.420,-3.360,0.271,Idle
0.011,-0.001,1.012,0.368,-3.316,0.271,Idle
0.010,-0.000,1.012,0.350,-3.334,0.262,Idle
0.011,-0.001,1.011,0.394,-3.378,0.306,Idle
0.011,-0.001,1.012,0.394,-3.290,0.254,Idle
0.011,-0.001,1.011,0.403,-3.360,0.271,Idle
0.010,-0.001,1.010,0.359,-3.325,0.280,Idle
0.010,-0.001,1.012,0.359,-3.325,0.236,Idle
0.011,-0.001,1.012,0.333,-3.342,0.315,Idle
0.011,-0.000,1.012,0.376,-3.342,0.271,Idle
0.010,-0.000,1.011,0.368,-3.325,0.280,Idle
0.010,0.000,1.011,0.411,-3.290,0.289,Idle
0.011,-0.001,1.012,0.368,-3.360,0.245,Idle
0.011,-0.001,1.012,0.385,-3.316,0.228,Idle
0.011,0.000,1.011,0.385,-3.360,0.280,Idle
0.010,0.000,1.012,0.394,-3.369,0.254,Idle
0.011,-0.000,1.012,0.411,-3.342,0.315,Idle
0.011,-0.000,1.012,0.324,-3.325,0.254,Idle
0.011,-0.000,1.011,0.394,-3.342,0.236,Idle
0.010,0.001,1.011,0.368,-3.334,0.245,Idle
0.011,0.000,1.012,0.333,-3.386,0.271,Idle
0.010,-0.001,1.011,0.385,-3.378,0.315,Idle
0.010,-0.000,1.011,0.368,-3.316,0.298,Idle
0.011,-0.001,1.011,0.376,-3.334,0.324,Idle
0.011,-0.001,1.013,0.385,-3.360,0.298,Idle
0.011,0.000,1.011,0.341,-3.360,0.262,Idle
0.011,-0.001,1.012,0.394,-3.325,0.254,Idle
0.011,-0.001,1.012,0.385,-3.395,0.271,Idle
0.011,-0.001,1.013,0.359,-3.334,0.262,Idle
0.011,-0.000,1.011,0.341,-3.369,0.262,Idle
0.010,-0.001,1.011,0.411,-3.360,0.280,Idle
0.010,-0.001,1.011,0.385,-3.334,0.289,Idle
0.011,-0.001,1.011,0.368,-3.360,0.289,Idle
0.011,-0.000,1.010,0.385,-3.386,0.271,Idle
0.010,0.000,1.011,0.411,-3.334,0.280,Idle
0.011,-0.001,1.011,0.420,-3.351,0.280,Idle
0.011,-0.000,1.013,0.385,-3.369,0.315,Idle
0.011,0.000,1.011,0.385,-3.342,0.298,Idle
0.010,-0.000,1.011,0.341,-3.325,0.271,Idle
0.012,-0.000,1.012,0.350,-3.342,0.315,Idle
0.010,0.000,1.010,0.411,-3.342,0.306,Idle
0.010,-0.001,1.013,0.385,-3.342,0.245,Idle
0.010,-0.001,1.013,0.411,-3.360,0.254,Idle
0.010,-0.001,1.012,0.420,-3.351,0.236,Idle
0.011,0.000,1.011,0.403,-3.342,0.280,Idle
0.010,-0.000,1.013,0.376,-3.299,0.254,Idle
0.010,-0.000,1.011,0.385,-3.386,0.280,Idle
0.010,-0.001,1.011,0.359,-3.342,0.254,Idle
0.011,0.000,1.012,0.341,-3.334,0.289,Idle
0.010,0.000,1.011,0.341,-3.325,0.289,Idle
0.011,-0.000,1.012,0.341,-3.360,0.289,Idle
0.010,-0.001,1.012,0.324,-3.351,0.289,Idle
0.010,-0.001,1.011,0.368,-3.334,0.262,Idle
0.010,-0.001,1.014,0.385,-3.395,0.298,Idle
0.012,0.001,1.011,0.394,-3.290,0.262,Idle
0.009,-0.000,1.012,0.420,-3.299,0.306,Idle
0.011,-0.000,1.011,0.376,-3.316,0.254,Idle
0.010,-0.001,1.013,0.359,-3.334,0.271,Idle
0.010,-0.000,1.011,0.333,-3.369,0.298,Idle
0.010,-0.000,1.012,0.368,-3.325,0.280,Idle
0.011,-0.001,1.011,0.385,-3.351,0.289,Idle
0.010,-0.000,1.012,0.394,-3.334,0.271,Idle
0.011,-0.000,1.011,0.385,-3.316,0.306,Idle
0.010,0.000,1.011,0.411,-3.351,0.298,Idle
0.010,-0.001,1.012,0.376,-3.369,0.271,Idle
0.010,-0.001,1.012,0.376,-3.316,0.333,Idle
0.011,-0.001,1.012,0.420,-3.342,0.289,Idle
0.011,0.000,1.012,0.333,-3.307,0.280,Idle
0.010,-0.000,1.012,0.411,-3.325,0.254,Idle
0.010,-0.001,1.011,0.385,-3.316,0.271,Idle
0.011,-0.001,1.011,0.385,-3.360,0.298,Idle
0.011,0.000,1.011,0.359,-3.342,0.298,Idle
0.011,-0.000,1.012,0.376,-3.369,0.262,Idle
0.010,-0.001,1.011,0.376,-3.351,0.245,Idle
0.011,-0.000,1.011,0.403,-3.360,0.245,Idle
0.010,-0.001,1.012,0.429,-3.307,0.236,Idle
0.011,-0.000,1.011,0.420,-3.342,0.254,Idle
0.010,-0.001,1.012,0.359,-3.351,0.262,Idle
0.011,-0.001,1.011,0.385,-3.342,0.306,Idle
0.010,-0.001,1.011,0.420,-3.360,0.289,Idle
0.011,-0.000,1.011,0.368,-3.369,0.280,Idle
0.010,-0.000,1.012,0.446,-3.360,0.245,Idle
0.012,-0.001,1.011,0.359,-3.360,0.271,Idle
0.010,-0.001,1.013,0.385,-3.360,0.280,Idle
0.011,-0.000,1.012,0.394,-3.360,0.228,Idle
0.010,0.000,1.010,0.359,-3.378,0.219,Idle
0.011,-0.001,1.011,0.429,-3.325,0.262,Idle
0.011,-0.000,1.011,0.350,-3.334,0.262,Idle
0.011,-0.001,1.011,0.350,-3.325,0.271,Idle
0.011,-0.002,1.012,0.368,-3.360,0.298,Idle
0.010,-0.000,1.011,0.368,-3.342,0.254,Idle
0.011,0.001,1.012,0.438,-3.369,0.262,Idle
0.010,-0.000,1.011,0.368,-3.351,0.271,Idle
0.010,-0.001,1.012,0.350,-3.316,0.245,Idle
0.010,-0.000,1.011,0.341,-3.307,0.262,Idle
0.010,-0.001,1.011,0.368,-3.325,0.254,Idle
0.010,-0.001,1.012,0.385,-3.316,0.245,Idle
0.010,-0.000,1.012,0.420,-3.325,0.271,Idle
0.011,-0.001,1.011,0.333,-3.360,0.280,Idle
0.012,-0.001,1.012,0.411,-3.369,0.298,Idle
0.010,-0.001,1.011,0.341,-3.325,0.280,Idle
0.010,0.000,1.012,0.376,-3.334,0.228,Idle
0.011,-0.001,1.013,0.385,-3.360,0.262,Idle
0.010,-0.000,1.012,0.350,-3.360,0.271,Idle
0.010,-0.001,1.012,0.341,-3.307,0.280,Idle
0.010,-0.001,1.011,0.368,-3.342,0.254,Idle
0.010,-0.001,1.012,0.403,-3.334,0.298,Idle
0.011,-0.001,1.012,0.359,-3.334,0.271,Idle
0.011,-0.000,1.012,0.420,-3.316,0.271,Idle
0.010,-0.000,1.010,0.385,-3.325,0.298,Idle
0.011,-0.000,1.011,0.403,-3.360,0.271,Idle
0.011,-0.000,1.011,0.420,-3.342,0.280,Idle
0.010,0.000,1.011,0.359,-3.342,0.289,Idle
0.011,-0.000,1.012,0.376,-3.351,0.262,Idle
0.012,-0.000,1.012,0.359,-3.342,0.245,Idle
0.010,-0.001,1.011,0.333,-3.316,0.254,Idle
0.010,-0.001,1.012,0.376,-3.369,0.306,Idle
0.012,-0.001,1.012,0.420,-3.369,0.289,Idle
0.012,0.000,1.012,0.403,-3.369,0.262,Idle
0.011,0.000,1.011,0.368,-3.325,0.254,Idle
0.011,0.000,1.011,0.403,-3.369,0.236,Idle
0.011,-0.001,1.011,0.359,-3.342,0.298,Idle
0.010,0.000,1.011,0.359,-3.378,0.192,Idle
0.011,-0.000,1.012,0.376,-3.351,0.271,Idle
0.010,0.000,1.011,0.420,-3.342,0.236,Idle
0.010,-0.000,1.012,0.341,-3.351,0.228,Idle
0.010,-0.001,1.011,0.376,-3.316,0.254,Idle
0.010,-0.000,1.013,0.411,-3.378,0.262,Idle
0.011,-0.001,1.010,0.429,-3.351,0.271,Idle
0.010,0.000,1.012,0.411,-3.316,0.254,Idle
0.011,-0.000,1.012,0.394,-3.360,0.271,Idle
0.011,-0.001,1.012,0.385,-3.351,0.254,Idle
0.010,-0.000,1.010,0.394,-3.369,0.254,Idle
0.010,0.000,1.013,0.403,-3.369,0.245,Idle
0.011,-0.001,1.011,0.394,-3.325,0.289,Idle
0.011,-0.000,1.012,0.376,-3.342,0.280,Idle
0.010,-0.001,1.010,0.359,-3.316,0.271,Idle
0.010,-0.001,1.011,0.359,-3.360,0.306,Idle
0.011,-0.001,1.012,0.411,-3.342,0.245,Idle
0.010,-0.001,1.011,0.429,-3.369,0.280,Idle
0.011,-0.000,1.011,0.359,-3.342,0.245,Idle
0.011,-0.001,1.012,0.420,-3.342,0.228,Idle
0.010,0.001,1.012,0.376,-3.281,0.298,Idle
0.011,-0.000,1.012,0.385,-3.342,0.245,Idle
0.011,0.000,1.011,0.341,-3.351,0.254,Idle
0.011,-0.000,1.014,0.368,-3.360,0.271,Idle
0.010,-0.000,1.011,0.368,-3.334,0.271,Idle
0.010,0.000,1.011,0.368,-3.342,0.280,Idle
0.012,-0.000,1.010,0.368,-3.325,0.271,Idle
0.010,-0.001,1.013,0.385,-3.334,0.271,Idle
0.011,-0.000,1.013,0.394,-3.369,0.350,Idle
0.010,0.000,1.011,0.350,-3.378,0.289,Idle
0.011,-0.000,1.011,0.359,-3.307,0.289,Idle
0.010,-0.001,1.011,0.359,-3.342,0.289,Idle
0.012,-0.000,1.011,0.411,-3.325,0.280,Idle
0.011,-0.000,1.012,0.368,-3.316,0.298,Idle
0.010,-0.000,1.011,0.376,-3.316,0.289,Idle
0.009,-0.001,1.011,0.341,-3.334,0.280,Idle
0.010,-0.001,1.011,0.438,-3.325,0.245,Idle
0.009,-0.001,1.011,0.368,-3.342,0.315,Idle
0.011,-0.001,1.012,0.394,-3.334,0.289,Idle
0.011,-0.000,1.011,0.394,-3.378,0.280,Idle
0.011,0.000,1.012,0.368,-3.351,0.254,Idle
0.010,-0.001,1.011,0.368,-3.351,0.298,Idle
0.011,-0.000,1.012,0.394,-3.325,0.271,Idle
0.011,-0.000,1.012,0.403,-3.342,0.280,Idle
0.043,0.177,0.968,15.689,-4.471,3.535,Pitch
0.039,0.186,0.986,26.819,-1.339,6.256,Pitch
0.043,0.216,0.995,29.654,7.236,7.464,Pitch
0.022,0.239,1.006,17.517,6.869,5.705,Pitch
0.017,0.245,0.996,9.118,3.290,2.284,Pitch
0.002,0.230,0.985,5.372,-1.216,-2.704,Pitch
0.022,0.222,0.991,8.969,-3.115,-6.370,Pitch
0.035,0.241,0.979,10.938,-0.822,-4.988,Pitch
0.017,0.266,0.972,8.374,-2.362,-3.203,Pitch
-0.001,0.268,0.983,1.059,-5.696,-2.214,Pitch
0.018,0.225,1.018,1.435,-4.681,-1.837,Pitch
0.015,0.184,1.044,29.050,1.409,1.724,Pitch
0.083,-0.065,1.156,102.296,22.881,9.144,Pitch
-0.045,-0.003,1.078,286.326,59.307,51.739,Pitch
0.001,0.633,0.274,286.685,59.736,53.060,Pitch
-0.007,1.335,-0.809,100.476,80.806,-12.092,Pitch
0.050,1.734,-0.808,-280.534,-28.315,-129.806,Pitch
0.417,0.018,-0.651,-286.685,-116.226,-195.790,Pitch
0.246,-1.999,1.991,-286.685,-191.949,-50.461,Pitch
0.496,-1.999,1.995,49.403,38.561,12.801,Pitch
-0.188,-0.863,1.869,286.685,0.411,27.545,Pitch
0.130,0.043,0.918,286.685,31.360,12.714,Pitch
-0.143,-0.068,-0.079,286.685,140.175,22.522,Pitch
0.906,0.484,-1.400,286.685,103.504,153.842,Pitch
0.132,0.870,-1.444,178.342,52.955,202.475,Pitch
-0.126,1.325,-1.147,-33.915,41.221,121.327,Pitch
-0.058,1.488,-0.278,-286.685,-8.689,-78.461,Pitch
-0.505,-0.473,0.761,-286.685,-28.079,-270.436,Pitch
0.747,-1.921,1.999,-286.685,-157.579,-244.379,Pitch
0.342,-1.697,1.415,-124.451,112.726,-9.573,Pitch
-0.089,-1.189,1.703,232.523,82.845,11.051,Pitch
-0.197,-0.272,1.428,286.685,30.459,-21.490,Pitch
0.096,0.245,0.399,286.685,92.671,10.561,Pitch
0.347,0.274,-0.732,286.685,110.066,64.636,Pitch
0.463,0.464,-1.197,286.685,100.783,112.647,Pitch
0.015,0.857,-1.257,282.406,78.103,122.386,Pitch
-0.199,1.855,-0.678,-132.274,39.760,35.717,Pitch
0.090,1.374,-0.378,-286.685,-73.666,-132.694,Pitch
0.136,0.137,0.145,-286.685,-100.371,-217.857,Pitch
-0.306,-1.999,1.676,-286.685,-225.523,-170.809,Pitch
-0.028,-1.274,1.766,-282.179,65.039,-36.785,Pitch
0.025,-0.582,1.482,222.180,-26.189,52.491,Pitch
-0.292,-0.596,1.396,286.685,-112.735,-17.448,Pitch
0.248,-0.415,1.043,286.685,104.632,-21.350,Pitch
0.290,-0.185,0.361,286.685,191.459,22.426,Pitch
0.283,0.188,-0.979,286.685,246.164,29.986,Pitch
0.246,1.009,-1.549,286.668,276.307,22.295,Pitch
0.039,1.268,-1.127,-16.048,116.174,16.292,Pitch
-0.105,1.786,-0.758,-284.603,-31.115,-56.954,Pitch
-0.271,1.158,-0.328,-286.685,-257.793,-216.046,Pitch
0.244,-1.273,0.599,-286.685,-286.685,-210.009,Pitch
0.411,-1.999,1.999,-286.685,-179.585,-58.126,Pitch
0.506,-1.938,1.149,115.168,124.985,23.336,Pitch
-0.173,-0.897,1.923,286.685,147.639,66.316,Pitch
-0.022,-0.750,1.051,286.685,194.136,62.991,Pitch
0.445,-0.496,-0.184,286.685,257.556,147.070,Pitch
0.682,0.459,-1.736,286.685,198.179,166.311,Pitch
0.218,1.323,-1.324,286.685,188.107,179.384,Pitch
0.186,0.903,-1.377,68.101,70.228,120.129,Pitch
0.033,1.361,-1.080,-283.867,-50.461,60.847,Pitch
-0.275,1.161,-0.471,-286.685,-201.652,-105.516,Pitch
-0.111,-0.554,0.041,-286.685,-214.436,-286.659,Pitch
0.427,-1.997,1.813,-286.685,-185.194,-231.009,Pitch
0.945,-1.846,1.813,-285.110,-114.004,25.392,Pitch
-0.459,-1.131,1.611,217.753,89.416,91.647,Pitch
0.035,-0.305,1.367,286.685,102.734,29.540,Pitch
0.047,0.151,0.885,286.685,123.664,18.104,Pitch
0.025,0.277,0.157,286.685,82.915,22.225,Pitch
0.288,0.653,-1.181,286.685,65.555,25.401,Pitch
0.155,1.144,-0.855,247.721,112.341,34.011,Pitch
0.166,1.714,-1.267,-281.855,37.380,-10.649,Pitch
0.100,1.373,-1.117,-286.685,-73.430,-58.109,Pitch
-0.095,-0.435,-0.084,-286.685,-180.189,-148.811,Pitch
0.212,-1.999,1.999,-286.685,-286.169,-44.826,Pitch
-0.011,-1.296,0.697,-263.506,111.755,-132.536,Pitch
0.508,-0.681,1.772,286.501,174.003,-29.978,Pitch
-0.223,-0.759,1.999,286.685,200.314,32.830,Pitch
-0.114,-0.471,1.233,286.685,167.825,31.264,Pitch
0.150,-0.011,0.461,286.685,154.700,36.164,Pitch
0.316,0.124,-0.558,286.685,163.520,88.121,Pitch
0.339,0.243,-1.320,286.685,134.628,127.155,Pitch
0.137,0.621,-1.645,283.369,130.637,136.098,Pitch
-0.316,1.372,-1.274,-154.464,71.934,47.057,Pitch
-0.103,1.394,-0.681,-286.685,-164.474,-120.312,Pitch
-0.054,1.124,0.100,-286.685,-273.455,-175.577,Pitch
0.101,-0.207,0.648,-286.685,-286.685,-152.136,Pitch
0.978,-1.574,1.710,-286.685,-251.423,39.393,Pitch
0.252,-1.889,-0.468,-272.694,142.835,37.511,Pitch
-0.166,-0.956,1.999,284.384,24.325,78.260,Pitch
-0.415,-1.200,1.900,286.685,55.213,30.030,Pitch
0.249,-0.528,1.215,286.685,140.158,-9.887,Pitch
0.283,0.369,0.644,286.685,167.939,14.761,Pitch
-0.049,0.626,0.813,286.195,124.250,61.215,Pitch
-0.119,0.459,0.231,121.774,101.684,88.524,Pitch
-0.255,0.626,0.094,15.129,103.075,110.784,Pitch
-0.272,0.831,0.251,-55.256,42.586,83.003,Pitch
-0.302,0.837,0.397,-125.291,-50.321,67.419,Pitch
-0.292,0.785,0.707,-152.792,-94.640,51.485,Pitch
-0.154,0.884,0.997,-280.210,-131.679,23.284,Pitch
-0.070,0.869,0.911,-286.685,-265.974,-4.296,Pitch
0.735,-0.487,0.286,-286.685,-267.986,60.568,Pitch
0.605,-0.829,0.706,-262.946,-66.054,123.121,Pitch
0.382,-0.685,0.837,203.035,218.435,108.526,Pitch
0.281,-0.102,0.840,286.685,286.685,69.939,Pitch
-0.552,-0.041,0.818,286.685,86.231,38.255,Pitch
0.219,0.418,0.218,286.685,-51.502,16.310,Pitch
0.312,0.700,0.079,286.685,-9.870,127.899,Pitch
0.247,1.119,-0.953,286.685,15.391,165.454,Pitch
0.099,1.117,-0.685,286.685,117.521,66.045,Pitch
0.113,1.141,-0.165,221.830,108.439,9.424,Pitch
0.011,1.384,-0.158,51.362,14.796,12.390,Pitch
-0.067,1.998,-0.322,-279.965,-91.201,-19.311,Pitch
0.096,1.382,-0.534,-286.685,-219.223,-95.629,Pitch
0.221,0.166,0.027,-286.685,-232.549,-220.080,Pitch
0.664,-0.704,0.263,-286.685,-139.895,-147.175,Pitch
0.743,-1.862,1.587,-286.685,-47.950,40.618,Pitch
-0.502,-1.999,-0.063,-165.917,276.203,81.603,Pitch
-0.810,-0.791,1.490,286.685,54.583,-41.151,Pitch
0.201,-0.313,1.762,286.685,87.789,-98.586,Pitch
0.165,0.224,0.041,286.685,69.510,52.929,Pitch
0.107,0.834,0.915,286.685,77.691,88.918,Pitch
-0.012,0.381,-0.460,286.685,60.804,156.686,Pitch
-0.100,0.301,-0.923,286.685,168.656,69.685,Pitch
0.058,0.382,-0.984,286.685,210.551,22.663,Pitch
0.021,0.851,-0.614,286.685,156.415,51.135,Pitch
0.084,1.191,-0.780,286.685,40.862,99.033,Pitch
0.190,1.564,-0.763,50.006,-97.527,120.243,Pitch
0.151,1.471,-0.735,-274.610,-181.598,140.962,Pitch
0.171,1.416,-0.529,-286.685,-206.658,128.292,Pitch
0.164,1.224,-0.021,-286.685,-179.148,101.885,Pitch
0.418,0.797,1.070,-286.685,15.531,48.440,Pitch
0.495,0.409,1.107,-286.685,127.628,59.868,Pitch
-0.193,-0.526,0.555,-286.685,35.105,118.895,Pitch
-0.117,-0.702,0.630,-286.685,42.298,80.990,Pitch
-0.341,-1.197,1.031,-168.306,123.559,4.366,Pitch
-0.041,-1.043,1.177,84.569,163.144,-57.068,Pitch
-0.123,-0.977,0.955,278.399,119.149,-12.023,Pitch
-0.036,-0.743,0.771,286.685,76.055,22.724,Pitch
-0.074,-0.092,-0.096,286.685,75.066,69.738,Pitch
0.307,0.502,-0.528,286.685,12.749,30.503,Pitch
0.211,0.664,-1.305,286.685,118.055,25.384,Pitch
-0.153,1.113,-1.233,286.685,109.279,40.224,Pitch
0.074,1.009,-0.345,286.685,67.751,33.329,Pitch
-0.126,1.050,-0.360,135.730,15.312,79.503,Pitch
-0.067,1.902,-0.696,-276.448,-83.562,26.451,Pitch
0.007,1.734,-0.806,-286.685,-187.740,4.270,Pitch
-0.146,0.866,-0.414,-286.685,-234.255,-16.695,Pitch
0.120,-0.157,0.194,-286.685,-172.655,-31.535,Pitch
0.402,-1.298,1.386,-286.685,-96.705,62.956,Pitch
-0.018,-1.504,0.152,-286.685,86.809,77.131,Pitch
-0.506,-1.518,0.400,-27.300,78.654,9.021,Pitch
0.030,-0.727,1.999,216.667,-34.772,-90.729,Pitch
0.233,-1.009,1.351,185.920,-29.251,-69.466,Pitch
0.440,-1.071,0.796,286.685,53.401,16.695,Pitch
0.187,-0.455,0.093,286.685,164.876,62.396,Pitch
-0.189,0.864,-0.064,286.685,213.264,40.513,Pitch
-0.060,0.725,-0.082,286.685,242.113,16.791,Pitch
-0.205,0.752,-0.309,286.685,235.708,45.159,Pitch
-0.061,0.650,-0.685,286.685,130.174,63.901,Pitch
0.052,1.131,-0.725,223.711,54.110,95.393,Pitch
0.052,1.998,-1.095,-269.325,-117.845,84.674,Pitch
0.097,1.548,-1.109,-286.685,-286.055,-19.276,Pitch
-0.034,0.490,-0.420,-286.685,-258.186,-49.149,Pitch
0.165,-0.625,0.160,-286.685,-172.454,-42.525,Pitch
0.215,-1.191,1.767,-286.685,-91.639,56.438,Pitch
0.199,-1.521,-0.719,-276.351,22.006,45.868,Pitch
-0.133,-0.987,1.682,243.740,11.751,13.913,Pitch
-0.139,-0.811,1.568,154.910,35.131,-92.662,Pitch
0.090,-1.026,1.075,237.965,12.504,-131.276,Pitch
0.587,-0.999,0.525,286.685,129.964,-114.144,Pitch
-0.009,0.755,0.326,286.685,286.685,-7.193,Pitch
0.095,0.823,0.277,286.685,226.599,40.206,Pitch
-0.018,0.698,-0.139,286.685,178.990,43.173,Pitch
-0.028,0.673,-0.524,286.685,147.910,41.764,Pitch
-0.068,0.776,-0.385,286.685,189.534,46.874,Pitch
-0.145,1.765,-0.257,-119.420,139.554,50.680,Pitch
-0.116,1.998,-1.290,-286.685,-50.330,22.234,Pitch
-0.334,1.000,-0.448,-286.685,-285.381,-109.209,Pitch
-0.149,-0.171,0.318,-286.685,-286.685,-163.117,Pitch
0.476,-1.110,1.079,-286.685,-284.253,-77.228,Pitch
0.910,-1.994,-1.016,-275.879,-28.788,60.541,Pitch
0.180,-1.789,0.890,253.715,110.854,95.952,Pitch
0.001,-0.924,1.590,286.685,147.717,27.335,Pitch
-0.188,-0.628,1.227,286.685,116.909,-14.560,Pitch
0.187,-0.802,0.443,286.685,109.016,-42.175,Pitch
0.011,-0.206,0.115,286.685,132.851,-18.121,Pitch
0.281,0.441,-0.259,286.685,114.520,1.741,Pitch
0.130,1.023,-0.189,286.685,129.159,66.045,Pitch
-0.081,0.648,-0.706,254.135,146.221,106.015,Pitch
0.026,0.650,-0.661,208.591,171.596,83.370,Pitch
-0.071,0.927,-0.631,210.997,136.596,31.929,Pitch
-0.018,1.926,-0.515,-117.145,23.520,-17.990,Pitch
-0.043,1.788,-0.281,-286.685,-136.465,-64.374,Pitch
-0.365,1.304,0.085,-286.685,-224.455,-125.064,Pitch
0.140,0.512,0.087,-286.685,-255.902,-110.215,Pitch
0.449,-0.629,0.386,-286.685,-173.705,50.006,Pitch
0.231,-1.490,0.180,-286.685,23.791,123.060,Pitch
-0.512,-1.999,0.164,-107.616,148.383,51.021,Pitch
-0.501,-1.621,1.110,284.462,98.919,-5.084,Pitch
0.278,-1.032,1.541,286.685,30.520,27.641,Pitch
0.039,-0.624,0.930,286.685,68.119,120.890,Pitch
-0.070,0.005,-0.036,286.685,81.489,119.980,Pitch
-0.113,0.312,-0.402,286.685,113.846,74.121,Pitch
0.026,0.508,-0.409,286.685,197.732,50.076,Pitch
-0.051,0.567,-0.457,286.685,142.879,70.656,Pitch
0.155,0.744,-0.582,286.685,100.004,84.691,Pitch
0.213,1.068,-0.791,286.685,79.905,125.956,Pitch
0.300,1.998,-0.763,-73.001,0.096,108.019,Pitch
0.237,1.686,-0.978,-286.685,-172.865,21.945,Pitch
-0.168,0.580,-0.614,-286.685,-272.825,-34.904,Pitch
-0.099,-0.073,0.606,-286.685,-253.855,-110.801,Pitch
-0.021,-0.294,1.914,-286.685,-264.075,-111.457,Pitch
0.647,-0.497,0.760,-286.685,-244.449,26.504,Pitch
0.448,-1.999,0.930,-218.365,109.769,90.624,Pitch
-0.099,-1.543,1.199,283.185,136.745,9.599,Pitch
0.284,-0.968,1.834,286.685,188.606,-10.307,Pitch
0.256,-0.694,1.075,286.685,235.909,80.194,Pitch
-0.165,0.144,-0.124,286.685,162.951,101.386,Pitch
0.215,0.459,-0.164,286.685,138.154,44.800,Pitch
0.239,0.543,-0.232,286.685,195.869,99.785,Pitch
0.017,0.493,-0.371,286.685,207.848,122.588,Pitch
0.157,0.655,-0.760,249.830,211.059,112.919,Pitch
0.306,1.157,-0.863,57.671,135.529,83.125,Pitch
0.363,1.562,-0.952,-279.983,-39.235,-9.748,Pitch
0.481,1.394,-0.768,-286.685,-145.197,-90.904,Pitch
0.330,1.011,-0.524,-286.685,-245.044,-148.348,Pitch
0.163,0.133,0.150,-286.685,-286.283,-135.030,Pitch
-0.102,-0.707,1.638,-286.685,-217.131,-24.789,Pitch
-0.192,-1.294,0.822,-286.685,-79.380,87.999,Pitch
-0.065,-1.999,-0.150,-286.492,84.394,-6.440,Pitch
0.236,-1.498,1.056,255.238,194.154,-21.674,Pitch
0.052,-1.141,1.608,286.685,180.163,6.423,Pitch
-0.139,-0.813,1.287,286.685,163.861,41.011,Pitch
-0.103,-0.686,0.582,286.685,137.401,53.165,Pitch
0.158,0.152,0.227,286.685,101.132,46.812,Pitch
0.390,0.246,-0.532,286.685,131.845,84.000,Pitch
0.114,0.701,-0.512,286.685,197.916,162.024,Pitch
0.120,0.660,-0.982,286.685,225.741,133.158,Pitch
0.181,1.107,-0.522,191.721,205.179,102.900,Pitch
0.078,1.547,-1.035,-236.023,37.993,32.357,Pitch
0.098,1.631,-0.644,-286.685,-168.236,-124.784,Pitch
0.142,0.856,-0.161,-286.685,-277.147,-207.008,Pitch
0.336,-0.122,0.363,-286.685,-286.685,-190.435,Pitch
-0.033,-1.137,1.998,-286.685,-286.615,-13.414,Pitch
0.172,-1.189,0.242,-286.685,-62.904,40.810,Pitch
0.072,-1.066,0.858,-35.420,163.538,-21.621,Pitch
-0.021,-1.432,1.131,194.854,129.465,-42.507,Pitch
0.149,-1.407,1.701,286.685,122.544,-45.325,Pitch
-0.030,-0.635,0.789,286.685,174.396,53.077,Pitch
0.475,0.483,-0.228,286.685,132.125,67.567,Pitch
0.162,0.671,-0.290,286.685,138.276,121.257,Pitch
0.132,0.652,-0.653,286.685,147.814,133.709,Pitch
0.074,0.669,-0.949,282.931,197.190,41.431,Pitch
0.099,0.950,-0.835,63.403,145.863,36.706,Pitch
0.098,1.575,-1.220,-276.325,-8.243,-34.825,Pitch
0.150,1.496,-1.028,-286.685,-129.929,-109.524,Pitch
0.097,1.082,-0.327,-286.685,-229.408,-207.235,Pitch
0.128,0.305,0.267,-286.685,-284.812,-247.424,Pitch
0.283,-1.370,1.397,-286.685,-286.685,-105.376,Pitch
0.577,-1.952,0.083,-286.685,55.493,66.920,Pitch
-0.053,-1.494,0.755,130.489,212.721,68.757,Pitch
-0.418,-1.075,1.612,286.685,103.696,46.209,Pitch
-0.089,-1.179,1.480,286.685,69.974,-39.419,Pitch
0.015,-0.512,0.855,286.685,95.900,6.597,Pitch
0.382,0.155,0.099,286.685,104.799,50.094,Pitch
0.413,0.310,-0.572,286.685,143.902,68.941,Pitch
0.129,0.775,-0.769,286.685,234.229,118.702,Pitch
-0.188,0.815,-0.586,286.685,259.044,98.262,Pitch
-0.193,1.137,-0.375,220.001,149.992,43.278,Pitch
-0.188,1.712,-0.427,-34.676,26.180,-2.030,Pitch
-0.189,1.933,-0.740,-286.685,-188.956,-34.064,Pitch
-0.031,1.128,-0.501,-286.685,-286.685,-59.334,Pitch
0.127,-0.003,0.252,-286.685,-286.685,7.543,Pitch
0.387,-1.049,1.321,-286.685,-181.921,50.409,Pitch
0.370,-0.802,1.947,-286.685,-3.754,57.566,Pitch
0.275,-1.704,0.346,-211.732,70.420,2.056,Pitch
0.184,-1.234,1.394,280.332,70.245,49.752,Pitch
-0.050,-0.941,1.424,286.685,80.955,45.666,Pitch
0.101,-0.230,0.424,286.685,122.745,53.121,Pitch
0.157,0.275,-0.277,286.685,113.418,36.864,Pitch
0.182,0.656,-0.263,286.685,188.930,5.653,Pitch
0.170,0.740,-0.767,283.509,282.004,38.246,Pitch
0.092,0.870,-0.668,93.467,282.205,-13.431,Pitch
0.205,1.378,-0.717,-177.852,102.567,-69.370,Pitch
0.217,1.588,-0.828,-286.685,-95.769,-135.012,Pitch
0.247,1.494,-0.384,-286.685,-235.786,-235.506,Pitch
0.278,1.146,-0.039,-286.685,-286.685,-235.279,Pitch
-0.034,-0.761,0.543,-286.685,-286.685,-169.689,Pitch
0.031,-1.667,1.702,-286.685,-160.816,-50.487,Pitch
0.135,-1.999,0.468,-159.661,145.845,-77.490,Pitch
0.458,-0.879,1.309,286.685,114.756,-38.281,Pitch
0.104,-1.180,1.681,286.685,161.280,49.919,Pitch
0.046,-0.634,0.694,286.685,202.178,76.772,Pitch
0.163,0.297,0.218,286.685,171.902,78.199,Pitch
0.109,0.333,0.095,286.685,158.742,113.514,Pitch
-0.010,0.462,-0.892,286.685,183.383,95.603,Pitch
-0.219,0.673,-0.610,286.685,249.865,52.903,Pitch
-0.215,1.143,-0.255,161.245,171.027,19.163,Pitch
-0.288,1.998,-0.785,-285.084,-52.789,-38.666,Pitch
-0.154,1.848,-0.647,-286.685,-286.668,-144.874,Pitch
-0.033,-0.175,-0.142,-286.685,-286.685,-86.774,Pitch
0.364,-1.583,0.435,-286.685,-286.685,-22.111,Pitch
0.245,-1.980,1.002,-286.685,-2.503,1.452,Pitch
0.273,-1.540,0.695,-155.811,26.565,10.307,Pitch
0.104,-1.164,1.225,273.569,2.686,17.456,Pitch
0.036,-1.057,1.362,286.685,28.472,-4.480,Pitch
0.219,-0.588,0.521,286.685,64.181,-3.832,Pitch
0.240,0.334,-0.070,286.685,145.268,49.761,Pitch
0.036,0.717,0.237,286.685,162.242,75.338,Pitch
0.047,0.789,0.040,286.685,115.544,86.896,Pitch
-0.115,0.832,-0.226,281.199,91.945,95.506,Pitch
-0.118,1.267,-0.068,69.851,74.077,45.763,Pitch
-0.009,1.812,-0.194,-283.054,-85.995,-31.465,Pitch
0.038,1.450,-0.017,-286.685,-231.315,-89.609,Pitch
-0.014,1.057,0.250,-286.685,-212.170,-135.852,Pitch
0.366,-1.639,1.030,-286.685,-174.598,-122.684,Pitch
0.623,-1.973,0.685,-286.685,59.045,-30.362,Pitch
0.080,-1.238,0.952,47.600,225.400,23.222,Pitch
0.021,-0.649,0.987,286.685,98.823,-0.157,Pitch
0.079,-0.516,1.277,286.685,77.936,30.853,Pitch
0.030,-0.199,0.749,286.685,114.301,64.137,Pitch
0.097,0.400,0.207,286.685,210.919,110.749,Pitch
-0.205,0.631,0.131,286.685,284.987,121.616,Pitch
-0.215,0.720,0.018,286.685,271.600,109.410,Pitch
-0.095,0.858,-0.470,286.685,187.740,72.704,Pitch
-0.133,1.067,-0.639,125.816,131.163,-21.333,Pitch
-0.095,1.314,-0.273,-188.711,-39.533,-72.940,Pitch
-0.234,1.234,-0.021,-286.685,-230.221,-54.819,Pitch
-0.409,1.293,0.329,-286.685,-286.685,-72.048,Pitch
-0.183,0.676,0.301,-286.685,-286.685,-101.001,Pitch
0.197,-0.373,0.808,-286.685,-286.685,-12.311,Pitch
0.383,-1.316,0.765,-286.685,-152.565,55.169,Pitch
0.169,-1.416,1.373,-145.057,26.574,-0.534,Pitch
0.202,-1.175,1.116,263.996,77.061,-17.343,Pitch
0.258,-0.544,1.106,286.685,120.277,31.535,Pitch
0.109,0.211,0.485,286.685,163.651,105.630,Pitch
-0.112,0.746,0.146,286.685,189.455,103.600,Pitch
-0.024,0.864,0.132,286.685,149.214,102.603,Pitch
-0.032,0.813,-0.142,286.685,145.819,104.300,Pitch
0.078,1.232,-0.519,189.989,162.155,78.277,Pitch
0.024,1.991,-0.609,-279.755,0.219,14.376,Pitch
0.140,1.694,-0.690,-286.685,-239.908,-62.195,Pitch
0.063,1.014,-0.202,-286.685,-285.924,-81.988,Pitch
0.031,-0.284,0.795,-286.685,-245.525,-84.691,Pitch
0.589,-0.901,1.570,-286.685,20.177,-80.334,Pitch
-0.136,-1.032,0.767,-126.726,204.592,3.080,Pitch
-0.389,-0.294,0.919,224.525,127.741,-19.714,Pitch
-0.022,0.385,1.526,229.766,44.870,-61.119,Pitch
-0.108,0.295,0.729,113.146,-58.485,-22.864,Pitch
0.009,-0.087,0.884,245.420,-150.964,-58.835,Pitch
0.773,-0.835,1.373,286.685,-70.971,23.100,Pitch
0.419,0.143,1.357,286.685,121.467,112.332,Pitch
0.125,1.133,0.165,286.685,181.090,111.956,Pitch
-0.015,1.154,-0.056,286.685,195.484,36.278,Pitch
-0.213,1.541,-0.796,107.564,174.107,-30.651,Pitch
-0.086,1.621,-0.849,-241.439,57.452,-94.675,Pitch
-0.048,1.134,-1.206,-286.685,-203.035,-102.524,Pitch
0.231,0.758,-0.764,-286.685,-286.685,-120.698,Pitch
0.744,-0.564,0.073,-286.685,-253.803,22.531,Pitch
0.523,-0.975,1.164,-286.685,144.952,69.668,Pitch
-0.637,-1.267,0.620,-282.538,178.027,42.665,Pitch
-0.263,-1.179,1.208,151.349,48.589,-82.889,Pitch
0.180,-0.489,1.970,286.685,51.818,-73.264,Pitch
0.000,-0.002,1.125,286.685,32.926,-23.800,Pitch
0.014,0.555,1.057,286.685,16.284,-27.046,Pitch
0.078,0.688,0.686,158.585,-30.800,-15.855,Pitch
0.122,0.472,0.746,-22.374,-39.690,18.664,Pitch
-0.103,0.452,0.636,-30.616,-25.007,66.474,Pitch
-0.249,0.330,0.808,47.285,-11.392,29.698,Pitch
0.049,0.444,1.107,193.865,16.188,-19.530,Pitch
0.183,0.130,1.070,281.925,25.751,3.395,Pitch
0.167,0.177,0.653,286.685,82.469,-6.326,Pitch
-0.002,0.937,0.088,286.685,163.783,-30.091,Pitch
-0.185,1.317,-0.437,195.834,265.090,-11.165,Pitch
-0.109,1.194,-0.409,-78.409,191.914,-32.217,Pitch
-0.094,1.207,-0.447,-286.020,19.556,-27.580,Pitch
-0.179,1.258,-0.213,-286.685,-108.780,-34.501,Pitch
-0.104,1.169,0.426,-286.685,-253.732,-35.438,Pitch
-0.088,0.179,0.359,-286.685,-234.684,-33.609,Pitch
0.815,-1.399,0.900,-286.685,-70.927,22.566,Pitch
-0.532,-1.999,0.711,-134.951,190.732,102.559,Pitch
-0.851,-1.218,1.465,286.685,125.379,46.515,Pitch
-0.254,-0.272,1.594,286.685,58.240,-33.338,Pitch
0.131,-0.035,0.817,286.685,52.045,-34.151,Pitch
0.461,0.544,-0.206,286.685,66.552,111.702,Pitch
0.320,0.885,-0.501,286.685,90.037,182.473,Pitch
0.049,1.339,-0.554,286.685,104.081,157.098,Pitch
0.111,1.182,-0.514,115.360,90.440,83.991,Pitch
-0.010,0.926,-0.265,-204.304,22.444,98.306,Pitch
-0.060,1.099,-0.008,-286.685,-61.495,71.111,Pitch
-0.099,0.987,0.631,-286.685,-94.168,24.894,Pitch
-0.198,0.950,1.181,-286.685,-98.621,-35.936,Pitch
0.139,-0.011,1.782,-286.685,-42.341,-82.381,Pitch
0.240,-0.295,1.182,-248.001,147.105,-47.618,Pitch
-0.234,-0.210,1.234,22.995,155.872,-46.568,Pitch
0.064,0.290,1.257,114.074,100.152,-13.099,Pitch
-0.252,0.049,0.588,221.182,0.368,31.640,Pitch
-0.086,-0.086,0.107,286.685,-36.811,16.529,Pitch
0.137,0.306,0.007,286.685,-9.546,28.035,Pitch
0.159,0.788,0.032,286.685,70.228,70.683,Pitch
0.087,1.290,-0.498,252.542,111.598,90.598,Pitch
0.105,1.347,-0.440,-87.386,50.654,21.368,Pitch
0.109,1.286,-0.288,-279.090,-32.147,-12.985,Pitch
0.066,1.153,0.068,-286.685,-180.530,-93.984,Pitch
-0.005,0.498,1.011,-286.685,-286.659,-61.005,Pitch
0.379,-0.974,1.643,-286.685,-189.289,-41.449,Pitch
0.640,-1.534,1.129,-115.395,103.250,-14.884,Pitch
0.199,-0.311,1.674,285.119,196.516,-44.021,Pitch
-0.038,0.175,0.943,286.685,202.405,51.485,Pitch
-0.103,0.467,0.233,286.685,110.827,45.334,Pitch
0.044,0.547,-0.142,286.685,109.410,53.856,Pitch
-0.021,0.928,-0.136,286.685,97.064,55.449,Pitch
-0.172,1.228,-0.598,280.193,75.863,13.169,Pitch
0.035,1.234,-0.490,-97.020,12.985,-31.955,Pitch
-0.031,1.358,-0.447,-286.685,-99.732,-28.175,Pitch
-0.024,1.011,-0.150,-286.685,-166.066,-70.473,Pitch
0.009,0.583,0.823,-286.685,-253.208,-71.207,Pitch
0.148,-0.179,1.459,-286.685,-196.997,17.264,Pitch
0.244,-0.679,1.300,-286.685,6.694,37.240,Pitch
-0.019,-0.763,1.186,-43.873,92.802,33.092,Pitch
-0.060,-0.045,1.644,144.506,65.564,2.354,Pitch
-0.119,-0.098,1.023,238.394,-34.729,19.591,Pitch
0.051,-0.215,0.617,286.685,14.079,-15.470,Pitch
0.116,0.211,0.341,286.685,144.454,-24.246,Pitch
-0.087,0.962,0.466,286.685,167.869,-2.791,Pitch
-0.099,0.920,0.224,284.156,145.574,-0.613,Pitch
-0.009,0.894,-0.241,17.868,122.351,8.041,Pitch
-0.125,1.043,-0.227,-196.516,28.254,-6.571,Pitch
-0.148,1.217,0.068,-286.685,-71.838,-63.989,Pitch
-0.135,0.727,0.525,-286.685,-217.280,-117.871,Pitch
-0.061,0.043,1.218,-286.685,-281.260,-75.442,Pitch
0.462,-1.048,1.571,-286.685,-111.562,18.935,Pitch
-0.533,-1.605,0.715,-32.393,125.326,25.567,Pitch
-0.028,-0.824,1.439,281.242,92.820,-48.851,Pitch
-0.021,-0.018,1.386,286.685,101.518,49.333,Pitch
-0.012,0.137,0.605,286.685,104.055,112.070,Pitch
0.080,0.394,-0.028,286.685,100.923,144.550,Pitch
0.014,0.578,-0.345,286.685,102.357,139.212,Pitch
0.064,0.943,-0.466,286.685,109.270,87.649,Pitch
0.230,1.133,-0.853,92.776,113.619,68.967,Pitch
-0.022,1.329,-0.339,-128.363,59.264,14.394,Pitch
-0.031,1.412,-0.280,-285.556,-26.819,-57.059,Pitch
-0.032,0.936,0.216,-286.685,-144.848,-156.931,Pitch
-0.163,0.358,0.876,-286.685,-189.114,-141.925,Pitch
-0.208,0.148,1.155,-286.685,-140.473,-95.629,Pitch
0.056,-0.148,1.157,-286.685,-90.851,-66.430,Pitch
0.221,-0.455,1.362,-248.885,4.331,-18.025,Pitch
-0.321,-0.475,1.499,-2.888,45.850,1.636,Pitch
-0.073,-0.289,1.329,192.929,35.805,24.754,Pitch
0.048,-0.340,0.773,286.685,19.959,48.956,Pitch
0.040,0.083,0.339,286.685,104.213,54.084,Pitch
-0.053,0.680,0.189,286.685,120.846,73.658,Pitch
-0.033,0.866,-0.146,286.685,74.007,78.855,Pitch
0.085,0.959,-0.440,262.080,14.814,50.969,Pitch
0.141,0.858,-0.799,-58.205,41.274,18.804,Pitch
-0.148,1.068,-0.228,-197.260,27.090,-40.967,Pitch
0.074,1.350,0.127,-286.685,-101.929,-148.120,Pitch
-0.056,0.814,0.697,-286.685,-266.569,-157.841,Pitch
-0.016,-0.717,1.093,-286.685,-286.685,1.697,Pitch
0.796,-0.974,1.211,-286.685,-114.923,147.158,Pitch
-0.449,-1.604,0.772,26.372,135.686,91.070,Pitch
0.082,-0.839,1.051,286.685,172.690,-17.946,Pitch
-0.207,0.424,1.259,286.685,195.676,-19.276,Pitch
-0.064,0.509,0.691,286.685,132.326,-16.494,Pitch
0.107,0.339,0.320,286.685,60.121,26.250,Pitch
0.147,0.640,-0.120,286.685,43.225,51.048,Pitch
0.159,0.689,-0.606,286.685,78.155,74.786,Pitch
0.173,0.883,-0.838,286.396,108.605,98.963,Pitch
0.074,1.020,-0.671,187.810,94.535,121.905,Pitch
-0.048,1.586,-0.480,-230.020,22.321,70.805,Pitch
-0.037,1.419,-0.093,-286.685,-78.680,-14.446,Pitch
-0.165,0.517,0.537,-286.685,-114.135,-72.651,Pitch
-0.071,-0.529,1.105,-286.685,-31.701,-103.075,Pitch
-0.063,0.447,1.975,-286.685,3.815,-83.221,Pitch
-0.016,-0.603,0.419,-286.685,118.974,-58.564,Pitch
0.025,-0.602,0.916,-22.339,101.535,-107.704,Pitch
-0.130,-0.392,1.354,282.056,-18.288,-39.357,Pitch
0.404,-0.578,0.885,286.685,60.331,72.984,Pitch
-0.106,0.321,0.456,286.685,140.516,120.960,Pitch
-0.026,0.465,-0.138,286.685,173.661,126.849,Pitch
-0.221,0.801,-0.317,286.685,159.504,76.379,Pitch
0.040,1.022,-0.640,286.685,93.275,30.100,Pitch
0.161,0.979,-0.703,247.992,28.280,44.205,Pitch
-0.020,0.815,-0.368,73.920,-57.741,89.766,Pitch
-0.158,1.434,-0.058,-280.385,-95.769,87.334,Pitch
-0.123,1.291,-0.097,-286.685,-193.217,4.786,Pitch
0.088,0.688,0.354,-286.685,-258.869,-19.014,Pitch
0.521,-0.611,1.097,-286.685,-245.893,105.429,Pitch
0.286,0.319,1.999,-286.685,88.655,114.152,Pitch
-0.131,-1.153,0.363,-259.446,275.223,83.729,Pitch
-0.192,-0.215,1.262,-23.747,193.620,59.736,Pitch
-0.380,-0.087,1.068,120.855,36.811,63.569,Pitch
-0.277,0.012,1.062,283.500,-50.155,4.130,Pitch
-0.027,-0.050,0.460,286.685,-99.514,-3.386,Pitch
0.235,0.274,0.389,286.685,-44.406,3.885,Pitch
0.081,0.449,0.053,286.685,68.460,24.570,Pitch
0.062,0.734,-0.366,286.685,129.806,45.614,Pitch
0.197,1.234,-0.691,274.304,132.326,59.780,Pitch
0.080,1.410,-0.703,-46.786,37.599,-0.700,Pitch
0.001,1.272,-0.313,-286.685,-85.986,-83.029,Pitch
0.045,0.690,0.051,-286.685,-207.471,-120.330,Pitch
-0.012,0.167,0.523,-286.685,-191.774,-106.269,Pitch
-0.036,-0.038,1.977,-286.685,-90.878,-89.941,Pitch
0.454,-0.001,1.576,-269.938,76.037,-5.093,Pitch
-0.392,-0.503,0.859,-80.412,91.184,37.888,Pitch
-0.154,-0.030,1.478,286.685,92.995,-29.076,Pitch
-0.200,0.628,1.111,286.685,73.404,70.245,Pitch
-0.197,0.691,0.213,286.685,19.198,77.464,Pitch
0.054,0.977,-0.135,286.685,-9.748,54.565,Pitch
0.107,0.953,-0.364,286.685,-19.259,69.816,Pitch
0.023,0.945,-0.632,283.832,-2.179,63.639,Pitch
-0.052,1.153,-0.334,202.352,6.055,45.509,Pitch
0.087,1.851,-0.344,-202.204,-4.121,43.487,Pitch
0.135,1.267,-0.341,-286.685,-65.669,58.975,Pitch
0.086,0.678,0.103,-286.685,-66.780,55.781,Pitch
-0.120,-0.278,-0.302,-286.685,22.208,54.521,Pitch
-0.049,0.092,1.999,-286.685,87.080,31.640,Pitch
0.156,-0.244,0.769,-286.685,198.826,8.172,Pitch
-0.046,-0.679,0.674,-154.359,123.419,-79.196,Pitch
-0.153,-0.967,0.969,188.545,-17.036,-59.185,Pitch
-0.109,-1.213,0.969,286.685,-115.789,-13.641,Pitch
0.084,0.265,1.089,286.685,-17.211,46.970,Pitch
-0.127,0.538,0.395,286.685,85.584,107.441,Pitch
-0.124,0.695,0.026,286.685,113.610,58.511,Pitch
0.048,1.096,0.057,286.685,34.440,26.775,Pitch
0.206,1.158,-0.217,286.676,-63.228,55.519,Pitch
-0.084,1.019,-0.227,192.098,-45.132,120.470,Pitch
-0.102,1.161,-0.160,-80.386,-34.431,56.026,Pitch
0.015,1.214,-0.143,-286.685,-69.781,16.109,Pitch
0.079,1.080,0.064,-286.685,-100.380,-17.167,Pitch
0.045,0.511,0.636,-286.685,-105.438,-54.031,Pitch
0.110,-0.121,1.849,-286.685,-75.906,-62.545,Pitch
0.628,0.352,1.618,-286.685,90.396,-3.658,Pitch
0.277,-1.119,-0.367,-286.685,196.665,38.089,Pitch
-0.182,-1.587,1.059,175.945,83.440,-23.397,Pitch
0.086,-0.475,1.961,286.685,56.429,71.514,Pitch
-0.292,0.075,0.595,286.685,117.425,105.717,Pitch
0.139,0.316,0.030,286.685,151.200,90.353,Pitch
0.270,0.632,-0.295,286.685,151.016,112.787,Pitch
0.143,1.023,-0.484,286.685,114.424,102.576,Pitch
0.106,1.056,-0.558,279.956,95.725,85.689,Pitch
-0.027,0.867,-0.451,212.450,83.213,83.073,Pitch
-0.104,1.187,-0.297,-53.095,61.495,80.631,Pitch
-0.232,1.522,-0.332,-286.685,-62.466,10.377,Pitch
-0.079,1.034,-0.080,-286.685,-198.896,-112.368,Pitch
-0.096,0.613,0.248,-286.685,-203.621,-184.021,Pitch
-0.012,-0.358,1.286,-286.685,-134.041,-221.550,Pitch
0.539,-0.371,1.963,-286.685,-18.603,-79.485,Pitch
-0.135,-0.538,1.210,-286.685,104.939,71.356,Pitch
-0.683,-0.861,1.416,143.334,97.781,22.802,Pitch
-0.345,-1.017,1.371,286.685,12.364,63.971,Pitch
-0.206,-0.281,0.735,286.685,22.890,77.402,Pitch
0.136,0.396,0.275,286.685,78.173,124.880,Pitch
0.173,0.671,-0.320,286.685,72.179,179.314,Pitch
0.104,0.806,-0.632,286.685,26.757,172.839,Pitch
-0.032,0.895,-0.796,286.685,0.507,117.854,Pitch
0.049,0.688,-0.699,240.975,-9.887,58.704,Pitch
0.130,0.977,-0.727,-78.461,1.155,52.369,Pitch
0.184,1.248,-0.884,-286.685,-32.804,5.845,Pitch
0.181,1.242,-0.675,-286.685,-73.859,-55.711,Pitch
0.271,0.606,0.062,-286.685,-104.283,-97.956,Pitch
-0.083,-0.183,1.042,-286.685,-68.941,-52.246,Pitch
-0.153,-0.076,1.999,-286.685,50.575,-67.812,Pitch
0.321,-0.116,1.979,-286.685,121.214,-36.059,Pitch
-0.424,-1.521,0.724,-267.453,166.758,7.411,Pitch
-0.655,-0.815,1.950,285.478,44.721,-49.228,Pitch
0.140,-0.093,1.400,286.685,27.781,18.751,Pitch
0.264,0.247,0.659,286.685,52.237,99.724,Pitch
0.186,0.429,-0.354,286.685,35.542,170.223,Pitch
0.209,0.551,-0.689,286.685,-7.298,174.816,Pitch
-0.188,0.770,-0.534,286.685,-2.240,140.831,Pitch
-0.268,0.972,-0.532,243.863,10.946,91.919,Pitch
0.077,0.989,-1.158,-76.702,-0.026,-2.922,Pitch
0.339,1.311,-1.186,-286.685,-39.541,-62.624,Pitch
0.236,1.087,-0.379,-286.685,-17.281,-154.306,Pitch
0.273,-0.138,-0.416,-286.685,-37.179,-223.020,Pitch
0.003,-1.908,1.403,-286.685,-131.626,-140.499,Pitch
-0.221,-1.925,1.991,-286.361,-41.213,94.334,Pitch
-0.632,-1.250,1.622,153.046,84.805,39.874,Pitch
-0.079,-0.961,1.463,286.685,104.527,47.644,Pitch
0.011,-0.315,0.605,286.685,80.692,129.439,Pitch
0.214,0.062,-0.137,286.685,52.430,149.818,Pitch
0.217,0.317,-1.070,286.685,-4.909,185.220,Pitch
0.153,0.604,-1.075,286.685,-4.287,178.238,Pitch
0.082,0.223,-1.708,258.379,14.726,135.783,Pitch
0.132,1.586,-1.147,-18.987,26.163,44.818,Pitch
0.546,1.996,-1.220,-286.685,-9.993,-132.029,Pitch
0.156,0.346,0.019,-286.685,-91.175,-282.975,Pitch
-0.106,-1.658,-0.653,-286.685,-124.845,-270.672,Pitch
0.159,-1.813,1.999,-286.685,-112.402,-93.599,Pitch
-0.612,-1.103,1.999,72.826,132.650,-4.384,Pitch
0.071,-0.144,1.887,281.479,39.795,1.899,Pitch
-0.088,-0.307,0.985,286.562,-13.746,98.901,Pitch
0.128,-0.469,-0.069,286.685,37.074,164.727,Pitch
0.143,0.042,-0.754,286.685,95.244,163.415,Pitch
0.167,0.243,-0.973,286.685,62.335,128.529,Pitch
0.003,0.347,-0.875,286.685,34.256,109.375,Pitch
-0.125,0.584,-0.989,286.571,39.042,46.865,Pitch
0.292,1.987,-1.322,-122.185,105.035,-16.091,Pitch
0.487,1.998,-0.642,-286.685,-30.170,-264.469,Pitch
0.484,-0.353,0.208,-286.685,-273.122,-286.685,Pitch
0.287,-1.975,1.999,-286.685,-286.440,-138.723,Pitch
-0.048,-1.573,1.158,-176.829,24.474,145.206,Pitch
-0.588,-1.288,1.476,-116.576,101.290,72.853,Pitch
-0.187,-0.621,1.764,286.685,42.044,-47.583,Pitch
0.338,-0.491,0.110,286.685,155.697,88.830,Pitch
0.441,-0.402,-1.692,286.685,88.839,184.607,Pitch
0.240,0.622,-1.998,286.685,-3.036,133.158,Pitch
0.072,1.796,-1.194,263.366,71.059,71.234,Pitch
0.048,1.322,-1.788,-286.685,83.720,-35.630,Pitch
0.081,1.152,-0.383,-286.685,16.581,-159.469,Pitch
-0.142,-0.365,-0.187,-286.685,-44.240,-198.179,Pitch
-0.453,-1.942,1.720,-286.685,-173.723,-257.521,Pitch
0.003,-1.999,1.691,-215.469,-218.041,-50.689,Pitch
-0.086,-0.643,1.999,286.685,31.045,-45.710,Pitch
0.394,-0.298,1.196,286.685,120.173,104.414,Pitch
0.346,-0.157,0.298,286.685,129.246,227.614,Pitch
0.037,-0.066,-0.494,286.685,63.525,251.746,Pitch
-0.333,-0.017,-0.771,286.685,10.448,139.562,Pitch
0.191,0.285,-1.015,286.685,38.465,50.794,Pitch
0.452,1.101,-1.415,282.170,51.161,35.088,Pitch
0.814,1.997,-1.465,-248.614,58.083,-48.186,Pitch
0.409,1.339,-0.917,-286.685,17.596,-250.066,Pitch
0.158,-0.909,0.010,-286.685,-214.708,-286.335,Pitch
0.026,-0.962,1.999,-273.665,-285.425,-143.798,Pitch
-0.092,0.244,1.999,-227.238,-177.555,-31.360,Pitch
0.283,-0.814,1.795,-273.332,52.456,-17.622,Pitch
0.281,-0.847,0.737,-111.878,78.496,28.919,Pitch
0.045,-0.047,0.874,286.624,157.167,63.770,Pitch
0.105,0.583,0.282,286.685,163.590,126.473,Pitch
0.031,0.936,0.404,286.685,89.819,121.643,Pitch
-0.210,0.188,0.547,203.954,-62.589,58.074,Pitch
-0.153,-0.150,0.380,286.685,-7.735,88.664,Pitch
0.023,0.610,-0.594,286.685,62.239,52.290,Pitch
0.412,1.062,-0.807,286.685,30.196,6.213,Pitch
0.020,1.343,-0.672,130.839,-39.795,-39.699,Pitch
-0.089,1.333,-0.127,-286.685,24.517,-160.475,Pitch
-0.127,0.384,1.452,-286.685,-266.499,-171.526,Pitch
-0.139,-0.382,1.614,-111.003,-243.854,-11.611,Pitch
0.187,1.450,1.999,-76.204,-45.990,7.262,Pitch
-0.023,0.734,1.683,-286.685,24.325,1.085,Pitch
-0.098,-0.355,1.646,-282.756,-79.126,-31.089,Pitch
0.151,-1.104,0.841,238.945,115.780,26.425,Pitch
0.209,-0.380,0.088,286.685,205.135,91.936,Pitch
0.173,0.149,-0.330,286.685,184.572,115.701,Pitch
0.049,0.356,-0.654,286.685,99.409,117.723,Pitch
-0.009,0.572,-0.835,286.685,-0.026,99.969,Pitch
-0.083,0.568,-0.967,286.685,-2.013,48.799,Pitch
0.140,0.833,-1.302,173.285,47.941,53.314,Pitch
0.254,1.047,-0.994,-182.394,67.217,118.711,Pitch
0.160,0.983,0.319,-282.616,-30.564,145.154,Pitch
-0.067,1.059,0.518,-234.167,-21.586,131.355,Pitch
-0.234,1.316,0.104,-234.946,41.580,52.456,Pitch
-0.013,1.414,-0.027,-286.685,21.446,-126.280,Pitch
0.684,1.731,0.328,-286.685,17.903,-275.564,Pitch
0.055,0.115,0.906,-286.685,-101.168,-241.001,Pitch
-0.369,-0.587,1.296,-286.685,-173.898,-233.074,Pitch
0.360,0.547,1.845,-256.358,-71.636,-184.564,Pitch
0.502,0.314,0.531,-286.685,36.269,-5.381,Pitch
-0.308,-0.810,0.364,-286.685,85.050,33.871,Pitch
-0.801,-0.329,1.743,-28.989,49.359,-28.122,Pitch
0.014,-0.136,1.108,-7.367,49.018,-20.169,Pitch
-0.145,0.157,1.133,-165.576,2.800,29.059,Pitch
-0.336,-0.430,1.089,-252.018,-68.924,9.896,Pitch
-0.074,-0.770,1.071,77.525,-72.581,-5.434,Pitch
0.321,-0.630,0.903,278.793,-49.123,38.859,Pitch
0.112,-0.414,1.112,286.685,35.298,122.649,Pitch
-0.191,-0.597,1.230,286.685,171.299,127.269,Pitch
-0.191,-0.423,0.608,286.685,227.176,119.893,Pitch
-0.296,-0.107,-0.124,286.685,201.092,143.596,Pitch
0.072,0.617,-0.868,286.685,40.661,132.641,Pitch
0.304,1.538,-0.687,284.751,-39.944,88.515,Pitch
0.266,1.046,-0.607,-142.564,-44.144,-9.179,Pitch
0.073,0.575,-0.215,-286.685,-87.911,-52.404,Pitch
-0.153,-0.045,0.391,-286.685,-209.781,-59.588,Pitch
-0.037,-0.348,1.606,-286.685,-219.389,-68.565,Pitch
0.285,0.298,1.999,-286.685,-58.406,-5.093,Pitch
-0.254,-0.172,1.376,-286.685,-141.444,-80.614,Pitch
-0.009,-1.366,0.825,-268.581,-206.273,-65.327,Pitch
0.039,-0.598,1.781,-256.777,-0.315,-7.726,Pitch
-0.072,-0.334,1.197,-161.394,158.357,13.440,Pitch
-0.157,-0.225,1.003,-74.594,127.146,-13.221,Pitch
-0.242,-0.182,1.166,4.156,60.393,-37.371,Pitch
-0.207,-0.258,1.176,5.976,34.921,-32.471,Pitch
-0.201,-0.434,1.182,34.860,31.176,-10.771,Pitch
-0.189,-0.533,1.226,150.701,35.376,29.146,Pitch
-0.299,-0.718,1.330,281.575,92.260,60.139,Pitch
-0.294,-0.978,1.174,286.685,124.775,97.431,Pitch
-0.187,-0.390,0.965,286.685,58.048,195.151,Pitch
-0.073,0.080,0.114,286.685,11.078,220.238,Pitch
-0.011,0.492,-0.778,286.685,56.840,237.650,Pitch
0.025,0.719,-0.480,286.685,60.077,192.176,Pitch
0.111,0.793,-1.023,255.447,-42.376,123.480,Pitch
0.413,1.291,-1.043,-194.477,-140.105,-7.586,Pitch
0.141,1.423,-0.179,-286.685,-147.613,-201.469,Pitch
-0.151,0.661,0.398,-286.685,-148.610,-286.685,Pitch
-0.133,-1.408,1.999,-286.685,-36.094,-286.685,Pitch
0.082,-0.165,1.999,-156.450,83.912,20.597,Pitch
-0.123,-0.068,0.729,-203.682,-34.921,111.317,Pitch
0.089,-1.415,0.827,106.584,-172.979,181.790,Pitch
-0.421,-0.236,0.795,286.685,-35.901,217.096,Pitch
-0.042,0.118,0.328,286.685,28.875,157.062,Pitch
0.094,0.377,-0.503,286.685,148.549,136.010,Pitch
-0.066,0.929,-0.535,286.685,20.466,153.869,Pitch
0.184,0.571,-1.041,270.559,-52.833,111.790,Pitch
0.720,1.098,-0.894,66.570,16.144,147.035,Pitch
0.540,1.985,-1.037,-286.676,217.053,104.046,Pitch
0.240,1.309,-0.266,-286.685,211.951,-125.247,Pitch
-0.309,0.375,1.398,-286.685,219.607,-179.821,Pitch
-0.654,0.019,1.122,-286.685,175.481,-188.055,Pitch
-0.350,-0.480,0.667,-286.685,119.026,-269.649,Pitch
0.111,-0.918,1.497,-243.898,68.801,-238.096,Pitch
-0.484,-0.457,1.733,38.876,170.590,-72.520,Pitch
-0.686,-0.427,0.983,195.370,95.673,-17.929,Pitch
-0.412,-0.584,1.007,286.685,-133.551,74.585,Pitch
0.001,0.079,0.850,286.685,-142.441,159.303,Pitch
0.046,0.085,-0.125,286.685,-65.467,197.697,Pitch
0.065,0.518,-0.176,286.685,-22.881,186.034,Pitch
-0.358,0.906,-0.086,286.685,-42.744,116.699,Pitch
-0.297,1.094,0.000,284.611,-70.324,35.079,Pitch
0.121,0.907,0.006,58.292,-91.298,-1.977,Pitch
0.128,1.481,-0.368,-209.615,-46.331,-22.190,Pitch
0.353,1.860,-0.129,-286.685,25.112,-108.308,Pitch
0.242,1.017,0.262,-286.685,55.037,-121.467,Pitch
-0.545,-0.661,1.174,-286.685,166.259,-145.364,Pitch
-0.367,-0.958,1.384,-286.685,107.905,-182.788,Pitch
-0.140,-0.930,1.218,-231.298,-103.136,-77.936,Pitch
-0.297,-1.277,1.328,127.006,-58.870,-17.517,Pitch
-0.168,-0.865,1.249,286.685,-3.797,36.295,Pitch
-0.209,0.064,0.515,286.685,89.749,58.879,Pitch
0.056,0.450,0.204,286.685,174.274,65.074,Pitch
-0.072,0.691,0.152,286.685,151.708,108.299,Pitch
0.013,0.892,0.293,286.685,86.957,135.572,Pitch
0.085,0.946,-0.064,116.419,18.786,202.011,Pitch
-0.351,0.757,0.269,134.592,-4.156,216.178,Pitch
-0.429,1.373,0.094,75.757,-34.528,95.524,Pitch
-0.293,1.249,-0.256,-143.054,-45.605,-4.568,Pitch
0.260,1.252,0.245,-286.685,-67.760,-91.298,Pitch
0.152,0.712,0.280,-286.685,-48.151,-94.990,Pitch
-0.081,0.115,0.566,-286.685,0.543,-123.996,Pitch
-0.177,-0.193,0.866,-286.685,69.151,-125.676,Pitch
-0.518,-0.604,1.239,-286.685,82.661,-124.871,Pitch
-0.313,-1.114,1.212,-247.992,-60.839,-151.699,Pitch
-0.179,-0.852,1.390,25.970,-20.449,-145.101,Pitch
0.131,-0.885,1.056,155.663,58.896,-107.905,Pitch
0.753,-1.164,1.096,261.432,129.229,-18.673,Pitch
-0.210,-0.449,1.143,286.685,192.727,143.255,Pitch
-0.355,-0.090,0.640,286.685,108.824,108.124,Pitch
-0.177,-0.085,0.559,286.685,18.664,75.022,Pitch
-0.103,0.168,0.425,286.685,-19.434,95.795,Pitch
-0.083,0.480,0.151,286.685,-18.935,106.076,Pitch
0.233,0.531,0.269,286.685,16.826,123.707,Pitch
0.050,0.597,0.143,286.685,94.990,191.774,Pitch
-0.399,1.022,0.231,285.775,164.019,167.440,Pitch
-0.347,1.540,-0.107,39.051,134.663,99.724,Pitch
-0.138,1.489,-0.091,-281.531,-10.876,-37.249,Pitch
0.063,1.115,0.316,-286.685,-65.231,-118.974,Pitch
0.098,0.411,0.777,-286.685,-50.269,-159.329,Pitch
-0.366,-0.183,1.306,-286.685,-21.534,-169.837,Pitch
-0.435,-0.645,1.380,-209.466,31.430,-155.890,Pitch
-0.145,0.022,1.233,80.605,-82.049,-85.024,Pitch
-0.233,0.122,1.316,76.169,-108.561,-91.026,Pitch
-0.089,-0.050,1.336,130.270,-98.569,-96.889,Pitch
0.384,-0.269,1.122,227.833,4.699,-64.662,Pitch
0.137,0.048,0.600,286.685,215.827,18.716,Pitch
-0.265,0.621,0.580,286.685,221.462,31.885,Pitch
-0.099,0.497,0.300,286.685,185.229,58.389,Pitch
-0.004,0.615,0.234,269.587,178.736,95.174,Pitch
-0.242,0.733,-0.123,248.736,81.909,147.866,Pitch
-0.257,0.923,-0.277,131.495,-17.211,145.145,Pitch
-0.200,1.053,-0.226,-122.062,-79.546,112.551,Pitch
-0.065,1.052,-0.070,-284.672,-111.632,87.211,Pitch
-0.108,0.891,0.188,-286.685,-78.216,2.914,Pitch
-0.101,0.260,1.163,-286.685,-67.874,-74.935,Pitch
-0.052,-0.673,1.357,-286.685,-55.230,-65.686,Pitch
-0.094,-0.846,1.186,-286.685,85.391,-54.880,Pitch
-0.547,-0.689,1.368,-264.705,148.146,-86.161,Pitch
-0.183,-1.179,1.400,-45.623,106.785,-129.955,Pitch
0.029,-0.989,1.471,263.611,95.331,-65.949,Pitch
0.038,-0.639,1.128,286.685,72.048,35.105,Pitch
-0.085,-0.003,0.476,286.685,49.140,75.530,Pitch
-0.153,0.189,0.164,286.685,26.294,69.317,Pitch
-0.121,0.334,0.379,286.685,-0.831,41.659,Pitch
-0.167,0.473,0.481,286.685,11.839,63.612,Pitch
-0.093,0.367,0.102,286.685,51.599,102.769,Pitch
-0.263,0.766,0.288,286.685,49.079,138.740,Pitch
-0.268,1.173,-0.024,193.261,5.189,135.188,Pitch
0.004,1.254,0.081,-93.537,-59.316,99.662,Pitch
0.052,1.131,0.313,-286.685,-48.204,79.205,Pitch
-0.049,0.818,0.649,-286.685,-12.941,49.271,Pitch
-0.068,0.246,1.451,-286.685,91.927,-7.753,Pitch
-0.355,0.075,1.427,-286.685,87.360,-64.864,Pitch
-0.216,-0.034,1.340,-286.685,-13.265,-106.199,Pitch
-0.231,-0.442,1.192,-269.955,-2.993,-119.262,Pitch
0.000,-0.629,1.664,53.235,60.077,-98.122,Pitch
-0.134,-0.616,1.415,279.676,64.899,-30.126,Pitch
-0.256,-0.420,0.820,286.685,140.542,1.190,Pitch
-0.043,0.173,0.195,286.685,117.084,34.886,Pitch
0.037,0.378,0.128,286.685,71.916,34.493,Pitch
-0.043,0.352,0.142,286.685,70.131,53.786,Pitch
-0.208,0.657,0.170,286.685,66.631,64.942,Pitch
-0.210,0.742,-0.110,280.315,13.335,85.636,Pitch
-0.263,0.847,-0.071,273.122,-6.431,98.971,Pitch
-0.209,1.028,-0.327,189.184,-40.609,99.698,Pitch
-0.078,1.193,-0.377,62.423,-84.927,72.783,Pitch
-0.008,1.349,-0.340,-210.341,-110.259,46.252,Pitch
0.042,1.293,-0.177,-286.685,-100.564,15.356,Pitch
0.013,0.799,0.530,-286.685,-70.717,-43.768,Pitch
-0.128,0.043,1.250,-286.685,-17.334,-70.647,Pitch
-0.267,-0.492,1.332,-286.685,33.355,-93.817,Pitch
-0.146,-0.735,1.413,-286.685,-12.408,-79.424,Pitch
-0.420,-1.069,0.951,-279.379,-39.681,-72.152,Pitch
0.076,-0.973,1.206,-13.414,-30.327,-96.145,Pitch
0.241,-0.817,1.061,176.514,17.430,-30.336,Pitch
-0.080,-0.528,1.032,258.668,92.505,25.874,Pitch
-0.156,-0.575,0.828,286.659,126.018,35.210,Pitch
0.132,-0.381,0.697,286.685,83.965,54.005,Pitch
-0.082,0.007,0.291,286.685,85.024,101.622,Pitch
-0.155,0.470,0.067,286.685,98.980,104.265,Pitch
-0.056,0.787,0.202,286.685,74.874,89.775,Pitch
-0.041,0.886,-0.355,284.034,39.611,93.363,Pitch
-0.055,1.018,0.018,114.809,-17.666,64.155,Pitch
-0.252,1.048,0.169,-75.022,-37.056,34.764,Pitch
-0.267,1.161,0.375,-217.577,-23.257,2.091,Pitch
-0.143,0.919,0.376,-286.685,-24.062,-53.034,Pitch
-0.026,0.529,1.170,-286.685,-105.368,-67.165,Pitch
-0.166,-0.038,1.069,-286.685,-184.590,-20.265,Pitch
-0.063,-0.342,1.674,-286.685,-88.191,-9.599,Pitch
-0.224,-0.484,1.569,-286.685,111.536,-28.612,Pitch
-0.391,-0.662,1.295,-137.961,149.992,-100.747,Pitch
0.007,-0.509,1.016,42.490,79.695,-119.753,Pitch
-0.055,-0.302,0.905,103.652,92.969,-82.495,Pitch
0.096,-0.412,0.993,130.191,47.285,-22.907,Pitch
-0.117,-0.389,0.975,195.781,59.465,23.354,Pitch
-0.329,-0.291,0.865,286.571,113.470,39.576,Pitch
-0.196,-0.072,1.136,286.685,103.119,47.854,Pitch
-0.147,0.013,0.646,286.685,101.176,106.610,Pitch
-0.207,0.169,0.266,286.685,115.334,147.193,Pitch
-0.150,0.537,0.059,286.685,96.775,162.846,Pitch
-0.167,0.773,-0.070,286.554,53.147,160.869,Pitch
-0.392,0.984,-0.107,127.522,1.487,99.942,Pitch
-0.363,1.079,0.002,-13.055,-40.171,30.642,Pitch
-0.254,1.176,0.505,-184.494,-98.989,-29.715,Pitch
-0.138,0.823,0.410,-286.685,-121.616,-50.619,Pitch
-0.085,0.320,1.008,-286.685,-126.551,-23.126,Pitch
-0.375,-0.654,1.282,-286.685,-102.918,10.290,Pitch
-0.550,-0.793,1.340,-286.685,-41.396,-23.319,Pitch
-0.183,-0.615,1.257,-198.739,14.630,-84.271,Pitch
-0.054,-0.446,1.274,-107.791,-9.214,-73.176,Pitch
-0.003,-0.861,1.352,-7.499,-47.224,-43.173,Pitch
0.260,-0.958,1.118,216.274,20.580,31.841,Pitch
0.051,-0.558,0.966,286.685,81.664,90.055,Pitch
-0.264,-0.038,0.732,286.685,114.993,94.981,Pitch
-0.138,0.050,0.726,286.685,34.615,55.414,Pitch
-0.039,0.152,0.588,286.685,7.543,68.723,Pitch
-0.073,0.384,0.405,286.685,25.462,88.104,Pitch
-0.145,0.545,0.206,285.075,4.585,73.491,Pitch
-0.118,0.507,0.206,242.331,-39.638,35.954,Pitch
-0.071,0.289,0.463,222.556,22.006,54.757,Pitch
-0.222,0.422,0.322,243.539,94.736,61.688,Pitch
-0.198,0.994,0.317,273.114,48.965,41.291,Pitch
0.054,1.139,-0.089,125.449,-79.380,68.381,Pitch
0.058,1.577,0.016,10.929,-135.485,93.677,Pitch
0.014,1.624,0.080,-134.663,-177.861,81.673,Pitch
0.205,1.186,0.946,-286.422,-266.481,93.546,Pitch
0.452,0.964,1.798,-286.685,-154.070,159.792,Pitch
0.447,0.606,1.567,-286.685,250.854,37.949,Pitch
-0.258,0.530,1.358,-286.685,286.685,-6.037,Pitch
-0.208,0.203,0.579,-286.685,286.659,-50.243,Pitch
-0.370,0.203,0.542,-286.685,194.591,-121.012,Pitch
-0.331,-0.116,0.783,-286.685,102.445,-194.092,Pitch
-0.156,-0.260,0.694,-286.685,27.195,-184.818,Pitch
-0.346,-0.477,0.535,-286.685,8.426,-188.711,Pitch
-0.110,-0.835,0.714,-215.364,-38.544,-165.253,Pitch
0.040,-1.062,0.859,53.366,-122.491,-48.737,Pitch
0.125,-1.000,1.269,279.090,-139.956,75.276,Pitch
-0.132,-0.842,1.033,286.685,-34.064,133.236,Pitch
-0.023,-0.458,0.606,286.685,47.040,153.939,Pitch
-0.151,0.197,0.196,286.685,64.872,162.829,Pitch
-0.089,0.781,-0.034,286.685,-50.995,81.952,Pitch
0.263,0.671,-0.146,281.802,-63.989,104.580,Pitch
0.060,0.497,-0.045,161.604,-21.647,127.330,Pitch
0.031,0.705,-0.042,115.132,-52.351,112.105,Pitch
-0.089,1.436,0.482,-98.971,-40.154,22.698,Pitch
0.005,1.390,0.718,-286.685,-3.045,-88.305,Pitch
0.070,0.910,0.854,-286.685,8.627,-111.431,Pitch
0.005,0.306,1.164,-286.685,23.765,-118.213,Pitch
0.069,-0.219,1.092,-286.685,75.119,-73.185,Pitch
-0.152,-0.497,1.112,-286.685,104.195,-39.375,Pitch
-0.309,-0.264,1.182,-280.376,82.959,-43.557,Pitch
-0.289,-0.471,0.894,-272.283,39.506,-49.219,Pitch
-0.185,-0.737,0.791,-154.262,-0.683,-53.130,Pitch
-0.038,-0.732,0.920,6.431,-23.257,-34.493,Pitch
-0.093,-0.641,1.012,56.446,-12.014,-8.243,Pitch
-0.133,-0.561,0.934,51.039,13.991,2.713,Pitch
-0.189,-0.496,0.904,88.060,-5.784,0.403,Pitch
-0.076,-0.476,0.911,187.644,-36.978,-1.199,Pitch
-0.029,-0.419,1.017,271.854,-10.981,5.959,Pitch
-0.009,-0.283,0.864,286.685,53.077,31.185,Pitch
-0.015,-0.006,0.623,286.685,92.645,62.002,Pitch
-0.167,0.468,0.457,286.685,107.494,94.789,Pitch
-0.230,0.669,0.382,286.685,74.034,101.588,Pitch
-0.199,0.605,0.438,286.685,-4.392,87.911,Pitch
-0.223,0.692,0.399,286.685,-23.021,101.001,Pitch
-0.115,0.887,0.328,285.976,-18.917,74.585,Pitch
-0.020,0.969,0.256,239.855,-13.283,74.865,Pitch
-0.034,1.085,0.155,112.726,-8.619,72.074,Pitch
-0.003,1.132,0.245,-52.386,-28.026,51.835,Pitch
0.026,1.114,0.472,-174.729,-76.317,57.715,Pitch
0.053,1.129,0.678,-259.289,-74.786,59.001,Pitch
-0.002,1.255,0.690,-286.685,-35.525,48.501,Pitch
-0.126,0.858,0.723,-286.685,-44.441,-15.251,Pitch
0.184,0.288,1.125,-286.685,-89.162,-10.360,Pitch
0.469,0.081,1.225,-286.685,-91.420,39.270,Pitch
0.322,-0.180,0.953,-286.685,30.503,103.766,Pitch
-0.280,-0.709,0.475,-280.595,269.133,44.914,Pitch
-0.320,-0.751,0.551,-155.908,231.341,-38.089,Pitch
-0.125,-0.500,0.629,-179.462,18.970,-57.444,Pitch
-0.074,-1.023,0.581,-54.679,11.331,-44.494,Pitch
-0.113,-1.089,0.703,220.098,9.459,-40.688,Pitch
-0.146,-0.508,0.873,286.685,12.539,-3.868,Pitch
-0.133,-0.323,1.004,286.685,60.401,5.101,Pitch
0.102,-0.099,0.895,286.685,86.433,49.682,Pitch
-0.229,0.358,0.381,286.685,105.044,91.569,Pitch
0.094,0.949,0.392,286.685,-4.463,33.644,Pitch
0.066,0.635,0.368,282.651,21.840,41.326,Pitch
0.067,0.776,0.335,208.766,29.960,66.036,Pitch
-0.220,0.890,0.418,64.846,-20.667,105.674,Pitch
-0.285,0.982,0.540,-111.536,-80.841,71.522,Pitch
-0.061,1.112,0.804,-286.309,-117.688,44.607,Pitch
-0.084,0.921,0.789,-286.685,-110.294,37.432,Pitch
0.111,0.395,0.736,-286.685,-49.333,-6.633,Pitch
0.083,-0.144,1.075,-286.685,71.855,-8.076,Pitch
-0.327,-0.283,1.303,-286.685,137.270,-43.768,Pitch
-0.189,-0.092,1.017,-286.685,-1.523,-76.921,Pitch
-0.036,-0.244,0.658,-286.685,-77.761,-77.866,Pitch
0.019,-0.833,0.521,-284.944,-114.056,-73.622,Pitch
0.221,-1.049,0.830,-101.938,-50.278,-39.244,Pitch
0.195,-0.865,0.960,0.595,44.240,-5.906,Pitch
0.187,-1.107,0.730,162.531,84.324,38.299,Pitch
-0.030,-1.178,0.800,286.291,82.276,53.681,Pitch
0.010,-0.618,0.908,286.685,101.404,18.716,Pitch
0.108,-0.181,0.314,286.685,152.889,67.060,Pitch
-0.240,0.580,0.130,286.685,151.357,85.855,Pitch
-0.065,0.872,0.142,286.685,97.317,81.130,Pitch
-0.147,0.822,0.367,286.685,-7.945,83.073,Pitch
-0.056,0.866,0.573,189.831,-48.676,86.100,Pitch
-0.112,1.193,0.694,65.074,-51.013,104.090,Pitch
-0.138,1.411,0.917,-4.384,-44.065,70.683,Pitch
-0.076,1.573,0.988,-282.424,-35.936,10.833,Pitch
-0.009,0.929,0.772,-286.685,-50.173,-21.394,Pitch
-0.025,0.407,0.846,-286.685,-81.323,-0.446,Pitch
0.018,0.147,0.740,-286.685,-100.126,10.710,Pitch
-0.034,-0.144,0.546,-286.685,-49.053,39.996,Pitch
-0.229,-0.529,0.417,-286.685,55.493,16.853,Pitch
-0.070,-0.684,0.634,-214.646,145.460,-25.629,Pitch
-0.031,-0.923,0.371,-66.946,162.732,-23.371,Pitch
-0.117,-1.270,0.445,120.129,155.759,-20.869,Pitch
-0.530,-0.737,0.864,286.685,112.140,-30.800,Pitch
-0.110,-0.407,1.243,286.685,19.399,-61.583,Pitch
0.113,-0.155,1.415,286.685,24.920,4.786,Pitch
-0.106,0.108,0.574,286.685,40.556,73.675,Pitch
-0.018,0.747,0.262,286.685,19.233,95.874,Pitch
0.169,0.722,0.479,286.685,69.335,108.544,Pitch
0.028,1.158,0.480,241.439,57.986,141.628,Pitch
-0.137,1.338,0.483,10.658,-27.501,144.253,Pitch
-0.271,0.626,0.046,-239.059,-88.506,136.439,Pitch
-0.137,1.170,0.845,-266.052,-108.150,81.139,Pitch
-0.065,1.103,0.674,-286.685,-76.116,34.396,Pitch
0.055,0.508,0.548,-286.685,-40.005,18.471,Pitch
0.124,0.185,0.738,-286.685,30.319,11.821,Pitch
0.010,-0.133,0.739,-286.685,99.908,7.534,Pitch
0.042,-0.306,0.687,-286.685,84.726,1.846,Pitch
-0.075,-0.577,0.717,-286.685,62.536,-2.888,Pitch
-0.098,-0.874,0.991,-286.029,65.599,-17.754,Pitch
-0.241,-1.071,1.003,-209.860,68.539,-28.131,Pitch
-0.132,-1.199,0.699,-65.389,-43.347,-43.487,Pitch
0.036,-1.308,0.634,117.145,-59.430,-34.799,Pitch
0.094,-0.960,1.034,286.685,-30.056,-23.389,Pitch
-0.039,-0.555,1.048,286.685,38.237,-15.636,Pitch
0.102,-0.483,0.746,286.685,109.086,6.904,Pitch
0.109,-0.107,0.600,286.685,133.446,43.540,Pitch
-0.151,0.553,0.339,286.685,163.363,96.162,Pitch
-0.102,0.858,0.405,286.685,126.613,88.489,Pitch
-0.163,0.810,0.499,241.316,76.948,66.719,Pitch
-0.103,0.787,0.377,175.901,77.289,52.001,Pitch
-0.132,1.003,0.449,126.997,40.583,69.615,Pitch
-0.194,1.245,0.680,25.751,-1.120,62.580,Pitch
-0.227,1.209,0.468,-251.851,-45.596,28.201,Pitch
-0.141,0.891,0.512,-286.685,-106.181,27.536,Pitch
-0.078,0.627,0.633,-286.685,-169.111,33.127,Pitch
-0.052,0.211,0.870,-286.685,-181.624,27.895,Pitch
-0.084,-0.154,0.979,-286.685,-114.677,23.450,Pitch
-0.136,-0.440,1.166,-286.650,-30.608,-11.602,Pitch
0.234,-0.610,1.226,-166.119,34.554,-58.564,Pitch
0.207,-0.706,1.021,-35.359,74.069,-25.427,Pitch
-0.179,-0.658,1.191,121.223,122.010,-26.040,Pitch
-0.087,-0.646,1.153,269.911,121.336,-52.474,Pitch
-0.003,-0.359,0.717,286.685,92.592,-26.670,Pitch
-0.160,0.109,0.782,286.685,68.652,-13.002,Pitch
-0.091,0.460,0.405,286.685,68.092,0.945,Pitch
-0.072,0.805,0.355,286.685,57.724,10.220,Pitch
-0.090,0.925,0.470,216.239,28.595,7.980,Pitch
-0.085,0.655,0.338,46.664,-13.431,9.310,Pitch
-0.107,0.747,0.442,-98.411,-47.408,19.994,Pitch
-0.021,0.836,0.547,-285.119,-73.815,34.842,Pitch
0.005,0.660,0.876,-286.685,-77.166,39.042,Pitch
-0.130,0.035,0.626,-286.685,-117.495,46.121,Pitch
-0.110,-0.406,1.228,-286.685,-106.741,44.870,Pitch
-0.124,-0.544,1.728,-244.869,10.754,-2.826,Pitch
-0.054,-0.498,1.537,-152.084,38.211,-30.861,Pitch
0.095,-0.449,1.066,-139.624,27.064,-40.180,Pitch
-0.062,-0.409,0.991,-116.270,24.622,-24.351,Pitch
-0.126,-0.564,0.906,-98.884,26.259,-22.698,Pitch
-0.024,-0.544,0.775,-69.213,21.516,-26.871,Pitch
-0.023,-0.536,0.752,-9.756,14.149,-16.135,Pitch
-0.085,-0.553,0.908,69.414,11.174,-19.722,Pitch
-0.018,-0.650,0.864,163.581,12.495,-7.831,Pitch
-0.090,-0.537,0.963,273.236,10.132,-0.735,Pitch
0.019,-0.424,0.938,286.685,8.698,-21.429,Pitch
0.153,-0.055,0.767,286.685,53.681,-5.215,Pitch
-0.083,0.533,0.319,286.685,85.461,36.759,Pitch
-0.190,0.842,0.198,286.685,81.559,31.456,Pitch
-0.053,0.694,0.370,286.685,57.391,13.860,Pitch
-0.114,0.836,0.544,216.178,73.579,15.925,Pitch
-0.181,0.965,0.534,107.485,51.336,9.616,Pitch
-0.198,1.101,0.665,17.351,32.987,8.575,Pitch
-0.325,1.348,0.868,-185.675,-14.648,-6.396,Pitch
-0.276,1.204,0.727,-286.685,-76.825,-25.690,Pitch
-0.012,0.715,0.514,-286.685,-101.902,-21.411,Pitch
-0.064,0.387,0.562,-286.685,-95.664,3.080,Pitch
-0.160,-0.241,0.623,-286.685,-112.577,18.655,Pitch
-0.298,-0.591,1.284,-259.490,-76.580,-20.904,Pitch
-0.010,-0.564,1.085,-24.710,31.631,-86.152,Pitch
0.115,-0.484,1.255,184.739,95.147,-90.886,Pitch
0.110,-0.529,1.341,286.685,156.678,-73.876,Pitch
0.108,-0.298,0.517,286.685,166.469,-19.915,Pitch
-0.068,0.204,0.467,286.685,217.884,55.449,Pitch
-0.236,0.894,0.303,286.685,160.423,110.014,Pitch
-0.164,0.972,-0.048,286.685,99.277,95.410,Pitch
-0.108,0.862,-0.310,244.239,72.564,92.776,Pitch
-0.120,0.765,-0.084,96.661,13.405,94.238,Pitch
-0.188,1.063,0.118,-141.995,-50.400,103.994,Pitch
-0.140,0.970,-0.320,-286.685,-109.296,60.069,Pitch
-0.147,0.946,0.600,-286.685,-132.974,-8.444,Pitch
0.023,0.405,0.775,-286.685,-192.579,-35.761,Pitch
-0.119,-0.005,1.300,-286.685,-245.105,43.111,Pitch
0.160,-0.637,1.061,-286.685,-125.003,14.927,Pitch
0.072,-0.652,1.104,-230.440,41.606,-34.606,Pitch
0.031,-0.521,1.028,-151.121,70.735,-56.569,Pitch
0.203,-0.618,0.956,-111.055,23.888,-52.010,Pitch
0.153,-1.145,1.093,89.460,45.771,-23.625,Pitch
0.089,-1.027,1.160,286.685,125.396,-16.940,Pitch
0.053,-0.516,0.755,286.685,142.249,-32.830,Pitch
0.034,0.257,0.938,286.685,139.773,-32.655,Pitch
-0.050,0.617,0.626,286.685,132.834,23.389,Pitch
-0.069,0.775,0.344,286.685,99.610,56.744,Pitch
-0.138,0.621,0.233,285.924,82.548,59.369,Pitch
-0.213,0.632,0.510,286.388,96.723,53.200,Pitch
-0.179,0.985,0.499,240.625,75.609,63.752,Pitch
-0.231,0.995,0.314,216.370,-4.060,80.544,Pitch
-0.168,1.139,0.030,47.224,-48.283,60.279,Pitch
-0.073,1.127,0.069,-145.320,-118.151,35.385,Pitch
-0.044,0.969,0.393,-283.666,-181.598,24.246,Pitch
0.061,0.800,0.409,-286.685,-143.640,26.093,Pitch
0.104,0.670,0.516,-286.685,-74.007,22.759,Pitch
0.137,0.380,0.853,-286.685,-32.156,0.919,Pitch
0.119,0.022,1.047,-286.685,-43.969,20.510,Pitch
-0.005,-0.189,1.190,-286.685,-13.142,34.125,Pitch
-0.062,-0.418,1.324,-286.685,26.040,19.495,Pitch
0.100,-0.731,0.679,-286.685,46.095,-12.154,Pitch
0.100,-1.041,0.494,-250.871,-7.000,11.366,Pitch
0.089,-1.069,0.753,-79.520,9.292,33.162,Pitch
0.004,-1.236,0.708,69.991,51.958,53.891,Pitch
-0.339,-1.121,0.629,244.029,88.506,44.144,Pitch
-0.214,-0.862,1.177,286.685,83.204,1.260,Pitch
0.054,-0.755,1.007,286.685,78.164,25.471,Pitch
-0.088,-0.304,0.636,286.685,83.177,53.112,Pitch
0.071,-0.019,0.541,286.685,57.951,72.039,Pitch
0.151,0.255,0.164,286.685,65.240,128.529,Pitch
-0.043,0.622,0.131,286.685,59.710,154.954,Pitch
-0.135,0.726,0.107,286.685,57.120,142.695,Pitch
-0.102,0.860,0.039,286.685,59.229,117.049,Pitch
-0.156,1.069,0.156,286.633,22.689,99.995,Pitch
-0.108,1.170,0.133,186.428,-16.415,80.045,Pitch
0.052,1.521,0.105,20.055,-44.502,61.346,Pitch
0.153,1.518,0.206,-258.055,-93.214,26.959,Pitch
0.078,1.170,0.236,-286.685,-122.080,6.545,Pitch
-0.012,0.942,0.436,-286.685,-86.161,-30.083,Pitch
-0.046,0.589,0.541,-286.685,-60.716,-55.606,Pitch
0.113,-0.139,0.614,-286.685,-37.625,-65.249,Pitch
0.128,-0.547,1.219,-286.685,-35.140,24.614,Pitch
0.013,-0.588,1.315,-286.685,82.022,22.067,Pitch
-0.123,-0.959,0.700,-286.527,201.512,10.281,Pitch
-0.082,-1.265,0.466,-86.643,124.154,4.113,Pitch
-0.229,-1.360,0.841,276.824,95.165,36.391,Pitch
-0.457,-0.369,1.206,286.685,75.189,39.725,Pitch
-0.022,-0.126,1.014,286.685,24.491,39.112,Pitch
-0.193,-0.076,0.795,286.685,0.683,57.190,Pitch
-0.129,0.013,0.310,286.685,12.898,74.918,Pitch
0.000,0.394,-0.059,286.685,-5.460,96.005,Pitch
0.072,0.729,-0.101,286.685,-20.965,96.145,Pitch
-0.076,1.052,0.002,286.685,14.569,59.806,Pitch
-0.176,1.493,-0.007,57.732,26.959,-41.353,Pitch
0.087,1.455,0.377,-285.889,-55.912,-97.064,Pitch
0.041,0.973,0.301,-286.685,-111.344,-74.419,Pitch
0.039,0.264,0.493,-286.685,-140.420,-25.821,Pitch
-0.112,-0.424,0.837,-286.685,-99.881,4.646,Pitch
-0.344,-0.977,1.557,-286.685,-39.891,11.629,Pitch
-0.271,-1.354,1.729,-157.474,12.241,-19.897,Pitch
0.134,-0.854,1.193,252.928,5.171,-53.454,Pitch
0.067,-0.564,1.539,286.685,43.286,2.756,Pitch
-0.046,-0.230,1.144,286.685,121.537,44.914,Pitch
0.053,0.049,0.823,286.685,172.620,62.799,Pitch
-0.024,0.426,0.394,286.685,187.880,115.019,Pitch
-0.180,0.535,-0.160,286.685,141.146,140.193,Pitch
-0.149,0.768,-0.228,286.685,56.289,114.231,Pitch
-0.198,0.828,-0.007,265.965,1.505,95.165,Pitch
-0.138,0.991,0.264,145.565,-33.127,64.811,Pitch
-0.097,1.061,0.338,25.069,-38.570,43.365,Pitch
-0.070,0.940,0.398,-35.840,-51.257,40.303,Pitch
-0.085,0.941,0.314,-60.524,-56.009,41.939,Pitch
-0.093,1.249,0.181,-202.423,-69.099,-2.809,Pitch
0.046,0.959,0.365,-286.685,-100.879,-92.015,Pitch
0.127,0.358,0.639,-286.685,-115.395,-95.944,Pitch
0.083,0.104,0.897,-286.685,-128.607,-53.147,Pitch
-0.016,-0.480,1.116,-286.685,-71.916,36.461,Pitch
-0.361,-0.830,0.982,-286.685,112.332,22.312,Pitch
-0.381,-1.374,0.317,-72.345,122.342,-54.119,Pitch
-0.048,-1.103,1.133,234.299,67.550,-43.094,Pitch
-0.059,-0.401,1.875,286.186,74.979,-28.534,Pitch
-0.096,-0.408,1.147,286.685,96.031,-6.186,Pitch
0.103,-0.121,0.675,286.685,113.654,30.564,Pitch
0.015,0.132,0.416,286.685,103.232,79.152,Pitch
-0.082,0.415,0.218,286.685,105.114,104.344,Pitch
-0.042,0.702,-0.044,286.685,85.584,124.451,Pitch
-0.213,0.869,-0.004,285.959,42.857,112.849,Pitch
-0.253,1.002,-0.064,165.839,-29.575,38.281,Pitch
-0.190,1.516,0.084,-33.810,-82.241,-31.194,Pitch
0.010,1.323,0.304,-286.685,-142.327,-77.105,Pitch
-0.009,0.609,0.591,-286.685,-127.698,-41.379,Pitch
-0.000,-0.168,1.151,-286.685,-111.160,20.930,Pitch
-0.460,-0.663,1.512,-286.685,-54.600,38.710,Pitch
-0.642,-0.939,1.033,-276.062,93.529,-58.441,Pitch
0.084,-0.375,1.222,212.590,52.789,-70.446,Pitch
-0.178,-0.225,1.254,267.487,41.720,14.061,Pitch
-0.176,-0.184,1.180,286.685,67.331,30.336,Pitch
-0.061,-0.212,0.797,286.685,85.846,63.254,Pitch
-0.137,-0.027,0.222,286.685,106.111,100.056,Pitch
-0.219,0.383,0.034,286.685,116.804,103.302,Pitch
-0.224,0.816,0.208,286.685,66.378,120.881,Pitch
-0.106,0.909,-0.011,286.685,42.507,108.439,Pitch
-0.035,1.078,-0.276,187.775,3.780,57.461,Pitch
-0.008,1.436,-0.221,-50.899,-58.861,3.036,Pitch
-0.033,1.245,-0.184,-286.685,-142.879,-36.654,Pitch
-0.101,0.999,0.394,-286.685,-196.149,-56.000,Pitch
-0.084,-0.012,1.111,-286.685,-244.842,-51.485,Pitch
0.053,-0.429,1.337,-286.685,-170.634,24.990,Pitch
-0.241,-0.739,1.620,-286.685,89.145,20.746,Pitch
-0.335,-0.781,0.547,-266.324,100.179,-79.485,Pitch
0.018,-0.913,0.490,5.600,-87.062,-65.993,Pitch
0.351,-0.681,1.855,170.039,-44.756,-30.083,Pitch
0.132,-0.754,1.433,286.685,44.879,53.375,Pitch
-0.112,-0.261,0.774,286.685,77.018,83.527,Pitch
-0.180,0.108,0.675,286.685,89.232,46.638,Pitch
-0.076,0.303,0.749,286.685,90.475,37.634,Pitch
-0.020,0.145,0.191,286.685,90.247,78.829,Pitch
-0.206,0.573,0.231,286.685,99.015,82.390,Pitch
-0.131,0.798,0.124,286.685,49.184,95.979,Pitch
-0.192,1.271,-0.048,192.622,-3.955,91.927,Pitch
0.036,1.481,-0.240,-176.680,-118.457,-2.231,Pitch
0.033,0.910,0.147,-286.685,-188.746,-33.591,Pitch
0.110,0.487,0.789,-286.685,-150.841,-8.627,Pitch
0.255,-0.107,1.094,-286.685,-111.912,53.174,Pitch
-0.254,-0.809,1.798,-286.685,-28.376,106.671,Pitch
-0.230,-0.766,0.358,-273.612,116.183,9.555,Pitch
-0.108,-0.416,1.159,23.686,85.890,-54.040,Pitch
0.029,-0.264,1.422,16.275,69.204,-42.866,Pitch
-0.077,-0.464,1.182,-81.524,34.221,-10.281,Pitch
-0.257,-0.747,0.892,22.006,9.275,13.956,Pitch
-0.098,-0.554,0.869,281.557,32.121,22.907,Pitch
-0.224,-0.177,1.259,286.685,67.734,36.444,Pitch
-0.158,-0.285,0.879,286.685,94.929,49.472,Pitch
0.010,-0.133,0.552,286.685,110.985,123.489,Pitch
-0.004,0.214,0.085,286.685,113.470,195.064,Pitch
0.041,0.442,-0.206,286.685,89.512,215.268,Pitch
0.140,0.745,-0.348,286.685,62.440,208.023,Pitch
0.202,0.924,-0.436,180.303,25.567,155.628,Pitch
0.123,1.174,-0.339,-90.221,-26.381,50.146,Pitch
-0.010,1.187,-0.251,-280.831,-94.316,-44.021,Pitch
0.208,0.679,0.608,-286.685,-196.945,-165.821,Pitch
0.031,-0.458,1.999,-286.685,-129.098,-27.160,Pitch
-0.679,0.526,1.608,-164.990,67.174,-8.488,Pitch
-0.093,0.707,1.352,-237.694,25.226,-139.003,Pitch
-0.010,0.599,1.051,-286.685,6.633,-191.503,Pitch
-0.177,0.341,1.121,-286.685,-30.476,-228.944,Pitch
0.112,-0.128,1.272,-286.685,-136.596,-187.775,Pitch
0.726,-1.118,0.945,-207.130,-127.181,-66.868,Pitch
0.261,-1.018,0.895,53.498,117.250,86.144,Pitch
-0.537,-0.456,0.956,286.685,220.045,107.118,Pitch
-0.437,-0.252,0.868,286.685,174.055,46.007,Pitch
-0.010,-0.058,0.716,286.685,124.320,27.746,Pitch
0.010,0.308,0.012,286.685,135.800,88.926,Pitch
0.107,0.586,-0.423,286.685,118.842,150.159,Pitch
-0.035,0.677,-0.460,286.685,99.794,155.496,Pitch
-0.008,1.092,-0.457,190.137,51.511,116.244,Pitch
-0.069,1.481,-0.488,-254.949,-47.644,35.840,Pitch
-0.011,1.014,0.049,-286.685,-186.104,-25.760,Pitch
0.045,0.570,0.582,-286.685,-231.429,-19.005,Pitch
-0.083,-0.957,0.635,-286.685,-250.827,-5.556,Pitch
0.016,-1.092,1.864,-286.685,-114.056,-27.493,Pitch
0.283,-1.044,1.471,-169.960,12.443,-38.553,Pitch
0.240,-0.476,1.226,189.630,67.830,-39.786,Pitch
0.100,-0.089,1.567,236.819,60.025,-25.821,Pitch
0.138,-0.333,1.482,268.485,55.694,-2.511,Pitch
0.035,-0.054,1.196,286.685,157.106,24.316,Pitch
-0.071,0.101,0.750,286.685,226.398,27.904,Pitch
-0.035,0.242,0.463,286.685,232.312,46.865,Pitch
-0.054,0.388,-0.008,286.685,222.880,84.000,Pitch
-0.092,0.507,-0.307,286.685,189.105,88.944,Pitch
-0.001,0.713,-0.377,202.624,102.629,64.978,Pitch
0.001,0.896,-0.488,27.458,41.510,45.439,Pitch
0.077,1.162,-0.456,-272.142,-105.621,-33.688,Pitch
0.122,0.877,0.042,-286.685,-231.473,-135.012,Pitch
0.014,0.082,0.631,-286.685,-284.777,-172.769,Pitch
-0.062,-0.985,1.257,-286.685,-286.685,-103.171,Pitch
0.131,-1.547,1.998,-286.685,-98.971,-18.743,Pitch
0.289,-1.754,1.259,-138.836,76.956,5.346,Pitch
-0.094,-0.353,1.833,286.685,53.926,47.285,Pitch
-0.092,-0.203,0.889,224.061,60.042,58.074,Pitch
-0.089,-0.168,0.942,286.685,94.588,65.949,Pitch
-0.108,0.076,0.470,286.685,77.114,57.181,Pitch
-0.019,0.479,-0.006,286.685,59.447,25.594,Pitch
0.112,0.717,-0.144,286.685,77.945,37.993,Pitch
-0.007,0.686,-0.263,286.685,87.999,73.771,Pitch
0.038,0.796,-0.329,271.556,29.794,64.339,Pitch
0.005,1.505,-0.241,0.884,-42.980,17.666,Pitch
0.076,1.428,-0.084,-286.685,-90.274,-36.943,Pitch
-0.089,0.943,0.548,-286.685,-138.696,-32.979,Pitch
-0.103,0.531,0.788,-286.685,-208.906,2.293,Pitch
-0.212,-0.251,1.161,-286.685,-167.458,3.701,Pitch
0.062,-0.897,1.067,-286.685,-25.296,-34.169,Pitch
0.048,-1.324,1.202,-152.364,88.034,-34.877,Pitch
0.084,-0.596,1.455,160.344,102.882,12.110,Pitch
-0.133,-0.202,1.368,231.376,111.431,38.299,Pitch
-0.107,-0.229,1.088,135.030,82.092,42.070,Pitch
-0.144,-0.272,1.015,194.163,41.965,57.697,Pitch
-0.194,-0.264,0.935,280.945,27.816,88.253,Pitch
-0.138,-0.056,0.790,286.685,48.169,108.395,Pitch
-0.066,0.292,0.649,262.509,86.301,133.175,Pitch
-0.040,0.542,0.534,223.256,72.231,144.462,Pitch
-0.092,0.625,0.315,187.268,45.106,103.766,Pitch
0.130,1.050,0.202,91.560,35.306,60.401,Pitch
0.180,1.145,0.059,-172.191,23.782,-2.188,Pitch
0.331,0.949,0.080,-286.685,-24.535,-72.161,Pitch
0.309,0.706,0.362,-286.685,-76.702,-72.371,Pitch
0.211,-0.081,0.683,-286.685,-129.404,-36.890,Pitch
-0.757,-1.731,1.822,-262.911,-120.295,25.690,Pitch
-0.590,-1.032,1.911,279.134,57.838,-39.515,Pitch
0.048,0.130,1.511,286.685,48.116,-23.555,Pitch
0.131,0.439,0.952,286.685,-21.919,15.750,Pitch
0.014,0.599,0.429,286.685,-37.844,12.294,Pitch
0.054,0.614,0.281,286.685,-38.491,1.794,Pitch
0.084,0.685,0.159,286.685,-15.873,26.416,Pitch
-0.030,0.623,-0.213,285.460,7.604,31.071,Pitch
-0.015,0.908,-0.235,282.231,-5.495,1.776,Pitch
0.000,1.457,-0.035,39.611,-80.999,-45.553,Pitch
0.099,1.177,0.282,-286.554,-139.729,-92.558,Pitch
0.111,0.681,0.640,-286.685,-167.869,-28.709,Pitch
0.259,-0.359,0.572,-286.685,-154.402,59.194,Pitch
0.049,-0.593,1.810,-286.685,-65.747,131.215,Pitch
-0.222,-0.948,1.240,-286.685,31.728,49.665,Pitch
-0.137,-1.180,0.164,-66.089,33.994,-46.515,Pitch
0.000,-0.638,1.119,142.844,-9.695,-70.639,Pitch
0.226,-0.790,1.164,249.340,8.435,-98.158,Pitch
0.334,-0.256,1.113,286.685,37.275,-68.994,Pitch
0.220,0.004,1.100,286.685,82.049,-24.946,Pitch
0.219,-0.016,1.056,286.685,113.584,1.435,Pitch
0.212,-0.007,0.562,286.685,166.110,52.570,Pitch
-0.115,0.283,-0.017,286.685,238.149,86.109,Pitch
-0.094,0.516,-0.216,286.685,242.042,69.466,Pitch
-0.074,1.061,-0.179,285.731,171.684,50.636,Pitch
0.004,1.147,-0.366,61.311,22.365,-11.392,Pitch
0.076,1.039,-0.092,-251.370,-69.685,-39.979,Pitch
0.009,0.978,0.078,-286.685,-116.191,-62.274,Pitch
-0.069,0.486,0.545,-286.685,-134.514,-84.534,Pitch
-0.213,-0.225,1.403,-286.685,-190.951,-70.980,Pitch
-0.558,-0.623,1.999,-286.685,-143.482,-33.819,Pitch
-0.076,-1.353,0.915,-192.631,9.887,-122.885,Pitch
0.125,0.009,1.741,236.836,41.685,-99.715,Pitch
0.265,-0.758,1.467,281.400,72.896,-22.365,Pitch
0.035,-0.404,1.182,286.685,158.279,24.938,Pitch
-0.218,-0.033,0.512,286.685,226.266,52.885,Pitch
0.037,0.493,0.273,286.685,164.727,48.624,Pitch
0.133,0.436,-0.060,286.685,126.945,67.200,Pitch
-0.070,0.541,-0.278,286.685,127.015,78.575,Pitch
-0.117,0.565,-0.196,286.449,79.039,65.327,Pitch
-0.113,0.730,-0.433,188.064,43.803,36.479,Pitch
-0.120,1.113,-0.313,47.486,23.004,13.729,Pitch
-0.209,1.595,-0.204,-253.173,-89.381,-39.357,Pitch
-0.136,1.309,0.511,-286.685,-187.740,-115.132,Pitch
-0.376,0.483,1.194,-286.685,-245.280,-114.380,Pitch
-0.229,-0.428,1.267,-286.685,-212.739,-74.988,Pitch
-0.052,-0.642,1.367,-286.685,-116.734,-12.084,Pitch
-0.271,-0.837,1.225,-286.685,-17.649,-18.340,Pitch
-0.262,-1.006,0.841,-172.419,42.910,-62.930,Pitch
0.015,-1.217,0.980,240.424,-17.526,-53.016,Pitch
-0.084,-0.558,1.250,286.685,34.974,-0.061,Pitch
-0.016,-0.420,0.866,286.685,73.640,13.134,Pitch
0.066,-0.331,0.606,286.685,92.820,40.303,Pitch
-0.067,0.189,0.417,286.685,133.761,83.247,Pitch
-0.164,0.394,-0.235,286.685,140.551,73.999,Pitch
-0.043,0.574,-0.339,286.685,146.178,48.580,Pitch
-0.061,1.022,-0.074,286.685,107.048,52.325,Pitch
-0.290,1.444,-0.009,71.531,-0.131,40.478,Pitch
-0.137,1.367,0.039,-283.885,-154.158,7.805,Pitch
-0.114,1.225,0.380,-286.685,-260.505,32.375,Pitch
-0.206,0.515,0.843,-286.685,-282.301,48.125,Pitch
0.124,-0.399,1.267,-286.685,-217.105,70.823,Pitch
0.352,-0.489,1.694,-286.685,-46.786,82.128,Pitch
0.127,-0.540,0.950,-286.676,39.287,87.868,Pitch
-0.284,-0.670,0.839,-185.447,24.649,34.265,Pitch
-0.129,-0.803,0.831,69.930,2.450,-44.572,Pitch
0.148,-0.721,1.135,278.259,-22.278,-90.939,Pitch
0.135,-0.485,1.227,286.685,26.084,-86.021,Pitch
0.131,-0.094,1.067,286.685,70.709,-79.196,Pitch
0.127,0.153,0.863,286.685,141.111,-52.351,Pitch
0.080,0.264,0.363,286.685,192.273,13.624,Pitch
-0.005,0.380,0.070,286.685,204.715,62.204,Pitch
-0.130,0.653,0.035,286.685,158.165,68.950,Pitch
-0.161,0.876,0.101,200.777,55.886,49.569,Pitch
-0.168,1.131,0.142,-75.442,-28.341,22.155,Pitch
-0.216,1.187,0.198,-286.685,-164.649,-27.195,Pitch
-0.083,0.822,0.590,-286.685,-250.250,-61.443,Pitch
0.335,-0.070,0.748,-286.685,-286.685,-10.868,Pitch
0.367,-0.696,1.486,-286.685,-179.261,107.607,Pitch
0.076,-0.736,1.504,-286.685,60.007,91.717,Pitch
0.016,-0.749,0.714,-189.350,50.514,19.442,Pitch
-0.047,-1.224,0.163,-76.904,2.957,-7.026,Pitch
0.157,-0.745,1.170,81.165,-32.874,-30.966,Pitch
0.171,-0.709,1.070,280.578,22.715,-35.481,Pitch
0.054,-0.448,0.983,286.685,102.821,-62.466,Pitch
0.062,-0.251,0.919,286.685,127.365,-78.872,Pitch
0.112,0.024,0.538,286.685,172.594,-75.110,Pitch
0.057,0.370,-0.022,286.685,193.550,-24.369,Pitch
-0.109,0.555,-0.059,286.685,191.643,8.391,Pitch
-0.054,0.799,0.110,286.650,161.639,26.766,Pitch
-0.305,1.367,0.148,-63.919,56.166,9.012,Pitch
-0.293,1.229,0.472,-286.685,-124.897,-60.471,Pitch
-0.155,0.626,0.755,-286.685,-278.110,-25.436,Pitch
0.147,-0.470,1.021,-286.685,-286.685,73.386,Pitch
0.208,-0.877,1.190,-286.685,-243.967,127.995,Pitch
-0.055,-0.902,1.078,-286.685,65.564,113.006,Pitch
-0.429,-1.206,0.825,9.056,-7.621,16.441,Pitch
0.086,-0.814,1.224,269.981,-51.905,-78.531,Pitch
0.076,-0.667,1.178,286.685,41.667,-113.846,Pitch
0.106,-0.132,1.117,286.685,81.786,-107.809,Pitch
0.211,0.178,0.701,286.685,152.399,-70.586,Pitch
0.090,0.348,0.188,286.685,201.792,13.387,Pitch
0.081,0.458,-0.196,286.685,235.016,67.961,Pitch
-0.243,0.790,0.028,286.291,200.594,72.205,Pitch
-0.196,1.042,0.013,94.098,95.707,25.060,Pitch
-0.218,1.162,0.090,-235.944,-40.408,-44.678,Pitch
-0.284,0.996,0.292,-286.685,-172.637,-105.525,Pitch
-0.034,0.701,0.718,-286.685,-219.870,-132.423,Pitch
0.181,-0.181,0.805,-286.685,-263.559,-85.960,Pitch
0.071,-0.853,1.252,-286.685,-184.012,18.515,Pitch
-0.136,-1.079,1.123,-286.685,55.230,17.622,Pitch
-0.090,-1.560,-0.140,-101.194,26.696,-10.483,Pitch
0.008,-0.365,1.665,173.469,-35.805,-11.725,Pitch
0.099,-0.821,1.511,148.374,-10.115,5.486,Pitch
0.039,-0.810,1.121,271.670,11.891,7.157,Pitch
-0.057,-0.473,1.021,286.685,59.395,0.998,Pitch
-0.023,-0.232,0.741,286.685,85.558,-0.709,Pitch
0.034,0.051,0.472,286.685,109.497,13.195,Pitch
0.037,0.234,0.027,286.685,153.562,56.752,Pitch
-0.135,0.556,0.054,286.685,194.749,66.920,Pitch
0.011,0.691,0.083,211.216,149.214,62.545,Pitch
-0.005,1.032,-0.084,35.271,92.986,39.856,Pitch
-0.249,1.062,0.100,-207.445,-32.979,-35.359,Pitch
-0.210,0.897,0.436,-286.685,-150.614,-129.351,Pitch
-0.115,0.270,0.983,-286.685,-204.846,-193.988,Pitch
0.115,-0.632,1.083,-286.685,-276.176,-102.690,Pitch
0.289,-1.814,1.882,-286.685,-285.845,52.281,Pitch
-0.402,-0.850,1.659,92.558,15.750,17.981,Pitch
0.127,-0.417,1.087,131.845,48.755,-38.272,Pitch
0.162,-0.325,1.227,90.020,12.486,-15.050,Pitch
0.043,-0.348,1.242,80.378,0.831,-8.085,Pitch
0.029,-0.588,0.825,201.425,38.964,-21.551,Pitch
-0.014,-0.381,0.636,286.685,181.746,-43.855,Pitch
-0.060,-0.041,0.570,286.685,283.535,-32.042,Pitch
0.146,-0.021,0.188,286.685,286.685,4.996,Pitch
-0.143,0.589,0.252,286.685,286.685,72.984,Pitch
-0.271,0.630,-0.424,286.685,169.137,121.756,Pitch
-0.111,1.038,-0.302,192.045,38.456,96.679,Pitch
-0.257,1.155,-0.140,50.068,-76.353,87.168,Pitch
-0.238,1.067,0.360,-143.867,-243.451,43.820,Pitch
-0.515,0.787,0.611,-286.641,-286.685,28.840,Pitch
-0.337,0.253,0.836,-286.685,-286.685,-17.771,Pitch
0.168,-0.177,1.147,-286.685,-286.685,-43.697,Pitch
0.778,-0.384,1.838,-286.685,-270.795,42.385,Pitch
0.649,-0.338,1.823,-272.711,-82.574,142.887,Pitch
0.145,-0.415,1.039,-175.744,84.464,118.151,Pitch
0.026,-0.369,1.338,-106.768,54.722,68.049,Pitch
-0.027,-0.414,1.344,-98.245,20.904,24.763,Pitch
0.024,-0.932,1.238,63.822,104.186,-20.720,Pitch
0.003,-1.119,1.081,279.965,230.247,-2.852,Pitch
-0.124,-0.487,0.659,286.685,203.936,46.524,Pitch
-0.016,0.107,0.591,286.685,139.869,50.470,Pitch
0.186,0.473,0.014,286.685,50.557,50.269,Pitch
0.135,0.658,-0.413,286.685,77.744,28.061,Pitch
-0.021,0.924,0.142,139.720,123.261,22.321,Pitch
-0.096,0.882,0.112,-76.816,65.336,8.943,Pitch
-0.199,0.766,0.254,-285.959,-51.537,-33.548,Pitch
-0.492,0.333,0.362,-286.685,-150.973,-75.705,Pitch
-0.132,-0.140,1.140,-286.685,-213.596,-145.723,Pitch
0.202,-0.388,1.031,-286.685,-149.966,-89.801,Pitch
0.159,-0.958,1.116,-286.685,-127.006,-33.311,Pitch
0.037,-1.240,1.567,-286.685,-83.685,40.136,Pitch
-0.253,-1.334,0.989,-229.408,-10.395,19.801,Pitch
0.045,-1.175,0.738,-120.514,-29.925,-26.311,Pitch
0.231,-1.538,0.746,138.845,-6.466,-1.129,Pitch
0.246,-1.475,0.879,285.731,30.284,32.821,Pitch
-0.152,-0.691,0.527,286.685,99.199,74.086,Pitch
-0.132,-0.007,0.490,286.685,128.712,19.110,Pitch
-0.082,0.136,0.566,286.685,98.411,-2.091,Pitch
0.038,0.099,0.167,286.685,95.944,-12.661,Pitch
-0.251,0.185,-0.213,286.685,136.080,39.681,Pitch
-0.171,0.843,0.233,286.685,112.298,3.203,Pitch
-0.160,1.286,0.572,105.394,39.393,3.579,Pitch
-0.429,1.612,0.640,-232.173,-67.734,-19.206,Pitch
-0.279,1.087,0.954,-286.685,-243.854,-76.606,Pitch
0.027,-0.302,0.557,-286.685,-286.685,-16.712,Pitch
0.219,-0.838,0.914,-286.685,-228.366,49.726,Pitch
0.242,-0.895,1.057,-286.685,14.219,109.918,Pitch
-0.157,-0.928,0.430,-286.685,78.207,104.169,Pitch
-0.237,-0.959,0.416,-212.467,-48.930,46.226,Pitch
-0.350,-1.587,0.971,124.189,-29.216,-3.614,Pitch
-0.129,-1.054,0.702,145.057,-70.927,-58.214,Pitch
0.233,-0.913,0.743,264.320,-40.556,-48.099,Pitch
-0.050,-0.716,0.535,286.685,75.198,17.185,Pitch
-0.154,-0.273,0.544,286.685,167.685,3.955,Pitch
0.064,-0.144,0.183,286.685,160.956,26.609,Pitch
-0.169,0.449,0.383,286.685,115.019,43.995,Pitch
-0.279,0.720,0.319,286.685,40.810,25.576,Pitch
-0.215,0.945,0.576,244.387,-37.380,-13.134,Pitch
-0.184,1.061,0.913,9.056,-73.824,-28.455,Pitch
-0.227,1.035,1.166,-156.074,-81.848,-29.907,Pitch
-0.124,0.881,1.395,-286.598,-84.026,-34.528,Pitch
-0.079,0.802,1.381,-286.685,-89.171,-28.884,Pitch
0.037,0.723,0.993,-286.685,-117.154,10.028,Pitch
0.005,0.018,0.813,-286.685,-158.200,38.080,Pitch
-0.031,-1.031,0.900,-286.685,-122.806,84.551,Pitch
-0.127,-0.880,0.618,-286.685,47.285,59.036,Pitch
0.049,-0.648,0.328,-260.837,13.064,54.513,Pitch
-0.176,-1.504,-0.331,-82.232,79.380,75.775,Pitch
-0.061,-1.241,0.333,240.354,140.980,98.481,Pitch
-0.319,-0.560,0.666,286.685,149.266,112.061,Pitch
-0.520,-0.383,0.788,286.685,80.938,57.557,Pitch
-0.374,-0.305,0.598,286.685,-4.148,15.680,Pitch
-0.226,-0.135,0.437,286.685,-118.536,4.734,Pitch
0.165,0.287,0.721,286.685,-91.674,35.166,Pitch
0.005,0.584,0.626,286.685,-1.269,125.956,Pitch
-0.062,0.853,0.265,286.685,-6.807,112.052,Pitch
-0.156,0.679,0.396,206.535,10.675,70.131,Pitch
-0.276,0.718,0.615,139.965,-4.384,51.161,Pitch
-0.192,1.302,0.903,-15.601,-53.287,18.970,Pitch
-0.147,1.336,0.890,-204.391,-78.295,-17.413,Pitch
0.007,1.045,0.972,-286.685,-105.875,-53.095,Pitch
0.140,0.595,0.722,-286.685,-63.752,-56.096,Pitch
0.143,0.119,0.721,-286.685,-12.994,-39.568,Pitch
0.080,-0.229,0.948,-286.685,3.281,-7.866,Pitch
-0.016,-0.819,1.085,-286.685,35.945,53.716,Pitch
-0.325,-1.041,0.383,-286.685,135.625,76.685,Pitch
-0.563,-1.720,-1.423,-242.209,69.948,32.699,Pitch
-0.238,-1.105,0.966,70.534,51.844,0.752,Pitch
-0.458,-1.273,0.509,114.039,51.695,-3.999,Pitch
-0.038,-1.155,0.493,280.158,26.145,-11.191,Pitch
0.106,-0.844,0.503,286.685,58.021,84.402,Pitch
0.063,-0.451,0.209,286.685,81.419,172.673,Pitch
-0.391,0.647,0.558,286.685,86.223,172.506,Pitch
-0.158,0.729,0.802,286.685,3.019,104.982,Pitch
-0.328,0.455,0.601,189.665,-62.011,81.401,Pitch
-0.392,0.366,0.400,121.152,-91.096,59.789,Pitch
-0.165,0.463,0.421,83.379,-94.404,30.415,Pitch
-0.105,0.577,0.477,22.978,-74.489,9.555,Pitch
-0.109,0.518,0.645,-65.949,-83.353,-11.935,Pitch
-0.163,0.507,1.022,-95.305,-110.688,-33.180,Pitch
-0.042,0.692,1.104,-286.685,-67.191,-52.938,Pitch
-0.071,-0.074,0.755,-286.685,-76.353,-60.900,Pitch
-0.088,-0.968,0.925,-286.685,-68.539,-36.986,Pitch
-0.259,-1.228,0.740,-286.685,51.013,-18.708,Pitch
-0.130,-1.117,0.469,-281.960,-3.964,-67.620,Pitch
-0.170,-1.761,0.091,-148.208,16.765,-70.744,Pitch
0.072,-1.544,0.608,132.256,39.979,-37.739,Pitch
0.157,-0.992,0.884,255.369,67.095,42.193,Pitch
-0.142,-0.808,0.879,286.668,78.802,70.875,Pitch
-0.213,-0.697,0.985,286.685,80.176,63.630,Pitch
-0.138,-0.574,0.752,286.685,79.756,70.289,Pitch
-0.233,-0.180,0.637,286.685,58.564,59.194,Pitch
-0.111,0.084,0.599,286.685,63.787,47.425,Pitch
-0.106,0.358,0.774,286.685,67.113,64.785,Pitch
-0.187,0.615,0.613,242.769,36.662,78.452,Pitch
-0.202,0.649,0.348,26.880,-2.852,30.861,Pitch
-0.122,0.415,0.251,-170.992,-44.607,-27.554,Pitch
-0.083,0.299,0.427,-262.526,-68.679,-40.740,Pitch
0.043,0.020,0.768,-286.685,-89.416,-15.050,Pitch
-0.240,-0.490,0.891,-286.685,-107.765,33.320,Pitch
-0.513,-0.845,1.103,-286.685,-103.171,-3.964,Pitch
-0.342,-0.833,1.012,-286.685,-99.085,-68.793,Pitch
-0.035,-0.855,0.971,-286.431,-128.048,-84.919,Pitch
0.097,-1.179,0.752,-235.008,-117.889,-58.266,Pitch
0.167,-1.653,0.690,15.085,-61.941,-16.739,Pitch
0.147,-1.158,0.928,185.413,34.694,30.905,Pitch
-0.030,-0.824,1.075,271.574,94.745,32.778,Pitch
-0.084,-0.776,1.026,286.685,138.723,20.790,Pitch
-0.198,-0.503,0.957,286.685,142.196,7.289,Pitch
-0.171,-0.346,0.641,286.685,91.044,12.845,Pitch
-0.091,0.019,0.618,286.685,82.198,-4.778,Pitch
0.012,0.219,0.548,286.685,85.103,33.539,Pitch
-0.014,0.369,0.348,286.685,97.449,67.865,Pitch
-0.125,0.498,0.272,238.044,108.281,61.985,Pitch
-0.148,0.786,0.424,56.726,78.041,-7.665,Pitch
-0.197,0.795,0.424,-130.716,-25.244,-67.489,Pitch
-0.092,0.476,0.211,-282.152,-116.200,-83.423,Pitch
-0.147,0.266,0.994,-286.685,-236.766,-65.573,Pitch
-0.226,-0.299,1.159,-286.685,-286.195,-25.664,Pitch
-0.016,-0.874,1.189,-286.685,-285.136,-6.282,Pitch
0.165,-1.075,1.108,-230.562,-159.215,12.889,Pitch
0.175,-0.999,1.151,-8.024,-36.732,31.045,Pitch
0.131,-0.695,1.396,65.327,4.988,27.694,Pitch
0.055,-0.848,1.063,49.131,55.072,19.154,Pitch
0.029,-0.526,1.209,195.212,98.823,-3.124,Pitch
-0.015,-0.407,1.058,245.997,127.015,-17.491,Pitch
-0.066,-0.145,1.093,276.850,134.785,-18.944,Pitch
0.048,-0.145,0.773,261.231,109.489,25.489,Pitch
0.055,-0.105,0.363,286.685,109.016,63.341,Pitch
0.015,0.044,0.338,286.685,184.546,100.424,Pitch
-0.027,0.456,0.062,286.457,193.952,97.379,Pitch
-0.001,0.861,0.149,197.199,145.626,14.866,Pitch
0.094,0.823,0.455,46.401,59.500,-39.410,Pitch
0.035,0.702,0.470,-112.691,-21.542,-10.797,Pitch
-0.309,0.549,0.611,-200.462,-75.819,-10.124,Pitch
-0.417,0.574,1.053,-286.685,-198.135,-33.276,Pitch
-0.516,-0.109,0.905,-286.685,-286.676,-68.635,Pitch
-0.246,-0.566,1.534,-286.685,-286.685,-97.772,Pitch
0.169,-1.173,1.308,-286.685,-194.066,-56.298,Pitch
0.093,-0.910,0.799,-286.685,-73.640,-59.859,Pitch
0.620,-1.025,0.842,-194.014,-57.444,-7.508,Pitch
0.172,-1.134,1.191,142.109,-7.858,43.680,Pitch
0.173,-1.005,0.878,259.438,43.391,35.105,Pitch
0.078,-0.709,0.921,286.685,82.757,-0.604,Pitch
0.002,-0.442,0.903,286.685,92.146,-39.498,Pitch
0.157,-0.212,0.919,286.685,98.805,-80.868,Pitch
0.063,-0.001,0.835,286.685,128.109,-71.890,Pitch
0.093,0.025,0.524,286.685,168.613,-64.006,Pitch
0.008,0.312,0.502,286.685,183.960,-42.831,Pitch
-0.054,0.502,0.515,225.610,182.315,-36.068,Pitch
-0.042,0.613,0.461,64.741,135.686,-33.259,Pitch
-0.108,0.675,0.284,-53.909,47.022,-39.935,Pitch
-0.123,0.689,0.439,-205.949,-24.631,-60.296,Pitch
-0.096,0.333,0.696,-286.685,-155.068,-71.802,Pitch
-0.212,-0.338,0.926,-286.685,-256.786,-60.970,Pitch
-0.186,-0.628,1.182,-286.685,-286.685,-34.528,Pitch
-0.030,-0.946,0.891,-286.379,-269.080,-8.426,Pitch
0.165,-1.151,0.896,-208.863,-218.776,-18.874,Pitch
0.407,-0.902,1.319,-75.215,-165.594,-28.166,Pitch
0.628,-0.849,1.563,-11.130,-137.445,24.929,Pitch
0.472,-1.006,1.452,136.518,-53.104,62.370,Pitch
0.419,-0.925,1.207,275.231,117.871,33.057,Pitch
0.263,-0.581,0.959,286.685,213.833,-5.845,Pitch
-0.078,-0.091,0.799,286.685,224.000,-0.438,Pitch
-0.044,0.135,0.568,286.685,167.842,-16.625,Pitch
0.008,0.383,0.432,286.685,108.080,-40.679,Pitch
0.090,0.649,0.376,219.415,70.735,-40.722,Pitch
0.126,0.652,0.145,26.372,-1.452,-28.980,Pitch
0.205,0.545,0.104,-112.175,-60.165,-24.911,Pitch
0.192,0.448,0.242,-214.445,-85.339,-31.054,Pitch
0.188,0.026,0.125,-273.927,-97.003,-30.354,Pitch
0.138,-0.175,0.933,-286.685,-128.599,-25.244,Pitch
0.010,-0.894,1.415,-286.685,-189.866,25.261,Pitch
-0.020,-1.079,1.580,-247.389,-123.629,13.370,Pitch
0.244,-0.986,1.415,-63.193,-85.628,5.241,Pitch
0.479,-0.732,1.493,-30.896,-92.339,32.638,Pitch
0.422,-0.850,1.511,-23.984,-65.643,78.216,Pitch
0.145,-1.047,1.253,219.511,79.406,68.128,Pitch
0.154,-0.780,0.826,286.685,158.025,40.792,Pitch
-0.097,-0.025,0.663,286.685,164.596,-5.836,Pitch
0.156,0.306,0.344,286.685,171.334,-52.325,Pitch
-0.019,0.427,0.183,286.685,154.236,-37.310,Pitch
0.096,0.489,0.079,286.685,142.327,-49.490,Pitch
0.209,0.749,0.183,285.749,135.546,-43.347,Pitch
0.052,0.918,0.302,150.447,73.518,-4.515,Pitch
-0.137,0.906,0.392,-16.520,-27.921,-5.801,Pitch
-0.161,0.813,0.368,-186.401,-130.559,-35.726,Pitch
-0.340,0.540,0.654,-286.668,-215.136,-42.289,Pitch
-0.154,0.158,1.244,-286.685,-286.685,-50.129,Pitch
0.297,-0.156,1.501,-286.685,-286.685,22.680,Pitch
0.424,-0.261,1.399,-286.685,-157.474,63.280,Pitch
0.331,-0.375,1.080,-236.766,-35.000,55.545,Pitch
0.411,-0.411,1.080,-158.821,-28.114,59.132,Pitch
0.284,-0.393,1.149,-68.530,4.454,65.914,Pitch
0.181,-0.496,1.251,-24.036,61.967,56.315,Pitch
0.048,-0.655,1.014,16.476,100.713,18.673,Pitch
0.010,-0.529,1.097,104.361,102.401,-12.163,Pitch
0.127,-0.368,1.029,180.329,120.435,-31.255,Pitch
0.087,-0.137,1.043,195.720,125.702,-13.799,Pitch
0.034,-0.083,0.840,214.445,80.001,1.890,Pitch
0.073,-0.025,0.639,246.102,61.513,-2.555,Pitch
0.120,0.207,0.479,251.204,93.012,-3.045,Pitch
0.080,0.433,0.395,201.985,130.777,1.234,Pitch
0.042,0.608,0.473,107.021,117.084,-3.089,Pitch
0.031,0.639,0.281,-1.024,90.195,-12.898,Pitch
-0.028,0.570,0.257,-126.262,42.945,-41.842,Pitch
-0.200,0.504,0.389,-233.643,-51.809,-63.271,Pitch
-0.187,0.062,0.665,-286.685,-223.729,-68.372,Pitch
-0.217,-0.258,0.784,-286.685,-286.685,-71.680,Pitch
0.131,-0.873,1.266,-286.685,-286.685,-73.535,Pitch
0.408,-1.472,1.844,-225.811,-253.820,-32.314,Pitch
0.733,-0.891,1.638,-74.611,-134.986,-5.486,Pitch
0.816,-0.922,1.569,35.840,-62.344,89.775,Pitch
0.339,-0.627,1.347,197.977,80.920,85.348,Pitch
0.244,-0.678,1.099,247.196,171.062,30.257,Pitch
-0.052,-0.581,0.701,286.685,237.283,-26.189,Pitch
0.051,-0.092,0.454,286.685,197.689,-65.065,Pitch
0.022,0.240,0.167,286.685,220.859,-40.232,Pitch
-0.089,0.366,-0.007,286.685,230.029,-39.629,Pitch
-0.094,0.757,0.148,286.685,220.981,-35.989,Pitch
-0.110,1.073,0.217,147.577,106.050,-22.593,Pitch
-0.205,0.935,0.172,-181.694,-63.184,-29.409,Pitch
-0.235,0.719,0.380,-286.676,-155.006,-53.559,Pitch
-0.219,0.245,0.948,-286.685,-194.206,-66.272,Pitch
-0.109,-0.173,1.027,-286.685,-160.939,-6.239,Pitch
-0.229,-0.664,1.319,-286.685,-75.416,34.239,Pitch
-0.530,-1.136,1.532,-235.944,9.686,44.205,Pitch
-0.461,-0.684,1.536,-66.999,-0.980,-0.079,Pitch
-0.093,-0.593,1.222,-69.738,13.536,-25.139,Pitch
-0.130,-0.579,1.189,-53.025,22.802,-6.029,Pitch
-0.197,-0.747,0.390,-55.764,-7.595,5.863,Pitch
-0.235,-0.641,0.973,97.904,-10.220,-6.729,Pitch
-0.142,-0.367,0.868,63.140,21.989,-27.353,Pitch
-0.214,-0.525,0.917,125.046,41.055,-17.097,Pitch
0.100,-0.869,0.560,264.294,80.622,17.430,Pitch
-0.100,-0.399,0.390,286.685,124.950,54.688,Pitch
-0.094,0.342,0.444,286.685,153.011,67.104,Pitch
-0.111,0.579,0.228,286.685,118.545,97.370,Pitch
-0.246,0.609,0.112,267.059,41.431,100.713,Pitch
-0.297,0.555,0.230,244.038,-15.033,82.268,Pitch
-0.177,0.816,0.607,175.131,-87.290,63.481,Pitch
-0.212,0.903,0.835,36.522,-144.594,69.265,Pitch
-0.222,0.619,1.212,-25.690,-152.976,83.493,Pitch
-0.204,0.720,1.299,-52.421,-123.603,76.484,Pitch
-0.095,0.716,1.031,-43.803,-84.350,63.070,Pitch
-0.014,0.655,0.743,14.499,-50.356,31.299,Pitch
0.046,0.635,0.720,49.490,-24.430,5.915,Pitch
0.019,0.619,0.709,72.004,-1.960,2.625,Pitch
0.006,0.653,0.699,124.863,20.396,-1.750,Pitch
-0.014,0.743,0.546,140.954,18.664,0.595,Pitch
0.011,0.814,0.450,137.462,-6.274,8.829,Pitch
0.025,0.767,0.401,123.856,-10.150,12.434,Pitch
-0.052,0.808,0.497,160.991,-4.812,-1.330,Pitch
0.021,0.872,0.459,184.809,13.300,-20.948,Pitch
0.025,0.940,0.259,215.031,44.380,-14.709,Pitch
-0.018,0.994,0.208,229.232,50.356,-1.409,Pitch
-0.044,1.103,0.288,197.304,36.461,13.073,Pitch
-0.034,1.103,0.083,118.046,26.933,33.792,Pitch
-0.074,1.241,-0.038,27.667,-1.846,36.452,Pitch
-0.107,1.452,-0.038,-104.545,-48.650,9.669,Pitch
0.168,1.612,0.340,-286.685,-118.895,10.325,Pitch
0.048,1.175,0.296,-286.685,-136.447,36.540,Pitch
0.151,0.757,0.381,-286.685,-127.339,39.244,Pitch
0.134,0.196,0.536,-286.685,-44.984,65.485,Pitch
0.213,-0.314,0.883,-286.685,13.869,84.735,Pitch
0.053,-0.428,0.960,-286.685,80.859,83.326,Pitch
-0.223,-0.675,0.779,-286.685,108.439,42.009,Pitch
-0.247,-1.102,0.471,-207.156,83.107,-16.975,Pitch
0.022,-1.369,0.531,183.137,111.073,-34.256,Pitch
-0.416,-0.151,1.097,286.685,184.030,18.244,Pitch
0.007,0.422,0.742,286.685,132.239,5.985,Pitch
-0.013,0.438,0.493,286.685,49.612,3.447,Pitch
-0.070,0.077,0.394,286.685,9.161,59.579,Pitch
-0.251,0.084,0.223,286.685,47.810,88.323,Pitch
-0.102,0.680,0.263,286.685,51.371,89.486,Pitch
-0.175,1.192,0.326,279.151,-29.978,100.573,Pitch
-0.125,1.544,0.660,78.802,-101.789,70.411,Pitch
-0.171,1.242,0.722,-232.312,-204.732,74.463,Pitch
0.087,1.125,1.209,-286.685,-232.566,39.357,Pitch
0.118,0.790,0.851,-286.685,-220.019,85.995,Pitch
0.410,0.055,0.546,-286.685,-175.551,126.096,Pitch
0.426,-0.254,1.061,-286.685,14.219,136.684,Pitch
0.043,-0.348,1.336,-286.685,137.357,119.000,Pitch
-0.003,-0.467,0.820,-286.685,149.861,57.969,Pitch
-0.157,-0.840,0.379,-274.794,162.540,36.881,Pitch
-0.234,-1.408,0.456,52.255,107.266,-6.431,Pitch
-0.071,-0.829,0.655,286.685,153.335,-7.954,Pitch
-0.068,0.321,1.058,286.685,142.546,-8.417,Pitch
-0.011,0.186,0.622,286.685,109.909,-0.639,Pitch
-0.131,0.132,0.526,286.685,54.600,39.296,Pitch
-0.084,0.327,0.426,286.685,14.376,82.276,Pitch
-0.177,0.737,0.315,286.685,-7.315,84.569,Pitch
-0.156,0.892,0.446,245.744,-32.655,71.103,Pitch
-0.213,1.063,0.903,75.696,-71.732,57.951,Pitch
-0.303,1.165,1.251,-201.469,-126.105,27.212,Pitch
-0.054,0.725,1.109,-286.685,-147.298,-10.351,Pitch
0.122,0.461,0.761,-286.685,-145.583,17.500,Pitch
0.196,0.050,0.917,-286.685,-150.955,52.719,Pitch
0.135,-0.170,1.079,-286.685,-143.255,95.323,Pitch
0.264,-0.555,0.810,-286.685,-61.154,107.354,Pitch
0.091,-0.631,0.611,-286.685,35.394,84.411,Pitch
-0.131,-1.221,0.416,-223.554,44.467,55.650,Pitch
0.059,-1.306,0.582,121.240,94.404,23.205,Pitch
0.052,-0.892,0.690,286.685,194.898,55.291,Pitch
-0.281,-0.342,0.944,286.685,189.971,56.438,Pitch
-0.273,-0.224,0.996,286.685,113.846,28.805,Pitch
-0.196,-0.151,0.460,286.685,23.135,31.290,Pitch
-0.099,0.020,0.436,286.685,-35.193,19.189,Pitch
0.109,0.410,0.777,286.685,7.543,65.196,Pitch
-0.064,0.468,0.674,286.685,12.740,99.741,Pitch
-0.185,0.644,0.620,246.120,8.461,84.726,Pitch
-0.255,0.832,0.878,119.875,-32.270,53.069,Pitch
-0.303,1.052,1.074,-201.792,-123.139,-11.498,Pitch
-0.125,0.693,0.574,-286.685,-193.191,-33.696,Pitch
0.221,0.469,0.800,-286.685,-210.149,-21.359,Pitch
0.123,0.070,0.919,-286.685,-189.962,46.200,Pitch
0.264,-0.727,0.705,-286.685,-119.779,66.369,Pitch
0.318,-0.899,0.766,-286.685,-0.560,74.585,Pitch
0.186,-1.153,0.592,-168.691,41.904,77.569,Pitch
0.137,-1.135,0.828,73.448,107.371,69.099,Pitch
-0.133,-1.058,0.708,249.077,170.231,57.820,Pitch
-0.304,-0.515,1.138,286.685,142.616,-10.421,Pitch
-0.187,-0.329,0.656,286.685,99.645,-56.420,Pitch
-0.053,0.263,0.986,286.685,58.161,-58.721,Pitch
0.067,0.209,0.969,286.685,46.891,-22.374,Pitch
0.066,0.320,0.751,277.191,48.842,52.281,Pitch
-0.171,0.515,0.521,247.310,41.974,64.995,Pitch
-0.192,0.858,0.791,131.224,7.927,28.858,Pitch
-0.186,0.915,0.896,-182.219,-64.312,-2.713,Pitch
-0.155,0.781,0.819,-286.685,-148.312,-6.309,Pitch
0.064,0.254,1.228,-286.685,-181.396,2.214,Pitch
0.425,-0.318,0.780,-286.685,-198.319,100.809,Pitch
0.132,-0.944,0.797,-286.685,-98.534,153.247,Pitch
-0.126,-1.019,0.790,-230.449,-27.624,129.535,Pitch
-0.143,-1.063,0.736,-97.860,-37.153,73.412,Pitch
-0.192,-0.973,0.827,19.626,0.087,29.234,Pitch
-0.038,-0.985,0.831,168.726,68.469,-16.240,Pitch
0.049,-0.738,0.794,286.685,135.555,1.435,Pitch
-0.126,-0.785,0.353,286.685,154.525,5.381,Pitch
-0.291,0.227,0.645,286.685,144.480,-2.713,Pitch
-0.173,0.247,0.743,286.685,68.819,-6.930,Pitch
0.095,0.691,0.711,286.685,48.414,-4.550,Pitch
-0.052,0.576,0.470,286.466,34.991,40.451,Pitch
-0.171,0.898,0.484,161.962,2.152,30.362,Pitch
-0.149,0.994,0.597,-86.625,-87.561,9.896,Pitch
-0.043,0.317,0.396,-279.659,-202.720,46.821,Pitch
-0.081,0.342,1.056,-286.449,-219.747,66.973,Pitch
-0.126,0.084,1.094,-286.685,-183.225,84.796,Pitch
0.151,-0.349,0.947,-286.685,-74.191,54.390,Pitch
0.026,-0.381,1.203,-279.694,43.146,29.864,Pitch
0.110,-0.318,1.118,-258.554,56.674,9.546,Pitch
0.157,-0.381,0.920,-285.040,74.489,20.125,Pitch
0.072,-0.573,0.798,-248.273,120.059,43.890,Pitch
-0.096,-1.131,0.437,-167.755,127.207,76.414,Pitch
-0.234,-1.135,0.378,-18.253,117.460,76.711,Pitch
-0.618,-0.886,0.659,286.676,99.601,14.306,Pitch
-0.398,-0.431,1.067,286.685,66.973,-55.221,Pitch
-0.170,-0.166,0.976,286.685,0.543,-65.625,Pitch
-0.060,0.022,0.950,286.685,6.318,-35.805,Pitch
-0.034,0.129,0.634,286.685,34.737,-3.832,Pitch
-0.054,0.487,0.540,286.685,63.989,42.324,Pitch
-0.146,0.750,0.567,286.685,69.974,80.465,Pitch
-0.204,0.879,0.541,175.201,27.536,83.545,Pitch
-0.357,1.079,0.658,3.824,-16.459,51.599,Pitch
-0.388,0.846,0.712,-213.246,-124.548,5.145,Pitch
-0.083,0.673,0.726,-286.685,-184.835,-4.769,Pitch
0.045,0.498,0.833,-286.685,-182.735,13.361,Pitch
0.024,0.026,0.888,-286.685,-167.274,16.021,Pitch
-0.047,-0.645,0.731,-286.685,-177.896,-1.724,Pitch
0.268,-0.987,0.824,-213.780,-100.126,-19.022,Pitch
0.173,-0.893,0.787,110.486,72.091,-0.954,Pitch
-0.097,-0.650,1.031,280.814,125.475,-18.996,Pitch
0.069,-0.266,1.433,286.685,136.719,-26.792,Pitch
-0.025,0.078,1.163,286.685,138.827,-26.250,Pitch
-0.120,0.205,0.643,286.685,108.378,-22.846,Pitch
-0.008,0.722,1.249,286.212,85.015,-29.907,Pitch
-0.127,0.498,0.423,242.428,53.322,-14.971,Pitch
-0.062,0.687,0.563,184.389,31.054,21.341,Pitch
-0.257,0.768,0.526,106.251,37.397,50.514,Pitch
-0.349,1.032,0.763,1.663,-32.069,6.746,Pitch
-0.198,1.062,0.912,-270.996,-116.410,-3.168,Pitch
-0.023,0.681,0.774,-286.685,-169.024,19.022,Pitch
0.193,0.174,0.789,-286.685,-199.798,58.502,Pitch
0.154,-0.287,0.777,-286.685,-187.049,115.544,Pitch
0.328,-0.916,1.065,-286.685,-95.988,140.394,Pitch
0.043,-0.772,1.047,-200.576,68.618,143.596,Pitch
-0.232,-0.654,0.675,-127.934,61.084,88.226,Pitch
-0.304,-1.121,0.497,101.728,79.599,28.140,Pitch
-0.260,-1.082,0.571,284.716,128.258,-17.010,Pitch
-0.222,-0.121,1.171,286.685,136.675,-27.361,Pitch
-0.201,0.106,1.138,280.936,84.796,-65.476,Pitch
-0.269,0.067,0.819,286.685,28.289,-76.011,Pitch
-0.134,0.235,0.851,286.177,2.756,-90.912,Pitch
0.006,0.409,0.560,233.634,14.105,-41.580,Pitch
-0.218,0.545,0.706,160.571,38.701,-20.099,Pitch
-0.160,0.616,0.975,51.467,48.414,-8.785,Pitch
-0.271,0.497,0.981,-8.312,41.965,29.347,Pitch
-0.317,0.287,0.611,-14.796,7.945,56.210,Pitch
-0.283,0.340,0.697,32.725,-20.562,35.516,Pitch
-0.301,0.776,1.050,-86.809,-49.630,-11.708,Pitch
-0.200,0.784,1.162,-257.259,-93.721,-29.155,Pitch
-0.146,0.393,1.216,-286.685,-168.271,24.675,Pitch
0.043,-0.139,1.027,-286.685,-190.277,75.311,Pitch
-0.010,-0.698,0.731,-286.685,-84.945,88.480,Pitch
-0.084,-0.852,0.546,-286.685,-32.847,95.393,Pitch
-0.158,-0.936,0.476,-168.980,-19.749,86.433,Pitch
-0.289,-1.178,0.636,54.950,56.779,63.857,Pitch
-0.213,-1.013,0.560,203.936,98.595,40.066,Pitch
-0.182,-0.896,0.744,286.685,109.725,23.109,Pitch
-0.330,-0.238,0.735,286.685,113.015,21.333,Pitch
-0.228,-0.071,0.511,286.685,85.864,-11.611,Pitch
-0.121,0.213,0.503,286.685,62.195,3.351,Pitch
-0.007,0.420,0.478,286.685,63.612,35.455,Pitch
-0.102,0.723,0.261,286.685,102.436,83.440,Pitch
-0.256,1.028,0.401,214.760,90.387,58.231,Pitch
-0.334,1.348,0.656,-140.201,-3.447,15.321,Pitch
-0.516,1.016,0.440,-281.470,-93.791,-6.895,Pitch
-0.481,0.509,0.720,-286.685,-229.679,-52.019,Pitch
-0.235,0.506,1.203,-286.685,-235.673,-109.419,Pitch
-0.011,0.023,1.052,-286.685,-246.995,-38.001,Pitch
0.190,-0.832,0.760,-286.685,-172.471,30.835,Pitch
0.013,-0.888,0.957,-267.015,-61.005,41.545,Pitch
-0.133,-0.806,0.871,-91.963,12.836,-30.441,Pitch
0.211,-0.752,0.907,28.044,-19.154,-21.744,Pitch
0.068,-0.827,1.032,285.416,71.164,6.073,Pitch
-0.062,-0.525,0.746,286.685,159.136,-7.079,Pitch
-0.167,-0.114,0.801,286.685,240.196,-33.408,Pitch
-0.078,0.288,0.802,286.685,219.879,-18.620,Pitch
-0.279,0.385,0.481,286.685,155.768,91.744,Pitch
-0.268,0.662,0.339,286.685,115.115,86.249,Pitch
-0.396,1.235,0.351,210.341,77.866,72.126,Pitch
-0.220,1.392,0.488,-102.576,-56.333,-31.019,Pitch
-0.025,0.909,0.444,-286.685,-182.394,6.440,Pitch
-0.081,0.853,0.505,-286.685,-251.221,22.041,Pitch
-0.045,0.467,0.859,-286.685,-264.066,-7.691,Pitch
0.172,-0.214,0.526,-286.685,-276.955,34.702,Pitch
-0.025,-1.013,0.733,-286.685,-259.219,90.457,Pitch
-0.065,-1.452,1.108,-266.402,-82.775,53.952,Pitch
0.254,-1.324,1.074,-56.560,-10.132,-11.130,Pitch
0.384,-0.972,1.208,176.750,49.621,-38.412,Pitch
0.066,-0.677,1.215,244.720,132.335,-21.166,Pitch
0.139,-0.502,0.770,286.685,196.936,-31.701,Pitch
0.031,-0.087,0.711,286.685,214.996,-45.570,Pitch
0.072,0.447,0.570,286.685,185.447,-10.929,Pitch
-0.064,0.671,0.346,286.685,150.841,45.981,Pitch
-0.193,0.856,0.201,286.685,135.783,54.766,Pitch
-0.196,1.009,0.296,214.428,96.171,43.864,Pitch
-0.339,1.274,0.416,-67.156,-22.776,-27.493,Pitch
-0.145,0.985,0.579,-286.685,-170.607,-73.202,Pitch
0.006,0.395,0.592,-286.685,-238.289,-26.722,Pitch
0.117,0.197,0.803,-286.685,-227.036,18.174,Pitch
0.142,-0.410,0.747,-286.685,-149.249,64.934,Pitch
-0.110,-1.011,0.976,-285.556,-40.749,81.777,Pitch
-0.223,-0.924,1.137,-12.241,13.528,13.703,Pitch
-0.097,-0.692,1.246,119.726,10.894,-46.191,Pitch
-0.007,-0.620,1.210,181.807,44.214,-58.380,Pitch
0.112,-0.345,1.037,286.685,104.598,-57.680,Pitch
0.081,0.229,1.120,286.685,137.515,-16.135,Pitch
0.130,0.285,0.887,286.685,162.951,58.502,Pitch
-0.101,0.496,0.475,270.069,144.856,92.199,Pitch
-0.324,0.732,0.295,210.551,83.186,51.669,Pitch
-0.190,0.818,0.250,30.284,19.084,-3.281,Pitch
-0.309,0.802,0.434,-56.376,-46.917,-59.526,Pitch
-0.270,0.833,0.772,-261.966,-143.946,-96.381,Pitch
0.077,0.436,0.890,-286.685,-243.477,-108.605,Pitch
0.330,-0.131,0.853,-286.685,-246.820,-38.911,Pitch
0.160,-0.683,1.064,-286.685,-189.385,48.641,Pitch
0.153,-1.118,0.989,-281.575,-16.433,67.637,Pitch
0.060,-1.153,0.776,-112.262,67.926,58.634,Pitch
-0.117,-1.119,0.959,205.109,66.798,30.695,Pitch
-0.093,-0.558,1.168,286.685,111.598,-24.299,Pitch
0.096,-0.058,0.928,286.685,134.636,-22.138,Pitch
-0.031,0.238,0.849,286.685,123.427,-11.113,Pitch
-0.128,0.559,0.920,268.328,65.739,4.191,Pitch
-0.074,0.576,0.674,54.197,-0.577,32.314,Pitch
-0.198,0.426,0.666,-49.805,-59.036,42.604,Pitch
-0.166,0.312,0.549,-83.326,-81.909,28.551,Pitch
-0.080,0.257,0.427,-97.834,-82.626,-2.774,Pitch
-0.044,0.278,0.718,-199.220,-57.435,-14.210,Pitch
0.037,0.018,0.976,-286.685,-100.257,-20.746,Pitch
0.149,-0.293,1.097,-286.685,-143.482,-1.102,Pitch
0.174,-0.888,1.018,-286.685,-132.650,44.485,Pitch
-0.062,-1.162,0.856,-94.456,-3.797,29.610,Pitch
0.140,-0.787,1.365,161.604,12.504,-21.612,Pitch
0.139,-0.638,1.386,209.387,22.417,-27.440,Pitch
0.125,-0.502,1.213,266.254,80.106,-34.160,Pitch
0.041,-0.350,0.804,286.318,130.917,-19.311,Pitch
-0.018,0.011,0.943,286.685,152.758,-24.736,Pitch
0.054,0.159,0.789,286.685,160.904,-10.972,Pitch
-0.008,0.549,0.584,286.624,146.204,38.885,Pitch
-0.203,0.776,0.200,175.700,113.277,55.335,Pitch
-0.289,0.836,0.382,39.646,60.979,-2.879,Pitch
-0.254,0.795,0.369,-108.509,4.121,-42.779,Pitch
-0.153,0.635,0.682,-286.073,-116.130,-79.135,Pitch
-0.035,0.205,0.751,-286.685,-235.681,-48.895,Pitch
-0.058,-0.359,1.208,-286.685,-286.685,22.138,Pitch
0.100,-0.792,1.206,-286.291,-232.015,22.584,Pitch
0.212,-0.860,1.222,-224.053,-144.751,8.164,Pitch
0.245,-0.907,1.212,-15.041,-39.349,-8.706,Pitch
0.322,-0.627,1.283,239.164,69.738,-29.978,Pitch
0.094,-0.289,1.352,286.685,157.955,-21.919,Pitch
0.074,0.027,1.306,256.515,194.101,-20.064,Pitch
-0.039,-0.062,0.624,286.685,188.974,-9.721,Pitch
-0.036,0.377,0.372,286.685,172.734,4.532,Pitch
-0.066,0.737,0.322,283.229,155.234,39.349,Pitch
-0.201,0.671,0.288,223.029,110.915,36.732,Pitch
-0.168,0.585,0.356,117.478,46.069,26.075,Pitch
-0.140,0.376,0.341,72.555,36.365,43.015,Pitch
-0.222,0.552,0.472,77.665,42.000,35.298,Pitch
-0.259,0.808,0.462,15.802,22.907,8.269,Pitch
-0.311,1.212,0.753,-234.553,-102.043,-75.565,Pitch
-0.095,0.633,1.019,-286.685,-259.805,-141.514,Pitch
-0.066,0.055,1.347,-286.685,-286.685,-35.175,Pitch
0.412,-1.036,1.373,-286.685,-286.685,108.351,Pitch
0.361,-1.034,1.202,-218.969,-113.295,118.283,Pitch
0.255,-0.807,0.907,34.396,65.817,65.844,Pitch
0.174,-0.412,1.082,238.324,92.916,53.331,Pitch
-0.079,-0.434,0.865,192.413,148.417,8.409,Pitch
-0.107,-0.327,0.790,286.685,177.712,-30.861,Pitch
-0.120,-0.074,0.585,286.685,180.250,-58.993,Pitch
-0.051,0.458,0.639,286.685,170.564,-69.755,Pitch
-0.084,0.615,0.407,286.685,153.527,-4.760,Pitch
-0.176,0.710,0.402,258.073,83.353,26.381,Pitch
-0.090,0.700,0.272,164.413,17.211,33.871,Pitch
-0.094,0.774,0.251,5.924,-7.831,26.618,Pitch
-0.156,0.926,0.478,-200.699,-58.896,-17.054,Pitch
-0.114,0.487,0.451,-286.685,-164.867,-61.792,Pitch
0.133,0.434,1.030,-286.685,-243.792,-44.196,Pitch
0.072,-0.132,1.223,-286.685,-286.624,71.164,Pitch
0.087,-1.305,1.083,-286.685,-265.353,154.674,Pitch
-0.368,-0.966,1.137,-208.040,15.575,41.125,Pitch
0.116,-0.869,0.882,16.669,38.229,-66.946,Pitch
0.197,-0.710,1.066,112.464,73.798,-63.770,Pitch
0.383,-1.069,0.896,223.318,136.824,-42.621,Pitch
0.074,-0.300,1.055,286.685,181.003,22.785,Pitch
-0.112,-0.203,0.520,286.685,180.591,5.653,Pitch
-0.115,0.321,0.754,286.685,172.077,4.804,Pitch
-0.099,0.293,0.319,286.685,157.973,42.621,Pitch
-0.166,0.601,0.367,286.685,110.338,65.266,Pitch
-0.266,1.002,0.394,146.895,28.700,49.499,Pitch
-0.211,1.019,0.362,-96.119,-127.820,-16.188,Pitch
-0.131,0.743,0.614,-286.685,-227.185,-31.325,Pitch
0.134,-0.080,0.275,-286.685,-272.737,-9.476,Pitch
0.210,-0.255,1.153,-286.685,-255.176,73.684,Pitch
0.018,-0.944,1.389,-286.685,-180.688,125.204,Pitch
-0.088,-1.015,1.200,-121.327,-11.314,51.695,Pitch
0.059,-0.705,1.155,26.495,37.748,-8.417,Pitch
0.175,-0.543,1.384,149.660,44.914,-31.246,Pitch
0.236,-0.633,1.193,277.436,93.275,-14.201,Pitch
-0.175,-0.309,0.423,284.804,188.309,-24.736,Pitch
-0.015,-0.002,0.508,286.685,200.419,-16.354,Pitch
0.012,0.473,0.468,286.685,191.319,-1.444,Pitch
0.018,0.730,0.244,286.685,161.087,43.820,Pitch
-0.290,0.925,0.339,176.829,58.275,26.136,Pitch
-0.176,0.939,0.151,16.888,-18.865,-20.169,Pitch
-0.155,0.892,0.330,-253.715,-129.089,-56.963,Pitch
-0.047,0.533,0.363,-286.685,-219.546,-63.009,Pitch
0.045,0.013,1.038,-286.685,-221.804,-53.174,Pitch
0.126,-0.353,0.933,-286.685,-217.367,-7.989,Pitch
-0.040,-1.047,1.241,-286.685,-182.464,11.743,Pitch
0.140,-1.463,0.997,-223.947,-29.855,-0.385,Pitch
0.318,-1.080,1.421,118.160,30.739,7.621,Pitch
-0.002,-0.802,1.513,279.309,81.533,11.961,Pitch
0.180,-0.368,1.675,281.943,106.671,5.294,Pitch
0.009,-0.416,0.717,286.685,142.292,22.409,Pitch
-0.165,0.035,0.869,286.685,81.567,11.576,Pitch
0.055,0.298,0.382,286.685,40.766,3.526,Pitch
0.050,0.541,0.295,286.685,34.947,37.756,Pitch
0.007,0.705,0.277,215.451,25.174,56.306,Pitch
0.054,0.909,0.085,60.533,2.791,55.475,Pitch
-0.102,0.948,0.372,-138.626,-78.286,35.394,Pitch
-0.106,0.628,0.417,-278.259,-148.732,10.517,Pitch
-0.139,0.237,1.281,-286.685,-169.908,-10.876,Pitch
0.238,-0.360,1.422,-286.685,-64.925,-18.917,Pitch
0.162,-0.597,1.634,-286.685,-22.759,3.640,Pitch
0.217,-0.930,1.608,-136.570,-14.123,3.412,Pitch
0.165,-1.042,1.771,82.451,52.885,13.212,Pitch
-0.007,-0.547,1.272,286.606,182.438,31.675,Pitch
0.118,-0.006,0.937,286.685,195.974,26.801,Pitch
0.017,-0.096,-0.127,286.055,137.734,28.971,Pitch
-0.165,0.414,0.467,286.685,88.716,15.873,Pitch
0.028,0.697,0.348,271.233,56.306,10.439,Pitch
-0.090,0.545,0.228,126.061,28.700,54.932,Pitch
-0.228,0.533,0.386,114.669,-25.419,66.692,Pitch
-0.156,0.769,0.501,77.884,-54.731,67.480,Pitch
-0.123,0.837,0.426,-52.482,-87.841,55.370,Pitch
-0.012,0.920,0.381,-217.534,-127.715,34.361,Pitch
0.049,0.851,0.549,-286.685,-196.726,4.515,Pitch
0.012,0.427,0.749,-286.685,-221.497,-36.321,Pitch
-0.055,-0.366,0.914,-286.685,-182.210,-81.314,Pitch
0.619,-1.395,1.542,-286.685,-112.131,-40.784,Pitch
0.574,-1.448,1.445,-142.476,-5.057,42.009,Pitch
0.369,-1.117,1.350,21.954,100.249,63.490,Pitch
0.220,-0.928,1.473,49.639,112.674,62.099,Pitch
0.106,-1.022,1.164,169.916,117.084,53.673,Pitch
-0.006,-0.784,0.463,279.860,167.265,54.740,Pitch
-0.053,-0.156,0.822,286.685,128.625,38.360,Pitch
0.103,0.348,0.376,286.685,87.771,24.929,Pitch
-0.055,0.657,0.033,286.685,42.263,51.380,Pitch
-0.112,0.886,-0.015,274.426,1.269,45.666,Pitch
-0.073,0.919,-0.031,76.457,-42.779,28.341,Pitch
0.006,1.011,0.078,-86.931,-71.207,17.561,Pitch
-0.140,0.368,-0.098,-286.685,-125.414,10.264,Pitch
-0.219,0.287,0.856,-286.685,-176.697,-50.584,Pitch
0.364,-0.532,1.051,-286.685,-205.432,-96.206,Pitch
0.408,-1.141,0.931,-286.685,-187.171,-55.694,Pitch
0.855,-1.473,1.309,-252.376,-130.191,12.635,Pitch
0.794,-1.615,1.486,44.432,18.130,55.493,Pitch
0.210,-0.921,1.332,209.125,147.577,65.730,Pitch
0.142,-1.023,0.400,198.625,241.447,60.987,Pitch
-0.056,-0.675,1.102,286.685,273.508,83.335,Pitch
-0.115,-0.373,0.539,286.685,216.624,57.838,Pitch
0.018,0.356,-0.100,286.685,142.432,68.635,Pitch
0.134,1.001,0.076,286.685,68.854,86.870,Pitch
0.107,1.014,0.128,242.209,-4.235,95.489,Pitch
0.042,0.937,0.048,58.249,-37.564,91.324,Pitch
0.025,0.795,-0.001,-97.379,-43.146,75.128,Pitch
-0.056,0.679,0.332,-166.959,-56.516,43.103,Pitch
-0.204,0.805,0.523,-282.747,-104.230,-17.824,Pitch
-0.260,0.046,0.516,-286.685,-138.617,-62.930,Pitch
-0.284,-0.622,0.736,-286.685,-152.320,-97.738,Pitch
0.071,-1.101,1.080,-286.685,-149.590,-90.869,Pitch
0.621,-1.670,1.115,-285.976,-82.171,-79.607,Pitch
0.532,-1.414,1.049,-176.120,30.747,-5.241,Pitch
0.342,-1.368,0.826,-129.106,49.586,26.653,Pitch
0.119,-1.376,1.757,205.266,62.213,38.377,Pitch
0.459,-1.271,1.267,286.685,211.977,93.257,Pitch
-0.481,-0.136,0.701,286.685,251.615,156.292,Pitch
-0.081,0.124,0.257,286.685,132.151,84.149,Pitch
-0.095,0.606,0.289,286.685,22.435,-11.007,Pitch
-0.108,0.578,0.289,286.536,-6.711,-41.344,Pitch
0.086,0.441,0.186,176.199,4.139,10.789,Pitch
0.015,0.511,0.127,123.401,20.772,40.591,Pitch
-0.172,0.754,0.167,54.819,11.769,33.801,Pitch
-0.035,0.974,0.366,-164.964,-70.507,-23.503,Pitch
-0.038,0.363,0.644,-286.685,-165.209,-90.055,Pitch
0.043,-0.154,1.128,-286.685,-218.706,-103.180,Pitch
0.262,-0.956,1.454,-286.685,-271.915,-67.357,Pitch
0.603,-1.999,0.961,-286.685,-103.994,66.141,Pitch
0.048,-1.518,0.885,22.855,64.925,131.399,Pitch
-0.156,-0.539,1.262,83.177,54.539,74.629,Pitch
-0.041,-0.517,0.876,-21.849,19.696,6.956,Pitch
0.025,-0.966,1.109,71.120,34.580,12.390,Pitch
-0.159,-0.894,0.902,234.413,66.159,30.135,Pitch
-0.141,-0.536,0.681,286.685,44.161,9.660,Pitch
0.045,-0.351,0.511,286.685,48.239,36.803,Pitch
-0.058,0.024,0.651,286.685,43.312,42.534,Pitch
-0.043,0.264,0.442,286.685,25.060,50.566,Pitch
0.046,0.619,0.439,286.685,41.046,61.714,Pitch
0.027,0.721,0.469,192.920,62.895,69.606,Pitch
-0.181,0.831,0.353,54.827,56.612,40.740,Pitch
-0.087,0.782,0.359,-167.589,-0.761,-32.699,Pitch
-0.167,0.274,0.631,-286.685,-94.019,-63.403,Pitch
-0.013,0.270,0.861,-286.685,-135.616,-89.854,Pitch
-0.034,-0.304,0.920,-286.685,-164.299,-82.285,Pitch
0.103,-0.935,1.332,-286.685,-217.945,-49.507,Pitch
0.236,-1.345,1.159,-220.413,-94.552,16.144,Pitch
0.118,-1.078,1.258,4.139,58.529,44.546,Pitch
0.127,-0.695,1.316,74.751,73.789,37.441,Pitch
0.043,-0.742,0.741,26.792,65.957,30.599,Pitch
-0.162,-0.743,1.139,210.114,46.182,11.191,Pitch
-0.077,-0.549,0.693,286.685,74.664,-11.121,Pitch
0.048,0.086,0.775,286.685,108.911,-4.375,Pitch
0.046,0.164,0.592,286.685,98.000,34.807,Pitch
-0.077,0.241,0.472,286.685,76.353,46.664,Pitch
0.007,0.493,0.457,286.685,51.686,48.571,Pitch
-0.011,0.661,0.406,200.235,45.342,47.574,Pitch
-0.096,0.768,0.349,87.430,63.411,36.312,Pitch
-0.165,0.819,0.407,-147.350,3.132,-20.886,Pitch
-0.184,0.224,0.308,-283.789,-153.458,-71.033,Pitch
-0.043,0.045,0.617,-286.685,-211.636,-112.122,Pitch
0.047,-0.422,1.025,-286.685,-244.720,-77.901,Pitch
0.260,-0.840,1.196,-286.685,-254.581,-47.845,Pitch
0.476,-1.286,1.367,-248.404,-113.689,37.310,Pitch
0.206,-1.005,1.363,-2.249,35.893,75.810,Pitch
0.044,-0.615,1.356,32.874,94.938,60.156,Pitch
-0.040,-0.636,1.496,-8.304,108.552,29.024,Pitch
0.030,-1.129,0.826,114.345,107.765,18.069,Pitch
-0.063,-0.466,0.787,286.344,92.470,26.757,Pitch
-0.059,-0.008,0.832,286.685,106.986,16.870,Pitch
0.042,0.175,0.657,286.685,64.488,52.412,Pitch
-0.068,0.256,0.605,286.685,-8.636,66.622,Pitch
-0.145,0.300,0.328,281.943,-72.363,53.856,Pitch
-0.084,0.603,0.254,238.849,-43.094,22.444,Pitch
-0.009,0.780,0.315,71.286,38.386,-24.876,Pitch
-0.070,0.801,0.463,-89.364,12.443,-59.710,Pitch
-0.010,0.551,0.501,-286.186,-78.024,-128.258,Pitch
0.161,0.121,1.229,-286.685,-136.115,-137.296,Pitch
0.371,-0.603,1.359,-286.685,-233.712,-43.330,Pitch
0.401,-1.605,1.275,-286.685,-142.887,78.942,Pitch
0.043,-1.451,1.122,-251.291,54.994,113.811,Pitch
-0.027,-1.308,0.822,-11.611,73.719,76.317,Pitch
-0.059,-0.939,1.124,109.270,99.391,68.600,Pitch
-0.298,-1.035,0.905,165.515,81.996,44.537,Pitch
-0.197,-0.817,1.101,251.370,54.871,25.340,Pitch
-0.155,-0.576,0.765,286.685,55.300,23.257,Pitch
-0.213,-0.143,0.668,286.685,89.723,3.115,Pitch
0.039,0.147,0.570,286.685,83.396,32.375,Pitch
0.011,0.372,0.538,286.685,74.524,56.665,Pitch
0.006,0.521,0.325,286.685,70.026,90.878,Pitch
-0.039,0.669,0.208,229.285,53.917,100.966,Pitch
-0.096,0.757,0.176,57.190,62.799,70.473,Pitch
-0.262,0.840,0.328,-94.684,61.583,20.142,Pitch
-0.325,0.567,0.638,-243.154,-43.724,-79.791,Pitch
-0.012,0.445,0.733,-286.685,-158.874,-138.836,Pitch
-0.053,-0.475,0.815,-286.685,-250.548,-90.799,Pitch
-0.288,-1.171,1.161,-286.685,-202.081,-36.846,Pitch
-0.405,-1.346,1.153,-222.408,-103.014,-70.481,Pitch
-0.049,-1.043,1.102,-48.790,-56.464,-105.306,Pitch
0.423,-0.876,1.274,-8.689,-26.101,-76.195,Pitch
0.358,-1.179,0.874,-41.939,-3.789,16.083,Pitch
0.157,-0.908,1.118,205.975,60.629,42.971,Pitch
0.009,-0.630,0.875,273.420,103.661,27.519,Pitch
-0.124,-0.131,1.112,286.099,144.690,16.966,Pitch
-0.129,-0.236,0.911,286.685,137.130,12.845,Pitch
-0.145,-0.177,0.658,286.685,93.537,-17.544,Pitch
-0.013,0.004,0.407,286.685,93.783,0.376,Pitch
0.080,0.305,0.194,286.685,154.227,29.925,Pitch
-0.103,0.808,0.175,286.571,194.898,84.779,Pitch
-0.166,1.140,-0.146,76.685,99.111,46.182,Pitch
-0.067,1.262,-0.171,-119.971,23.599,-58.013,Pitch
-0.250,0.504,0.096,-286.685,-124.740,-107.713,Pitch
-0.267,-0.041,0.845,-286.685,-250.171,-133.324,Pitch
0.098,-0.693,0.954,-286.685,-286.685,-120.942,Pitch
0.210,-1.616,1.275,-286.685,-244.947,-53.515,Pitch
0.025,-1.440,1.388,-118.851,-154.044,-6.956,Pitch
0.206,-1.144,1.362,-31.185,-114.144,1.295,Pitch
0.376,-0.931,1.642,26.093,-19.714,50.697,Pitch
0.333,-1.002,1.357,234.859,81.340,86.450,Pitch
-0.125,-0.496,1.029,286.685,148.094,81.489,Pitch
-0.244,-0.350,0.811,286.685,168.901,49.079,Pitch
-0.111,-0.162,0.236,286.685,129.701,40.022,Pitch
-0.197,0.371,0.325,286.685,69.851,20.414,Pitch
0.034,0.655,0.326,286.685,46.541,-0.350,Pitch
0.118,0.737,0.164,259.455,56.070,18.620,Pitch
-0.009,0.969,0.026,37.520,84.814,33.451,Pitch
-0.123,0.926,0.224,-242.821,-5.119,-19.583,Pitch
-0.186,0.391,0.719,-286.685,-148.610,-64.015,Pitch
-0.129,0.126,0.688,-286.685,-201.871,-76.615,Pitch
-0.126,-0.421,0.867,-286.685,-196.271,-85.628,Pitch
-0.012,-1.069,1.325,-286.685,-222.906,-107.231,Pitch
0.501,-1.432,1.241,-269.693,-171.710,-51.993,Pitch
0.370,-1.164,1.281,-24.255,0.744,30.634,Pitch
0.257,-0.828,1.287,57.978,56.822,49.770,Pitch
0.173,-0.798,0.889,24.728,65.476,44.249,Pitch
-0.023,-0.706,1.088,210.385,83.527,37.599,Pitch
-0.120,-0.491,0.823,286.685,119.018,3.045,Pitch
0.001,-0.275,0.525,286.685,125.991,3.412,Pitch
-0.050,0.073,0.635,286.685,104.650,0.674,Pitch
-0.033,0.319,0.510,286.685,72.223,-0.315,Pitch
0.043,0.502,0.376,268.459,72.765,20.869,Pitch
0.022,0.654,0.324,118.965,84.236,39.515,Pitch
-0.107,0.785,0.194,-2.678,76.536,19.154,Pitch
-0.162,0.661,0.351,-210.193,13.142,-23.844,Pitch
-0.238,-0.017,0.385,-286.685,-94.911,-92.899,Pitch
-0.168,-0.285,0.700,-286.685,-163.100,-152.320,Pitch
-0.102,-0.846,1.213,-286.685,-208.863,-140.770,Pitch
0.068,-1.200,1.098,-286.685,-182.193,-84.893,Pitch
0.288,-1.358,1.002,-251.746,-120.601,-49.166,Pitch
0.478,-1.388,1.221,-107.205,-36.636,44.091,Pitch
0.147,-1.237,1.244,68.268,16.074,107.599,Pitch
0.077,-1.083,1.071,218.776,-21.455,73.526,Pitch
0.021,-0.907,0.966,286.685,36.068,50.732,Pitch
-0.063,-0.517,0.879,286.685,92.759,37.520,Pitch
0.087,-0.277,0.464,286.685,112.376,37.739,Pitch
-0.119,0.117,0.410,286.685,89.154,19.416,Pitch
-0.097,0.316,0.269,286.685,80.378,13.283,Pitch
-0.013,0.663,0.176,286.685,91.989,27.142,Pitch
0.084,0.856,0.125,199.220,82.084,44.572,Pitch
-0.041,0.933,0.078,-27.221,26.346,38.771,Pitch
-0.054,0.871,-0.066,-272.913,-59.167,-31.395,Pitch
-0.080,0.449,0.577,-286.685,-108.106,-81.734,Pitch
-0.082,-0.326,0.552,-286.685,-158.314,-110.460,Pitch
-0.137,-0.900,1.302,-286.685,-196.350,-116.025,Pitch
0.281,-1.885,0.934,-286.685,-205.783,-71.584,Pitch
0.223,-1.701,0.728,-225.321,-28.823,19.093,Pitch
0.231,-1.454,0.786,23.503,41.125,56.744,Pitch
0.148,-1.094,1.252,161.087,21.289,34.676,Pitch
0.228,-1.124,1.071,208.285,23.205,35.018,Pitch
-0.092,-0.954,0.696,286.685,107.949,30.389,Pitch
-0.074,-0.548,0.224,286.685,180.766,-1.181,Pitch
-0.095,-0.199,0.325,286.685,185.290,-6.423,Pitch
-0.041,0.236,0.258,286.685,158.585,-23.555,Pitch
-0.202,0.698,0.178,286.685,151.533,0.919,Pitch
-0.042,0.791,0.269,264.679,79.774,-13.370,Pitch
-0.078,0.672,0.518,177.529,-0.691,14.752,Pitch
-0.112,0.401,0.264,166.609,-20.737,83.851,Pitch
-0.363,0.750,0.651,282.345,-5.504,99.785,Pitch
-0.342,1.088,0.790,143.211,-72.791,46.769,Pitch
-0.262,1.042,0.761,77.849,-124.801,46.550,Pitch
-0.175,0.846,0.750,43.470,-117.521,62.204,Pitch
-0.044,0.919,0.657,109.104,-55.449,51.739,Pitch
-0.024,1.119,0.637,113.540,4.865,51.275,Pitch
-0.027,1.065,0.398,84.368,32.489,54.924,Pitch
-0.042,1.092,0.186,24.194,36.601,40.346,Pitch
-0.031,1.370,0.384,-120.094,-1.934,14.507,Pitch
-0.078,1.249,0.563,-286.685,-86.214,4.515,Pitch
-0.108,0.730,0.443,-286.685,-147.219,-17.841,Pitch
0.083,0.287,0.835,-286.685,-192.727,-22.015,Pitch
0.319,-0.168,0.963,-286.685,-94.290,39.086,Pitch
0.113,-0.462,0.649,-286.685,6.379,77.700,Pitch
-0.108,-0.751,0.346,-286.685,36.068,40.880,Pitch
-0.157,-1.496,0.293,-165.848,3.579,-12.547,Pitch
0.463,-1.500,0.871,204.155,57.951,-23.196,Pitch
0.288,-0.673,0.782,286.685,212.039,101.098,Pitch
-0.185,-0.247,0.355,286.685,227.701,103.897,Pitch
-0.083,0.114,0.566,286.685,186.681,62.571,Pitch
-0.132,0.257,0.350,286.685,119.420,67.874,Pitch
-0.005,0.383,0.080,286.685,100.599,84.289,Pitch
-0.212,0.839,0.154,286.685,66.220,94.649,Pitch
-0.391,1.673,0.239,46.366,-43.278,40.268,Pitch
-0.364,1.882,0.938,-286.685,-270.253,3.841,Pitch
-0.207,0.435,0.187,-286.685,-286.685,45.833,Pitch
0.383,-1.095,0.966,-286.685,-286.685,109.620,Pitch
0.778,-1.183,1.554,-286.685,-221.436,148.444,Pitch
0.320,-1.258,0.379,-117.618,64.496,98.551,Pitch
-0.029,-0.813,0.688,249.445,145.932,18.218,Pitch
0.027,-0.406,1.443,286.685,277.156,-85.190,Pitch
0.154,-0.455,0.707,286.685,286.685,-73.185,Pitch
-0.219,0.509,0.368,286.685,286.685,-47.906,Pitch
-0.177,0.704,-0.131,286.685,264.976,-28.551,Pitch
-0.264,1.398,-0.034,233.240,86.966,81.594,Pitch
-0.285,1.334,-0.020,-43.575,-122.544,70.831,Pitch
-0.373,0.865,0.491,-286.685,-286.685,48.755,Pitch
0.023,0.357,1.162,-286.685,-286.685,63.219,Pitch
0.319,-0.185,1.850,-286.685,-254.214,51.940,Pitch
0.970,-0.414,0.952,-286.685,6.108,69.265,Pitch
0.379,-0.576,0.381,-237.484,116.891,144.191,Pitch
0.319,-0.506,0.613,-70.122,204.872,124.539,Pitch
-0.430,-0.783,0.719,142.651,150.106,69.037,Pitch
-0.353,-0.259,1.347,263.305,-6.405,-7.026,Pitch
0.384,-0.102,0.786,274.006,-32.909,12.477,Pitch
-0.140,0.272,0.706,95.349,-27.501,73.482,Pitch
-0.012,-0.093,0.667,172.821,-77.402,56.595,Pitch
-0.173,0.041,0.633,175.753,-34.755,-6.423,Pitch
0.206,0.434,1.047,2.634,-81.060,-5.416,Pitch
0.319,-0.039,0.874,-22.549,-50.549,12.040,Pitch
0.211,0.185,0.904,78.969,-16.284,41.221,Pitch
0.066,0.158,1.285,128.179,-7.376,48.554,Pitch
0.164,0.223,1.079,91.429,-45.719,56.026,Pitch
0.149,0.426,1.109,95.725,-86.896,85.558,Pitch
-0.935,0.830,1.437,35.586,44.660,-7.227,Pitch
0.056,0.660,0.759,-64.243,27.247,1.347,Pitch
0.009,0.269,0.484,-73.798,101.465,21.866,Pitch
-0.085,0.131,1.443,86.573,78.610,47.285,Pitch
0.280,0.224,0.514,157.027,93.713,22.505,Pitch
0.024,0.510,1.010,120.662,126.516,-10.342,Pitch
-0.149,0.213,0.521,143.010,131.915,-45.439,Pitch
-0.324,0.225,1.824,176.216,-26.372,-41.895,Pitch
-0.046,0.035,0.899,254.511,-33.364,40.513,Pitch
0.124,0.215,0.314,286.685,10.334,135.966,Pitch
0.296,0.625,0.555,286.685,-61.722,192.938,Pitch
0.466,1.714,0.762,261.091,-63.280,130.891,Pitch
0.906,0.387,-0.974,160.423,107.327,-90.694,Pitch
0.382,1.079,-0.466,-63.359,-31.614,30.686,Pitch
-0.156,0.936,-0.166,-281.216,-149.975,-2.056,Pitch
-0.045,0.883,0.563,-286.685,-144.270,-65.546,Pitch
-0.019,0.010,1.016,-286.685,-51.249,-54.530,Pitch
0.321,-0.552,1.567,-286.685,-48.239,-56.551,Pitch
0.542,-1.102,0.691,-286.685,-82.626,-70.630,Pitch
0.395,-1.331,1.611,-47.976,-83.493,-56.490,Pitch
0.621,-0.635,1.976,286.685,-115.124,-68.985,Pitch
0.185,-0.012,1.080,286.685,78.566,-92.391,Pitch
0.433,0.208,0.807,286.685,212.581,-81.743,Pitch
0.252,0.403,-0.536,286.685,203.577,-71.619,Pitch
-0.067,0.275,-0.132,286.685,107.511,-31.649,Pitch
-0.041,0.574,-0.190,247.940,-24.211,33.880,Pitch
-0.243,0.788,-0.040,46.594,-167.851,59.080,Pitch
-0.307,1.675,0.211,-231.735,-232.741,46.463,Pitch
0.557,1.081,0.635,-286.685,-167.947,84.577,Pitch
0.635,0.285,1.297,-286.685,66.929,184.327,Pitch
0.423,-0.159,1.324,-286.685,265.685,164.036,Pitch
-0.173,-0.907,1.496,-286.685,239.995,99.496,Pitch
-0.291,-1.349,0.925,-215.408,70.866,-14.271,Pitch
-0.136,-0.850,1.349,286.099,-24.859,-38.369,Pitch
0.274,-0.343,1.900,286.685,-82.259,-60.734,Pitch
0.509,0.249,0.699,286.685,-9.651,-41.781,Pitch
0.087,0.326,0.079,286.685,104.221,31.990,Pitch
-0.196,0.354,-0.265,286.685,94.789,23.573,Pitch
-0.095,0.428,-0.592,207.673,-9.179,47.757,Pitch
-0.142,0.381,-0.474,42.088,-99.811,39.970,Pitch
-0.082,0.666,-0.038,-54.897,-150.771,41.606,Pitch
0.123,1.169,0.911,-214.891,-151.086,37.109,Pitch
0.391,1.087,1.505,-286.685,-100.188,3.894,Pitch
0.670,-0.072,1.980,-286.685,27.808,-26.329,Pitch
0.774,-0.539,1.999,-286.685,73.596,44.118,Pitch
0.365,-0.707,1.400,-284.419,108.552,126.105,Pitch
-0.356,-0.685,0.536,-38.036,127.960,77.262,Pitch
-0.368,-0.584,0.839,30.747,75.390,21.612,Pitch
-0.314,-0.484,0.720,158.042,-87.062,-82.241,Pitch
0.136,0.261,0.353,286.685,-94.780,-123.830,Pitch
0.262,0.475,0.559,286.685,126.630,-76.151,Pitch
0.232,0.524,0.289,286.685,246.190,-26.451,Pitch
0.068,0.318,-0.154,286.685,286.685,1.321,Pitch
-0.023,0.409,-0.013,286.685,163.546,58.004,Pitch
-0.169,0.501,-0.261,209.160,-27.414,121.870,Pitch
-0.289,0.958,-0.182,24.097,-140.490,130.795,Pitch
0.074,1.131,0.407,-286.641,-193.637,40.609,Pitch
-0.016,0.533,1.982,-286.685,-92.426,-5.302,Pitch
-0.111,0.316,1.999,-286.685,49.149,-77.044,Pitch
-0.062,0.213,1.924,-286.685,75.049,-66.622,Pitch
0.172,-0.379,1.183,-286.685,71.435,-3.964,Pitch
-0.203,-0.488,0.457,-86.450,0.796,18.183,Pitch
-0.103,-0.134,1.145,225.671,-51.590,19.810,Pitch
-0.022,0.075,1.156,221.559,-34.309,24.413,Pitch
0.046,0.140,0.830,277.480,52.806,32.235,Pitch
0.071,0.127,0.628,286.685,113.050,67.375,Pitch
0.116,0.188,0.396,286.685,172.970,103.740,Pitch
-0.425,0.158,0.300,286.685,175.735,125.046,Pitch
-0.414,0.410,-0.103,286.685,86.817,125.387,Pitch
-0.055,0.509,-0.346,286.291,-114.879,117.854,Pitch
0.114,0.662,0.065,-66.150,-262.220,75.460,Pitch
0.047,0.709,0.724,-286.685,-263.716,53.200,Pitch
-0.102,0.841,1.186,-286.685,-184.896,38.771,Pitch
0.664,0.053,1.968,-286.685,-57.899,-16.188,Pitch
1.088,-0.633,1.999,-286.685,-103.775,151.550,Pitch
-0.302,-0.228,1.999,-199.211,34.396,128.520,Pitch
-0.563,-0.620,0.956,-12.023,206.273,21.534,Pitch
-0.058,-0.328,0.889,-0.114,101.019,-25.016,Pitch
-0.394,0.093,0.780,226.117,61.539,-55.125,Pitch
0.457,0.244,0.937,286.685,132.344,-82.574,Pitch
0.526,0.286,0.459,286.685,227.229,-30.538,Pitch
0.172,0.177,-0.318,286.685,222.486,70.254,Pitch
-0.022,0.272,-0.007,286.685,109.795,165.471,Pitch
-0.152,0.359,0.031,286.685,-46.025,212.835,Pitch
-0.373,0.426,0.124,286.685,-93.573,204.488,Pitch
-0.404,1.441,1.017,103.276,-146.598,107.126,Pitch
-0.271,1.830,0.839,18.699,-111.239,-17.185,Pitch
0.393,1.271,0.312,-91.840,-0.691,-82.757,Pitch
0.072,0.878,0.434,-182.350,-12.416,-47.609,Pitch
-0.060,0.753,0.862,-286.668,-97.449,-12.443,Pitch
0.218,0.810,0.744,-286.685,-164.273,56.166,Pitch
0.025,0.618,1.132,-286.685,-118.353,63.411,Pitch
0.097,0.259,1.220,-286.685,-109.743,37.791,Pitch
-0.002,-0.774,0.965,-286.685,-65.537,58.161,Pitch
-0.173,0.210,1.533,72.109,9.826,5.241,Pitch
-0.152,-0.067,1.187,286.685,41.676,-133.997,Pitch
-0.261,0.410,1.330,286.685,65.573,-227.185,Pitch
0.364,0.456,1.254,286.685,283.203,-277.384,Pitch
0.669,-0.038,0.121,286.685,286.685,-123.725,Pitch
0.389,-0.817,-0.897,286.685,145.163,198.021,Pitch
-0.339,-1.073,-0.730,161.350,-62.169,213.185,Pitch
-0.445,0.416,0.238,-286.685,-154.840,107.144,Pitch
-0.224,1.664,0.519,-286.685,-213.246,-63.639,Pitch
0.893,0.951,1.999,-286.685,-286.685,-73.806,Pitch
1.026,-0.460,1.999,-286.685,-286.685,143.159,Pitch
0.643,-0.084,1.866,-286.685,-185.859,284.401,Pitch
-0.806,-1.033,0.567,111.160,147.438,41.947,Pitch
0.679,-0.569,1.123,265.204,102.812,54.373,Pitch
-0.458,-0.231,1.362,286.685,166.758,77.647,Pitch
0.170,0.188,1.069,286.685,247.231,-98.236,Pitch
0.342,-0.292,0.480,286.685,286.685,-9.502,Pitch
0.156,-0.491,-0.845,286.685,286.562,54.521,Pitch
0.150,0.102,-0.163,-111.606,-133.376,157.902,Pitch
-0.521,0.878,0.992,-286.685,-286.685,129.255,Pitch
0.146,1.211,1.999,-286.685,-268.616,-97.396,Pitch
0.619,0.980,1.999,-286.685,-260.015,-24.972,Pitch
1.250,-0.464,1.841,-286.685,-218.820,155.592,Pitch
0.399,-0.406,1.830,-286.685,-32.891,280.481,Pitch
-0.446,-0.705,0.051,-102.147,131.390,116.996,Pitch
-0.687,-0.829,0.360,108.509,139.965,3.395,Pitch
-0.644,-0.705,0.303,218.234,162.155,-148.496,Pitch
0.060,0.742,0.361,286.685,138.390,-226.179,Pitch
0.248,1.257,1.925,286.685,229.889,-286.685,Pitch
0.375,-0.025,1.658,286.685,286.685,-245.691,Pitch
0.391,-0.926,-0.103,286.685,286.685,-55.493,Pitch
-0.046,-0.480,-0.628,286.685,286.685,72.074,Pitch
-0.126,0.026,-0.130,4.830,-182.621,258.309,Pitch
-0.427,1.510,1.212,-286.685,-286.685,284.078,Pitch
-0.380,1.615,0.932,-286.685,-286.685,172.848,Pitch
0.656,-1.033,1.982,-286.685,-277.795,210.306,Pitch
0.769,0.500,1.999,-286.685,-115.675,278.723,Pitch
0.004,-0.640,0.531,78.321,74.603,-84.543,Pitch
0.428,-0.596,0.934,286.685,44.634,-99.330,Pitch
0.517,0.112,1.543,286.685,193.935,-65.030,Pitch
0.308,0.159,1.360,286.685,286.562,-50.138,Pitch
0.158,0.076,0.508,-258.422,-245.158,-10.701,Pitch
0.175,-0.115,1.134,1.496,118.720,-26.145,Pitch
0.068,0.437,1.840,69.160,159.845,-53.804,Pitch
-0.101,0.239,1.999,-216.571,-74.305,116.996,Pitch
-0.212,-0.071,1.463,-266.096,-286.685,186.944,Pitch
0.490,-0.763,0.421,3.797,32.393,2.152,Pitch
0.018,-0.363,0.718,3.920,93.747,-69.353,Pitch
-0.172,-0.537,1.195,-45.412,109.025,-70.473,Pitch
-0.237,0.148,1.375,-218.488,51.835,-23.013,Pitch
0.307,-1.605,1.022,-211.137,-89.285,-67.235,Pitch
0.339,-0.313,1.385,-282.511,-25.970,-0.472,Pitch
0.151,-0.401,0.827,-286.685,-74.209,19.591,Pitch
-0.323,0.057,0.763,-286.685,-110.180,61.031,Pitch
-0.136,-0.393,-0.321,-286.685,-82.294,138.994,Pitch
0.356,-0.552,-0.424,-286.685,-142.371,247.774,Pitch
0.431,-0.490,-1.341,-286.685,168.893,197.680,Pitch
0.151,-1.810,-1.861,107.835,137.979,-11.366,Pitch
-0.039,-0.980,-1.250,286.685,105.989,-9.126,Pitch
0.348,-1.014,-0.278,286.685,101.106,-1.278,Pitch
0.496,-1.088,0.319,286.685,0.184,108.841,Pitch
-0.237,-0.011,0.909,286.685,-35.928,112.814,Pitch
-0.563,0.574,1.108,245.831,-98.595,58.310,Pitch
-0.332,0.691,1.315,-158.428,-217.464,-21.569,Pitch
0.046,0.081,0.711,-286.685,-124.408,-128.695,Pitch
1.159,-1.128,-0.326,-286.685,185.001,-84.219,Pitch
-0.367,-0.205,-1.196,-286.685,-70.560,82.338,Pitch
0.015,-0.763,-1.998,-284.935,-72.161,285.897,Pitch
-0.323,-0.581,-1.998,286.685,250.810,-136.596,Pitch
1.237,0.065,0.500,286.685,-152.854,-131.171,Pitch
0.566,0.907,1.353,286.685,-208.066,-13.458,Pitch
0.289,0.914,1.739,286.685,-195.598,85.522,Pitch
0.771,0.678,1.977,286.685,-128.467,120.111,Pitch
0.592,1.004,1.999,-56.149,158.594,168.980,Pitch
0.756,1.144,1.271,-286.685,286.685,32.296,Pitch
1.363,0.163,-0.688,-286.685,286.685,17.316,Pitch
-0.452,-0.953,-1.998,-286.685,286.685,144.244,Pitch
-0.352,-0.570,-1.998,232.260,-201.031,-36.295,Pitch
0.602,-0.017,-0.104,286.685,-286.685,-12.591,Pitch
0.823,0.264,1.240,286.685,-286.685,8.864,Pitch
0.815,0.196,1.999,282.013,-273.936,38.185,Pitch
0.734,0.253,1.999,-32.007,-21.595,58.791,Pitch
0.959,0.452,1.999,-286.685,286.685,45.062,Pitch
1.465,1.117,0.394,-286.685,286.685,65.354,Pitch
1.526,1.340,-1.697,-286.685,286.685,107.485,Pitch
-0.569,-0.523,-1.998,-197.514,278.189,1.969,Pitch
0.836,-0.543,-1.998,286.685,-286.685,18.436,Pitch
0.962,0.863,-0.451,286.685,-286.685,48.458,Pitch
0.991,1.221,1.226,286.685,-286.685,14.131,Pitch
0.652,0.844,1.999,286.685,-286.685,-46.104,Pitch
1.091,-0.102,1.999,38.071,7.665,-46.445,Pitch
0.343,0.047,1.848,-244.134,276.307,21.560,Pitch
0.534,0.135,1.999,-286.685,286.685,-58.004,Pitch
1.339,0.011,-1.161,-286.685,286.685,7.779,Pitch
-1.149,-1.984,-1.998,-63.954,244.676,-75.162,Pitch
0.549,-1.108,-1.356,286.685,-286.685,59.972,Pitch
0.234,-0.186,0.374,286.685,-286.685,76.143,Pitch
0.497,-0.127,0.639,286.685,-286.685,71.531,Pitch
0.564,0.221,1.526,286.685,-286.685,85.382,Pitch
0.318,0.187,1.795,177.240,-220.535,82.810,Pitch
0.290,-0.479,1.918,67.436,-35.175,-32.471,Pitch
-0.056,-0.388,1.386,3.806,56.779,-114.511,Pitch
0.267,-0.947,1.545,-17.028,112.709,-88.156,Pitch
0.030,-0.201,-0.216,-70.744,89.162,-4.148,Pitch
0.301,-0.628,0.137,50.627,-52.929,-173.408,Pitch
0.270,-0.314,0.561,131.346,50.365,-64.741,Pitch
0.127,0.590,0.676,286.685,161.962,11.034,Pitch
-0.328,0.952,1.028,-191.844,-147.271,105.543,Pitch
-0.207,0.080,0.329,-286.685,-233.923,8.820,Pitch
0.093,0.022,0.724,-286.685,-156.511,37.275,Pitch
0.498,0.078,1.748,-286.685,15.120,42.936,Pitch
0.673,0.379,1.778,-286.685,88.016,42.481,Pitch
-0.004,-0.387,0.665,-258.055,85.041,46.699,Pitch
-0.352,-1.112,0.486,204.470,105.945,-35.928,Pitch
0.323,0.147,1.471,286.685,101.290,-55.431,Pitch
0.233,-0.110,0.889,286.685,139.667,-42.700,Pitch
-0.101,-0.082,0.442,286.685,133.315,-32.445,Pitch
-0.064,0.274,0.270,286.685,116.130,-34.764,Pitch
0.015,0.595,0.832,285.688,69.003,-29.365,Pitch
-0.155,0.611,0.707,-116.296,4.734,56.472,Pitch
-0.317,0.428,0.506,-286.134,-81.436,68.906,Pitch
-0.080,0.087,0.707,-286.685,-166.180,23.389,Pitch
0.230,0.547,1.566,-286.685,-218.680,58.240,Pitch
0.042,0.401,1.603,-286.685,-207.848,133.542,Pitch
0.100,0.049,1.270,-286.685,-130.795,91.700,Pitch
0.116,-0.436,0.993,-114.082,-7.157,20.221,Pitch
0.249,-0.385,1.321,132.274,92.348,-18.751,Pitch
0.249,-0.134,1.441,165.716,121.564,-20.816,Pitch
-0.004,-0.054,1.164,198.152,90.353,-20.458,Pitch
0.024,-0.175,0.721,286.598,150.447,-62.921,Pitch
0.045,0.196,0.613,286.685,199.798,-73.001,Pitch
-0.346,-0.048,0.279,286.685,194.504,-17.666,Pitch
-0.362,0.190,0.097,260.172,112.639,1.304,Pitch
-0.164,0.180,0.027,75.766,-57.881,0.858,Pitch
-0.101,0.502,0.854,-143.946,-140.018,15.382,Pitch
-0.082,0.217,1.065,-286.685,-166.268,16.747,Pitch
-0.060,0.234,1.434,-286.685,-195.291,23.809,Pitch
0.036,-0.020,1.770,-286.685,-200.874,24.491,Pitch
0.342,-0.638,1.299,-286.685,-181.431,60.681,Pitch
0.007,-0.845,0.856,-124.609,-30.870,76.991,Pitch
0.047,-0.731,1.126,155.181,36.461,43.365,Pitch
0.057,-0.524,1.270,276.797,78.041,-1.768,Pitch
-0.004,-0.356,0.901,286.685,147.928,-24.920,Pitch
-0.018,0.069,0.595,286.685,218.803,-58.826,Pitch
-0.038,0.161,0.297,286.685,232.277,-77.324,Pitch
-0.125,0.113,-0.002,286.685,187.863,-47.679,Pitch
-0.112,0.290,0.323,194.539,29.487,-10.990,Pitch
-0.166,0.562,0.491,-184.966,-126.376,16.966,Pitch
-0.170,0.589,0.739,-256.646,-146.204,43.925,Pitch
-0.091,0.607,1.904,-286.685,-171.325,73.150,Pitch
-0.072,0.132,1.999,-286.685,-233.905,66.938,Pitch
0.176,0.388,1.999,-286.685,-186.926,88.043,Pitch
-0.022,-0.118,1.051,-196.630,-9.818,55.326,Pitch
-0.090,-1.104,0.318,89.530,58.809,29.015,Pitch
-0.098,-0.352,1.119,275.310,62.134,6.125,Pitch
-0.090,-0.028,0.756,286.685,111.107,-32.970,Pitch
-0.073,-0.090,0.385,286.685,195.921,-63.490,Pitch
-0.066,0.154,0.208,286.685,211.514,-55.974,Pitch
-0.098,0.335,0.340,286.685,183.960,-41.458,Pitch
-0.078,0.468,0.480,204.610,14.368,24.299,Pitch
-0.125,0.432,0.238,-202.746,-161.936,76.912,Pitch
-0.191,0.378,0.635,-208.364,-190.365,80.395,Pitch
0.048,0.601,1.886,-286.676,-179.436,75.241,Pitch
0.158,0.516,1.999,-286.685,-188.781,89.408,Pitch
0.308,0.741,1.999,-286.685,-140.971,122.675,Pitch
0.128,0.112,1.238,-286.685,-45.010,101.920,Pitch
-0.257,-0.957,-0.014,-109.760,58.030,35.569,Pitch
-0.011,-0.444,1.092,165.130,76.580,26.915,Pitch
-0.088,-0.370,1.304,138.495,82.530,8.111,Pitch
-0.101,-0.371,0.928,123.812,60.244,-9.459,Pitch
-0.153,-0.197,0.613,257.434,50.409,-24.483,Pitch
-0.039,0.154,0.606,286.685,168.219,-56.787,Pitch
-0.109,0.373,0.437,286.685,223.011,-50.514,Pitch
-0.095,0.281,0.205,286.685,187.792,-32.646,Pitch
-0.125,0.099,0.164,286.685,91.481,-5.084,Pitch
0.028,0.441,0.829,-44.432,-107.607,53.935,Pitch
-0.067,0.540,1.040,-286.685,-266.228,127.435,Pitch
-0.263,0.163,1.573,-286.685,-286.685,144.462,Pitch
0.231,0.212,1.999,-286.685,-223.851,114.564,Pitch
0.153,-0.209,1.622,-286.685,-69.037,102.217,Pitch
-0.130,-0.832,1.139,-91.473,74.489,44.616,Pitch
-0.070,-0.845,1.133,35.656,64.925,37.818,Pitch
-0.258,-0.529,0.901,118.808,45.666,18.086,Pitch
-0.057,-0.329,0.736,282.459,70.604,-35.411,Pitch
-0.172,-0.045,0.554,286.685,116.515,-74.603,Pitch
-0.160,0.199,0.394,286.685,144.305,-101.220,Pitch
-0.104,0.295,0.292,286.685,149.704,-84.543,Pitch
-0.129,0.325,0.489,286.685,119.814,-50.890,Pitch
-0.041,0.522,0.723,239.452,-14.892,-24.272,Pitch
-0.124,0.601,0.741,-153.755,-154.726,46.795,Pitch
-0.158,0.663,0.903,-283.824,-155.706,70.455,Pitch
-0.093,0.877,1.647,-286.685,-138.871,67.130,Pitch
-0.078,0.576,1.829,-286.685,-163.065,73.316,Pitch
0.072,0.481,1.784,-286.685,-140.954,98.245,Pitch
-0.040,-0.032,1.447,-286.685,-100.721,88.393,Pitch
-0.193,-0.733,0.569,-270.611,-29.619,35.866,Pitch
0.006,-0.930,0.331,20.956,-14.586,5.880,Pitch
-0.018,-0.564,1.015,275.625,5.049,13.064,Pitch
-0.103,-0.274,0.863,286.685,40.653,-8.225,Pitch
-0.080,0.054,0.565,286.685,150.902,-94.649,Pitch
-0.081,0.171,0.456,286.685,187.477,-130.051,Pitch
0.004,0.388,0.826,286.685,138.898,-103.110,Pitch
0.021,0.560,1.081,253.872,98.849,-57.715,Pitch
-0.211,0.486,0.802,-70.061,-18.130,7.770,Pitch
-0.296,0.496,0.752,-126.149,-89.565,32.664,Pitch
-0.021,0.599,1.301,-229.994,-127.199,48.501,Pitch
0.057,0.462,1.414,-286.685,-156.485,86.529,Pitch
-0.132,0.165,1.193,-286.685,-175.753,103.871,Pitch
-0.312,-0.081,0.095,-286.685,-116.095,32.751,Pitch
-0.075,-0.115,0.052,-153.598,-24.089,19.110,Pitch
0.020,-0.313,0.511,-9.870,21.831,5.434,Pitch
-0.084,-0.384,0.810,55.650,51.319,8.540,Pitch
0.054,-0.184,0.795,242.515,57.234,-5.600,Pitch
-0.091,0.140,1.244,286.685,92.243,-46.795,Pitch
0.016,0.741,1.732,286.685,155.601,-72.327,Pitch
-0.062,0.908,1.462,286.685,147.096,-66.176,Pitch
-0.109,0.765,0.900,286.685,113.540,-77.192,Pitch
-0.140,0.541,0.420,251.519,65.940,-60.524,Pitch
-0.031,0.508,0.389,128.992,7.446,-37.013,Pitch
-0.039,0.424,0.558,0.569,-24.159,-5.162,Pitch
-0.153,0.443,0.834,-284.742,-91.149,39.786,Pitch
-0.182,0.625,1.266,-286.685,-130.629,61.154,Pitch
-0.344,0.412,1.171,-286.685,-214.462,89.198,Pitch
-0.247,-0.118,0.826,-286.685,-244.370,67.174,Pitch
-0.209,-0.431,0.894,-274.138,-122.754,36.522,Pitch
0.015,-0.550,1.236,16.161,-3.351,2.336,Pitch
0.097,-0.400,1.163,215.416,64.838,-2.415,Pitch
-0.066,-0.045,1.082,286.685,119.131,-33.688,Pitch
-0.127,0.184,0.927,286.685,137.331,-50.514,Pitch
-0.112,0.489,0.772,286.685,129.098,-65.082,Pitch
-0.054,0.543,0.543,286.685,94.404,-51.940,Pitch
-0.100,0.534,0.464,285.434,49.577,-3.019,Pitch
-0.098,0.570,0.468,126.989,6.020,7.849,Pitch
-0.188,0.832,0.596,76.632,6.851,10.211,Pitch
-0.204,1.044,0.938,14.438,-4.226,9.712,Pitch
-0.225,0.915,0.677,-87.780,-4.559,16.695,Pitch
-0.275,0.822,0.632,-45.701,-4.401,20.956,Pitch
-0.254,0.821,0.689,-36.873,-8.960,26.766,Pitch
-0.248,0.745,0.689,-42.639,-10.999,29.216,Pitch
-0.215,0.692,0.604,-32.743,-16.704,23.739,Pitch
-0.189,0.705,0.603,-0.403,-16.826,15.566,Pitch
-0.135,0.707,0.640,-9.083,-18.130,12.233,Pitch
-0.137,0.701,0.597,-41.501,-15.627,10.675,Pitch
-0.126,0.694,0.635,-19.198,-14.464,7.245,Pitch
-0.128,0.698,0.654,-9.940,-11.427,5.793,Pitch
-0.134,0.680,0.637,-17.710,-7.831,2.564,Pitch
-0.126,0.683,0.779,-73.106,-10.631,5.057,Pitch
-0.090,0.716,1.126,-231.429,-30.931,23.004,Pitch
-0.017,0.783,1.213,-286.685,-95.664,60.874,Pitch
-0.115,0.505,0.872,-286.685,-146.107,77.158,Pitch
-0.048,0.010,0.325,-286.685,-194.303,83.878,Pitch
-0.060,-0.285,0.784,-285.206,-107.809,38.141,Pitch
0.087,-0.335,0.811,-59.553,32.926,-8.575,Pitch
0.121,-0.317,0.850,115.885,101.754,-11.007,Pitch
-0.109,-0.270,1.100,286.685,195.720,-29.820,Pitch
-0.142,0.383,0.922,286.685,172.357,-58.704,Pitch
-0.138,0.814,0.820,286.685,113.820,-74.217,Pitch
-0.061,0.571,0.562,286.685,78.794,-51.940,Pitch
-0.082,0.492,0.623,285.408,5.136,-25.987,Pitch
-0.013,0.658,0.509,56.096,-68.346,-0.928,Pitch
-0.128,0.850,0.917,-118.247,-59.097,32.576,Pitch
-0.023,0.997,1.347,-283.246,-70.543,56.306,Pitch
0.024,0.973,1.728,-286.685,-98.726,122.229,Pitch
-0.049,0.656,1.584,-286.685,-122.588,163.783,Pitch
-0.234,0.064,0.578,-286.685,-41.589,113.199,Pitch
-0.315,-0.380,0.574,-110.372,43.076,35.123,Pitch
-0.132,-0.504,0.574,59.028,40.766,15.278,Pitch
-0.099,-0.135,0.774,267.321,65.975,-44.021,Pitch
-0.097,0.172,0.672,286.685,70.604,-75.372,Pitch
-0.089,0.303,0.557,286.685,49.359,-69.011,Pitch
0.040,0.656,0.610,286.685,30.739,-70.814,Pitch
-0.011,0.747,0.689,286.685,-2.634,-21.744,Pitch
-0.028,0.749,0.558,282.608,-14.901,18.358,Pitch
-0.234,1.035,0.599,225.234,12.311,-17.281,Pitch
-0.093,1.177,0.807,106.531,-12.355,-23.336,Pitch
0.074,1.086,1.119,-200.253,-44.327,16.861,Pitch
0.141,0.860,1.102,-286.685,-21.674,84.149,Pitch
0.126,0.836,1.451,-286.685,-37.380,142.678,Pitch
-0.061,0.566,1.196,-286.685,-62.169,160.650,Pitch
-0.211,0.007,0.233,-286.685,-89.810,125.335,Pitch
-0.344,-0.129,0.222,-117.539,-37.494,63.639,Pitch
-0.197,0.054,0.879,146.773,5.784,-29.138,Pitch
-0.101,0.083,0.832,224.753,15.741,-61.906,Pitch
0.032,0.374,0.966,286.685,45.500,-87.815,Pitch
-0.008,0.784,1.185,286.685,130.690,-112.936,Pitch
-0.066,1.100,1.209,286.685,111.169,-107.739,Pitch
0.029,0.955,0.973,286.685,59.850,-80.780,Pitch
-0.016,0.367,0.342,223.755,-13.676,-11.410,Pitch
-0.101,0.390,0.308,54.854,-46.069,57.382,Pitch
0.145,0.701,0.757,-162.628,-76.912,71.496,Pitch
0.220,0.848,1.107,-286.422,-70.919,111.554,Pitch
0.175,0.956,1.400,-286.685,-39.690,127.461,Pitch
-0.056,0.789,1.322,-286.685,-21.551,121.844,Pitch
-0.142,0.199,0.904,-286.685,-31.999,83.615,Pitch
-0.276,-0.160,0.616,-251.598,17.526,44.494,Pitch
-0.110,-0.353,1.024,30.704,20.125,-15.382,Pitch
-0.129,0.105,0.764,244.711,0.236,-41.746,Pitch
0.050,0.262,1.015,286.685,75.302,-113.260,Pitch
0.021,0.427,0.930,286.685,133.079,-98.245,Pitch
-0.076,0.821,0.900,286.685,122.019,-62.055,Pitch
-0.017,0.814,0.728,286.685,45.736,-20.615,Pitch
0.030,0.471,0.341,208.084,-27.983,16.179,Pitch
-0.025,0.472,0.230,43.435,-35.166,28.175,Pitch
-0.157,0.622,0.273,-87.929,-43.855,32.393,Pitch
0.094,0.849,0.812,-270.559,-34.729,21.875,Pitch
0.020,0.782,1.027,-286.685,-12.574,50.522,Pitch
-0.068,0.673,1.146,-286.685,-31.255,68.723,Pitch
-0.192,0.351,1.354,-286.685,-65.713,76.283,Pitch
-0.092,0.167,1.126,-286.685,-30.231,28.507,Pitch
-0.109,-0.292,1.214,-86.861,14.604,13.081,Pitch
-0.101,-0.106,1.246,34.300,24.561,5.530,Pitch
-0.111,0.075,1.085,239.592,39.716,-15.785,Pitch
-0.080,0.355,0.658,286.685,63.560,-34.125,Pitch
-0.127,0.712,0.535,286.685,76.904,-49.053,Pitch
-0.080,0.859,0.531,286.685,59.806,-52.325,Pitch
0.043,0.629,0.513,286.685,15.426,-15.111,Pitch
-0.014,0.330,0.090,216.160,-42.814,19.066,Pitch
-0.026,0.680,0.386,-26.801,-49.464,12.556,Pitch
0.133,0.825,0.586,-171.430,-44.791,16.013,Pitch
0.093,0.867,0.983,-286.685,-18.751,49.612,Pitch
-0.003,0.952,1.329,-286.685,-18.042,71.330,Pitch
-0.178,0.606,1.196,-286.685,-56.805,68.556,Pitch
-0.174,0.373,1.395,-286.685,-30.721,20.335,Pitch
-0.228,-0.329,0.869,-269.054,-21.481,8.111,Pitch
-0.131,-0.322,0.869,4.401,-23.669,20.011,Pitch
-0.166,-0.071,0.913,283.124,7.035,4.812,Pitch
-0.099,0.437,0.736,286.685,51.966,-28.577,Pitch
-0.176,0.725,0.702,286.685,88.497,-71.059,Pitch
-0.056,0.856,0.446,286.685,17.167,-61.022,Pitch
-0.023,0.882,0.567,286.685,-1.803,-27.431,Pitch
0.053,0.581,0.424,286.134,-46.559,-5.722,Pitch
-0.011,0.756,0.385,110.495,-40.364,14.569,Pitch
-0.002,0.923,0.567,-51.170,-30.608,-0.892,Pitch
0.109,1.011,0.800,-280.070,-2.844,2.572,Pitch
0.134,1.003,0.949,-286.685,12.031,27.772,Pitch
-0.062,0.802,0.999,-286.685,18.830,81.165,Pitch
-0.236,0.765,1.263,-286.685,-1.986,63.691,Pitch
-0.225,0.251,0.955,-286.685,-47.276,36.164,Pitch
-0.131,-0.049,0.642,-271.705,-69.160,39.331,Pitch
-0.083,-0.073,0.782,-33.862,-45.745,45.246,Pitch
-0.059,0.153,1.193,161.245,11.568,19.163,Pitch
-0.061,0.404,1.060,285.259,43.356,-14.464,Pitch
-0.060,0.500,0.780,286.685,60.279,-37.537,Pitch
-0.095,0.784,0.555,286.685,46.611,-47.084,Pitch
-0.040,0.899,0.323,286.685,11.156,-36.330,Pitch
-0.110,0.781,0.636,286.685,-37.424,-7.184,Pitch
-0.176,0.398,0.459,282.791,-72.861,-4.016,Pitch
0.080,0.636,0.126,-99.041,-46.042,-32.428,Pitch
-0.051,0.943,0.754,-123.524,-16.581,-2.056,Pitch
0.123,1.143,0.757,-286.685,2.432,-12.994,Pitch
0.084,1.125,0.656,-286.685,69.274,-1.146,Pitch
-0.117,0.954,0.479,-286.685,5.338,3.666,Pitch
-0.139,-0.071,0.774,-286.685,-55.921,16.800,Pitch
-0.281,-0.250,1.195,-235.637,-41.554,3.964,Pitch
-0.216,-0.337,1.205,-128.424,-33.276,-13.956,Pitch
-0.227,-0.237,1.196,40.224,-34.151,-9.677,Pitch
-0.194,-0.063,1.138,250.390,5.128,-29.085,Pitch
-0.144,0.276,0.878,286.685,65.949,-43.601,Pitch
-0.249,0.628,0.708,286.685,73.640,-39.944,Pitch
-0.241,0.726,0.692,286.685,63.612,-49.761,Pitch
0.018,0.696,0.575,286.685,13.501,-37.021,Pitch
-0.014,0.608,0.267,198.704,-21.980,1.111,Pitch
-0.078,0.636,0.316,36.706,-30.345,4.699,Pitch
-0.086,0.755,0.540,-66.089,-30.555,0.683,Pitch
-0.127,0.914,0.777,-189.857,-9.529,-7.718,Pitch
-0.058,0.766,0.809,-286.685,7.210,-11.401,Pitch
-0.130,0.562,1.158,-286.685,-36.557,9.161,Pitch
-0.193,0.437,1.428,-286.685,-74.506,17.894,Pitch
-0.316,-0.044,1.002,-286.685,-121.266,39.935,Pitch
-0.119,-0.201,1.109,-226.345,-89.985,33.924,Pitch
-0.158,-0.400,0.934,42.420,-74.961,43.540,Pitch
-0.076,-0.144,1.016,250.819,-26.154,29.663,Pitch
-0.146,0.555,0.997,286.685,102.839,-4.550,Pitch
-0.231,0.695,0.851,286.685,128.223,-37.721,Pitch
-0.089,0.772,0.336,286.685,67.681,-25.532,Pitch
0.022,0.580,0.216,286.685,-53.804,25.786,Pitch
0.023,0.548,0.024,286.685,-73.395,37.800,Pitch
0.074,0.781,0.571,84.438,-75.355,26.346,Pitch
0.091,0.869,0.635,-181.291,-32.069,16.433,Pitch
0.170,1.095,0.945,-283.789,2.188,21.665,Pitch
0.143,1.043,1.210,-286.685,31.229,36.960,Pitch
-0.252,0.829,1.397,-286.685,-4.883,44.319,Pitch
-0.183,0.201,0.785,-286.685,-83.912,59.229,Pitch
-0.245,0.034,1.159,-243.906,-9.161,24.036,Pitch
-0.215,-0.193,1.262,-10.999,3.203,3.307,Pitch
-0.139,-0.055,1.044,131.329,9.153,-10.579,Pitch
-0.056,0.193,0.867,285.486,40.591,-23.529,Pitch
-0.132,0.396,0.650,286.685,52.071,-33.766,Pitch
-0.220,0.828,0.481,286.685,67.944,-72.669,Pitch
0.012,1.067,0.691,286.685,75.906,-62.064,Pitch
0.031,0.893,0.289,286.685,6.562,30.721,Pitch
-0.556,0.529,1.002,118.011,-73.106,5.425,Pitch
0.070,0.375,-0.268,-63.464,-27.414,-33.749,Pitch
-0.063,0.686,0.452,-7.403,-42.744,27.282,Pitch
0.060,0.790,0.686,-266.376,-44.319,33.924,Pitch
0.109,0.877,0.595,-286.685,-14.507,30.441,Pitch
0.043,1.020,0.689,-286.685,-11.743,20.379,Pitch
-0.054,0.550,0.807,-286.685,-37.581,12.941,Pitch
-0.078,-0.005,1.414,-286.685,-57.627,26.792,Pitch
-0.053,-0.083,1.358,-246.356,-52.806,65.651,Pitch
-0.243,-0.119,1.322,-95.804,-28.779,52.719,Pitch
-0.178,-0.009,1.103,26.267,-21.035,4.961,Pitch
-0.110,0.121,1.108,153.081,-1.312,-39.121,Pitch
-0.098,0.190,1.080,246.496,51.564,-84.219,Pitch
-0.075,0.269,1.025,262.867,70.280,-99.855,Pitch
-0.172,0.399,0.783,246.663,73.299,-105.787,Pitch
-0.210,0.344,0.526,286.291,24.990,-103.801,Pitch
-0.173,0.404,0.550,286.685,12.040,-60.445,Pitch
-0.260,0.527,0.352,286.685,106.295,16.205,Pitch
-0.228,0.723,0.575,286.668,84.901,8.514,Pitch
-0.317,0.735,0.423,195.361,65.573,-32.375,Pitch
-0.201,0.614,0.311,63.438,26.119,-46.550,Pitch
-0.152,0.712,0.366,-34.912,5.162,-15.155,Pitch
-0.004,0.679,0.661,-248.631,-74.629,27.799,Pitch
-0.032,0.569,0.961,-286.685,-165.812,85.750,Pitch
-0.017,0.210,1.043,-286.685,-207.602,109.585,Pitch
0.055,0.006,0.852,-286.685,-212.931,171.762,Pitch
0.060,0.431,1.719,-17.500,-107.433,180.512,Pitch
0.088,0.437,1.129,170.818,-32.699,95.261,Pitch
0.152,0.611,1.001,286.685,47.408,22.138,Pitch
0.117,0.902,0.648,286.685,66.290,-23.853,Pitch
-0.022,1.002,0.562,286.685,64.592,-71.846,Pitch
0.014,0.933,0.376,286.685,68.390,-111.003,Pitch
0.108,0.549,0.557,286.624,33.565,-94.369,Pitch
0.050,0.411,0.340,109.086,-2.065,-33.364,Pitch
0.164,0.508,0.271,-131.434,-18.882,-14.123,Pitch
0.067,0.779,0.605,-286.335,-18.104,19.355,Pitch
0.119,1.089,0.935,-286.685,-7.884,43.479,Pitch
0.051,1.070,1.026,-286.685,-10.623,63.621,Pitch
-0.072,0.771,1.118,-286.685,2.660,55.002,Pitch
-0.362,0.201,1.294,-286.641,39.865,7.420,Pitch
-0.314,-0.275,1.077,-122.412,5.609,-26.442,Pitch
-0.258,-0.174,1.055,137.174,-10.377,-37.196,Pitch
-0.114,0.045,1.057,277.515,6.799,-50.934,Pitch
-0.072,0.288,0.801,286.685,35.009,-47.644,Pitch
-0.074,0.469,0.590,286.685,39.069,-33.329,Pitch
-0.039,0.596,0.453,286.685,6.633,-26.862,Pitch
-0.010,0.478,0.275,286.685,-23.905,-17.745,Pitch
0.017,0.492,0.267,154.586,-44.835,-9.415,Pitch
0.040,0.682,0.474,-0.560,-38.509,-4.699,Pitch
0.108,0.749,0.640,-237.773,-27.702,5.644,Pitch
0.133,0.800,1.010,-286.685,-10.264,21.761,Pitch
0.044,0.800,1.391,-286.685,-17.167,52.325,Pitch
-0.051,0.450,1.472,-286.685,-62.676,72.756,Pitch
-0.108,0.191,1.424,-278.022,-50.103,79.940,Pitch
-0.186,-0.077,1.329,-142.599,-17.666,64.724,Pitch
-0.262,-0.022,1.160,79.433,-25.734,31.220,Pitch
-0.169,0.203,1.035,284.725,-0.464,-13.283,Pitch
-0.136,0.480,0.958,286.685,54.819,-58.240,Pitch
-0.142,0.567,0.572,286.685,58.949,-77.560,Pitch
-0.002,0.776,0.486,286.685,36.173,-89.311,Pitch
-0.044,0.475,0.124,286.685,11.069,-49.682,Pitch
-0.176,-0.030,-0.113,194.705,-58.327,-7.927,Pitch
0.147,0.341,-0.080,-163.879,-97.431,-22.837,Pitch
0.103,0.613,0.742,-244.492,-31.290,8.181,Pitch
0.199,0.983,1.049,-286.685,-23.774,45.806,Pitch
0.089,0.896,1.196,-286.685,-58.083,72.424,Pitch
-0.026,0.414,1.320,-286.685,-98.560,92.514,Pitch
-0.211,0.027,1.489,-265.195,-7.026,77.096,Pitch
-0.237,-0.066,1.446,-8.199,38.938,16.721,Pitch
-0.232,-0.030,1.135,185.684,35.787,-25.209,Pitch
-0.142,0.195,0.969,286.396,53.629,-49.079,Pitch
-0.135,0.419,0.601,286.685,68.731,-46.751,Pitch
-0.088,0.563,0.405,286.685,42.394,-35.009,Pitch
-0.102,0.538,0.318,286.685,-5.075,-23.529,Pitch
0.002,0.568,0.339,286.440,-25.882,-13.641,Pitch
0.010,0.666,0.312,143.106,-26.093,-10.605,Pitch
-0.070,0.833,0.599,6.484,-9.153,-25.130,Pitch
0.048,0.894,0.792,-247.756,20.790,-32.191,Pitch
0.002,0.992,0.991,-286.685,39.952,-27.335,Pitch
-0.148,0.893,1.010,-286.685,19.924,2.922,Pitch
-0.266,0.533,0.898,-286.685,13.860,11.051,Pitch
-0.378,0.043,0.948,-286.685,-38.202,39.086,Pitch
-0.407,-0.078,1.302,-248.745,-45.080,27.904,Pitch
-0.357,-0.245,1.348,-78.461,-45.518,3.588,Pitch
-0.294,-0.163,1.261,130.384,-41.370,-1.076,Pitch
-0.111,-0.075,0.992,286.685,38.071,-5.653,Pitch
-0.137,0.193,0.778,286.685,67.970,1.575,Pitch
-0.137,0.549,0.614,286.685,42.735,11.340,Pitch
-0.066,0.624,0.572,286.685,21.079,15.671,Pitch
-0.103,0.457,0.238,286.685,-18.410,28.000,Pitch
-0.092,0.356,0.162,251.694,-35.604,35.210,Pitch
-0.011,0.310,0.175,89.854,-16.651,15.715,Pitch
0.102,0.781,0.714,-268.170,-64.505,-15.977,Pitch
0.111,0.908,1.003,-286.685,25.664,-18.183,Pitch
-0.103,0.714,1.282,-286.685,4.340,-3.185,Pitch
-0.139,0.322,1.165,-286.685,-48.720,18.891,Pitch
-0.444,-0.090,1.074,-286.615,-44.984,45.763,Pitch
-0.508,-0.153,1.451,-67.935,-55.615,8.969,Pitch
-0.284,-0.199,1.444,29.391,-54.486,-15.531,Pitch
-0.249,-0.194,1.255,183.068,-33.154,-18.778,Pitch
-0.092,0.164,0.915,286.685,45.202,-29.698,Pitch
-0.144,0.419,0.666,286.685,72.844,-24.938,Pitch
-0.021,0.586,0.574,286.685,54.705,-6.309,Pitch
-0.071,0.552,0.381,286.685,33.609,25.847,Pitch
-0.056,0.377,0.090,265.274,-29.645,35.534,Pitch
0.128,0.071,0.139,61.548,-53.104,38.421,Pitch
-0.019,0.652,0.227,-151.917,-61.478,23.870,Pitch
0.161,0.915,0.919,-286.685,-10.964,-18.541,Pitch
0.156,0.880,1.287,-286.685,0.455,-26.215,Pitch
-0.001,0.580,1.244,-286.685,-20.799,7.980,Pitch
-0.280,0.098,1.269,-286.685,-30.056,9.634,Pitch
-0.366,-0.221,1.176,-223.921,-66.089,31.544,Pitch
-0.197,-0.310,1.366,6.974,-59.316,-16.958,Pitch
-0.114,-0.220,1.282,100.240,-36.680,-33.092,Pitch
-0.044,-0.030,1.159,239.444,-8.680,-31.080,Pitch
-0.061,0.078,1.012,286.685,82.101,-39.086,Pitch
-0.130,0.344,0.627,286.685,113.199,-23.765,Pitch
-0.069,0.628,0.448,286.685,92.540,1.129,Pitch
-0.093,0.534,0.349,286.685,44.537,33.425,Pitch
-0.158,0.404,-0.003,286.685,-11.279,54.075,Pitch
0.068,0.276,-0.127,15.934,-67.497,43.374,Pitch
0.004,0.502,0.480,-152.372,-42.674,3.141,Pitch
0.191,0.837,0.787,-284.480,-38.316,-0.954,Pitch
0.216,0.804,1.275,-286.685,5.915,-5.889,Pitch
0.052,0.866,1.435,-286.685,-34.930,18.734,Pitch
-0.250,0.101,1.701,-286.685,-3.412,25.891,Pitch
-0.389,-0.125,1.535,-283.824,-11.917,43.409,Pitch
-0.282,-0.266,1.228,-68.294,-0.691,-10.938,Pitch
-0.197,-0.342,1.076,127.628,-6.939,-19.101,Pitch
-0.075,0.006,0.930,285.128,27.046,-26.346,Pitch
0.004,0.066,0.610,286.685,61.932,-32.121,Pitch
-0.094,0.347,0.284,286.685,51.853,-14.682,Pitch
-0.016,0.507,0.064,286.685,-21.954,19.101,Pitch
-0.020,0.361,0.239,286.685,-62.545,47.766,Pitch
-0.089,0.541,0.201,286.685,-51.940,63.630,Pitch
0.061,0.373,0.417,201.425,-30.284,53.594,Pitch
0.131,0.765,1.048,-76.834,-8.627,26.591,Pitch
0.392,1.189,1.363,-286.685,39.471,-10.185,Pitch
0.317,1.235,1.546,-286.685,79.371,-16.214,Pitch
0.039,1.172,1.825,-286.685,93.590,-14.254,Pitch
-0.499,0.321,1.347,-286.685,54.425,21.726,Pitch
-0.478,-0.205,1.092,-231.385,-34.816,59.141,Pitch
-0.389,-0.082,1.041,-15.943,-20.755,5.005,Pitch
-0.202,-0.124,1.035,275.152,-27.667,5.049,Pitch
-0.202,0.328,0.956,286.685,19.215,-7.726,Pitch
-0.034,0.463,0.581,286.685,38.885,-23.327,Pitch
-0.043,0.505,0.368,286.685,38.334,-14.569,Pitch
-0.026,0.289,0.173,286.685,-7.936,30.949,Pitch
0.022,0.197,0.181,258.274,-84.831,51.153,Pitch
0.054,0.266,0.249,-22.767,-62.256,39.699,Pitch
0.048,0.315,0.591,-163.188,-38.518,42.219,Pitch
0.113,0.575,1.063,-286.685,-19.320,49.499,Pitch
0.075,0.867,1.279,-286.685,30.301,31.631,Pitch
0.048,0.757,1.581,-286.685,90.326,-18.323,Pitch
-0.249,0.352,1.710,-286.685,79.599,-25.541,Pitch
-0.328,-0.045,1.383,-275.853,5.775,10.806,Pitch
-0.294,-0.145,1.508,-84.534,4.165,-27.851,Pitch
-0.315,-0.152,1.361,107.993,-29.190,-9.249,Pitch
-0.193,-0.031,1.124,276.902,-26.714,-10.552,Pitch
-0.066,0.076,1.075,286.685,58.861,-31.001,Pitch
-0.037,0.435,0.630,286.685,65.590,-16.888,Pitch
-0.023,0.386,0.347,286.685,-2.065,43.312,Pitch
0.035,0.272,0.133,286.685,-34.143,72.082,Pitch
-0.036,0.172,-0.058,273.341,-74.533,77.779,Pitch
-0.300,0.264,-0.134,207.270,-64.339,49.604,Pitch
0.037,0.585,0.745,14.350,-63.044,9.975,Pitch
0.322,0.856,0.934,-259.700,-48.116,-6.081,Pitch
0.265,0.954,1.030,-286.685,59.106,12.233,Pitch
0.057,0.876,1.473,-286.685,115.395,13.116,Pitch
-0.150,0.801,1.645,-286.685,105.385,3.885,Pitch
-0.316,0.412,1.314,-286.685,74.340,24.841,Pitch
-0.239,-0.031,1.545,-275.021,12.285,-17.019,Pitch
-0.419,-0.130,1.183,-78.942,0.114,-1.759,Pitch
-0.381,-0.234,1.227,158.664,-35.595,-8.733,Pitch
-0.183,0.045,1.126,285.635,-22.225,-9.135,Pitch
-0.016,0.189,0.879,286.685,42.971,-12.924,Pitch
-0.111,0.411,0.512,286.685,28.831,11.882,Pitch
-0.123,0.483,0.394,286.685,-16.975,29.321,Pitch
-0.074,0.406,0.232,286.685,-51.800,35.998,Pitch
-0.030,0.392,-0.021,286.685,-85.829,30.056,Pitch
-0.207,0.388,-0.156,286.685,-97.046,30.459,Pitch
0.087,0.515,0.531,171.605,-131.932,-9.870,Pitch
0.360,0.780,0.747,-113.418,-106.732,-17.903,Pitch
0.323,1.016,1.242,-286.685,-11.156,39.673,Pitch
0.284,1.068,1.576,-286.685,58.861,99.006,Pitch
0.100,1.436,1.847,-286.685,2.362,122.605,Pitch
-0.022,0.913,1.616,-286.685,-30.153,162.339,Pitch
-0.581,0.136,0.640,-265.641,6.274,61.924,Pitch
-0.194,-0.349,1.244,-19.093,93.809,-48.580,Pitch
-0.226,-0.147,1.027,143.264,46.112,-21.744,Pitch
-0.212,0.019,1.053,262.491,20.685,-39.751,Pitch
-0.028,-0.231,0.573,286.685,68.784,-52.097,Pitch
-0.029,0.291,0.186,286.685,102.515,-56.831,Pitch
0.063,0.365,-0.072,286.685,-12.889,-2.188,Pitch
-0.117,0.256,-0.056,286.685,-62.064,42.228,Pitch
-0.036,0.637,0.217,286.685,-115.421,62.344,Pitch
-0.071,0.631,0.551,284.786,-149.389,41.615,Pitch
0.233,0.879,0.744,59.237,-46.611,41.737,Pitch
0.285,1.216,1.185,-252.324,-15.636,79.135,Pitch
0.407,1.692,1.090,-286.685,60.121,116.025,Pitch
0.154,1.749,1.362,-286.685,78.041,98.989,Pitch
0.232,1.290,1.785,-286.685,56.831,38.990,Pitch
-0.032,0.548,1.358,-286.685,48.641,47.075,Pitch
-0.391,-0.363,0.498,-274.636,45.946,28.744,Pitch
-0.242,-0.254,0.646,54.215,51.669,-19.827,Pitch
-0.094,0.007,0.615,243.416,3.220,-38.946,Pitch
-0.083,0.256,0.469,286.685,8.654,-59.754,Pitch
-0.026,0.346,0.280,286.685,41.851,-91.893,Pitch
-0.148,0.522,0.379,286.685,96.171,-102.147,Pitch
-0.206,1.005,0.537,286.685,73.719,-85.654,Pitch
-0.108,1.019,0.428,286.685,-1.768,-57.995,Pitch
-0.296,0.715,0.283,286.659,-13.746,-28.009,Pitch
-0.074,0.527,0.602,139.807,-72.765,-34.160,Pitch
0.001,1.104,1.164,-255.649,-85.216,36.024,Pitch
-0.015,1.421,1.002,-286.685,-96.784,78.662,Pitch
-0.025,1.234,1.019,-286.685,-109.217,142.896,Pitch
-0.028,1.229,1.433,-286.685,-106.969,128.730,Pitch
-0.226,0.120,1.156,-286.685,-6.790,69.064,Pitch
-0.344,-0.589,0.786,-112.910,8.365,16.896,Pitch
-0.305,-0.441,0.829,151.541,-13.860,-10.413,Pitch
0.095,-0.005,0.971,286.685,47.609,-27.125,Pitch
-0.162,0.533,0.425,286.685,110.154,-27.624,Pitch
-0.169,0.592,0.260,286.685,128.249,-61.127,Pitch
-0.060,0.576,0.133,286.685,96.504,-49.158,Pitch
-0.030,0.558,0.342,286.685,11.226,-9.625,Pitch
-0.143,0.571,0.156,149.109,-15.916,22.575,Pitch
-0.179,0.721,0.365,43.365,-67.217,9.065,Pitch
-0.067,0.922,0.862,-122.395,-78.628,15.391,Pitch
-0.022,1.311,1.183,-286.685,-65.380,27.274,Pitch
-0.147,1.242,0.998,-286.685,-61.346,66.482,Pitch
-0.121,1.009,1.556,-286.685,-76.029,51.362,Pitch
-0.150,0.512,1.131,-286.685,-133.429,69.702,Pitch
-0.331,-0.396,0.448,-267.207,26.819,24.194,Pitch
-0.125,-0.419,0.656,22.365,6.528,0.245,Pitch
-0.139,-0.203,0.761,211.383,-36.059,-2.511,Pitch
-0.012,0.045,0.761,286.685,-22.916,-13.790,Pitch
0.012,0.527,0.650,286.685,80.535,-21.385,Pitch
-0.224,0.632,0.732,286.685,151.480,-25.944,Pitch
-0.227,1.297,0.652,286.685,137.568,-22.846,Pitch
-0.005,0.955,0.664,286.685,83.702,22.129,Pitch
-0.203,0.888,0.298,251.160,29.540,16.450,Pitch
-0.273,0.784,0.420,102.034,-7.910,-26.337,Pitch
-0.091,0.846,0.707,-146.685,-46.638,-54.075,Pitch
-0.101,1.139,0.891,-286.221,-49.079,-58.257,Pitch
-0.125,1.192,0.892,-286.685,-67.095,-12.302,Pitch
-0.281,0.964,0.768,-286.685,-79.240,48.230,Pitch
-0.379,0.222,0.989,-286.685,-102.016,43.068,Pitch
-0.279,-0.030,0.796,-286.685,-80.911,40.644,Pitch
-0.424,-0.115,1.076,-104.230,-39.261,4.060,Pitch
-0.132,-0.039,0.999,-18.436,-26.084,-52.544,Pitch
-0.051,-0.023,0.698,129.806,-15.706,-40.434,Pitch
0.069,0.020,0.461,272.668,0.831,-19.058,Pitch
-0.082,0.460,0.748,286.685,60.603,6.711,Pitch
-0.038,0.980,0.592,286.685,107.844,-0.717,Pitch
-0.284,1.011,0.954,286.685,132.834,35.166,Pitch
-0.204,0.773,0.579,286.685,83.598,28.656,Pitch
-0.283,0.401,0.262,210.158,10.745,14.735,Pitch
-0.178,0.687,0.562,-23.048,-58.354,-33.057,Pitch
0.057,1.046,0.928,-281.094,-80.150,-36.444,Pitch
-0.049,1.193,1.014,-286.685,-87.010,15.540,Pitch
-0.066,1.342,1.271,-286.685,-121.363,70.997,Pitch
-0.019,0.712,0.913,-286.685,-117.119,102.463,Pitch
-0.393,-0.133,0.693,-286.571,-8.820,57.138,Pitch
-0.537,-0.446,1.075,-99.802,75.066,-16.782,Pitch
-0.205,-0.467,0.980,-40.486,-2.118,-52.946,Pitch
-0.126,-0.381,0.903,105.805,-31.824,-33.539,Pitch
-0.849,-0.345,0.464,7.919,18.882,12.626,Roll
-0.858,-0.347,0.468,4.673,14.674,5.128,Roll
-0.845,-0.348,0.455,2.905,8.934,-4.550,Roll
-0.807,-0.340,0.462,1.715,7.403,-9.467,Roll
-0.796,-0.328,0.446,-1.496,7.035,-9.476,Roll
-0.779,-0.361,0.435,-0.087,3.404,-7.787,Roll
-0.821,-0.363,0.427,-6.309,5.688,-1.785,Roll
-0.856,-0.355,0.396,-5.679,5.215,0.639,Roll
-0.827,-0.367,0.415,2.065,0.735,0.735,Roll
-0.801,-0.356,0.439,4.392,-7.735,1.934,Roll
-0.808,-0.345,0.429,2.223,-6.843,4.008,Roll
-0.839,-0.348,0.447,4.489,-0.647,6.519,Roll
-0.876,-0.344,0.473,6.309,-3.885,5.932,Roll
-1.068,-0.370,0.691,-6.843,-53.821,1.383,Roll
-1.491,-0.450,1.053,-67.463,-234.614,-33.670,Roll
-1.431,-0.398,0.337,-165.699,-286.685,-172.069,Roll
-0.738,0.010,-0.271,-173.941,-286.685,-284.883,Roll
-0.132,0.126,-0.573,-149.599,-286.685,-286.685,Roll
0.402,-0.225,-0.446,-11.323,-286.685,-286.685,Roll
1.669,-0.912,0.012,-20.020,-282.389,-243.355,Roll
1.999,-0.981,0.442,-45.728,283.789,-40.014,Roll
1.984,0.145,-0.039,-99.207,286.685,286.685,Roll
0.138,0.818,-1.776,-132.081,286.685,286.685,Roll
-1.999,0.567,-0.253,265.737,286.685,286.685,Roll
-1.999,-1.094,0.840,-62.650,191.896,183.321,Roll
-1.999,0.039,-0.980,-54.162,-286.685,-97.974,Roll
-0.939,-0.095,-0.007,-47.539,-286.685,-286.685,Roll
-0.099,-0.186,-0.379,-74.918,-286.685,-286.685,Roll
1.996,-0.252,-0.334,216.003,-286.685,-273.989,Roll
1.396,-0.888,1.999,61.740,-264.915,-94.684,Roll
1.898,-0.458,0.298,-250.679,276.666,95.480,Roll
1.999,0.558,-0.474,-273.166,286.685,286.685,Roll
0.931,1.095,-1.972,-155.015,286.685,286.685,Roll
-1.917,1.202,-1.343,278.574,286.685,286.685,Roll
-1.999,-0.634,0.844,130.620,233.572,252.656,Roll
-1.999,0.009,-0.615,-69.939,-286.685,-160.834,Roll
-1.516,0.086,-0.310,-45.833,-286.685,-286.685,Roll
0.826,0.358,-1.115,31.299,-286.685,-286.685,Roll
1.898,0.412,1.327,256.638,-286.685,-280.735,Roll
1.889,-1.074,1.632,-138.819,-197.995,-166.967,Roll
1.999,-0.251,0.478,-237.790,285.040,121.634,Roll
1.999,0.342,0.047,-286.685,286.685,286.685,Roll
0.638,1.238,-1.998,-202.650,286.685,286.685,Roll
-1.999,0.765,-0.104,284.865,286.685,286.685,Roll
-1.999,-0.417,0.139,-77.481,-60.786,124.040,Roll
-1.999,-0.132,-0.811,-11.331,-286.685,-235.209,Roll
-0.860,-0.146,0.199,-13.291,-286.685,-286.685,Roll
1.049,0.073,-0.691,-15.076,-286.685,-286.685,Roll
1.799,-0.247,1.052,74.524,-286.685,-285.154,Roll
1.678,-1.017,1.393,-132.309,131.591,-98.306,Roll
1.999,-0.050,0.552,-245.639,286.685,272.694,Roll
1.876,0.890,-0.939,-286.685,286.685,286.685,Roll
-0.556,0.797,-1.685,-65.354,286.685,286.685,Roll
-1.627,-0.801,0.550,-39.839,286.379,261.240,Roll
-1.999,-0.302,-1.913,-71.881,-208.845,75.652,Roll
-1.825,-0.161,-0.626,51.196,-286.685,-118.790,Roll
-1.092,-0.204,0.642,56.709,-286.685,-282.354,Roll
0.714,0.092,-0.442,10.413,-286.685,-286.685,Roll
1.402,-0.192,0.759,61.250,-286.685,-250.827,Roll
1.920,-0.773,1.686,-122.666,-142.336,-215.014,Roll
1.770,-0.544,1.105,-217.149,286.685,196.175,Roll
1.984,0.475,0.024,-285.985,286.685,286.685,Roll
0.398,0.676,-1.998,-207.874,286.685,286.685,Roll
-1.966,0.515,-0.695,192.062,286.685,286.685,Roll
-1.999,-0.502,0.104,-44.625,-27.466,166.950,Roll
-1.999,-0.358,-0.967,-68.801,-286.606,-14.123,Roll
-1.610,-0.263,0.076,42.079,-286.685,-281.111,Roll
0.358,0.345,0.043,-0.858,-286.685,-286.685,Roll
1.498,-0.101,1.233,-79.625,-286.685,-286.685,Roll
1.999,-0.833,1.075,-208.408,43.129,-162.050,Roll
1.988,-0.523,0.519,-237.370,286.388,174.458,Roll
1.637,0.406,-0.896,-231.105,286.685,286.685,Roll
-0.386,0.724,-1.998,-17.246,286.685,286.685,Roll
-1.999,-0.241,0.062,165.944,286.685,286.457,Roll
-1.999,-0.456,-0.420,-23.809,28.289,175.254,Roll
-1.999,-0.156,-0.816,47.197,-286.685,-151.051,Roll
-0.822,-0.039,0.410,77.149,-286.685,-286.685,Roll
1.008,0.144,-0.124,13.703,-286.685,-286.685,Roll
1.678,-0.181,1.290,12.469,-286.685,-286.685,Roll
1.951,-0.809,1.721,-37.888,-112.630,-233.695,Roll
1.764,-0.410,1.046,-237.414,286.475,93.048,Roll
1.595,0.560,-0.247,-286.685,286.685,286.685,Roll
-0.171,0.733,-1.958,-213.299,286.685,286.685,Roll
-1.999,-0.548,-0.367,82.582,284.471,272.825,Roll
-1.980,-0.455,-0.476,13.239,-85.015,96.548,Roll
-1.991,-0.309,-0.396,70.525,-286.685,-123.016,Roll
-1.217,-0.212,0.251,51.634,-286.685,-286.685,Roll
1.632,0.341,-0.247,2.695,-286.685,-286.685,Roll
1.999,-0.282,1.443,-16.896,-191.923,-284.261,Roll
1.970,-0.975,1.411,-91.192,191.747,-228.375,Roll
1.999,-0.074,0.732,-279.108,286.685,265.755,Roll
1.305,1.131,-0.906,-286.685,286.685,286.685,Roll
-0.610,0.668,-1.871,-132.230,286.685,286.685,Roll
-1.999,-0.076,-0.675,37.818,136.054,249.541,Roll
-1.999,-0.441,-0.729,-0.166,-249.130,72.537,Roll
-1.532,-0.178,-0.010,38.964,-286.685,-215.819,Roll
-0.929,-0.217,0.596,38.115,-286.685,-286.685,Roll
1.214,0.429,-0.040,-21.744,-286.685,-286.685,Roll
1.677,-0.643,1.691,-15.374,-273.551,-278.626,Roll
1.945,-0.879,1.448,-92.435,1.916,-180.758,Roll
1.776,-0.309,0.882,-254.572,286.685,230.011,Roll
1.518,0.460,-0.608,-286.685,286.685,286.685,Roll
-0.304,0.693,-1.956,-144.804,286.685,286.685,Roll
-1.983,0.095,-1.094,114.677,286.431,278.066,Roll
-1.999,-0.712,0.238,30.739,-39.042,66.876,Roll
-1.802,-0.254,-1.021,2.739,-286.685,-214.410,Roll
-1.326,-0.195,-0.088,89.145,-286.685,-286.685,Roll
1.099,0.745,-0.511,69.501,-286.685,-286.685,Roll
1.997,0.363,0.913,15.733,-286.676,-286.685,Roll
1.999,-0.698,1.217,-26.836,-66.220,-211.234,Roll
1.988,-0.511,0.986,-147.989,286.685,251.405,Roll
1.671,0.752,-0.660,-283.631,286.685,286.685,Roll
0.380,0.885,-1.832,-181.773,286.685,286.685,Roll
-1.999,0.306,-0.823,-51.485,286.685,286.685,Roll
-1.999,-0.329,-0.967,-61.180,-46.235,118.037,Roll
-1.986,-0.104,-1.160,43.374,-286.685,-188.274,Roll
-1.067,-0.252,0.005,120.199,-286.685,-286.685,Roll
-0.189,-0.029,-0.473,131.758,-286.685,-286.685,Roll
1.636,0.323,-0.068,123.366,-286.685,-286.685,Roll
1.988,-0.413,1.803,109.183,-229.959,-271.906,Roll
1.843,-0.658,1.953,-126.070,274.724,-51.520,Roll
1.999,0.112,0.846,-286.685,286.685,285.180,Roll
0.819,0.951,-0.952,-286.685,286.685,286.685,Roll
-0.826,0.468,-1.998,-275.835,286.685,286.685,Roll
-1.999,-0.503,0.073,-0.149,92.890,219.774,Roll
-1.999,-0.047,-1.457,-80.605,-286.685,-118.624,Roll
-1.605,-0.186,-0.104,58.371,-286.685,-285.504,Roll
-0.708,-0.150,0.016,124.609,-286.685,-286.685,Roll
0.277,-0.008,-0.044,126.026,-286.685,-286.685,Roll
1.491,0.265,0.371,158.428,-286.685,-286.685,Roll
1.938,-0.363,1.883,132.816,-192.658,-243.845,Roll
1.643,-0.815,1.999,-104.580,247.214,-39.322,Roll
1.997,0.559,0.954,-286.685,286.685,274.146,Roll
1.918,1.118,-0.695,-286.685,286.685,286.685,Roll
0.052,0.669,-1.998,-283.526,286.685,286.685,Roll
-1.999,0.176,-0.936,71.811,272.335,284.629,Roll
-1.999,-0.377,-1.228,3.106,-265.720,-79.730,Roll
-1.760,-0.101,-1.179,131.416,-286.685,-286.685,Roll
-0.582,0.278,-0.350,284.323,-286.685,-286.685,Roll
0.114,0.561,0.150,264.644,-286.685,-286.685,Roll
1.999,0.577,1.010,171.474,-286.685,-286.685,Roll
1.999,-1.046,1.285,-76.624,57.496,-165.830,Roll
1.999,-0.466,1.999,-106.942,260.479,-73.999,Roll
1.999,0.384,0.921,-286.685,286.685,284.926,Roll
1.372,1.261,-1.029,-286.685,286.685,286.685,Roll
-1.378,0.394,-1.895,-286.598,286.685,286.685,Roll
-1.999,-0.497,-0.763,-51.336,196.061,106.382,Roll
-1.989,-0.232,-1.413,37.432,-159.889,-241.780,Roll
-1.886,0.323,-1.998,227.369,-286.685,-286.685,Roll
0.137,1.018,-1.506,286.685,-286.685,-286.685,Roll
1.898,1.040,0.027,286.685,-286.685,-286.685,Roll
1.999,0.088,1.986,60.428,-222.128,-274.435,Roll
1.947,-1.014,1.286,-122.640,78.698,-164.666,Roll
1.818,-0.267,1.596,-70.236,286.527,-27.300,Roll
1.999,0.317,1.694,-286.615,286.685,286.580,Roll
0.656,0.548,0.097,-286.685,286.685,286.685,Roll
-0.164,-0.244,-0.573,-286.685,286.685,286.685,Roll
-1.340,-0.079,-1.093,-277.821,279.527,286.685,Roll
-1.999,-0.442,-1.354,12.416,-117.670,-50.138,Roll
-1.999,0.001,-1.618,185.176,-286.685,-286.685,Roll
-0.425,0.586,-1.998,282.021,-286.685,-286.685,Roll
1.999,1.490,-1.922,286.685,-286.685,-286.685,Roll
1.999,0.366,1.999,281.225,-272.379,-240.231,Roll
1.999,-0.716,1.980,-49.551,131.591,-166.609,Roll
1.628,-0.344,1.051,-102.463,286.685,-94.929,Roll
1.466,0.183,1.999,-282.957,286.685,202.283,Roll
0.818,0.787,1.101,-286.685,286.685,286.685,Roll
0.171,0.397,0.118,-286.685,286.685,286.685,Roll
-0.300,0.233,-1.883,-286.300,252.534,244.169,Roll
-1.819,-0.580,-1.992,79.152,-158.673,-142.783,Roll
-0.775,0.051,-1.992,286.536,-286.685,-286.685,Roll
0.366,0.459,-1.209,286.685,-286.685,-286.685,Roll
1.606,0.651,-0.315,286.685,-286.685,-270.856,Roll
1.998,1.630,1.349,286.685,-286.685,-286.685,Roll
1.997,0.996,1.999,167.143,-219.214,-249.725,Roll
1.847,-0.051,1.999,-50.864,-64.041,-90.755,Roll
1.766,0.225,1.999,-273.149,178.036,93.406,Roll
1.855,0.602,1.601,-286.685,286.685,216.300,Roll
1.611,1.033,0.013,-286.685,286.685,286.685,Roll
1.150,0.693,-1.195,-286.685,286.685,286.685,Roll
-0.711,0.003,-1.769,-283.465,286.685,286.685,Roll
-1.828,-0.710,-0.675,-110.302,154.840,67.147,Roll
-1.999,-0.691,-1.043,155.960,-271.346,-216.685,Roll
-1.027,-0.003,-1.223,230.991,-286.685,-286.685,Roll
1.304,0.479,-1.452,286.685,-286.685,-286.685,Roll
1.999,0.430,0.670,286.633,-286.685,-266.954,Roll
1.999,-0.226,1.999,37.958,-75.162,-225.663,Roll
1.999,-0.502,1.999,-139.186,84.280,-133.341,Roll
1.999,0.308,1.065,-286.685,286.685,285.022,Roll
1.748,1.143,-0.633,-286.685,286.685,286.685,Roll
-0.046,0.802,-1.681,-286.685,286.685,286.685,Roll
-1.624,-0.428,-0.819,-140.700,278.206,266.464,Roll
-1.999,-0.422,-1.023,-12.154,53.812,-3.894,Roll
-1.999,-0.211,-1.145,74.270,-214.611,-274.199,Roll
-1.217,0.336,-1.607,206.570,-286.685,-286.685,Roll
1.242,1.081,-1.780,286.685,-286.685,-286.685,Roll
1.999,0.529,1.961,286.606,-280.691,-286.685,Roll
1.999,-0.454,1.999,115.999,61.197,-206.054,Roll
1.409,-1.024,1.955,-59.754,152.863,-155.129,Roll
1.700,-0.196,1.542,-172.270,285.119,158.296,Roll
1.466,0.556,0.972,-286.685,286.685,286.685,Roll
1.125,0.920,-0.252,-286.685,286.685,286.685,Roll
0.031,0.554,-1.574,-286.685,286.685,286.685,Roll
-1.579,-0.136,-1.397,-202.107,286.309,284.935,Roll
-1.999,-0.726,-0.731,40.775,-78.470,-3.124,Roll
-1.998,-0.337,-1.146,171.141,-286.685,-283.019,Roll
-0.834,0.172,-1.518,283.045,-286.685,-286.685,Roll
0.697,0.811,-1.120,286.685,-286.685,-286.685,Roll
1.999,0.770,1.806,286.685,-286.685,-285.145,Roll
1.302,-0.271,1.049,154.560,-193.454,-91.438,Roll
1.368,0.007,1.606,224.770,-202.125,-54.075,Roll
1.797,0.214,1.999,85.461,-90.449,-22.636,Roll
1.821,0.294,1.999,-264.714,154.674,20.878,Roll
1.429,0.387,1.271,-286.685,281.724,152.889,Roll
0.949,0.266,0.038,-286.685,286.685,286.685,Roll
0.812,0.201,-0.652,-286.685,286.685,286.685,Roll
0.461,-0.056,-1.110,-278.469,286.685,286.685,Roll
0.106,0.387,-1.053,-174.309,286.685,286.685,Roll
-0.792,-0.181,-1.166,-66.378,286.685,286.064,Roll
-1.806,-0.991,-0.449,98.927,14.665,67.760,Roll
-1.475,-0.362,-0.855,81.673,-231.131,-102.777,Roll
-0.942,-0.274,-0.799,148.173,-286.685,-257.880,Roll
-0.200,-0.108,-0.661,286.685,-286.685,-286.685,Roll
1.399,0.259,0.190,286.685,-286.685,-209.300,Roll
1.851,0.512,1.541,276.001,-286.685,-112.245,Roll
1.987,-0.056,1.639,48.361,-286.685,-109.340,Roll
1.288,-0.912,1.761,-20.046,-286.685,-124.618,Roll
1.080,-0.631,0.609,-95.926,-256.191,-170.214,Roll
0.935,-0.388,0.045,-24.386,-190.225,-127.339,Roll
0.946,-0.071,0.487,12.898,-53.638,4.182,Roll
0.914,-0.238,0.554,-38.281,108.920,95.900,Roll
1.080,0.009,0.132,-33.591,207.926,106.304,Roll
1.005,-0.169,0.547,9.021,276.876,89.793,Roll
1.131,-0.164,0.845,7.306,286.685,102.979,Roll
1.177,-0.064,0.958,-104.221,286.685,187.600,Roll
0.988,0.168,0.271,-173.285,286.685,277.375,Roll
0.513,0.333,-0.635,-196.245,286.685,286.685,Roll
-0.661,-0.060,-0.491,-95.331,286.685,286.685,Roll
-0.860,-0.201,0.065,-59.194,286.685,269.850,Roll
-1.124,-0.425,-0.017,3.719,286.379,228.804,Roll
-1.462,-0.135,0.141,72.266,-3.430,53.917,Roll
-1.382,-0.140,-0.317,2.275,-100.257,17.771,Roll
-1.466,-0.185,0.360,-13.519,-72.817,-32.847,Roll
-1.489,-0.347,0.420,-17.246,-69.939,-66.658,Roll
-1.560,-0.217,0.203,-13.169,-220.561,-156.467,Roll
-1.162,-0.146,-0.304,13.974,-286.685,-284.209,Roll
-0.452,0.004,-0.397,27.335,-286.685,-286.685,Roll
0.902,0.403,0.044,72.021,-286.685,-286.685,Roll
0.894,-0.262,0.944,109.165,-286.685,-243.390,Roll
0.831,-0.719,0.054,-62.379,-286.685,-237.702,Roll
0.728,-0.490,-0.155,-35.857,-139.003,-176.190,Roll
1.267,0.000,0.254,36.584,44.362,-69.869,Roll
1.713,0.038,0.909,38.894,251.072,-3.273,Roll
1.455,0.010,0.960,-27.151,286.685,42.490,Roll
1.012,-0.307,0.993,-112.254,286.685,95.025,Roll
0.841,-0.232,0.719,-164.238,286.685,208.810,Roll
0.757,0.087,0.166,-102.559,286.685,280.831,Roll
0.148,0.223,-0.177,-28.000,286.685,286.685,Roll
-0.770,0.026,-0.736,51.634,286.685,262.316,Roll
-1.362,-0.229,-0.100,95.988,286.685,210.140,Roll
-1.643,-0.254,-0.238,33.268,112.192,194.189,Roll
-1.792,0.013,0.261,-12.084,-280.429,49.376,Roll
-1.848,0.096,1.056,-95.874,-286.685,-84.560,Roll
-1.155,0.100,0.315,-240.774,-286.685,-275.170,Roll
-0.144,0.079,-0.331,-85.260,-286.685,-286.685,Roll
0.483,0.176,0.381,107.021,-286.685,-242.191,Roll
1.043,-0.174,1.079,42.201,-286.685,-207.322,Roll
0.909,-0.649,0.834,-49.735,-286.685,-200.944,Roll
0.778,-0.389,0.031,-48.737,-286.676,-202.947,Roll
0.957,-0.072,0.275,-26.372,-181.230,-103.294,Roll
1.437,0.167,0.258,-9.783,-16.013,24.955,Roll
1.460,0.063,0.328,-1.067,171.701,92.566,Roll
1.301,-0.080,0.361,-10.850,267.391,109.882,Roll
1.131,-0.261,0.420,-39.620,286.685,133.280,Roll
1.077,-0.219,0.657,-64.829,286.685,149.327,Roll
1.191,0.046,0.647,-95.786,286.685,220.500,Roll
0.943,0.137,0.369,-93.896,286.685,281.925,Roll
-0.063,0.312,-0.213,-52.850,286.685,286.685,Roll
-0.985,0.105,-0.122,27.571,286.685,270.261,Roll
-0.657,-0.185,0.039,-92.916,286.685,197.741,Roll
-0.579,-0.137,-0.788,-138.889,286.685,198.905,Roll
-1.450,-0.116,-1.217,-8.934,194.871,185.141,Roll
-1.999,0.062,-0.480,85.794,-182.945,86.363,Roll
-1.796,-0.054,0.711,60.016,-286.685,-115.876,Roll
-0.926,-0.046,0.829,-96.793,-286.685,-266.122,Roll
-0.517,-0.182,0.359,-87.789,-286.685,-286.685,Roll
0.240,0.147,0.033,-18.515,-286.685,-286.685,Roll
1.678,0.054,1.243,34.134,-286.685,-286.685,Roll
0.972,-0.745,1.324,-72.573,-286.685,-239.330,Roll
0.556,-0.638,0.103,-111.615,-285.819,-127.409,Roll
0.815,-0.351,-0.089,-61.530,-159.723,88.690,Roll
1.242,-0.129,0.491,-44.537,48.134,164.701,Roll
1.622,-0.063,0.252,-42.464,282.546,245.936,Roll
1.388,-0.019,0.103,10.754,286.685,286.685,Roll
0.790,-0.147,-0.085,71.006,286.685,286.685,Roll
0.076,-0.059,-0.021,139.606,286.685,286.685,Roll
-0.565,0.127,0.164,139.107,286.685,234.867,Roll
-0.929,0.192,-0.251,71.942,286.685,153.825,Roll
-0.963,-0.082,-0.226,47.066,286.685,129.990,Roll
-1.067,-0.255,-0.552,34.921,286.510,123.296,Roll
-1.183,-0.195,-0.339,65.616,30.712,89.381,Roll
-1.518,-0.056,0.381,52.938,-279.073,35.656,Roll
-1.430,-0.139,0.774,-17.325,-286.685,-85.698,Roll
-0.780,-0.158,0.888,-141.374,-286.685,-169.234,Roll
-0.548,-0.277,0.532,-119.332,-286.685,-250.740,Roll
-0.055,0.069,0.226,-92.750,-286.685,-273.359,Roll
0.881,0.025,1.044,-7.630,-286.685,-286.685,Roll
1.091,-0.343,1.388,-27.160,-286.685,-242.200,Roll
0.863,-0.776,0.456,-116.349,-215.425,-204.496,Roll
0.927,-0.327,-0.366,-64.470,-96.469,-81.550,Roll
1.219,-0.137,0.442,-5.950,80.255,52.605,Roll
1.072,0.075,0.701,-58.362,284.191,132.667,Roll
1.373,0.009,0.796,-124.512,286.685,252.980,Roll
1.143,-0.030,0.739,-141.391,286.685,286.685,Roll
0.899,0.120,0.109,-87.535,286.685,286.685,Roll
-0.142,0.075,-0.161,-17.045,286.685,286.685,Roll
-0.981,-0.141,-0.203,16.747,286.685,235.952,Roll
-1.038,-0.329,-0.332,0.280,286.685,165.585,Roll
-0.980,-0.482,-0.605,2.765,284.314,133.341,Roll
-1.286,-0.216,-0.362,39.778,0.534,107.914,Roll
-1.809,-0.043,0.347,61.145,-277.410,39.112,Roll
-1.877,-0.100,0.764,6.912,-286.685,-40.504,Roll
-0.991,-0.141,0.698,-48.729,-286.685,-181.510,Roll
-0.437,-0.312,0.497,-17.999,-286.685,-265.090,Roll
0.148,-0.042,0.254,17.526,-286.685,-283.027,Roll
1.012,-0.011,0.156,83.143,-286.685,-286.554,Roll
1.458,-0.025,0.923,108.518,-286.685,-242.497,Roll
1.111,-0.577,1.011,-26.827,-286.685,-206.955,Roll
0.936,-0.495,-0.305,-97.878,-119.569,-113.243,Roll
0.960,-0.171,0.077,-2.371,135.310,72.537,Roll
1.567,0.054,0.910,-50.557,286.685,176.111,Roll
1.383,0.010,0.798,-129.911,286.685,272.431,Roll
0.896,-0.004,0.290,-170.747,286.685,286.685,Roll
0.567,0.037,0.329,-88.427,286.685,286.685,Roll
-0.585,0.319,-0.216,-58.520,286.685,286.685,Roll
-1.265,0.300,-0.128,-4.043,286.685,286.685,Roll
-1.699,-0.613,0.498,6.930,286.685,207.139,Roll
-1.169,-0.275,-0.921,-86.616,233.415,117.600,Roll
-1.469,-0.024,-0.491,43.916,-74.926,-63.691,Roll
-1.618,0.108,0.159,8.146,-286.685,-256.314,Roll
-0.896,0.082,-0.135,-55.737,-286.685,-286.685,Roll
0.146,-0.045,-0.537,38.071,-286.685,-286.685,Roll
0.367,-0.035,-0.151,198.336,-286.685,-286.685,Roll
1.291,0.270,0.729,200.156,-286.685,-264.915,Roll
1.354,-0.346,1.857,153.878,-286.685,-192.290,Roll
1.075,-0.839,1.429,-53.112,-286.685,-254.231,Roll
0.927,-0.192,-0.383,-91.254,-209.038,-226.196,Roll
1.336,-0.010,0.267,0.525,47.408,-106.243,Roll
1.523,0.049,0.744,-21.892,227.973,42.647,Roll
1.431,0.007,1.139,-95.261,286.685,159.311,Roll
1.311,-0.008,1.322,-185.491,286.685,226.319,Roll
0.995,0.044,0.760,-248.098,286.685,286.685,Roll
0.926,-0.006,0.323,-172.952,286.685,286.685,Roll
0.503,0.050,-0.093,-88.655,286.685,286.685,Roll
-0.300,0.174,-0.164,-50.601,286.685,286.685,Roll
-1.065,-0.136,0.027,-19.933,286.685,269.194,Roll
-1.052,-0.341,0.025,-44.467,286.685,201.215,Roll
-0.982,-0.283,-0.529,-51.730,214.900,155.768,Roll
-1.267,-0.211,-0.345,-1.741,1.461,97.037,Roll
-1.710,-0.096,0.189,-48.414,-192.378,-0.709,Roll
-1.674,-0.012,0.206,-97.344,-286.685,-195.606,Roll
-1.100,-0.045,0.023,-109.025,-286.685,-286.685,Roll
-0.678,-0.120,0.033,-86.459,-286.685,-286.685,Roll
-0.353,0.090,-0.217,-33.714,-286.685,-286.685,Roll
0.303,0.136,-0.159,28.192,-286.685,-286.685,Roll
1.436,-0.053,0.187,118.842,-286.685,-286.685,Roll
1.235,-0.633,0.328,64.645,-286.685,-271.644,Roll
1.400,-0.415,-0.022,15.286,-260.146,-274.663,Roll
1.354,-0.175,0.176,27.650,30.231,-197.820,Roll
1.488,0.118,0.488,25.226,187.206,-87.351,Roll
1.813,0.170,1.056,-24.316,286.685,64.662,Roll
1.716,0.106,1.578,-191.354,286.685,183.155,Roll
1.045,0.302,0.915,-286.685,286.685,286.239,Roll
0.951,0.201,0.171,-286.685,286.685,286.685,Roll
1.025,0.263,-0.353,-174.825,286.685,286.685,Roll
0.137,0.316,-0.305,41.169,286.685,286.685,Roll
-1.259,0.224,-0.034,65.537,286.685,286.685,Roll
-1.573,-0.274,0.077,34.107,286.685,262.780,Roll
-1.446,-0.573,-0.272,-22.050,260.908,126.219,Roll
-1.480,-0.322,-0.378,4.191,10.229,-36.444,Roll
-1.696,-0.117,0.199,-24.955,-285.005,-195.134,Roll
-1.106,-0.089,0.148,-75.408,-286.685,-286.685,Roll
-0.726,-0.077,0.017,-79.004,-286.685,-286.685,Roll
-0.265,-0.019,-0.270,-18.366,-286.685,-286.685,Roll
0.549,0.063,-0.182,81.856,-286.685,-286.685,Roll
1.140,-0.190,1.016,120.916,-286.685,-286.388,Roll
1.291,-0.686,0.197,-49.149,-286.685,-286.685,Roll
1.327,-0.182,-0.583,-72.905,-119.000,-239.986,Roll
1.382,0.098,-0.023,2.634,197.155,-11.209,Roll
1.818,0.074,0.738,-26.845,286.685,68.119,Roll
1.606,0.070,1.127,-135.319,286.685,192.421,Roll
1.111,0.036,1.009,-245.901,286.685,285.889,Roll
0.874,0.066,0.639,-223.545,286.685,286.685,Roll
0.756,-0.048,0.234,-130.602,286.685,286.685,Roll
-0.224,0.035,0.064,-16.511,286.685,286.685,Roll
-0.834,-0.332,-0.055,-66.386,286.685,262.001,Roll
-1.304,-0.236,0.004,-45.754,286.685,173.101,Roll
-1.157,-0.410,0.057,-50.391,286.685,111.711,Roll
-0.987,-0.369,-0.159,-55.562,230.072,58.441,Roll
-1.342,-0.280,-0.075,-67.979,-38.246,7.577,Roll
-1.715,-0.233,0.049,-68.959,-284.060,-129.238,Roll
-1.482,-0.300,0.026,-62.116,-286.685,-286.536,Roll
-1.109,-0.251,-0.009,-70.525,-286.685,-286.685,Roll
-0.578,0.044,-0.427,-42.893,-286.685,-286.685,Roll
0.574,0.584,-0.682,48.807,-286.685,-286.685,Roll
1.603,-0.316,0.568,195.790,-286.685,-286.685,Roll
1.222,-0.792,0.037,46.655,-286.291,-271.959,Roll
1.284,-0.420,-0.430,-16.642,-28.263,-166.932,Roll
1.411,-0.129,0.348,17.710,165.541,-18.401,Roll
1.686,-0.060,0.934,-47.915,286.685,134.400,Roll
1.450,-0.101,1.263,-185.351,286.685,275.599,Roll
1.088,-0.037,0.617,-285.749,286.685,286.685,Roll
0.974,0.040,0.014,-238.753,286.685,286.685,Roll
0.550,0.010,-0.506,-50.190,286.685,286.685,Roll
-0.684,0.001,-0.109,124.915,286.685,286.685,Roll
-1.748,-0.137,0.436,67.743,286.685,286.685,Roll
-1.787,-0.451,0.546,8.260,232.523,249.568,Roll
-1.424,-0.402,0.223,-39.261,55.002,100.441,Roll
-1.614,-0.164,0.531,-78.724,-176.610,-76.353,Roll
-1.514,0.187,0.512,-209.633,-286.685,-284.323,Roll
-1.393,0.477,-0.156,-251.939,-286.685,-286.685,Roll
-1.314,0.804,-0.712,-228.769,-286.685,-286.685,Roll
-0.201,0.880,-0.821,-117.005,-286.685,-286.685,Roll
1.032,0.194,-0.225,96.539,-286.685,-286.685,Roll
1.999,-0.105,0.250,172.602,-282.476,-286.685,Roll
1.999,-0.225,0.054,43.514,-101.509,-286.685,Roll
1.999,-0.134,-0.088,-29.111,176.068,-12.057,Roll
1.999,0.020,1.011,6.029,279.755,230.020,Roll
1.979,0.254,1.166,-153.781,286.685,286.685,Roll
0.996,0.449,0.471,-228.008,286.685,286.685,Roll
0.479,0.559,-0.304,-132.947,286.685,286.685,Roll
-0.131,0.246,-0.627,-101.412,286.685,286.685,Roll
-0.691,-0.025,-0.200,-16.021,286.685,286.685,Roll
-1.257,-0.177,0.147,25.795,286.685,286.685,Roll
-1.537,-0.333,-0.115,-30.039,185.474,189.997,Roll
-1.446,-0.256,-0.010,42.166,49.963,24.640,Roll
-1.418,-0.182,0.449,61.268,-85.164,-69.431,Roll
-1.369,-0.151,0.684,-32.804,-285.880,-211.444,Roll
-1.260,-0.108,0.296,-111.107,-286.685,-286.685,Roll
-0.871,0.030,-0.395,-117.801,-286.685,-286.685,Roll
-0.114,0.413,-0.827,-46.524,-286.685,-286.685,Roll
0.959,0.385,0.098,80.019,-286.685,-286.685,Roll
1.447,-0.680,0.250,119.516,-286.685,-286.685,Roll
1.999,-0.699,0.548,90.527,-220.973,-220.238,Roll
1.795,-0.385,0.413,-112.691,186.419,1.234,Roll
1.835,-0.240,0.510,-111.081,286.685,270.139,Roll
1.564,-0.179,0.536,-141.925,286.685,286.685,Roll
0.902,0.021,0.088,-108.290,286.685,286.685,Roll
0.105,0.044,-0.306,45.745,286.685,286.685,Roll
-0.789,0.121,-0.230,87.027,286.685,286.685,Roll
-1.239,0.122,0.044,100.441,286.685,286.370,Roll
-1.726,-0.238,0.215,61.749,286.685,181.169,Roll
-1.473,-0.611,0.291,16.397,212.923,107.783,Roll
-1.352,-0.368,0.160,14.962,-36.522,47.014,Roll
-1.258,-0.219,0.399,-19.994,-258.300,-60.445,Roll
-1.015,-0.167,0.513,-123.226,-286.685,-254.704,Roll
-0.715,-0.189,-0.023,-165.883,-286.685,-286.685,Roll
-0.419,0.019,-0.432,-123.156,-286.685,-286.685,Roll
0.713,-0.071,0.548,-84.753,-286.685,-286.685,Roll
1.102,-1.106,0.659,-67.427,-285.723,-285.224,Roll
1.525,-0.685,0.059,8.216,-114.896,-37.651,Roll
1.663,-0.613,0.259,16.196,49.411,124.478,Roll
1.303,-0.448,0.327,-36.243,266.385,278.723,Roll
0.940,-0.429,-0.113,-6.204,286.685,286.685,Roll
0.671,-0.256,-0.173,118.571,286.685,286.685,Roll
0.066,-0.137,-0.091,192.176,286.685,286.685,Roll
-1.204,0.183,-0.260,245.000,286.685,286.685,Roll
-1.840,0.270,0.341,155.059,286.685,238.656,Roll
-1.991,-0.564,0.995,-65.835,119.306,136.098,Roll
-0.994,-0.791,0.286,-142.065,-86.686,79.389,Roll
-1.564,-0.427,-0.075,-74.533,-282.126,-149.520,Roll
-0.975,-0.075,0.367,-80.561,-286.685,-286.685,Roll
-0.261,0.209,-0.396,-89.372,-286.685,-286.685,Roll
0.822,-0.001,-0.721,21.831,-286.685,-286.685,Roll
1.410,-0.126,0.599,285.880,-286.685,-285.163,Roll
1.710,-0.519,1.079,253.890,-243.661,-179.646,Roll
1.763,-0.407,0.439,60.445,-117.040,-154.726,Roll
1.122,-0.307,0.571,-18.253,141.969,31.351,Roll
1.185,-0.110,0.919,-46.235,286.685,189.227,Roll
0.987,-0.148,1.088,-109.751,286.685,277.550,Roll
0.783,-0.104,0.747,-216.370,286.685,286.685,Roll
0.341,0.172,-0.230,-175.849,286.685,286.685,Roll
-0.529,0.117,-0.251,-7.945,286.685,286.685,Roll
-0.495,-0.267,0.546,83.685,286.685,261.747,Roll
-1.270,-0.308,0.705,-25.270,284.226,266.560,Roll
-1.773,-0.727,0.364,-167.038,-16.161,187.381,Roll
-1.700,-0.011,0.059,-93.170,-274.225,-150.360,Roll
-0.870,0.032,0.492,-117.171,-286.685,-286.685,Roll
-0.391,0.011,-0.216,-138.434,-286.685,-286.685,Roll
-0.064,-0.075,-0.450,-53.252,-286.685,-286.685,Roll
0.560,-0.338,-0.048,90.414,-286.685,-286.685,Roll
1.054,-0.717,1.293,188.571,-286.685,-228.506,Roll
1.243,-0.694,0.964,71.251,-218.006,-104.668,Roll
1.397,-0.400,0.044,-69.790,-73.719,-71.540,Roll
1.371,-0.361,0.046,-68.731,144.900,94.369,Roll
1.309,-0.322,0.499,-19.670,285.652,182.945,Roll
0.809,-0.362,0.457,-44.100,286.685,271.539,Roll
0.350,-0.337,0.438,-16.074,286.685,286.685,Roll
0.055,-0.181,0.154,-1.024,286.685,268.616,Roll
-0.267,0.096,-0.168,30.476,286.685,258.834,Roll
-1.040,-0.463,1.030,10.815,286.685,262.456,Roll
-0.932,-0.739,0.849,-87.552,22.181,250.189,Roll
-1.436,-0.541,0.733,-78.540,-197.190,176.015,Roll
-1.531,-0.071,0.862,-114.021,-285.897,-81.497,Roll
-1.002,0.127,0.504,-225.829,-286.685,-286.685,Roll
-0.678,0.101,-0.289,-213.264,-286.685,-286.685,Roll
0.580,-0.149,-0.460,-55.370,-286.685,-286.685,Roll
1.527,-0.704,1.008,115.491,-286.685,-286.685,Roll
1.443,-0.899,0.795,41.458,-277.034,-129.482,Roll
1.467,-0.573,0.108,-10.325,-187.443,-72.607,Roll
1.138,-0.388,-0.149,-20.361,-10.841,99.444,Roll
1.336,-0.250,0.204,27.772,258.755,190.977,Roll
0.958,-0.315,0.335,38.220,286.685,231.919,Roll
0.612,-0.310,0.338,47.897,286.685,244.571,Roll
0.322,-0.288,0.642,60.541,286.685,237.921,Roll
-0.186,-0.387,0.565,74.147,286.685,192.789,Roll
-0.591,0.049,0.124,7.648,286.685,241.894,Roll
-0.918,-0.003,-0.064,37.292,286.685,172.874,Roll
-1.047,-0.483,0.603,97.204,286.685,117.793,Roll
-1.127,-0.597,0.535,-7.149,131.556,128.818,Roll
-1.221,-0.445,0.240,-72.634,-116.743,92.706,Roll
-1.162,-0.289,0.401,-54.460,-279.396,-14.245,Roll
-1.001,-0.199,0.592,-133.866,-286.685,-203.376,Roll
-0.686,-0.126,0.226,-115.701,-286.685,-286.685,Roll
-0.418,-0.265,0.467,-30.712,-286.685,-286.685,Roll
0.206,-0.111,0.998,7.525,-286.685,-286.685,Roll
0.208,-0.591,0.507,17.246,-286.685,-275.109,Roll
0.820,-0.457,0.416,37.083,-286.685,-214.296,Roll
1.105,-0.416,0.282,39.996,-280.682,-124.031,Roll
1.134,-0.407,0.168,34.632,-173.057,-80.658,Roll
1.162,-0.351,0.286,17.343,20.930,12.819,Roll
1.217,-0.354,0.494,16.774,160.816,83.912,Roll
1.100,-0.371,0.711,-2.196,286.685,170.100,Roll
0.872,-0.316,0.534,-12.661,286.685,231.306,Roll
0.571,-0.246,0.476,46.077,286.685,276.246,Roll
0.061,-0.139,0.570,92.330,286.685,277.603,Roll
-0.292,-0.168,0.648,82.364,286.685,247.546,Roll
-1.465,0.213,0.699,38.868,286.685,207.086,Roll
-1.435,-0.504,1.242,42.481,263.078,138.565,Roll
-1.394,-0.379,0.749,-34.151,150.631,107.319,Roll
-1.306,-0.295,0.434,-67.393,-79.625,-23.958,Roll
-0.946,-0.189,0.817,-114.389,-286.685,-209.414,Roll
-0.647,-0.018,0.267,-221.130,-286.685,-286.685,Roll
-0.509,0.030,-0.181,-168.586,-286.685,-286.685,Roll
-0.093,0.026,-0.671,-60.314,-286.685,-286.685,Roll
0.796,0.084,0.362,106.732,-286.685,-286.685,Roll
1.244,-0.516,1.135,86.783,-244.904,-171.946,Roll
1.663,-0.657,0.612,-34.807,-61.705,-88.524,Roll
1.243,-0.400,0.141,-26.924,104.711,-32.200,Roll
0.846,-0.273,0.221,-23.266,236.959,81.655,Roll
0.728,-0.333,0.612,-22.234,242.410,161.884,Roll
0.923,-0.394,0.674,-11.629,231.560,189.875,Roll
1.127,-0.472,0.832,22.330,286.685,248.736,Roll
1.032,-0.490,0.889,2.240,286.685,286.685,Roll
0.273,0.026,-0.405,34.904,286.685,286.685,Roll
-1.866,0.745,-0.369,176.426,286.685,284.909,Roll
-1.999,-0.327,1.448,168.429,246.190,101.824,Roll
-1.687,-0.549,1.439,-101.964,-102.349,16.879,Roll
-1.265,-0.187,-0.133,-203.857,-286.685,-280.831,Roll
-0.460,0.128,-0.226,-176.277,-286.685,-286.685,Roll
0.434,0.202,-1.118,-46.559,-286.685,-286.685,Roll
1.304,-0.141,0.507,190.015,-286.685,-286.685,Roll
1.896,-0.581,1.380,76.895,-266.122,-149.380,Roll
1.095,-0.710,0.406,-76.501,-130.436,45.439,Roll
1.517,-0.284,0.055,-70.350,150.754,205.319,Roll
1.134,-0.307,0.085,-21.840,286.685,286.685,Roll
0.759,-0.219,-0.366,30.608,286.685,286.685,Roll
0.100,-0.060,-0.610,92.759,286.685,286.685,Roll
-1.113,-0.061,-0.720,227.798,286.685,248.500,Roll
-1.999,0.305,0.774,235.900,286.685,125.090,Roll
-1.713,-0.985,1.555,165.795,253.295,78.470,Roll
-1.523,-0.952,1.511,-24.885,35.464,89.871,Roll
-1.444,-0.040,-0.209,-131.792,-253.811,-47.268,Roll
-0.756,-0.149,0.301,-37.940,-286.685,-230.519,Roll
-0.199,-0.307,0.208,-67.769,-286.685,-256.935,Roll
0.257,-0.218,-0.023,12.574,-286.685,-163.030,Roll
0.614,-0.415,0.644,155.820,-286.685,-107.249,Roll
0.633,-0.262,1.754,80.526,-286.685,-70.289,Roll
0.717,-0.413,-0.037,-95.191,-276.255,-54.784,Roll
0.827,-0.620,-0.156,19.346,-15.400,-31.001,Roll
0.923,-0.460,0.383,3.360,286.685,78.024,Roll
0.543,-0.297,0.160,13.921,286.685,147.822,Roll
-0.023,-0.083,0.157,31.605,286.685,197.741,Roll
-0.947,0.191,1.153,44.126,286.685,243.040,Roll
-1.615,-0.505,1.482,47.626,286.685,165.436,Roll
-1.608,-0.657,1.007,-15.409,172.952,30.030,Roll
-1.688,-0.471,0.339,-117.311,43.400,-6.037,Roll
-1.192,-0.240,0.213,-69.169,-152.057,-165.349,Roll
-0.538,-0.172,0.142,-42.044,-286.685,-278.924,Roll
-0.000,-0.209,-0.268,21.971,-286.685,-254.231,Roll
0.253,-0.214,-0.146,184.476,-286.685,-163.432,Roll
0.467,-0.142,0.527,284.349,-286.685,-109.077,Roll
0.924,0.504,1.551,229.486,-286.685,-137.366,Roll
1.133,-0.347,1.031,44.748,-241.124,-78.496,Roll
1.029,-0.438,0.445,20.886,-31.631,-113.978,Roll
0.766,-0.272,0.744,-39.393,269.736,-50.960,Roll
0.744,-0.313,0.928,-74.147,286.685,8.759,Roll
0.689,-0.273,1.256,-129.036,286.685,86.144,Roll
0.039,0.050,0.408,-186.988,286.685,154.105,Roll
-0.419,0.111,0.112,-96.565,286.685,179.970,Roll
-1.159,-0.119,0.803,-15.400,286.685,168.201,Roll
-1.769,-0.840,1.301,-53.909,205.503,53.585,Roll
-1.601,-0.331,0.009,-158.673,-144.883,2.564,Roll
-1.333,-0.090,0.198,-87.885,-286.685,-204.916,Roll
-0.718,0.010,0.064,-77.306,-286.685,-286.685,Roll
0.027,0.037,-0.430,5.644,-286.685,-286.685,Roll
0.768,-0.072,-0.640,145.268,-286.685,-263.524,Roll
0.957,-0.334,-0.021,284.953,-286.685,-167.650,Roll
1.422,-0.179,1.365,273.271,-252.446,-75.399,Roll
0.879,-0.341,1.717,72.380,61.985,-44.415,Roll
0.980,-0.223,1.151,-47.583,244.851,-49.569,Roll
0.991,-0.155,0.884,-84.289,286.685,23.336,Roll
0.721,-0.186,1.128,-83.536,286.685,68.941,Roll
0.437,0.012,0.842,-136.745,286.685,70.298,Roll
-0.175,-0.032,0.645,-225.234,286.685,97.213,Roll
-0.961,-0.309,0.831,-146.283,286.685,112.000,Roll
-1.719,-0.654,1.188,-95.716,183.374,83.379,Roll
-1.885,-0.323,0.328,-176.391,-224.079,-73.036,Roll
-1.437,-0.163,-0.348,-110.338,-286.685,-286.659,Roll
-0.403,0.080,-0.818,-38.334,-286.685,-286.685,Roll
0.434,0.023,-1.215,151.034,-286.685,-286.685,Roll
0.864,0.152,0.043,286.685,-286.685,-233.214,Roll
1.623,-0.063,1.407,255.754,-275.441,-159.959,Roll
1.241,-0.472,1.268,21.061,-138.617,-86.056,Roll
1.397,-0.376,0.551,-41.834,-77.192,-99.505,Roll
1.211,-0.332,0.341,-66.789,202.361,52.465,Roll
1.207,-0.239,0.419,-56.726,286.685,119.884,Roll
0.650,-0.202,0.695,-33.136,286.685,149.161,Roll
0.390,-0.174,0.834,-44.467,286.685,144.322,Roll
0.102,-0.152,1.003,-85.916,286.685,136.666,Roll
-0.107,-0.148,0.629,-212.406,286.685,133.857,Roll
-0.616,-0.267,0.259,-182.945,286.685,124.381,Roll
-0.963,-0.413,0.728,-24.028,286.685,93.476,Roll
-1.233,-0.755,0.640,-36.811,274.794,35.061,Roll
-1.265,-0.415,0.286,-84.577,-38.763,-92.671,Roll
-1.574,-0.364,-0.162,-75.451,-286.685,-240.695,Roll
-1.022,-0.157,-0.609,-38.535,-286.685,-286.685,Roll
0.174,0.019,-1.633,203.341,-286.685,-286.685,Roll
1.144,0.041,-1.422,286.685,-286.685,-256.392,Roll
1.990,0.339,1.765,286.685,-286.685,-239.951,Roll
1.446,-0.454,1.740,71.890,-286.685,-69.475,Roll
0.852,-0.417,-0.110,-29.479,-211.146,6.659,Roll
1.424,-0.244,0.375,-4.358,143.404,72.634,Roll
1.505,-0.269,0.612,-39.751,286.685,114.634,Roll
0.971,-0.294,0.559,-76.615,286.685,189.227,Roll
0.556,-0.211,0.245,-62.895,286.685,206.491,Roll
0.067,-0.048,0.479,-40.583,286.685,158.952,Roll
-0.350,-0.038,0.261,-117.434,286.685,141.557,Roll
-1.351,-0.101,0.266,-126.149,286.685,142.476,Roll
-1.448,-0.663,0.490,-37.651,285.040,76.081,Roll
-0.946,-0.345,-0.056,-37.301,18.139,-10.342,Roll
-0.895,-0.268,0.118,2.284,-256.314,-96.259,Roll
-1.234,-0.348,0.244,12.416,-286.685,-159.066,Roll
-0.775,-0.442,-0.081,1.234,-286.685,-268.231,Roll
-0.272,-0.352,-0.332,178.649,-286.685,-286.676,Roll
0.400,-0.093,0.243,286.177,-286.685,-253.977,Roll
0.996,-0.124,1.153,264.758,-286.685,-168.473,Roll
1.129,0.021,0.912,133.595,-286.685,-95.270,Roll
1.611,-0.120,0.684,66.570,-237.449,-78.934,Roll
1.547,-0.201,0.705,-22.347,32.305,-42.849,Roll
1.238,-0.248,0.634,-58.450,244.265,44.599,Roll
1.037,-0.224,0.960,-72.800,286.685,88.865,Roll
0.820,-0.220,1.159,-111.869,286.685,108.964,Roll
0.517,-0.097,0.990,-206.990,286.685,157.176,Roll
0.042,-0.313,0.572,-273.140,286.685,214.848,Roll
-0.160,-0.081,0.264,-285.355,286.685,235.130,Roll
-0.612,-0.245,0.138,-265.335,286.685,238.131,Roll
-0.728,-0.323,0.103,-156.695,286.685,202.151,Roll
-0.993,-0.631,0.128,-2.616,206.911,71.785,Roll
-0.971,-0.477,0.053,22.942,-35.333,-101.036,Roll
-0.971,-0.322,0.150,35.088,-243.784,-205.607,Roll
-0.946,-0.338,0.007,0.359,-286.685,-286.309,Roll
-0.858,-0.376,-0.247,85.286,-286.685,-286.685,Roll
-0.243,-0.349,-0.540,261.004,-286.685,-286.685,Roll
0.793,0.010,-0.161,286.685,-286.685,-277.568,Roll
1.425,0.014,0.970,286.685,-286.685,-125.475,Roll
1.999,0.088,1.452,182.665,-284.235,-166.932,Roll
1.986,0.153,1.036,-63.551,-126.210,-111.562,Roll
0.953,-0.582,0.538,-72.310,97.046,52.062,Roll
1.085,-0.266,0.498,-105.551,285.959,80.062,Roll
0.627,-0.252,0.664,-147.210,286.685,113.916,Roll
0.559,-0.196,0.807,-188.738,286.685,119.656,Roll
0.587,0.088,0.858,-261.922,286.685,131.644,Roll
0.130,0.266,0.061,-286.685,286.685,241.465,Roll
-0.971,-0.382,0.043,-163.074,286.685,222.075,Roll
-1.504,-0.797,0.523,6.738,234.080,57.768,Roll
-1.291,-0.681,0.403,8.724,49.053,-34.991,Roll
-1.047,-0.221,0.097,-37.380,-236.845,-157.693,Roll
-1.104,-0.541,0.058,-35.149,-286.685,-263.926,Roll
-0.637,-0.437,-0.682,57.785,-286.685,-286.685,Roll
0.451,-0.313,-0.765,286.676,-286.685,-286.685,Roll
1.236,0.181,0.794,286.685,-286.685,-155.977,Roll
1.400,-0.185,1.916,283.316,-286.685,-12.819,Roll
1.321,-0.034,1.606,108.220,-263.392,16.905,Roll
1.254,-0.235,0.809,-90.055,-68.408,-3.089,Roll
1.177,-0.276,0.729,-89.924,137.550,20.641,Roll
0.949,-0.318,0.851,-117.215,265.099,36.006,Roll
0.840,-0.244,0.681,-171.194,286.685,80.509,Roll
0.601,-0.292,0.497,-179.637,286.685,140.499,Roll
0.469,-0.235,0.463,-234.693,286.685,169.383,Roll
0.124,0.012,-0.097,-286.422,286.685,208.827,Roll
-0.416,-0.005,-0.379,-247.161,286.685,285.941,Roll
-1.594,-0.693,-0.044,-35.971,271.381,213.938,Roll
-1.453,-0.812,0.223,60.384,9.975,47.521,Roll
-1.107,-0.533,0.010,63.919,-270.979,-113.610,Roll
-1.023,-0.390,0.090,59.465,-286.685,-192.211,Roll
-0.850,-0.432,0.150,38.045,-286.685,-270.655,Roll
-0.148,-0.335,-0.396,220.395,-286.685,-286.685,Roll
1.569,0.589,0.079,286.685,-286.685,-208.355,Roll
1.727,-0.023,1.967,282.231,-286.685,-61.189,Roll
1.497,-0.166,1.931,113.872,-264.294,16.660,Roll
1.232,-0.380,0.740,-135.214,-34.318,42.298,Roll
1.004,-0.387,0.539,-111.606,219.940,77.464,Roll
0.682,-0.353,0.329,-73.246,286.685,104.475,Roll
0.386,-0.286,0.324,-62.554,286.685,109.287,Roll
0.220,-0.239,0.552,-79.914,286.685,113.610,Roll
-0.131,0.067,0.363,-271.180,286.685,138.906,Roll
-0.543,-0.058,-0.007,-285.749,286.685,217.936,Roll
-1.417,-0.619,0.398,3.850,261.791,130.445,Roll
-1.594,-0.981,0.721,27.326,70.683,7.175,Roll
-0.967,-0.219,-0.138,-23.345,-260.934,-149.467,Roll
-0.950,-0.288,-0.203,-42.472,-286.685,-217.560,Roll
-0.849,-0.454,0.085,47.661,-286.685,-284.533,Roll
-0.284,-0.378,-0.082,185.509,-286.685,-286.685,Roll
0.221,-0.079,0.127,286.422,-286.685,-219.048,Roll
0.810,-0.031,0.543,286.685,-286.685,-162.033,Roll
1.135,-0.284,1.162,286.685,-286.685,-96.302,Roll
1.446,-0.016,1.275,112.577,-284.821,-24.097,Roll
1.506,-0.075,0.564,-40.749,-107.756,-7.490,Roll
1.343,-0.184,0.558,-52.421,26.915,15.155,Roll
1.106,-0.188,0.801,-83.431,191.695,9.783,Roll
0.875,-0.214,0.839,-143.360,286.685,34.449,Roll
0.483,-0.216,0.717,-206.071,286.685,89.075,Roll
0.172,-0.303,0.636,-270.401,286.685,127.794,Roll
-0.014,0.004,0.286,-286.685,286.685,198.083,Roll
-0.404,-0.004,-0.187,-286.685,286.685,286.685,Roll
-0.878,-0.504,0.301,-121.039,285.793,248.106,Roll
-0.875,-0.522,0.407,9.529,46.673,97.081,Roll
-1.213,-0.977,0.143,20.965,-134.085,-8.864,Roll
-0.881,-0.216,-0.014,41.265,-286.685,-213.526,Roll
-0.725,-0.314,0.174,42.490,-286.685,-204.383,Roll
-0.592,-0.438,0.088,65.476,-286.685,-262.089,Roll
-0.475,-0.389,-0.117,225.549,-286.685,-286.685,Roll
0.839,-0.130,0.299,286.685,-286.685,-286.685,Roll
1.537,-0.247,1.124,286.685,-286.685,-239.872,Roll
1.543,-0.302,1.015,19.486,-172.148,-97.283,Roll
1.577,-0.224,0.889,-64.671,29.243,-52.474,Roll
1.131,-0.431,0.904,-86.817,113.260,48.571,Roll
0.996,-0.203,0.565,-74.244,261.188,62.562,Roll
0.710,-0.210,0.527,-71.076,286.685,121.573,Roll
0.309,-0.267,0.823,-90.283,286.685,156.984,Roll
-0.160,-0.245,1.076,-182.997,286.685,178.465,Roll
-0.128,-0.015,0.082,-286.685,286.685,226.739,Roll
-0.411,0.001,-0.386,-231.569,286.685,279.589,Roll
-0.744,-0.234,0.396,-77.070,286.685,274.899,Roll
-0.767,-0.652,0.602,25.716,42.131,168.901,Roll
-1.110,-0.675,-0.170,28.324,-244.300,-112.368,Roll
-0.808,0.155,-0.214,-1.811,-210.508,-93.931,Roll
-1.040,-0.559,0.236,-10.894,-231.788,-132.134,Roll
-0.857,-0.346,0.223,35.779,-263.323,-155.715,Roll
-0.628,-0.503,0.288,123.060,-286.685,-124.609,Roll
-0.599,-0.533,0.685,137.130,-286.685,-149.336,Roll
-0.423,-0.572,0.499,189.700,-286.685,-179.156,Roll
0.343,-0.145,0.634,286.685,-286.685,-139.956,Roll
1.382,-0.261,0.763,286.685,-286.685,-98.245,Roll
1.999,-0.145,0.732,208.276,-286.685,-115.824,Roll
1.878,0.018,0.713,-93.573,25.497,-7.289,Roll
1.084,-0.232,0.634,-111.177,174.125,8.811,Roll
0.835,-0.138,0.477,-107.616,286.685,11.288,Roll
0.498,-0.147,0.618,-172.165,286.685,66.141,Roll
0.330,-0.141,0.549,-173.154,286.685,64.496,Roll
0.320,0.018,0.732,-237.449,286.685,141.706,Roll
-0.137,-0.155,0.444,-286.659,286.685,257.180,Roll
-0.282,-0.487,0.334,-213.220,286.685,220.456,Roll
-0.490,-0.244,0.192,-22.059,267.216,136.605,Roll
-1.182,-0.317,0.520,-20.904,175.989,116.603,Roll
-0.931,-0.705,0.603,-12.836,-80.325,-94.710,Roll
-0.996,-0.197,0.126,-56.735,-264.810,-159.775,Roll
-1.690,-0.374,0.746,-99.628,-280.210,-149.039,Roll
-1.067,-0.286,-0.089,-126.332,-286.685,-286.685,Roll
-0.411,-0.257,-0.458,54.364,-286.685,-286.685,Roll
0.446,-0.159,-0.065,283.483,-286.685,-286.685,Roll
1.277,-0.803,1.011,282.293,-286.685,-201.731,Roll
1.165,-0.599,0.867,31.097,-283.736,-123.576,Roll
1.590,-0.333,0.068,-24.316,-140.455,-96.495,Roll
1.408,-0.246,0.636,13.283,2.608,-52.028,Roll
1.368,-0.221,0.713,-1.645,233.012,31.071,Roll
0.826,-0.202,0.402,-54.031,286.685,127.094,Roll
0.453,-0.213,0.566,-36.741,286.685,150.938,Roll
0.235,-0.231,0.575,-45.237,286.685,138.145,Roll
-0.088,-0.177,0.208,-253.321,286.685,106.908,Roll
-1.391,-0.202,0.175,-215.136,286.685,247.363,Roll
-1.374,-1.020,0.627,64.890,277.935,108.710,Roll
-1.125,-0.575,-0.110,-6.790,12.828,-57.339,Roll
-0.745,-0.113,-0.216,2.109,-146.291,-128.205,Roll
-0.537,-0.160,0.104,52.080,-282.467,-142.170,Roll
-0.653,-0.314,0.540,-9.380,-286.685,-128.223,Roll
-0.877,-0.644,0.356,46.366,-286.685,-115.981,Roll
-0.625,-0.665,0.253,161.333,-286.685,-157.815,Roll
-0.093,-0.336,0.526,261.503,-286.685,-134.111,Roll
0.153,-0.341,0.270,286.685,-286.685,-71.899,Roll
1.448,0.029,0.540,240.258,-286.685,-8.557,Roll
1.999,0.041,0.726,-61.836,-148.969,-49.184,Roll
1.410,-0.411,0.473,-97.694,102.926,33.583,Roll
0.381,-0.496,0.377,-13.886,209.081,61.040,Roll
1.040,-0.127,0.521,16.459,279.554,21.175,Roll
0.432,-0.326,0.826,-15.802,286.685,63.438,Roll
0.073,-0.217,0.933,-69.370,286.685,77.298,Roll
-0.108,-0.098,1.006,-170.117,286.685,119.464,Roll
-0.229,-0.352,0.591,-257.810,286.685,199.246,Roll
-0.584,-0.384,0.379,-194.311,286.685,193.480,Roll
-0.630,-0.489,0.594,4.550,247.625,91.298,Roll
-0.594,-0.414,0.241,8.347,29.225,12.512,Roll
-0.797,-0.378,0.223,-10.859,-131.197,-34.055,Roll
-1.869,-0.958,0.170,-42.682,-190.374,-121.800,Roll
-1.190,-0.142,0.206,-125.545,-286.440,-197.173,Roll
-0.874,-0.187,-0.061,-49.814,-286.685,-286.685,Roll
-0.201,-0.181,-0.319,117.836,-286.685,-286.685,Roll
0.654,0.019,0.226,286.492,-286.685,-257.460,Roll
1.088,-0.211,1.016,198.520,-286.685,-191.564,Roll
1.727,-0.285,0.926,18.209,-264.478,-53.506,Roll
1.412,-0.606,0.605,15.190,-124.775,-28.122,Roll
1.350,-0.540,0.531,10.736,76.562,-4.874,Roll
1.085,-0.320,0.483,-9.520,279.527,24.080,Roll
0.815,-0.210,0.540,-42.455,286.685,136.159,Roll
0.370,-0.176,-0.002,-32.603,286.685,163.520,Roll
-0.443,-0.017,0.422,121.319,286.685,119.796,Roll
-1.047,0.545,0.904,3.229,286.685,149.485,Roll
-1.275,-0.298,0.721,-35.884,286.685,37.065,Roll
-1.031,-0.482,0.706,4.515,274.164,27.799,Roll
-1.112,-0.500,0.355,-48.536,154.639,59.798,Roll
-1.269,-0.270,0.257,-58.739,-139.842,48.370,Roll
-1.225,-0.169,0.323,-76.615,-286.685,-91.997,Roll
-1.102,-0.130,0.440,-143.334,-286.685,-213.640,Roll
-0.575,-0.202,-0.243,-97.974,-286.685,-286.685,Roll
0.140,-0.251,-0.263,97.659,-286.685,-285.897,Roll
0.959,-0.224,0.925,241.544,-286.685,-192.859,Roll
0.633,-0.388,0.924,6.396,-285.530,-60.331,Roll
1.086,-0.358,0.014,-11.016,-225.628,-63.989,Roll
1.383,-0.385,0.177,40.976,-194.031,-82.906,Roll
1.468,-0.241,0.433,67.611,-17.920,-43.803,Roll
1.090,-0.267,0.636,29.601,244.860,26.163,Roll
0.765,-0.313,0.657,-15.260,286.685,80.220,Roll
0.480,-0.209,0.798,-19.031,286.685,88.463,Roll
0.251,-0.062,1.122,-44.161,286.685,83.755,Roll
-0.123,0.084,0.866,-119.201,286.685,121.879,Roll
-0.665,-0.051,0.338,-89.530,286.685,112.088,Roll
-1.365,-0.261,0.268,-40.320,286.685,77.744,Roll
-1.322,-0.379,0.065,-43.347,286.685,56.123,Roll
-1.005,-0.364,-0.196,13.685,179.620,27.755,Roll
-0.853,-0.300,0.103,52.850,-89.609,7.980,Roll
-0.845,-0.288,0.454,28.087,-280.919,-14.945,Roll
-0.803,-0.348,0.692,-28.569,-286.685,-79.257,Roll
-0.575,-0.269,0.348,-28.534,-286.685,-126.543,Roll
0.143,-0.043,0.144,33.583,-286.685,-143.867,Roll
0.192,-0.072,0.712,94.141,-286.685,-137.340,Roll
0.696,-0.183,0.785,120.785,-286.685,-132.291,Roll
1.284,-0.256,0.717,46.165,-261.809,-114.573,Roll
1.221,-0.214,0.360,-0.989,-90.239,-95.191,Roll
1.104,-0.075,0.563,26.889,111.239,-53.987,Roll
1.270,0.012,1.024,23.284,264.154,-31.517,Roll
1.043,-0.147,1.407,-77.376,286.685,29.278,Roll
0.722,-0.070,0.932,-182.849,286.685,97.405,Roll
0.368,0.027,0.336,-188.492,286.685,153.720,Roll
0.020,0.002,0.244,-143.430,286.685,178.264,Roll
-0.655,-0.196,0.352,-82.714,286.685,181.869,Roll
-1.203,-0.277,0.483,-26.591,286.685,103.031,Roll
-1.307,-0.292,0.132,-28.542,137.139,71.085,Roll
-1.378,-0.162,-0.008,-42.228,-24.334,79.223,Roll
-1.379,-0.208,0.257,-19.959,-285.241,-78.033,Roll
-1.045,-0.127,0.338,-55.589,-286.685,-220.273,Roll
-0.536,-0.047,-0.157,-29.794,-286.685,-274.409,Roll
0.297,0.049,0.094,219.380,-286.685,-223.300,Roll
0.667,-0.053,0.792,286.685,-286.685,-111.160,Roll
1.255,0.028,0.943,222.661,-286.685,-78.645,Roll
1.399,-0.283,1.228,13.519,-283.395,-51.056,Roll
0.858,-0.272,0.956,-120.680,-110.416,-50.645,Roll
1.001,-0.082,0.696,-125.676,148.488,20.282,Roll
1.266,-0.057,0.753,-135.476,286.685,64.094,Roll
1.016,-0.090,0.838,-180.049,286.685,99.689,Roll
0.815,-0.042,0.582,-232.050,286.685,137.322,Roll
0.453,0.037,0.302,-216.125,286.685,174.178,Roll
0.192,0.252,0.126,-256.576,286.685,219.669,Roll
-1.167,0.058,0.078,-217.245,286.685,245.849,Roll
-1.072,-0.402,-0.151,-62.213,286.685,218.899,Roll
-1.104,-0.455,-0.619,-47.653,192.264,142.984,Roll
-1.512,-0.315,-0.043,-13.029,-153.466,-39.498,Roll
-1.615,-0.209,-0.382,-41.160,-286.685,-261.573,Roll
-1.150,-0.273,-0.315,35.980,-286.685,-286.685,Roll
-0.121,-0.160,-0.311,129.098,-286.685,-286.685,Roll
0.564,-0.057,-0.057,259.105,-286.685,-286.344,Roll
0.999,0.230,0.565,286.685,-286.685,-144.060,Roll
1.871,0.167,0.963,286.624,-286.685,-78.558,Roll
1.866,-0.228,1.714,99.794,-286.685,-37.888,Roll
1.325,-0.303,0.895,-19.941,-283.159,-77.219,Roll
0.992,-0.129,0.542,-21.192,-25.716,-61.976,Roll
0.958,-0.109,1.066,-71.505,268.275,57.085,Roll
1.114,-0.084,1.143,-190.304,286.685,109.060,Roll
0.809,-0.025,0.693,-249.034,286.685,134.636,Roll
0.571,-0.115,0.409,-242.253,286.685,152.941,Roll
0.373,-0.188,0.196,-212.765,286.685,186.139,Roll
-0.003,-0.057,0.209,-131.399,286.685,173.556,Roll
-0.733,-0.144,0.290,-72.118,286.685,129.185,Roll
-1.784,-0.585,0.095,-9.555,248.798,111.003,Roll
-1.845,-0.351,0.090,0.166,-81.926,1.312,Roll
-1.382,-0.382,-0.048,-22.164,-286.685,-275.258,Roll
-0.628,-0.161,-0.293,-30.065,-286.685,-286.685,Roll
0.139,0.106,-0.999,63.289,-286.685,-286.685,Roll
0.839,0.123,-0.681,285.478,-286.685,-284.900,Roll
1.502,0.014,1.207,286.685,-286.685,-93.380,Roll
1.867,-0.578,1.437,140.000,-286.685,-93.415,Roll
1.389,-0.617,0.682,-32.620,-249.769,-140.262,Roll
1.480,-0.021,0.038,-29.907,72.853,-92.802,Roll
1.407,0.010,0.620,-18.804,286.510,86.870,Roll
1.414,-0.070,1.203,-110.486,286.685,187.845,Roll
0.835,0.008,0.453,-193.209,286.685,261.826,Roll
0.502,-0.038,0.115,-178.640,286.685,264.372,Roll
-0.108,-0.070,0.079,-95.988,286.685,261.966,Roll
-0.687,-0.094,0.136,-2.293,286.685,179.217,Roll
-1.112,-0.384,0.342,36.995,283.474,74.147,Roll
-1.485,-0.505,0.234,36.321,157.456,39.935,Roll
-1.531,-0.293,0.330,12.381,-116.200,-20.711,Roll
-0.950,-0.300,0.325,-46.287,-286.685,-210.665,Roll
-0.393,-0.174,-0.278,-47.635,-286.685,-278.688,Roll
-0.079,-0.085,-0.446,145.303,-286.685,-234.666,Roll
0.503,0.064,0.287,182.901,-286.685,-148.846,Roll
0.733,-0.062,1.143,204.321,-286.685,-63.639,Roll
1.491,-0.472,0.683,23.109,-279.772,-26.591,Roll
1.526,-0.435,0.503,-21.140,-103.189,-99.881,Roll
1.427,-0.236,0.378,-15.925,42.516,-87.832,Roll
1.442,-0.156,0.641,18.585,271.679,-44.844,Roll
0.923,-0.196,1.268,-23.319,286.685,2.861,Roll
0.635,-0.045,1.048,-147.105,286.685,68.486,Roll
0.447,0.040,0.646,-219.432,286.685,96.171,Roll
-0.162,0.051,-0.000,-224.236,286.685,159.443,Roll
-0.579,-0.319,0.346,-77.026,286.685,147.087,Roll
-0.942,-0.427,0.228,-27.335,283.517,56.735,Roll
-1.049,-0.364,0.070,7.289,74.856,25.786,Roll
-1.460,-0.273,0.205,31.054,-161.000,1.680,Roll
-1.316,-0.472,0.444,-44.397,-286.685,-221.996,Roll
-0.331,-0.076,-0.470,-106.732,-286.685,-286.685,Roll
0.797,0.214,-0.707,130.428,-286.685,-283.649,Roll
1.030,0.372,0.614,286.685,-286.685,-137.926,Roll
1.801,-0.301,1.206,215.836,-286.685,-53.812,Roll
1.660,-0.903,1.113,5.968,-238.411,-117.408,Roll
1.488,-0.394,0.334,-20.212,15.724,-116.979,Roll
0.916,-0.042,1.007,-2.660,280.604,1.759,Roll
1.066,-0.060,0.752,-103.014,286.685,227.404,Roll
0.551,-0.012,0.426,-152.617,286.685,285.040,Roll
-0.201,0.098,-0.087,-182.709,286.685,270.856,Roll
-0.866,-0.094,0.459,-81.760,286.685,221.935,Roll
-0.871,-0.377,0.530,-20.344,286.685,125.991,Roll
-0.803,-0.396,0.119,-17.710,285.460,62.641,Roll
-1.040,-0.266,-0.144,43.671,91.919,-8.006,Roll
-1.792,-0.248,0.036,98.499,-199.264,-34.318,Roll
-1.113,-0.188,0.567,32.331,-286.685,-256.883,Roll
-0.459,-0.065,0.066,-46.270,-286.685,-286.685,Roll
0.267,0.043,-0.854,127.908,-286.685,-286.685,Roll
1.105,0.269,0.096,286.685,-286.685,-176.601,Roll
1.710,0.151,1.625,244.641,-286.685,-116.095,Roll
1.679,-0.310,0.901,-9.564,-286.414,-113.794,Roll
1.694,-0.157,0.198,-39.305,-147.814,-117.985,Roll
1.139,-0.057,0.529,-15.523,200.322,20.930,Roll
1.472,-0.072,1.029,-71.006,286.685,138.924,Roll
0.686,0.109,0.551,-152.136,286.685,214.121,Roll
0.201,0.124,0.214,-151.865,286.685,197.426,Roll
-0.630,0.131,0.272,-215.915,286.685,190.768,Roll
-0.921,-0.223,1.130,-113.251,286.685,202.685,Roll
-1.068,-0.514,0.874,-105.945,286.606,88.865,Roll
-0.976,-0.452,-0.006,-118.073,129.106,-57.094,Roll
-1.229,-0.479,-0.158,-53.856,-146.860,-184.223,Roll
-1.191,-0.442,-0.127,1.041,-286.571,-268.538,Roll
-0.512,-0.275,-0.272,46.524,-286.685,-286.685,Roll
0.025,0.040,-0.556,155.829,-286.685,-286.685,Roll
0.863,0.151,-0.386,274.470,-286.685,-282.984,Roll
1.684,0.178,0.730,286.685,-286.685,-200.445,Roll
1.961,0.148,0.701,177.555,-86.931,-140.175,Roll
1.901,-0.141,1.080,29.846,119.464,-97.387,Roll
0.842,-0.373,0.956,-127.059,286.685,32.366,Roll
0.927,-0.063,0.897,-140.254,286.685,105.332,Roll
0.602,-0.092,0.856,-185.885,286.685,173.031,Roll
0.073,-0.042,0.803,-222.845,286.685,172.148,Roll
-0.267,-0.160,0.225,-256.471,286.685,202.624,Roll
-0.609,-0.218,0.506,-147.280,286.685,200.830,Roll
-1.083,-0.436,0.621,-75.320,269.307,126.473,Roll
-1.292,-0.555,0.479,-24.404,-35.306,14.849,Roll
-1.270,-0.405,0.187,-19.031,-247.345,-82.854,Roll
-1.684,-0.399,0.268,-39.165,-286.685,-234.036,Roll
-0.867,-0.047,-0.239,-18.086,-286.685,-286.685,Roll
-0.031,0.004,-0.622,95.270,-286.685,-286.685,Roll
0.614,0.203,-0.244,256.646,-286.685,-282.362,Roll
1.062,0.088,0.550,286.685,-286.685,-165.410,Roll
1.381,-0.064,0.844,240.476,-286.685,-126.158,Roll
1.461,-0.163,0.501,72.896,-280.788,-98.936,Roll
1.590,-0.086,0.528,38.850,-178.780,-117.635,Roll
1.491,0.011,0.657,18.524,19.189,-69.554,Roll
1.380,-0.180,0.618,-50.741,228.681,46.550,Roll
1.669,-0.082,0.857,-123.121,286.685,151.524,Roll
0.896,-0.061,0.687,-197.523,286.685,214.725,Roll
0.508,-0.085,0.160,-263.445,286.685,233.511,Roll
0.144,0.033,-0.140,-217.402,286.685,270.358,Roll
-0.852,-0.090,0.478,-66.850,286.685,254.467,Roll
-1.161,-0.335,0.719,-6.615,286.685,159.250,Roll
-1.188,-0.393,0.151,-32.935,283.080,86.389,Roll
-1.054,-0.289,-0.048,-27.843,162.584,27.046,Roll
-1.296,-0.199,0.050,1.199,-138.696,-95.935,Roll
-1.085,-0.186,0.027,12.626,-286.685,-243.723,Roll
-0.486,-0.254,-0.176,63.490,-286.685,-286.685,Roll
0.203,-0.198,-0.107,159.434,-286.685,-286.396,Roll
0.712,-0.092,-0.018,248.045,-286.685,-200.568,Roll
1.166,0.070,1.025,286.160,-286.685,-87.946,Roll
1.803,-0.211,1.305,200.305,-227.001,-22.251,Roll
1.384,-0.457,0.789,20.913,-52.990,-5.985,Roll
1.173,-0.093,0.655,4.331,152.075,-25.865,Roll
0.668,-0.168,1.274,-40.390,283.587,4.935,Roll
0.724,-0.236,0.842,-159.285,286.685,89.714,Roll
0.429,-0.070,0.355,-151.261,286.685,143.167,Roll
-0.390,-0.028,-0.110,-185.342,286.685,139.405,Roll
-0.817,-0.170,0.138,-93.144,286.685,147.236,Roll
-0.921,-0.174,0.905,-23.765,286.685,123.183,Roll
-1.099,-0.439,0.633,-89.154,190.575,74.069,Roll
-1.145,-0.296,0.050,-56.761,-159.539,6.116,Roll
-1.492,-0.304,0.083,-11.340,-286.685,-103.976,Roll
-1.120,-0.231,0.337,-15.094,-286.685,-228.191,Roll
-0.352,-0.094,-0.339,-25.042,-286.685,-286.685,Roll
0.519,0.186,-0.695,240.774,-286.685,-269.981,Roll
1.136,0.306,0.639,286.685,-286.685,-79.590,Roll
1.751,-0.006,1.969,243.014,-256.585,-67.926,Roll
1.408,-0.292,1.897,1.085,6.247,-82.005,Roll
1.207,-0.183,1.073,-124.416,258.589,-97.580,Roll
0.886,-0.044,0.952,-152.932,286.685,27.309,Roll
0.615,-0.058,1.088,-143.474,286.685,82.635,Roll
0.273,-0.018,1.053,-178.369,286.685,77.805,Roll
0.067,0.159,0.498,-286.685,286.685,117.241,Roll
-0.327,-0.314,0.579,-274.103,286.685,185.964,Roll
-0.852,-0.413,0.469,-155.234,264.408,115.981,Roll
-1.024,-0.449,0.113,-79.607,74.375,3.658,Roll
-1.002,-0.334,-0.013,-35.079,-77.385,-74.235,Roll
-1.307,-0.356,-0.084,31.106,-278.635,-171.465,Roll
-0.705,-0.238,-0.107,90.423,-286.685,-247.398,Roll
-0.192,-0.218,-0.028,95.191,-286.685,-286.606,Roll
0.416,-0.027,-0.262,267.978,-286.685,-258.580,Roll
1.243,0.376,0.357,286.685,-286.685,-116.077,Roll
1.750,-0.054,1.268,286.685,-286.685,-132.221,Roll
1.696,-0.167,1.493,45.482,-31.062,-112.551,Roll
1.292,-0.190,1.052,-69.921,131.294,-57.522,Roll
0.956,-0.069,0.761,-79.931,230.440,-14.315,Roll
0.909,-0.055,0.942,-63.761,286.685,28.254,Roll
0.731,-0.173,1.120,-108.141,286.685,27.282,Roll
0.218,0.093,1.023,-238.053,286.685,33.994,Roll
-0.136,-0.028,0.354,-286.685,286.685,151.401,Roll
-0.927,-0.478,0.160,-236.171,281.890,137.944,Roll
-1.259,-0.663,0.216,-49.131,59.272,43.304,Roll
-0.955,-0.542,0.255,-11.375,-104.396,-23.074,Roll
-1.219,-0.392,0.190,-12.381,-286.685,-118.554,Roll
-0.584,-0.203,0.024,-29.181,-286.685,-205.923,Roll
-0.201,-0.191,-0.150,25.427,-286.685,-251.510,Roll
0.219,-0.101,-0.417,218.960,-286.685,-222.950,Roll
0.644,0.181,0.185,286.685,-286.685,-128.879,Roll
1.109,-0.223,0.655,286.685,-286.685,-121.931,Roll
1.415,0.116,0.711,161.175,-156.896,-145.390,Roll
1.999,0.107,0.913,7.656,130.375,-156.555,Roll
1.128,0.226,1.685,-86.993,286.685,-93.345,Roll
0.720,-0.252,1.350,-183.628,286.685,-26.084,Roll
0.617,0.063,1.457,-217.385,286.685,15.557,Roll
0.464,0.063,0.852,-286.685,286.685,91.884,Roll
-0.204,0.271,1.005,-286.685,286.685,158.340,Roll
-0.638,-0.524,1.121,-286.685,285.320,175.753,Roll
-0.448,-0.610,0.456,-264.547,86.826,-46.051,Roll
-0.601,-0.499,0.193,-261.747,-78.243,-181.720,Roll
-0.600,-0.472,-0.321,-174.764,-282.949,-281.776,Roll
-0.343,-0.420,-0.790,-12.801,-286.685,-286.624,Roll
0.383,-0.352,-1.303,185.080,-286.685,-221.104,Roll
0.827,-0.333,-1.125,286.685,-286.685,-125.493,Roll
0.970,-0.016,-0.094,286.685,-207.034,-143.684,Roll
0.331,0.469,1.800,286.685,245.682,-183.794,Roll
0.860,0.758,1.999,261.669,286.685,-245.665,Roll
0.727,0.676,1.999,-150.430,281.487,-66.185,Roll
0.201,0.200,1.488,-273.709,134.794,14.481,Roll
-0.348,-0.201,0.845,-264.679,-6.011,15.269,Roll
-0.133,-0.489,0.416,-232.557,-71.820,29.540,Roll
0.152,-0.687,-0.135,-231.499,-128.004,35.639,Roll
0.069,-0.712,-0.548,-151.279,-229.128,36.662,Roll
-0.198,-0.715,-0.614,-7.157,-286.685,18.646,Roll
0.118,-0.522,-0.165,230.799,-286.685,-38.272,Roll
1.386,-0.012,0.238,286.685,-286.685,-120.444,Roll
1.405,0.073,1.261,260.330,-65.012,-170.371,Roll
0.785,-0.212,1.578,66.412,284.034,-152.863,Roll
0.455,-0.210,0.885,-4.148,286.685,-121.293,Roll
0.314,-0.068,1.023,23.240,286.685,-72.424,Roll
-0.044,-0.116,1.034,27.571,286.685,2.564,Roll
-0.499,0.155,0.873,-17.001,286.685,2.319,Roll
-0.838,0.111,1.035,-77.149,286.685,-2.721,Roll
-1.023,-0.139,0.693,-179.716,286.685,23.406,Roll
-0.830,-0.170,0.265,-107.643,286.685,64.181,Roll
-1.368,-0.254,0.489,-36.146,115.710,65.327,Roll
-1.547,-0.193,0.568,-42.595,-216.379,2.310,Roll
-1.309,-0.270,0.247,-94.342,-286.685,-204.697,Roll
-0.251,-0.102,-0.654,-70.298,-286.685,-286.685,Roll
1.221,0.564,-1.154,178.631,-286.685,-276.850,Roll
1.483,0.034,1.398,210.822,-286.685,-152.066,Roll
1.869,-0.605,1.226,21.577,-172.681,-128.205,Roll
1.416,-0.524,0.522,11.078,-14.079,-105.971,Roll
0.957,-0.060,0.834,-27.344,271.329,78.838,Roll
0.718,-0.057,0.893,-68.652,286.685,153.029,Roll
0.484,-0.039,0.773,-61.591,286.685,170.879,Roll
0.062,-0.024,0.606,-33.521,286.685,165.331,Roll
-0.436,0.019,0.685,-83.011,286.685,103.136,Roll
-0.713,-0.244,0.813,-131.372,286.685,83.274,Roll
-0.803,-0.438,0.775,-56.201,200.288,14.341,Roll
-0.937,-0.487,0.464,-21.333,62.799,-23.949,Roll
-1.037,-0.221,0.370,-36.050,-149.144,-64.400,Roll
-0.939,-0.236,0.550,-65.459,-286.685,-210.254,Roll
-0.496,-0.168,-0.193,-36.811,-286.685,-286.685,Roll
0.645,0.038,-0.812,176.557,-286.685,-267.864,Roll
1.558,0.224,-0.079,286.685,-286.685,-74.559,Roll
1.826,-0.286,1.565,265.790,-285.784,-76.186,Roll
1.166,-0.532,0.976,-73.080,-59.719,-31.701,Roll
1.203,-0.421,0.104,-66.622,241.378,-21.009,Roll
0.826,-0.048,0.393,4.323,286.685,31.841,Roll
0.344,-0.082,0.486,-10.342,286.685,89.058,Roll
0.247,-0.001,0.747,32.970,286.685,73.159,Roll
-0.402,0.309,1.005,-191.826,286.685,70.963,Roll
-0.790,-0.005,0.750,-232.829,286.685,112.796,Roll
-0.988,-0.434,0.818,-21.735,281.190,67.699,Roll
-0.907,-0.400,0.545,14.210,196.971,10.894,Roll
-0.753,-0.244,0.331,-0.166,30.879,-24.587,Roll
-0.794,-0.188,0.647,-34.388,-192.973,-17.552,Roll
-1.142,-0.508,0.491,-60.042,-286.685,-145.740,Roll
-0.648,-0.310,-0.007,-46.384,-286.685,-247.459,Roll
0.571,-0.165,-0.579,135.572,-286.685,-253.986,Roll
1.039,0.323,0.831,286.685,-286.685,-144.874,Roll
1.942,0.038,1.798,95.375,-266.140,-54.119,Roll
1.881,-0.308,0.917,-112.061,80.421,-77.289,Roll
0.989,-0.262,0.838,-76.256,229.469,-20.878,Roll
0.588,-0.156,0.770,-90.886,286.685,77.647,Roll
0.329,-0.084,0.806,-115.859,286.685,101.019,Roll
0.362,-0.027,0.701,-139.221,286.685,87.649,Roll
-0.308,0.140,0.106,-143.553,286.685,89.906,Roll
-0.960,0.383,0.392,-136.999,286.685,38.745,Roll
-1.269,-0.697,0.752,-55.134,286.685,61.364,Roll
-0.973,-0.696,0.118,-21.595,119.411,38.553,Roll
-0.692,-0.449,-0.035,44.616,-16.923,22.251,Roll
-0.454,-0.291,0.376,66.728,-216.527,-31.614,Roll
-0.300,-0.199,0.847,58.275,-286.685,-56.324,Roll
-0.468,-0.186,1.076,33.285,-286.685,-38.631,Roll
-0.417,-0.239,0.914,38.176,-286.685,-38.911,Roll
-0.127,-0.283,0.825,100.800,-286.685,-47.189,Roll
0.403,-0.151,1.036,109.804,-286.685,-57.382,Roll
0.680,-0.136,0.960,71.558,-286.685,-54.285,Roll
0.780,-0.118,0.646,101.701,-286.685,-16.371,Roll
0.872,-0.098,0.521,106.566,-239.068,5.443,Roll
1.044,-0.152,0.629,76.204,-61.206,-7.114,Roll
0.796,-0.052,0.822,26.521,140.490,-23.135,Roll
0.711,-0.088,1.074,-39.287,283.185,-10.159,Roll
0.698,-0.166,1.253,-101.990,286.685,5.758,Roll
0.183,-0.016,0.833,-141.312,286.685,-15.706,Roll
-0.138,0.258,0.734,-195.072,286.685,44.678,Roll
-0.442,-0.256,0.778,-97.379,286.685,71.522,Roll
-0.625,-0.435,0.351,-30.774,286.624,32.751,Roll
-1.066,-0.602,-0.000,-10.395,140.061,13.895,Roll
-0.856,-0.221,0.201,45.894,-160.580,37.494,Roll
-0.849,-0.269,0.810,19.066,-286.685,-33.145,Roll
-0.654,-0.252,0.770,-49.569,-286.685,-84.009,Roll
0.053,0.189,-0.214,-2.459,-286.685,-111.073,Roll
1.174,0.284,0.193,286.326,-286.685,-33.057,Roll
1.416,-0.423,1.972,173.163,-286.685,14.621,Roll
1.454,-0.464,1.337,-106.636,-250.250,-20.624,Roll
0.911,-0.289,0.358,-209.309,74.007,-28.052,Roll
1.042,0.025,0.207,-99.085,286.598,50.409,Roll
0.679,-0.101,0.625,-61.355,286.685,132.335,Roll
0.390,-0.224,0.705,-29.636,286.685,107.809,Roll
0.108,-0.284,0.769,16.380,286.685,65.467,Roll
-0.516,-0.104,0.637,35.822,286.685,15.382,Roll
-0.567,-0.107,0.525,-139.702,286.685,50.111,Roll
-0.658,-0.293,0.453,-32.252,286.685,67.777,Roll
-1.019,-0.479,0.577,22.566,232.724,49.560,Roll
-1.036,-0.363,0.470,22.680,-145.364,5.521,Roll
-1.111,-0.152,0.467,-27.886,-286.685,-50.654,Roll
-0.892,-0.346,0.885,-27.816,-286.685,-143.929,Roll
-0.596,-0.396,0.630,-45.229,-286.685,-179.533,Roll
-0.090,-0.184,0.091,81.331,-286.685,-162.426,Roll
0.483,-0.176,0.231,266.919,-286.685,-103.740,Roll
1.149,-0.187,0.965,190.951,-286.685,-73.745,Roll
1.171,-0.152,1.111,-26.915,-149.467,-68.994,Roll
0.760,-0.318,0.838,-59.404,178.911,-17.535,Roll
0.992,-0.199,0.701,-18.086,250.294,8.557,Roll
0.931,-0.013,1.084,13.344,286.685,46.322,Roll
0.629,-0.095,1.587,-36.514,286.685,71.838,Roll
0.008,-0.071,1.171,-138.364,286.685,52.824,Roll
-0.303,-0.107,0.665,-230.965,286.685,37.546,Roll
-0.515,-0.052,0.062,-220.360,286.685,75.626,Roll
-0.547,-0.084,0.118,-64.601,286.685,114.161,Roll
-0.823,-0.492,0.518,37.284,265.939,88.567,Roll
-0.977,-0.544,0.592,11.042,42.717,39.708,Roll
-0.876,-0.235,0.466,-51.721,-285.976,-64.802,Roll
-0.834,-0.111,0.287,-101.159,-286.685,-192.360,Roll
-0.666,-0.115,-0.196,-58.144,-286.685,-272.247,Roll
0.214,0.091,-0.435,143.386,-286.685,-251.633,Roll
0.886,0.015,0.828,284.261,-286.685,-135.275,Roll
1.197,-0.301,1.475,231.227,-258.598,-114.844,Roll
1.385,-0.506,1.458,-28.858,25.288,-110.933,Roll
0.870,-0.571,1.308,-101.605,257.652,-60.130,Roll
0.736,-0.256,0.951,-112.796,286.685,46.655,Roll
0.584,-0.195,0.928,-94.159,286.685,112.963,Roll
0.265,-0.107,0.686,-90.046,286.685,153.738,Roll
-0.361,0.050,0.294,-116.331,286.685,165.559,Roll
-0.702,0.009,0.330,-94.159,286.685,182.980,Roll
-1.021,-0.312,0.741,-23.940,286.685,154.971,Roll
-1.025,-0.629,0.852,11.515,166.714,56.814,Roll
-0.684,-0.348,0.269,-24.614,-104.790,-50.838,Roll
-0.768,-0.153,0.311,-38.202,-286.685,-159.644,Roll
-0.928,-0.231,0.585,-48.291,-286.685,-244.738,Roll
-0.859,-0.211,0.112,4.996,-286.685,-286.685,Roll
0.063,-0.184,0.154,216.869,-286.685,-256.987,Roll
0.846,-0.145,0.912,286.685,-286.685,-121.301,Roll
0.906,-0.479,1.632,117.539,-286.685,30.371,Roll
1.285,-0.293,0.937,-70.753,-152.057,4.515,Roll
1.020,-0.291,0.750,-59.447,24.386,17.054,Roll
0.773,-0.274,0.668,-20.055,128.721,24.054,Roll
0.487,-0.210,0.486,-0.350,285.845,39.952,Roll
0.358,-0.174,0.934,-9.844,286.685,31.815,Roll
0.191,-0.006,1.180,-24.097,286.685,2.879,Roll
-0.440,0.078,0.849,-210.989,286.685,28.849,Roll
-0.478,-0.261,0.562,-205.301,286.685,131.906,Roll
-0.683,-0.552,0.609,-17.465,260.295,78.619,Roll
-1.096,-0.653,0.635,-5.609,54.583,-23.319,Roll
-1.075,-0.381,0.597,-37.546,-172.515,-80.369,Roll
-1.162,-0.320,0.363,-70.700,-286.685,-181.081,Roll
-0.608,-0.214,-0.157,-43.111,-286.685,-275.511,Roll
0.753,0.066,-0.565,76.982,-286.685,-254.345,Roll
1.007,-0.141,0.672,220.876,-286.685,-115.544,Roll
0.873,-0.253,0.702,208.749,-286.685,-82.889,Roll
1.502,-0.528,0.986,36.452,-191.800,-69.204,Roll
1.165,-0.564,0.516,-27.353,75.827,-76.545,Roll
0.805,-0.275,0.298,21.376,280.647,-23.065,Roll
0.478,-0.271,0.404,41.361,286.685,83.300,Roll
0.286,-0.150,0.930,85.925,286.685,63.438,Roll
-0.064,0.062,1.425,77.499,286.685,63.639,Roll
-0.267,0.311,1.364,-121.082,286.685,81.891,Roll
-1.057,-0.368,0.974,-171.413,286.685,82.302,Roll
-1.117,-0.471,0.980,-59.903,227.036,41.606,Roll
-0.743,-0.346,0.865,-30.608,154.201,-34.764,Roll
-0.409,-0.271,0.553,-67.401,136.658,-108.710,Roll
-0.181,-0.257,0.577,-50.627,110.232,-127.785,Roll
-0.358,-0.222,0.671,-74.191,47.145,-110.967,Roll
-0.670,-0.398,0.524,-105.770,-114.144,-146.221,Roll
-0.977,-0.496,0.149,-1.969,-286.685,-275.161,Roll
-0.413,-0.387,-0.583,79.424,-286.685,-286.685,Roll
0.598,-0.103,-0.257,282.660,-286.685,-276.990,Roll
1.489,-0.079,1.657,286.685,-286.685,-102.935,Roll
1.396,-0.418,1.498,23.476,-173.303,-50.768,Roll
1.505,-0.590,0.601,-91.105,31.955,-68.372,Roll
0.407,-0.678,0.399,-35.193,269.465,56.149,Roll
0.660,-0.347,0.341,-56.236,286.685,147.096,Roll
0.613,-0.263,0.664,-54.049,286.685,190.234,Roll
0.144,0.022,0.416,4.532,286.685,202.440,Roll
-0.601,0.252,0.610,-73.246,286.685,197.374,Roll
-1.651,-0.556,0.559,-38.132,286.685,139.982,Roll
-1.831,-0.586,0.455,-40.022,142.984,77.219,Roll
-1.540,-0.007,0.509,-55.116,-240.231,-27.676,Roll
-1.106,0.061,-0.223,-174.116,-286.685,-286.265,Roll
0.304,-0.044,-1.375,-72.389,-286.685,-286.685,Roll
1.650,0.468,-0.713,269.544,-286.685,-190.417,Roll
0.529,-0.430,1.669,152.609,-286.685,-80.360,Roll
0.812,-0.354,0.924,13.913,-206.141,-105.761,Roll
1.013,-0.426,0.046,-8.951,29.234,-111.423,Roll
1.301,-0.231,0.116,51.800,286.685,-69.107,Roll
0.835,0.064,1.045,137.708,286.685,-14.604,Roll
0.762,0.013,1.784,65.170,286.685,41.361,Roll
-0.644,0.188,1.567,-113.802,286.685,85.969,Roll
-1.231,-0.102,0.875,-260.050,286.685,157.211,Roll
-1.970,-0.680,0.780,-47.889,240.432,48.361,Roll
-1.388,-0.208,0.677,-35.989,21.035,-49.849,Roll
-0.848,-0.128,0.393,-73.080,-71.199,-133.035,Roll
-0.336,-0.139,0.339,-52.500,-180.460,-168.245,Roll
-0.325,-0.220,0.673,-35.717,-270.856,-115.272,Roll
-0.401,-0.411,0.895,-60.112,-286.685,-62.309,Roll
-0.509,-0.381,0.416,-82.154,-286.685,-78.820,Roll
-0.242,-0.267,-0.035,-29.881,-286.685,-123.253,Roll
0.056,-0.152,-0.159,-24.036,-286.685,-127.916,Roll
0.132,-0.163,-0.160,7.079,-286.685,-127.689,Roll
0.302,-0.225,-0.220,123.707,-286.685,-99.374,Roll
1.078,-0.184,0.475,264.819,-286.685,-86.634,Roll
1.429,-0.258,0.709,102.130,-136.167,-132.335,Roll
1.413,-0.299,0.388,27.956,28.630,-137.480,Roll
1.059,-0.382,0.514,26.933,132.755,-125.353,Roll
1.150,-0.135,0.934,15.286,285.565,-136.465,Roll
1.209,-0.130,1.532,-91.079,286.685,-109.777,Roll
0.908,0.080,1.570,-203.271,286.685,-37.415,Roll
0.562,0.263,1.195,-264.408,286.685,-2.931,Roll
-0.073,0.113,0.274,-286.580,286.685,128.231,Roll
-0.472,-0.279,0.403,-128.327,286.685,161.254,Roll
-0.923,-0.516,0.464,25.174,286.685,69.580,Roll
-1.235,-0.663,0.593,16.616,195.029,14.385,Roll
-1.578,-0.419,0.320,-29.671,-130.699,-50.741,Roll
-1.195,-0.230,0.191,-102.296,-286.685,-228.217,Roll
-0.509,-0.049,-0.212,-128.546,-286.685,-286.685,Roll
-0.034,-0.133,-0.895,81.603,-286.685,-286.685,Roll
1.385,0.361,-0.507,286.685,-286.685,-267.986,Roll
1.773,0.221,1.265,286.685,-286.685,-68.941,Roll
1.383,-0.328,1.090,133.542,-269.159,-48.869,Roll
1.375,-0.190,0.737,-1.724,-57.671,1.278,Roll
0.855,-0.361,0.596,-33.574,218.759,104.668,Roll
0.919,-0.238,0.647,-12.722,286.685,135.555,Roll
0.764,-0.282,0.838,-5.679,286.685,143.762,Roll
0.265,-0.341,0.825,-21.997,286.685,144.113,Roll
-0.063,0.145,0.324,-198.196,286.685,130.786,Roll
-0.768,-0.047,0.009,-91.061,286.685,195.361,Roll
-1.133,-0.568,0.902,59.334,277.217,104.326,Roll
-1.671,-0.689,0.872,2.170,54.810,42.429,Roll
-1.441,-0.206,0.413,-67.865,-280.131,-33.101,Roll
-1.099,-0.037,0.084,-164.579,-286.685,-276.281,Roll
-0.741,0.043,-0.178,-212.152,-286.685,-286.685,Roll
0.137,0.132,-1.246,-42.621,-286.685,-286.685,Roll
1.078,0.103,-0.340,285.521,-286.685,-227.351,Roll
1.265,-0.250,1.373,286.685,-286.685,-76.221,Roll
1.999,-0.195,1.668,81.095,-178.045,-123.664,Roll
1.948,-0.305,0.752,-103.871,177.695,-19.548,Roll
0.595,-0.445,0.544,-159.836,286.685,218.592,Roll
0.542,-0.196,0.003,-61.819,286.685,286.029,Roll
-0.493,-0.080,0.481,85.811,286.685,243.005,Roll
-0.661,-0.022,0.616,-4.751,286.685,184.564,Roll
-1.306,-0.247,0.683,10.141,286.685,107.651,Roll
-1.068,-0.385,0.763,36.417,284.288,37.625,Roll
-1.294,-0.418,0.445,-34.904,193.821,53.839,Roll
-1.348,-0.293,0.324,-33.819,-64.033,39.217,Roll
-1.198,-0.165,0.457,-52.447,-262.019,-44.266,Roll
-1.120,-0.164,0.431,-134.575,-286.685,-204.557,Roll
-0.661,-0.202,-0.007,-86.310,-286.685,-286.685,Roll
-0.092,-0.335,-0.113,32.576,-286.685,-285.661,Roll
0.477,-0.347,0.328,135.135,-286.685,-212.494,Roll
0.601,-0.142,0.830,131.635,-286.685,-124.276,Roll
0.686,-0.279,0.520,151.541,-286.685,-33.268,Roll
1.576,-0.226,0.381,19.836,-256.445,-65.494,Roll
1.342,-0.337,0.228,-10.351,-88.603,-58.389,Roll
0.991,-0.477,0.617,-8.015,133.595,28.219,Roll
1.005,-0.447,0.437,-17.710,282.467,72.739,Roll
0.692,-0.438,0.523,-4.401,286.685,88.436,Roll
0.329,-0.283,0.679,-20.554,286.685,91.052,Roll
-0.133,-0.144,1.159,-38.325,286.685,107.503,Roll
-0.298,0.072,0.935,-153.947,286.685,158.244,Roll
-0.929,-0.228,0.668,-82.924,286.685,145.075,Roll
-1.148,-0.410,0.595,-18.095,286.685,75.066,Roll
-1.182,-0.389,-0.013,-37.362,184.398,10.526,Roll
-1.156,-0.341,-0.019,-13.204,-127.601,-78.277,Roll
-1.188,-0.233,0.325,5.189,-285.932,-156.625,Roll
-0.724,-0.232,0.079,-29.295,-286.685,-264.171,Roll
-0.383,-0.295,-0.247,52.159,-286.685,-286.571,Roll
0.242,-0.113,-0.550,246.654,-286.685,-258.274,Roll
1.081,0.089,0.433,286.685,-286.685,-88.113,Roll
0.993,-0.091,1.018,274.103,-286.685,2.231,Roll
1.836,-0.290,1.054,118.186,-286.615,-72.835,Roll
1.486,-0.390,0.504,-40.600,-156.695,-97.755,Roll
1.072,-0.193,0.262,-16.949,56.420,-112.271,Roll
1.049,0.105,0.796,-0.018,121.170,-120.146,Roll
1.266,0.185,1.112,-61.635,272.177,-71.269,Roll
1.436,0.180,1.145,-189.149,286.685,15.916,Roll
0.853,0.307,0.599,-286.519,286.685,101.728,Roll
0.601,0.243,0.412,-284.944,286.685,169.776,Roll
0.276,-0.004,0.143,-196.936,286.685,216.003,Roll
-0.203,0.038,-0.075,-70.866,286.685,166.819,Roll
-0.758,-0.050,0.280,-43.794,286.685,165.095,Roll
-1.149,-0.338,0.322,-53.533,284.139,176.872,Roll
-1.574,-0.436,0.413,-7.499,29.864,110.189,Roll
-1.665,-0.302,0.597,-30.362,-264.241,-40.136,Roll
-1.047,-0.166,0.494,-113.715,-286.685,-237.825,Roll
-0.302,-0.090,-0.143,-46.042,-286.685,-286.685,Roll
-0.001,-0.099,-0.344,194.827,-286.685,-255.202,Roll
0.689,-0.037,-0.141,282.030,-286.685,-161.761,Roll
1.183,0.050,0.509,208.136,-286.685,-123.839,Roll
1.649,-0.117,1.266,161.009,-275.065,-137.629,Roll
1.439,-0.289,1.215,-24.675,-102.751,-126.516,Roll
1.358,-0.131,0.990,-139.807,232.041,-54.504,Roll
1.280,-0.023,1.023,-164.019,286.685,15.960,Roll
0.973,0.054,0.722,-181.239,286.685,92.216,Roll
0.671,0.106,0.376,-194.049,286.685,119.061,Roll
0.251,0.103,0.335,-200.506,286.685,163.117,Roll
-0.225,-0.033,0.183,-171.036,286.685,168.227,Roll
-0.955,-0.184,0.346,-80.220,286.685,152.670,Roll
-1.020,-0.427,0.395,-57.120,281.006,99.759,Roll
-1.110,-0.419,0.322,-22.094,80.194,50.811,Roll
-1.416,-0.358,0.439,-23.835,-144.182,17.316,Roll
-1.441,-0.275,0.693,-45.307,-285.092,-55.143,Roll
-1.103,-0.184,0.140,-101.036,-286.685,-214.725,Roll
-0.436,-0.148,-0.000,16.800,-286.685,-283.684,Roll
0.515,-0.227,0.511,114.879,-286.685,-234.727,Roll
0.742,-0.192,0.557,101.911,-286.685,-141.234,Roll
1.052,-0.503,0.309,165.812,-286.685,-36.199,Roll
1.253,-0.424,0.431,145.075,-286.606,-36.951,Roll
1.502,-0.307,0.678,59.465,-83.081,9.257,Roll
0.904,-0.434,0.231,35.866,285.941,107.879,Roll
0.705,-0.126,0.485,34.011,286.685,166.758,Roll
0.246,0.141,0.727,-12.565,286.685,195.318,Roll
-0.111,0.232,0.383,-92.085,286.685,223.834,Roll
-0.862,0.176,0.303,-79.984,286.685,266.271,Roll
-1.663,-0.343,0.779,30.205,286.685,202.711,Roll
-1.532,-0.418,0.533,-0.166,275.975,142.826,Roll
-1.277,-0.299,-0.111,-14.175,15.951,-27.834,Roll
-1.514,-0.126,0.032,19.775,-282.879,-236.827,Roll
-1.331,0.029,0.355,-81.357,-286.685,-286.685,Roll
-0.499,0.097,-0.129,-42.700,-286.685,-286.685,Roll
0.066,-0.003,-0.279,68.626,-286.685,-286.685,Roll
0.964,-0.060,0.080,92.689,-286.685,-286.685,Roll
1.063,-0.337,0.720,191.852,-286.527,-194.023,Roll
1.298,-0.348,1.032,96.442,-109.961,-74.567,Roll
1.619,-0.320,1.182,-60.961,210.613,25.629,Roll
1.213,-0.241,0.907,-138.775,286.685,170.012,Roll
0.865,0.079,0.560,-135.380,286.685,256.384,Roll
-0.237,0.263,-0.136,-157.255,286.685,286.685,Roll
-0.880,-0.016,-0.166,-168.525,286.685,278.040,Roll
-1.331,-0.445,0.458,-44.004,286.685,220.404,Roll
-1.048,-0.524,0.519,15.592,286.685,100.835,Roll
-1.213,-0.628,0.149,18.515,101.649,11.996,Roll
-1.227,-0.450,0.150,21.753,-218.951,-123.270,Roll
-1.365,-0.291,0.376,35.849,-286.685,-226.634,Roll
-0.877,-0.191,-0.036,-2.188,-286.685,-286.685,Roll
-0.209,0.003,-0.527,192.474,-286.685,-271.040,Roll
1.409,0.352,-0.387,286.685,-286.685,-149.398,Roll
1.160,-0.251,1.224,229.023,-286.685,-29.584,Roll
1.217,-0.421,0.918,109.576,-169.295,-59.518,Roll
1.040,-0.470,0.915,3.841,31.316,-68.180,Roll
1.080,-0.343,0.923,-55.423,258.388,-74.305,Roll
0.922,0.011,1.144,-46.734,286.685,-79.012,Roll
0.787,0.078,0.755,-127.698,286.685,50.286,Roll
0.159,0.183,0.577,-105.691,286.685,112.262,Roll
-0.231,0.027,0.637,-276.045,286.685,168.464,Roll
-0.549,-0.123,0.312,-248.334,286.685,204.199,Roll
-0.900,-0.365,0.474,-96.390,285.022,190.146,Roll
-1.115,-0.561,0.578,-63.507,143.850,111.134,Roll
-1.216,-0.368,0.106,-61.294,-111.055,-16.739,Roll
-1.354,-0.387,0.153,-32.270,-263.288,-155.330,Roll
-1.263,-0.320,0.612,-13.886,-286.685,-237.746,Roll
-1.011,-0.248,0.267,-64.838,-286.685,-286.685,Roll
-0.450,0.088,-0.342,85.864,-286.685,-286.685,Roll
1.050,0.616,-0.234,229.985,-286.685,-286.685,Roll
1.392,-0.003,0.499,182.753,-286.685,-207.253,Roll
1.564,-0.144,0.662,235.883,-260.330,-207.025,Roll
1.835,-0.136,1.228,143.220,-224.700,-141.610,Roll
1.538,-0.363,1.114,-34.449,-1.286,-127.190,Roll
1.402,-0.052,1.155,-86.765,244.178,-90.309,Roll
1.175,0.193,1.513,-198.511,286.685,104.545,Roll
1.043,0.399,0.281,-286.685,286.685,286.580,Roll
0.545,0.155,0.000,-257.005,286.685,286.685,Roll
-0.052,0.071,-0.296,-185.106,286.685,286.685,Roll
-0.590,0.027,-0.260,-42.857,286.685,237.589,Roll
-1.181,-0.334,0.309,68.845,286.685,104.221,Roll
-1.207,-0.595,0.675,74.541,286.685,84.779,Roll
-1.182,-0.603,0.514,46.611,162.286,5.801,Roll
-1.292,-0.286,0.341,13.921,-182.429,-104.711,Roll
-1.408,-0.272,0.245,-51.362,-286.685,-243.163,Roll
-0.676,-0.201,-0.421,40.757,-286.685,-286.685,Roll
-0.027,-0.062,-0.666,279.764,-286.685,-275.100,Roll
1.437,0.688,-0.151,286.685,-286.685,-191.083,Roll
1.047,-0.073,1.769,284.331,-286.685,-68.101,Roll
1.181,0.022,1.322,214.646,-195.764,-76.361,Roll
1.340,-0.067,1.914,-15.068,1.837,-69.291,Roll
1.288,-0.112,1.810,-176.269,210.788,41.781,Roll
1.073,0.116,0.764,-253.400,286.685,143.273,Roll
0.753,0.309,0.132,-241.010,286.685,233.074,Roll
0.196,0.205,-0.005,-182.499,286.685,286.685,Roll
-0.178,0.187,-0.022,-134.732,286.685,273.892,Roll
-1.183,-0.073,0.266,-44.940,286.685,190.164,Roll
-1.349,-0.543,0.607,7.858,262.666,107.494,Roll
-1.212,-0.378,0.254,-1.033,96.224,38.780,Roll
-1.157,-0.166,0.140,13.597,-140.429,-93.074,Roll
-1.134,-0.127,0.318,8.592,-279.212,-195.107,Roll
-0.998,-0.157,0.008,-42.201,-286.685,-286.615,Roll
-0.135,0.038,-0.395,111.764,-286.685,-286.685,Roll
0.684,0.185,-0.276,286.685,-286.685,-277.594,Roll
1.650,0.542,0.732,286.685,-286.685,-42.368,Roll
1.813,0.106,1.403,239.697,-286.685,-34.536,Roll
1.879,0.040,0.782,91.254,-286.685,-27.081,Roll
1.280,-0.124,0.320,76.274,-254.327,-35.752,Roll
1.205,0.112,0.314,84.079,-109.174,-55.265,Roll
1.307,0.242,0.682,43.986,38.010,-78.312,Roll
1.551,0.380,1.278,-111.423,285.311,37.450,Roll
1.108,0.235,0.860,-282.065,286.685,148.488,Roll
0.735,0.290,0.250,-286.685,286.685,217.796,Roll
0.494,0.078,0.107,-286.685,286.685,256.401,Roll
0.279,0.043,0.088,-164.238,286.685,286.422,Roll
-0.620,-0.123,0.212,-22.558,286.685,217.438,Roll
-0.912,-0.519,0.716,61.399,285.591,50.838,Roll
-0.798,-0.592,0.262,-7.840,208.766,15.260,Roll
-0.490,-0.026,-0.288,0.998,73.194,48.685,Roll
-1.731,-0.837,0.578,-4.751,-182.009,-110.661,Roll
-1.116,0.257,-0.000,-77.997,-286.685,-284.392,Roll
-0.312,0.348,-0.367,-3.150,-286.685,-286.685,Roll
0.420,0.042,-0.588,223.178,-286.685,-286.685,Roll
0.997,0.551,-0.275,286.685,-286.685,-279.038,Roll
1.986,0.212,1.546,286.510,-286.685,-90.405,Roll
1.813,-0.520,1.058,89.442,-286.685,-136.124,Roll
1.515,-0.360,0.540,84.079,-284.900,-205.765,Roll
1.292,-0.071,0.326,37.940,2.537,-136.246,Roll
1.650,0.332,0.592,18.375,248.841,-89.022,Roll
1.506,0.244,1.256,-155.076,286.685,92.846,Roll
1.059,0.475,0.656,-243.014,286.685,203.805,Roll
0.489,0.423,0.171,-209.379,286.685,215.521,Roll
-0.148,0.093,0.384,-131.574,286.685,200.349,Roll
-0.319,-0.015,-0.027,-161.674,286.685,141.741,Roll
-0.771,0.063,-0.094,-80.027,286.685,108.692,Roll
-1.297,-0.469,-0.002,22.435,286.685,54.399,Roll
-1.321,-0.664,0.044,53.638,286.685,76.921,Roll
-1.324,-0.300,0.146,32.568,41.764,82.714,Roll
-1.385,0.033,0.611,-33.066,-285.145,-0.665,Roll
-1.273,0.104,0.630,-150.290,-286.685,-205.467,Roll
-1.007,0.183,0.169,-87.579,-286.685,-286.685,Roll
-0.108,0.012,-0.108,77.910,-286.685,-286.326,Roll
0.393,0.008,0.384,106.942,-286.685,-221.751,Roll
0.694,-0.140,1.152,83.309,-286.685,-157.273,Roll
1.282,-0.347,0.237,60.340,-286.685,-123.051,Roll
1.291,-0.312,0.196,72.012,-286.685,-139.764,Roll
1.050,-0.106,0.175,79.319,-286.685,-125.991,Roll
1.173,0.167,-0.010,50.006,-178.071,-89.058,Roll
1.830,0.217,0.315,37.634,132.492,-14.849,Roll
1.876,0.261,0.768,-48.545,286.685,76.449,Roll
1.378,0.185,1.105,-157.789,286.685,139.851,Roll
0.856,0.117,0.724,-283.071,286.685,227.045,Roll
0.754,0.149,0.207,-241.938,286.685,286.562,Roll
0.334,0.040,0.096,-140.639,286.685,286.685,Roll
-0.131,0.193,-0.298,-88.366,286.685,286.685,Roll
-0.915,-0.020,-0.083,15.409,286.685,205.678,Roll
-1.261,-0.408,0.208,62.597,286.562,73.404,Roll
-1.330,-0.513,0.111,-2.047,159.967,73.071,Roll
-1.611,-0.245,-0.003,-23.494,-23.266,57.103,Roll
-1.556,0.032,0.431,-46.165,-286.659,-95.060,Roll
-1.048,0.180,0.291,-108.990,-286.685,-284.515,Roll
-0.208,-0.021,0.010,-5.635,-286.685,-286.685,Roll
0.042,-0.138,-0.162,104.256,-286.685,-286.685,Roll
0.428,0.033,-0.139,163.660,-286.685,-286.685,Roll
0.900,0.311,0.330,222.276,-286.685,-242.970,Roll
1.582,-0.098,0.581,146.020,-286.685,-202.370,Roll
1.651,-0.171,0.088,26.740,-286.685,-239.155,Roll
1.416,-0.110,-0.238,16.765,-189.245,-187.460,Roll
1.435,0.288,0.151,17.351,9.502,-91.289,Roll
1.946,0.442,0.476,-41.143,284.296,61.994,Roll
1.999,0.434,0.859,-142.467,286.685,198.826,Roll
1.675,0.446,1.132,-281.190,286.685,286.685,Roll
0.815,0.436,0.212,-286.685,286.685,286.685,Roll
0.585,0.163,-0.568,-283.185,286.685,286.685,Roll
0.111,0.191,-0.163,-8.829,286.685,286.685,Roll
-0.799,0.192,0.162,24.517,286.685,274.330,Roll
-1.364,-0.107,-0.111,-14.420,286.685,152.434,Roll
-1.430,-0.534,-0.252,-2.319,286.685,86.861,Roll
-1.488,-0.349,-0.317,4.611,97.991,85.059,Roll
-1.454,0.028,0.025,40.320,-283.911,-65.739,Roll
-1.328,0.176,0.173,-75.757,-286.685,-286.064,Roll
-0.500,0.161,-0.141,-100.363,-286.685,-286.685,Roll
0.091,0.109,-0.406,41.213,-286.685,-286.685,Roll
0.542,0.193,0.183,263.358,-286.685,-286.230,Roll
1.104,0.239,0.646,210.840,-286.685,-212.643,Roll
1.999,-0.223,0.613,109.095,-286.685,-268.161,Roll
1.711,-0.373,0.459,21.131,-279.475,-268.712,Roll
1.551,-0.238,0.268,-5.119,-76.099,-174.641,Roll
1.877,0.137,1.044,-24.316,192.290,7.534,Roll
1.999,0.271,1.083,-168.674,286.685,272.142,Roll
1.694,0.550,0.704,-239.855,286.685,286.685,Roll
0.826,0.432,-0.048,-237.860,286.685,286.685,Roll
0.466,0.215,-0.371,-121.266,286.685,286.685,Roll
-0.345,0.227,-0.131,59.491,286.685,286.685,Roll
-0.965,0.175,0.100,103.460,286.685,221.821,Roll
-1.425,-0.381,0.007,32.874,286.685,66.509,Roll
-1.346,-0.364,-0.374,-4.515,282.669,61.670,Roll
-1.229,-0.054,-0.212,19.495,-49.210,0.464,Roll
-1.318,-0.028,0.019,-38.054,-283.701,-124.521,Roll
-1.040,-0.081,0.199,-71.540,-286.685,-282.765,Roll
-0.460,-0.092,-0.021,-61.075,-286.685,-286.685,Roll
-0.028,-0.007,-0.239,115.859,-286.685,-286.685,Roll
0.419,0.100,-0.137,183.697,-286.685,-234.500,Roll
1.117,0.358,0.456,286.099,-286.685,-78.881,Roll
1.999,-0.491,0.728,159.197,-286.685,-117.749,Roll
1.828,-0.196,0.462,-9.144,-286.685,-164.036,Roll
1.521,-0.244,-0.059,-29.278,-174.624,-181.431,Roll
1.595,0.079,0.222,31.299,16.336,-158.314,Roll
1.853,0.324,0.734,-8.365,261.800,-37.800,Roll
1.906,0.408,0.949,-115.272,286.685,123.130,Roll
1.520,0.379,0.671,-212.905,286.685,244.466,Roll
0.950,0.365,0.157,-283.281,286.685,278.408,Roll
0.509,-0.112,0.063,-249.462,286.685,286.685,Roll
0.180,-0.065,0.203,-187.110,286.685,284.480,Roll
-0.433,-0.142,0.267,-179.314,286.685,270.568,Roll
-0.593,-0.063,-0.315,-111.685,286.685,167.510,Roll
-1.517,-0.708,-0.436,-22.663,263.226,64.435,Roll
-1.464,-0.491,0.440,-32.357,-73.955,-181.930,Roll
-1.480,-0.262,0.028,-56.088,-281.286,-286.195,Roll
-1.085,-0.053,-0.502,-74.471,-286.685,-286.685,Roll
-0.537,0.269,-0.814,79.214,-286.685,-286.685,Roll
0.325,0.526,-0.446,286.405,-286.685,-286.685,Roll
1.768,0.395,0.234,286.685,-286.685,-258.807,Roll
1.230,-0.680,0.241,231.805,-286.685,-248.518,Roll
1.570,-0.137,0.118,192.202,-262.098,-286.685,Roll
1.999,0.523,0.410,64.435,-207.077,-286.685,Roll
1.823,0.282,0.218,45.841,-47.854,-230.641,Roll
1.695,0.633,0.666,22.173,120.304,-95.664,Roll
1.791,0.446,0.603,-108.885,286.685,218.523,Roll
1.925,0.401,0.935,-134.470,286.685,286.685,Roll
1.178,0.624,0.722,-251.641,286.685,286.685,Roll
0.396,0.186,0.133,-256.401,286.685,286.685,Roll
0.239,-0.061,0.180,-209.151,286.685,286.685,Roll
-0.121,-0.116,0.521,-157.570,286.685,286.685,Roll
-0.844,-0.130,0.567,-177.398,286.685,282.608,Roll
-0.848,-0.216,0.233,-179.681,286.685,160.939,Roll
-1.040,-0.221,-0.097,-146.746,286.685,13.956,Roll
-1.270,-0.201,-0.523,-74.419,162.102,-176.216,Roll
-1.244,-0.086,-0.638,33.740,-92.146,-286.685,Roll
-1.166,0.038,-0.885,125.589,-286.685,-286.685,Roll
-0.503,0.273,-1.050,286.353,-286.685,-286.685,Roll
0.443,0.516,-0.573,286.685,-286.685,-286.685,Roll
1.204,0.766,0.640,286.685,-286.685,-286.685,Roll
1.972,0.294,1.192,286.685,-202.169,-284.340,Roll
1.998,-0.043,0.608,253.479,27.239,-169.645,Roll
1.759,-0.386,0.851,224.560,40.792,-110.863,Roll
1.733,-0.065,1.598,73.806,110.364,-28.805,Roll
1.388,0.298,1.425,-143.500,267.295,173.092,Roll
1.309,0.567,0.862,-286.685,286.685,286.685,Roll
0.640,0.650,0.270,-286.685,286.685,286.685,Roll
-0.230,0.288,-0.246,-244.405,286.685,286.685,Roll
-0.490,0.002,-0.013,-181.641,286.685,286.685,Roll
-0.955,-0.223,0.312,-140.691,286.685,286.685,Roll
-1.193,-0.319,0.309,-125.466,285.136,274.304,Roll
-1.394,-0.275,0.029,-49.490,120.199,110.451,Roll
-1.424,-0.136,0.134,3.719,-41.344,-38.019,Roll
-1.393,-0.035,0.039,-21.962,-269.614,-282.135,Roll
-1.311,0.324,-0.438,-12.084,-286.685,-286.685,Roll
-0.437,0.761,-0.508,141.190,-286.685,-286.685,Roll
0.277,0.821,-0.137,273.367,-286.685,-286.685,Roll
1.160,0.578,0.262,286.685,-286.685,-286.685,Roll
1.323,-0.180,0.422,213.587,-286.685,-286.685,Roll
1.594,-0.017,0.638,263.095,-286.685,-286.606,Roll
1.999,-0.041,-0.161,15.523,-244.545,-224.061,Roll
1.972,0.261,-0.067,49.420,35.455,-146.842,Roll
1.894,0.395,0.249,81.839,234.727,-51.292,Roll
1.872,0.392,0.871,55.256,286.685,32.804,Roll
1.584,0.476,1.142,-101.806,286.685,195.221,Roll
1.083,0.504,0.756,-269.867,286.685,286.685,Roll
0.587,0.421,0.305,-286.685,286.685,286.685,Roll
0.161,0.030,-0.077,-286.685,286.685,286.685,Roll
-0.626,-0.094,0.294,-131.154,286.685,286.685,Roll
-0.745,-0.352,0.650,-39.384,286.685,268.809,Roll
-0.661,-0.230,0.318,-54.749,286.685,152.574,Roll
-0.652,-0.218,0.084,-40.084,286.431,90.991,Roll
-0.622,-0.233,-0.032,-8.102,202.807,-1.173,Roll
-0.663,-0.141,0.030,-1.724,91.989,-70.341,Roll
-1.050,-0.232,-0.199,14.551,-60.734,-136.360,Roll
-1.332,-0.546,-0.221,127.041,-279.256,-219.048,Roll
-0.946,-0.366,-0.025,174.746,-286.685,-285.530,Roll
-0.554,-0.119,-0.204,181.956,-286.685,-286.685,Roll
0.081,0.030,-0.279,242.839,-286.685,-286.685,Roll
0.595,0.179,0.607,286.685,-286.685,-239.995,Roll
1.047,-0.028,1.672,286.685,-286.685,-143.867,Roll
1.172,-0.189,1.509,73.132,-286.685,-97.851,Roll
1.377,-0.039,0.877,-12.276,-252.691,-119.577,Roll
1.843,-0.061,1.131,-41.029,62.423,-60.725,Roll
1.685,-0.006,1.205,-85.295,286.685,51.056,Roll
1.118,0.081,1.256,-232.837,286.685,253.645,Roll
0.533,0.111,0.707,-286.685,286.685,286.685,Roll
-0.012,0.326,-0.187,-286.580,286.685,286.685,Roll
-0.719,-0.165,-0.129,-128.310,286.685,286.685,Roll
-1.055,-0.373,-0.005,-3.806,286.685,192.666,Roll
-1.299,-0.345,0.063,16.791,218.348,-6.921,Roll
-1.132,-0.233,-0.027,-11.655,83.204,-93.406,Roll
-1.159,0.015,-0.356,-20.177,-207.462,-243.215,Roll
-1.263,-0.087,-0.337,40.670,-286.685,-286.685,Roll
-0.778,0.058,-0.680,139.991,-286.685,-286.685,Roll
0.394,0.226,-0.645,280.936,-286.685,-286.685,Roll
0.889,0.548,-0.079,286.685,-286.685,-254.826,Roll
0.893,0.216,0.533,286.685,-286.685,-146.921,Roll
1.889,0.367,1.247,286.641,-286.247,-240.056,Roll
1.974,-0.201,1.029,-17.684,-31.229,-189.989,Roll
1.525,0.194,0.769,-50.059,182.079,-86.686,Roll
1.276,0.326,1.042,-50.697,266.910,31.413,Roll
1.222,0.271,1.577,-148.391,286.685,160.396,Roll
0.991,0.283,1.340,-286.519,286.685,233.503,Roll
0.813,0.212,0.687,-286.685,286.685,286.379,Roll
0.578,-0.030,0.373,-286.685,286.685,286.685,Roll
0.295,-0.202,0.115,-285.425,286.685,286.685,Roll
-0.198,-0.081,-0.047,-222.652,286.685,286.685,Roll
-0.720,-0.205,-0.365,-145.014,286.685,248.202,Roll
-0.967,-0.310,-0.326,-15.059,251.519,145.495,Roll
-0.927,-0.335,-0.213,40.162,160.387,42.289,Roll
-0.869,-0.299,-0.107,67.270,14.840,-30.844,Roll
-0.950,-0.267,-0.089,44.021,-153.606,-163.529,Roll
-1.062,-0.217,-0.048,168.000,-286.685,-277.629,Roll
-0.826,-0.191,-0.049,252.166,-286.685,-286.685,Roll
-0.376,-0.013,-0.185,286.633,-286.685,-286.685,Roll
0.734,0.448,-0.041,286.685,-286.685,-286.685,Roll
0.750,0.148,0.515,286.414,-286.685,-283.797,Roll
1.999,0.755,0.435,230.781,-286.685,-286.685,Roll
1.999,0.166,0.328,2.494,-256.288,-222.959,Roll
1.999,0.279,0.570,-47.232,36.873,-100.669,Roll
1.949,0.329,1.036,-106.645,263.043,10.833,Roll
1.999,0.336,1.081,-219.152,286.685,188.965,Roll
1.607,0.595,0.697,-286.685,286.685,286.685,Roll
1.058,0.594,0.300,-286.685,286.685,286.685,Roll
0.299,0.081,-0.175,-286.685,286.685,286.685,Roll
0.148,0.021,-0.152,-271.443,286.685,286.685,Roll
-0.307,0.031,-0.365,-164.824,286.685,286.685,Roll
-1.060,0.136,-0.193,-123.261,286.685,277.655,Roll
-1.375,-0.299,-0.243,-54.574,286.615,174.974,Roll
-1.527,-0.298,-0.096,53.051,153.396,88.471,Roll
-1.107,-0.183,-0.183,70.569,-45.439,-63.595,Roll
-1.166,-0.160,0.001,67.673,-272.781,-282.756,Roll
-0.994,0.100,-0.195,183.024,-286.685,-286.685,Roll
-0.462,0.191,-0.482,283.491,-286.685,-286.685,Roll
1.040,0.408,-0.687,286.685,-286.685,-286.685,Roll
1.745,0.190,-0.032,286.685,-286.685,-281.085,Roll
1.999,0.600,1.105,286.685,-286.659,-265.457,Roll
1.999,-0.009,1.566,33.827,-76.781,-107.450,Roll
1.555,0.168,1.003,-101.710,178.736,40.539,Roll
1.737,0.263,0.939,-136.124,286.641,170.800,Roll
1.388,0.343,0.466,-190.260,286.685,285.478,Roll
0.485,0.136,0.105,-163.109,286.685,286.685,Roll
0.101,0.133,-0.243,-146.335,286.685,285.171,Roll
0.079,-0.071,-0.646,-128.984,286.685,264.101,Roll
-0.956,0.100,-0.258,54.626,286.685,187.259,Roll
-1.999,-0.439,0.481,190.452,286.641,38.281,Roll
-1.648,-0.436,0.157,-3.946,63.910,-43.330,Roll
-0.948,-0.317,0.125,0.779,-147.227,-149.336,Roll
-0.767,-0.256,0.099,16.677,-286.685,-184.223,Roll
-0.635,-0.353,0.188,-38.728,-286.685,-215.880,Roll
-0.546,-0.397,-0.048,39.174,-286.685,-215.696,Roll
0.266,-0.188,-0.190,218.173,-286.685,-198.887,Roll
1.322,0.263,0.716,286.685,-286.685,-114.817,Roll
1.260,0.087,1.343,286.685,-286.685,-78.531,Roll
1.730,0.152,0.895,206.089,-285.828,-71.286,Roll
1.561,0.048,0.650,-36.076,-57.566,-52.386,Roll
1.371,0.057,0.422,-77.849,256.008,-26.206,Roll
1.001,-0.050,0.692,-80.325,286.685,41.904,Roll
0.844,-0.003,0.939,-100.511,286.685,90.449,Roll
0.406,0.012,0.875,-206.246,286.685,135.712,Roll
0.002,0.080,0.563,-268.039,286.685,211.435,Roll
-0.214,-0.084,0.475,-261.266,286.685,247.100,Roll
-0.515,-0.163,0.336,-180.101,286.685,195.186,Roll
-0.986,-0.297,0.240,-83.414,239.785,93.931,Roll
-1.235,-0.472,0.332,-25.804,84.604,-27.458,Roll
-1.243,-0.346,0.262,-34.904,-135.258,-168.831,Roll
-1.138,-0.256,0.209,-53.944,-277.550,-274.453,Roll
-1.013,-0.090,-0.261,-71.400,-286.685,-286.685,Roll
-0.286,-0.102,-0.618,14.403,-286.685,-286.685,Roll
0.713,0.308,0.029,272.510,-286.685,-286.685,Roll
1.423,-0.207,0.614,286.519,-286.685,-236.504,Roll
1.861,-0.581,0.798,209.431,-225.671,-111.387,Roll
1.921,-0.454,1.230,147.945,-6.073,-73.264,Roll
1.668,-0.192,0.525,-86.161,141.426,4.410,Roll
1.178,-0.204,0.574,-60.235,284.699,120.855,Roll
0.939,-0.205,0.677,-63.928,286.685,169.549,Roll
0.784,-0.257,0.757,-52.071,286.685,194.967,Roll
0.550,-0.267,0.772,-69.055,286.685,211.505,Roll
0.073,-0.137,0.367,-140.280,286.685,248.325,Roll
-0.221,-0.077,-0.059,-171.238,286.685,268.397,Roll
-0.468,-0.090,-0.069,-104.598,286.685,256.375,Roll
-0.869,-0.264,0.102,-41.037,286.685,201.600,Roll
-1.315,-0.565,0.128,30.905,102.340,69.589,Roll
-1.202,-0.230,0.121,38.404,-244.685,-132.536,Roll
-1.275,-0.084,0.272,-8.347,-286.685,-286.449,Roll
-1.168,-0.029,-0.323,-37.450,-286.685,-286.685,Roll
-0.252,0.111,-0.720,222.626,-286.685,-286.685,Roll
1.385,0.579,0.477,286.685,-286.685,-286.685,Roll
1.585,-0.410,1.068,213.115,-286.685,-233.599,Roll
1.621,-0.317,0.599,213.386,-214.585,-148.374,Roll
1.764,-0.214,0.588,15.041,-135.415,-38.885,Roll
1.677,-0.086,0.536,-6.230,27.991,16.179,Roll
1.446,-0.005,0.650,3.832,141.750,54.766,Roll
1.334,-0.062,0.724,-58.984,286.685,193.008,Roll
1.165,-0.012,0.486,-122.089,286.685,286.685,Roll
0.460,0.090,-0.173,-90.195,286.685,286.685,Roll
-0.009,0.308,-0.431,-46.611,286.685,286.685,Roll
-0.434,0.309,-0.561,-10.946,286.685,286.685,Roll
-1.654,-0.082,0.738,168.508,286.685,229.443,Roll
-1.614,-0.572,0.870,45.789,171.001,11.375,Roll
-1.371,-0.351,-0.002,-54.819,-47.836,-41.326,Roll
-1.106,-0.093,-0.021,-22.531,-286.676,-164.133,Roll
-0.973,-0.080,0.236,-111.921,-286.685,-286.685,Roll
-0.537,-0.184,0.033,-46.751,-286.685,-286.685,Roll
0.041,-0.332,0.018,141.076,-286.685,-286.685,Roll
0.575,-0.077,0.297,286.099,-286.685,-284.681,Roll
1.182,-0.100,0.993,274.094,-286.685,-182.411,Roll
1.805,-0.141,1.843,74.130,-273.875,-129.413,Roll
1.752,-0.127,0.932,-103.959,38.115,7.306,Roll
1.690,-0.169,0.626,-146.029,286.396,195.449,Roll
1.223,-0.011,0.419,-137.664,286.685,286.685,Roll
0.877,0.084,0.021,-121.319,286.685,286.685,Roll
-0.263,0.082,-0.392,-48.020,286.685,286.685,Roll
-0.422,0.149,-0.573,-169.391,286.685,286.685,Roll
-1.201,0.073,-0.173,-60.112,286.685,286.685,Roll
-1.552,-0.316,0.063,63.945,274.575,239.741,Roll
-1.294,-0.346,-0.032,59.850,89.110,145.040,Roll
-1.475,-0.018,-0.063,54.399,-95.856,39.603,Roll
-1.502,0.040,0.546,52.675,-286.283,-135.975,Roll
-1.397,0.001,0.320,-10.517,-286.685,-275.888,Roll
-0.726,0.011,-0.005,53.147,-286.685,-286.685,Roll
0.198,0.075,-0.465,176.068,-286.685,-286.685,Roll
1.207,0.409,0.055,286.685,-286.685,-197.663,Roll
0.918,-0.097,0.910,286.685,-286.685,-50.811,Roll
1.547,0.245,1.540,178.999,-286.685,-58.695,Roll
1.816,0.154,1.109,7.184,-245.236,-60.996,Roll
1.129,-0.185,0.953,-62.982,26.320,-111.116,Roll
1.095,0.118,1.090,-101.859,256.620,-135.476,Roll
1.082,0.357,1.133,-225.680,286.685,-30.354,Roll
0.958,0.498,0.745,-286.685,286.685,106.146,Roll
0.395,0.487,0.599,-286.685,286.685,214.051,Roll
0.298,0.226,0.485,-286.685,286.685,286.580,Roll
-0.123,-0.102,0.355,-224.560,286.685,260.461,Roll
-0.486,-0.315,0.200,-122.588,286.685,181.519,Roll
-0.842,-0.413,0.073,-24.097,277.305,45.911,Roll
-0.862,-0.286,0.382,59.132,102.261,-78.085,Roll
-1.108,-0.290,0.240,20.676,-114.511,-134.400,Roll
-1.093,-0.279,0.374,9.852,-286.685,-194.014,Roll
-0.960,-0.402,0.106,-10.150,-286.685,-237.956,Roll
-0.476,0.000,-0.277,172.480,-286.685,-286.685,Roll
0.675,0.292,0.322,286.685,-286.685,-275.091,Roll
0.806,-0.139,1.131,286.685,-286.685,-127.872,Roll
0.951,0.049,0.515,271.959,-273.682,-108.710,Roll
1.257,0.099,1.120,238.105,-186.839,-101.701,Roll
1.559,0.551,1.133,-4.926,49.954,-153.440,Roll
1.324,0.455,1.372,-95.882,242.812,-25.760,Roll
1.207,0.394,1.616,-227.299,286.685,20.991,Roll
0.988,0.404,1.657,-286.685,286.685,68.215,Roll
0.682,0.157,1.132,-286.685,286.685,156.887,Roll
0.362,0.094,0.663,-286.685,286.685,245.271,Roll
-0.109,0.025,0.174,-282.826,286.685,277.489,Roll
-0.420,-0.036,-0.005,-210.796,286.685,255.666,Roll
-0.761,-0.184,-0.199,-105.656,286.685,174.781,Roll
-0.907,-0.298,-0.117,-18.778,260.418,73.999,Roll
-1.011,-0.336,-0.038,19.644,68.591,-54.346,Roll
-1.312,-0.352,-0.161,89.154,-121.573,-166.521,Roll
-1.332,-0.364,-0.161,98.402,-211.137,-269.763,Roll
-1.086,-0.346,0.037,176.636,-286.685,-286.685,Roll
-0.405,-0.227,-0.046,251.440,-286.685,-286.685,Roll
0.422,0.005,-0.254,286.685,-286.685,-278.845,Roll
1.613,0.516,-0.457,286.685,-286.685,-132.116,Roll
1.708,0.254,1.134,286.685,-286.685,-38.159,Roll
1.975,0.381,1.556,279.851,-239.137,-55.151,Roll
1.572,-0.074,1.526,28.516,-85.592,-45.071,Roll
1.014,-0.009,0.837,-103.434,112.096,-104.825,Roll
1.317,0.164,1.291,-202.694,286.685,-82.810,Roll
1.278,0.479,0.850,-286.685,286.685,109.427,Roll
0.813,0.463,0.574,-286.685,286.685,145.574,Roll
0.198,0.320,-0.159,-286.685,286.685,286.003,Roll
-0.625,-0.410,0.023,-121.634,286.685,274.811,Roll
-0.834,-0.438,0.378,75.723,279.930,78.260,Roll
-0.855,-0.486,0.359,53.725,223.265,13.029,Roll
-0.796,-0.385,0.266,27.834,62.606,-19.005,Roll
-1.000,-0.144,0.236,51.336,-174.003,-70.753,Roll
-1.449,-0.140,0.320,0.403,-286.685,-124.005,Roll
-1.309,-0.213,0.448,29.216,-286.685,-168.884,Roll
-0.409,-0.079,0.137,134.549,-286.685,-204.619,Roll
0.151,-0.128,0.377,280.875,-286.685,-190.400,Roll
1.198,0.212,0.474,286.659,-286.685,-134.374,Roll
1.257,0.258,1.081,286.685,-286.685,-13.352,Roll
1.366,0.120,1.878,130.646,-243.145,21.070,Roll
1.132,-0.117,1.028,-75.696,-130.384,33.320,Roll
1.139,-0.167,1.013,-115.806,31.001,-20.431,Roll
1.335,0.180,1.078,-194.591,221.489,-21.980,Roll
1.210,0.258,1.100,-255.850,286.685,74.865,Roll
0.948,0.142,0.823,-286.685,286.685,150.036,Roll
0.561,0.071,0.300,-282.503,286.685,180.337,Roll
0.201,-0.017,-0.592,-261.844,286.685,213.167,Roll
-0.661,0.267,-0.208,-30.083,286.685,166.889,Roll
-1.181,-0.459,0.377,59.439,286.615,52.167,Roll
-1.046,-0.891,0.699,-22.934,84.630,27.528,Roll
-1.342,-0.550,0.252,-94.544,-164.649,72.975,Roll
-1.021,-0.323,-0.042,-15.873,-286.685,7.122,Roll
-0.846,-0.009,0.384,-10.780,-286.685,-45.946,Roll
-0.621,-0.185,-0.041,-43.146,-286.685,-192.045,Roll
0.127,-0.130,-0.308,159.504,-286.685,-174.869,Roll
1.187,0.297,0.571,286.685,-286.685,-111.939,Roll
1.085,-0.301,1.366,167.510,-286.685,-37.275,Roll
1.148,-0.132,1.453,100.433,-286.449,-11.655,Roll
1.270,-0.377,0.752,-73.929,-57.409,-35.236,Roll
1.037,-0.256,0.337,-86.494,256.935,-18.795,Roll
0.924,-0.166,0.332,-36.347,286.685,27.221,Roll
0.781,-0.090,0.644,14.586,286.685,44.118,Roll
0.305,-0.013,1.136,25.025,286.685,54.373,Roll
-0.029,0.391,1.000,-178.229,286.685,40.478,Roll
-0.848,-0.052,0.637,-205.406,286.685,101.071,Roll
-1.154,-0.206,0.540,-105.717,202.939,62.816,Roll
-1.148,-0.356,0.671,-40.469,126.989,53.244,Roll
-1.000,-0.330,0.382,-55.519,-18.156,4.812,Roll
-1.017,-0.288,0.277,-48.186,-230.895,-63.289,Roll
-0.793,-0.229,0.412,-38.307,-286.685,-149.161,Roll
-0.760,-0.290,0.131,-41.781,-286.685,-205.599,Roll
-0.338,-0.240,-0.244,71.356,-286.685,-212.266,Roll
0.618,0.091,0.343,269.649,-286.685,-219.450,Roll
0.933,-0.115,1.760,196.026,-284.112,-108.019,Roll
1.267,-0.153,1.702,16.879,-35.744,-94.308,Roll
0.989,-0.174,0.933,-124.390,189.753,-34.851,Roll
0.870,-0.213,0.770,-134.750,286.501,28.507,Roll
0.764,-0.123,0.744,-81.909,286.685,65.424,Roll
0.177,-0.194,0.769,-74.769,286.685,73.325,Roll
-0.000,0.090,0.493,-257.985,286.685,65.747,Roll
-0.560,-0.113,0.586,-286.370,286.685,106.391,Roll
-0.956,-0.466,0.149,-244.029,280.359,60.559,Roll
-1.288,-0.661,0.081,-133.525,34.353,-21.726,Roll
-1.100,-0.522,-0.140,-25.130,-211.706,-101.754,Roll
-0.968,-0.473,-0.082,31.675,-286.685,-202.326,Roll
-0.789,-0.453,-0.173,62.632,-286.685,-279.099,Roll
-0.251,-0.287,-0.461,202.799,-286.685,-286.685,Roll
1.145,0.402,-0.371,286.685,-286.685,-282.249,Roll
1.524,-0.143,1.980,286.685,-283.579,-233.791,Roll
1.762,-0.078,1.201,69.160,-30.712,-126.262,Roll
1.621,-0.178,0.847,-70.376,166.504,-32.042,Roll
0.931,-0.222,0.631,-101.579,286.046,16.301,Roll
0.649,-0.019,0.732,-96.661,286.685,85.899,Roll
0.163,-0.053,1.048,-168.140,286.685,118.423,Roll
-0.040,-0.059,0.677,-174.361,286.685,158.305,Roll
-0.328,-0.116,0.814,-152.232,286.685,168.210,Roll
-0.558,-0.227,0.642,-143.605,206.447,116.952,Roll
-0.763,-0.373,0.527,-111.317,28.490,38.062,Roll
-0.824,-0.428,0.297,-63.787,-178.859,-50.015,Roll
-0.613,-0.500,0.217,-10.124,-286.685,-127.216,Roll
-0.437,-0.482,0.256,26.644,-286.685,-173.268,Roll
-0.067,-0.423,0.182,87.596,-286.685,-180.101,Roll
0.458,-0.075,0.494,250.486,-286.685,-129.710,Roll
0.374,-0.472,0.807,267.006,-286.685,-112.368,Roll
1.168,-0.008,0.377,250.609,-286.685,-215.679,Roll
1.884,0.402,-0.070,8.969,-127.076,-286.685,Roll
1.928,1.123,0.525,-53.576,173.259,-234.167,Roll
1.209,-0.126,1.413,-61.355,286.589,-81.349,Roll
1.364,0.704,1.351,-216.921,286.685,0.490,Roll
1.160,0.761,1.410,-286.685,286.685,155.470,Roll
0.395,-0.189,0.661,-286.685,286.685,250.469,Roll
0.066,-0.261,0.703,-286.685,286.685,171.973,Roll
0.051,-0.197,0.710,-286.309,286.685,111.405,Roll
-0.014,-0.152,0.498,-262.185,277.953,108.745,Roll
-0.221,-0.100,0.099,-233.266,155.872,117.635,Roll
-0.576,-0.173,-0.113,-117.338,54.871,83.291,Roll
-0.547,-0.333,-0.036,-46.638,-35.228,6.956,Roll
-0.419,-0.205,-0.109,14.595,-274.076,-116.874,Roll
-0.464,-0.096,-0.636,140.709,-286.685,-151.104,Roll
-0.760,-0.464,-0.563,286.685,-286.685,-93.975,Roll
-1.059,-0.875,-0.128,286.685,-286.685,-193.471,Roll
0.199,0.002,-0.145,286.685,-286.685,-286.685,Roll
1.999,1.997,0.680,184.503,-189.481,-286.685,Roll
1.999,1.837,1.342,57.995,81.139,-61.967,Roll
1.998,0.659,1.069,-134.969,286.685,126.280,Roll
1.237,0.242,1.637,-286.685,286.685,206.867,Roll
-0.055,-0.430,1.377,-286.685,286.685,202.300,Roll
-0.877,-0.546,1.182,-286.685,286.685,114.835,Roll
-0.688,-0.370,1.055,-286.685,286.685,17.456,Roll
-0.304,-0.012,0.568,-264.670,285.022,-10.045,Roll
-0.139,0.040,0.005,-130.812,83.449,-5.084,Roll
-0.168,0.083,-0.351,-73.728,1.295,-3.430,Roll
-0.227,-0.107,-0.562,3.071,-68.889,-18.882,Roll
-0.320,-0.261,-0.646,56.044,-155.426,-84.350,Roll
-0.244,-0.161,-0.465,211.225,-284.366,-162.417,Roll
-0.057,-0.255,-0.552,286.685,-286.685,-148.557,Roll
-0.005,-0.232,-0.373,286.685,-286.685,-142.800,Roll
0.154,0.230,0.456,286.685,-286.685,-159.906,Roll
1.866,1.366,1.933,286.685,-286.685,-244.554,Roll
1.999,1.785,1.951,41.379,-28.192,-96.364,Roll
1.999,1.235,1.494,-223.475,286.685,134.234,Roll
0.976,0.069,1.724,-282.608,286.685,177.179,Roll
0.448,-0.272,1.267,-286.685,286.685,93.231,Roll
0.093,-0.055,1.178,-286.685,286.685,102.961,Roll
-0.007,-0.268,0.738,-286.685,286.685,176.173,Roll
-0.335,-0.395,0.245,-286.685,286.685,181.291,Roll
-0.590,-0.281,-0.059,-254.590,286.685,140.254,Roll
-0.649,-0.259,-0.352,-95.007,248.176,107.747,Roll
-0.765,-0.109,0.087,23.651,4.778,40.714,Roll
-0.733,-0.238,-0.165,150.754,-247.048,-53.428,Roll
-0.945,-0.290,-0.064,98.070,-286.685,-177.476,Roll
-0.852,-0.098,0.050,94.561,-286.685,-238.962,Roll
-0.097,-0.067,0.064,126.560,-286.685,-286.685,Roll
0.778,-0.041,-0.318,195.318,-286.685,-286.598,Roll
1.108,-0.184,0.544,286.685,-286.685,-253.837,Roll
1.708,0.012,1.437,286.492,-286.685,-168.796,Roll
1.767,-0.512,0.730,-24.413,-74.611,-68.591,Roll
1.584,-0.180,0.596,-52.588,170.870,-105.262,Roll
1.259,0.160,1.084,-105.122,286.685,10.255,Roll
1.028,0.038,0.936,-174.081,286.685,103.565,Roll
0.163,0.035,0.427,-165.375,286.685,67.550,Roll
0.207,0.473,0.091,-249.681,286.685,78.531,Roll
-0.644,-0.196,0.593,-198.984,286.685,162.619,Roll
-1.116,-0.425,0.780,-62.755,261.599,100.984,Roll
-1.225,-0.391,0.374,-2.564,66.124,-16.564,Roll
-1.070,-0.359,0.308,-35.350,-85.488,-82.504,Roll
-0.757,-0.272,0.324,-66.115,-276.421,-206.290,Roll
-1.165,-0.352,0.088,-97.475,-286.685,-262.902,Roll
-0.508,-0.340,-0.372,-24.798,-286.685,-286.685,Roll
0.932,-0.303,-0.853,208.136,-286.685,-286.685,Roll
1.329,-0.101,1.052,286.685,-286.685,-188.387,Roll
1.178,-0.394,1.503,221.436,-281.146,-112.577,Roll
1.532,-0.555,1.164,71.426,-62.895,-72.275,Roll
1.319,-0.371,0.887,-38.176,233.520,2.319,Roll
0.921,-0.155,0.707,-124.171,286.685,161.499,Roll
0.961,-0.145,0.609,-122.684,286.685,262.404,Roll
0.408,-0.191,0.145,-61.206,286.685,286.685,Roll
-0.487,0.215,-0.146,-6.037,286.685,286.685,Roll
-1.238,0.046,0.319,-20.116,286.685,239.479,Roll
-1.482,-0.182,0.367,0.376,176.706,72.266,Roll
-1.189,-0.429,0.212,-0.262,84.770,88.401,Roll
-1.191,-0.266,0.020,0.849,-36.024,77.368,Roll
-1.239,-0.066,0.396,-16.205,-260.531,-20.326,Roll
-1.292,-0.052,0.494,-171.202,-286.685,-200.996,Roll
-0.929,-0.114,0.079,-109.489,-286.685,-286.685,Roll
-0.212,-0.158,-0.190,12.425,-286.685,-286.685,Roll
0.553,-0.151,0.532,156.012,-286.685,-232.750,Roll
0.679,-0.302,1.097,74.594,-286.685,-157.833,Roll
1.384,-0.536,1.217,0.892,-220.185,-72.048,Roll
1.507,-0.420,0.760,-21.542,3.876,-18.427,Roll
1.226,-0.323,0.635,11.891,130.935,34.895,Roll
0.769,-0.254,0.768,-12.775,286.361,97.177,Roll
0.468,-0.255,0.801,-41.020,286.685,136.238,Roll
0.344,-0.259,0.836,-26.434,286.685,132.685,Roll
0.170,-0.230,0.768,-26.976,286.685,124.329,Roll
-0.088,-0.186,0.723,-26.994,286.685,103.338,Roll
-0.763,-0.063,0.536,-103.198,286.685,91.289,Roll
-0.923,-0.306,0.283,-104.641,286.685,76.694,Roll
-0.785,-0.405,0.234,-29.671,226.467,51.870,Roll
-0.862,-0.407,0.062,18.856,-6.195,4.673,Roll
-0.927,-0.394,0.297,9.546,-254.494,-45.868,Roll
-0.830,-0.351,0.529,-28.709,-286.685,-127.033,Roll
-0.584,-0.353,0.570,-36.068,-286.685,-162.872,Roll
-0.027,-0.289,0.469,20.939,-286.685,-179.874,Roll
0.376,-0.427,1.249,37.835,-286.685,-156.914,Roll
0.432,-0.550,1.316,-11.664,-149.721,-83.676,Roll
0.488,-0.523,0.869,-11.279,60.182,-4.156,Roll
0.463,-0.502,0.770,-3.342,124.206,37.555,Roll
0.285,-0.468,0.744,-3.168,126.621,66.911,Roll
0.080,-0.434,0.839,11.760,42.577,62.265,Roll
0.059,-0.409,0.948,7.989,-82.486,25.751,Roll
0.089,-0.388,0.942,0.936,-141.068,-2.642,Roll
0.140,-0.411,0.954,-10.981,-168.709,-36.164,Roll
0.251,-0.445,0.878,-20.353,-151.979,-49.210,Roll
0.358,-0.453,0.823,-17.491,-125.755,-42.464,Roll
0.399,-0.451,0.814,-18.139,-120.312,-34.125,Roll
0.363,-0.452,0.802,-20.991,-142.730,-24.378,Roll
0.363,-0.464,0.711,-21.455,-196.385,-19.504,Roll
0.365,-0.448,0.674,-21.962,-265.475,-28.236,Roll
0.403,-0.447,0.599,-16.459,-286.685,-49.149,Roll
0.622,-0.388,0.323,-7.630,-286.685,-70.717,Roll
0.981,-0.416,0.247,12.005,-205.756,-87.938,Roll
1.200,-0.493,0.155,0.201,-21.026,-63.761,Roll
1.297,-0.469,0.200,-0.822,116.393,-7.114,Roll
1.201,-0.480,0.530,-23.021,286.160,37.616,Roll
0.884,-0.255,0.100,-26.075,286.685,113.269,Roll
0.650,-0.419,0.624,11.646,286.685,158.655,Roll
0.588,-0.361,0.491,52.972,286.685,213.754,Roll
0.008,-0.149,0.344,135.546,286.685,228.174,Roll
-0.544,-0.032,0.383,168.919,286.685,215.329,Roll
-1.191,0.266,0.590,159.084,286.685,191.179,Roll
-1.499,0.134,0.961,75.635,286.685,99.829,Roll
-1.235,-0.316,1.037,-32.681,236.215,78.339,Roll
-1.566,-0.128,1.114,-77.052,1.146,40.311,Roll
-1.373,-0.069,0.582,-156.065,-284.244,-159.224,Roll
-1.224,0.037,-0.196,-222.863,-286.685,-286.685,Roll
-0.736,0.168,-0.654,-145.924,-286.685,-286.685,Roll
0.258,0.136,-0.599,14.630,-286.685,-286.685,Roll
1.741,-0.543,1.056,43.654,-286.685,-253.304,Roll
1.576,-0.520,0.549,76.370,-91.446,-59.666,Roll
1.396,-0.488,0.926,58.214,67.279,65.345,Roll
0.980,-0.295,0.376,-4.218,202.116,146.676,Roll
0.764,-0.271,0.397,35.700,286.685,222.836,Roll
0.310,-0.304,0.257,131.381,286.685,235.436,Roll
-0.074,-0.041,0.418,197.137,286.685,215.425,Roll
-0.684,0.058,0.670,139.659,286.685,189.788,Roll
-1.150,0.169,0.995,-12.845,286.685,201.924,Roll
-1.195,-0.339,0.922,-106.802,286.685,194.609,Roll
-1.291,-0.168,0.531,7.971,236.451,91.735,Roll
-1.312,-0.217,0.429,-5.539,61.845,-56.359,Roll
-1.391,-0.138,0.183,-106.286,-210.604,-253.409,Roll
-1.196,-0.029,0.008,-136.150,-286.685,-286.685,Roll
-1.022,-0.001,-0.431,-58.634,-286.685,-286.685,Roll
-0.236,-0.110,-0.549,86.940,-286.685,-286.685,Roll
0.541,-0.024,-0.542,123.436,-286.685,-286.685,Roll
1.157,-0.272,0.548,130.690,-286.685,-263.655,Roll
1.429,-0.451,0.867,176.934,-286.685,-162.339,Roll
1.606,-0.422,0.368,63.438,-229.696,-135.450,Roll
1.098,-0.529,0.316,55.947,90.449,-88.585,Roll
0.636,-0.148,0.670,23.625,286.414,26.731,Roll
0.634,0.044,0.967,-11.672,286.685,42.647,Roll
0.462,-0.053,1.255,-38.395,286.685,72.896,Roll
0.308,-0.001,1.086,-94.176,286.685,141.750,Roll
-0.116,0.052,0.475,-131.014,286.685,181.090,Roll
-0.712,-0.053,0.312,-85.732,286.685,175.779,Roll
-0.912,-0.197,0.330,-40.583,286.685,120.374,Roll
-0.995,-0.194,-0.049,-30.301,230.449,51.502,Roll
-1.256,-0.301,0.016,-29.601,29.330,7.980,Roll
-1.284,-0.221,0.224,-10.693,-153.169,-27.353,Roll
-1.125,-0.182,0.528,-29.890,-286.685,-77.507,Roll
-0.985,-0.237,0.474,-63.717,-286.685,-108.045,Roll
-0.488,-0.223,0.543,-55.825,-286.685,-134.899,Roll
0.011,-0.105,0.414,-81.882,-286.685,-153.352,Roll
0.487,-0.404,0.586,-59.194,-286.685,-148.837,Roll
0.982,-0.726,0.441,43.680,-286.685,-110.294,Roll
1.346,-0.477,0.524,39.533,-278.897,-82.189,Roll
1.418,-0.485,0.391,14.910,-58.879,-30.949,Roll
1.163,-0.441,0.594,1.820,198.966,29.426,Roll
0.932,-0.359,0.627,-26.022,286.685,123.034,Roll
0.605,-0.326,0.430,-32.287,286.685,163.721,Roll
0.107,-0.218,0.237,35.857,286.685,213.999,Roll
-0.525,-0.071,0.108,118.125,286.685,221.008,Roll
-0.951,0.112,0.510,195.178,286.685,175.481,Roll
-1.164,-0.047,0.934,158.349,286.685,108.736,Roll
-1.060,-0.110,0.552,46.603,286.650,35.954,Roll
-1.265,-0.209,0.235,-8.181,39.349,21.858,Roll
-1.103,-0.064,0.288,-19.206,-282.406,-52.596,Roll
-1.036,-0.029,0.595,-47.775,-286.685,-97.930,Roll
-0.759,-0.064,0.529,-97.396,-286.685,-143.325,Roll
-0.310,-0.022,0.292,-56.385,-286.685,-143.027,Roll
0.554,-0.216,0.997,-33.268,-286.685,-163.056,Roll
0.830,-0.551,1.347,-30.809,-247.301,-117.224,Roll
1.004,-0.469,0.738,-83.527,-120.636,-26.434,Roll
1.054,-0.378,0.552,-70.446,-63.298,39.471,Roll
0.855,-0.396,0.576,-33.836,48.449,135.581,Roll
0.745,-0.362,0.437,22.698,264.198,172.445,Roll
0.359,-0.315,0.351,78.531,286.685,175.945,Roll
-0.041,-0.254,0.259,121.555,286.685,172.839,Roll
-0.813,0.006,0.209,206.491,286.685,142.783,Roll
-1.517,0.214,0.889,248.176,286.685,84.350,Roll
-1.288,0.097,1.031,110.092,286.685,24.561,Roll
-1.275,-0.100,0.772,37.984,286.685,-6.247,Roll
-1.190,-0.214,0.007,-30.853,138.381,-19.845,Roll
-0.922,-0.168,0.183,-4.034,-181.178,-71.978,Roll
-0.871,-0.090,0.559,-37.975,-286.685,-129.465,Roll
-0.745,-0.139,0.206,-93.012,-286.685,-170.152,Roll
-0.395,-0.150,-0.013,-50.934,-286.685,-167.029,Roll
-0.297,-0.035,0.539,70.910,-286.685,-143.798,Roll
0.486,-0.213,1.053,59.150,-286.685,-142.809,Roll
1.083,-0.177,0.618,86.126,-286.685,-152.924,Roll
1.284,-0.264,0.894,42.717,-239.006,-103.696,Roll
1.150,-0.253,0.680,7.866,-74.996,-76.948,Roll
0.857,-0.135,0.763,-9.879,242.357,6.466,Roll
0.817,-0.033,0.883,-21.271,286.685,29.286,Roll
0.556,-0.041,0.958,-41.186,286.685,70.744,Roll
0.295,0.058,0.990,-95.287,286.685,120.794,Roll
-0.164,0.047,0.854,-154.753,286.685,169.986,Roll
-0.778,-0.109,0.580,-156.152,286.685,157.745,Roll
-1.052,-0.209,0.341,-118.239,256.384,88.865,Roll
-1.109,-0.248,0.174,-100.030,133.262,-8.330,Roll
-1.050,-0.282,0.067,-46.209,-33.014,-68.075,Roll
-1.042,-0.237,0.296,8.068,-247.949,-133.709,Roll
-0.978,-0.252,0.478,-4.996,-286.685,-178.482,Roll
-0.793,-0.232,0.279,-1.680,-286.685,-213.544,Roll
-0.210,-0.122,0.189,28.823,-286.685,-207.874,Roll
0.730,-0.066,0.656,34.291,-286.685,-204.374,Roll
1.036,-0.408,1.092,-21.612,-286.685,-176.566,Roll
1.110,-0.548,0.371,3.194,-230.711,-102.707,Roll
1.119,-0.416,0.130,5.364,-5.276,-47.434,Roll
1.046,-0.291,0.303,23.433,149.599,12.766,Roll
0.933,-0.153,0.598,22.321,286.685,88.279,Roll
0.663,-0.120,0.846,36.899,286.685,114.853,Roll
0.188,-0.162,0.935,26.827,286.685,130.760,Roll
-0.085,-0.180,0.860,22.321,286.685,135.292,Roll
-0.353,-0.126,0.719,29.776,286.685,131.635,Roll
-0.783,-0.114,0.371,-15.698,286.685,114.389,Roll
-1.182,-0.279,0.389,1.960,271.031,95.839,Roll
-1.243,-0.363,0.430,4.830,131.775,99.732,Roll
-1.078,-0.215,0.505,-21.901,-70.228,63.411,Roll
-0.773,-0.192,0.440,-54.381,-233.599,-28.753,Roll
-0.743,-0.118,0.534,-63.166,-286.457,-83.230,Roll
-0.424,-0.348,1.179,-16.021,-151.428,-37.188,Roll
-0.679,-0.272,1.183,12.302,105.744,36.243,Roll
-0.839,-0.040,0.014,24.990,226.966,51.485,Roll
-1.123,0.181,-0.134,3.999,-31.596,10.535,Roll
-0.847,0.136,0.489,-11.909,-279.125,-84.945,Roll
-0.519,-0.141,1.161,-9.660,-236.758,-120.479,Roll
-0.435,-0.305,0.776,17.395,-68.827,-87.824,Roll
-0.237,-0.314,0.964,14.096,-34.851,20.414,Roll
-0.605,-0.170,0.803,2.476,-10.176,17.579,Roll
-0.649,-0.186,0.771,-5.346,-42.516,-20.983,Roll
-0.356,-0.386,0.664,-0.333,-75.460,-14.210,Roll
-0.815,-0.151,1.554,-44.118,-141.330,11.979,Roll
-0.908,-0.250,1.179,-118.895,-286.641,-31.045,Roll
-0.643,-0.186,0.520,-131.810,-286.685,-179.568,Roll
-0.482,-0.138,-0.252,-31.194,-286.685,-285.014,Roll
0.833,-0.264,-0.036,78.619,-286.685,-270.891,Roll
1.482,-0.654,0.752,114.914,-282.957,-96.714,Roll
1.479,-0.524,0.686,0.481,69.493,-29.312,Roll
1.103,-0.156,0.398,-69.475,286.685,89.311,Roll
0.843,-0.022,0.414,-62.029,286.685,172.900,Roll
0.187,0.018,0.325,-23.284,286.685,188.344,Roll
-0.466,0.045,0.418,129.867,286.685,165.322,Roll
-0.838,-0.073,0.812,228.419,286.685,74.217,Roll
-1.115,-0.032,0.771,188.729,286.685,-30.730,Roll
-1.324,-0.150,0.108,151.708,286.685,-59.972,Roll
-1.517,-0.152,0.415,106.496,275.135,-41.659,Roll
-1.368,-0.167,0.489,34.484,59.518,-45.237,Roll
-1.032,-0.235,0.207,4.952,-247.345,-20.335,Roll
-0.433,-0.257,-0.081,-47.985,-286.685,14.796,Roll
-0.152,-0.173,0.802,-75.355,-286.685,36.033,Roll
0.000,0.013,0.813,-121.677,-286.685,-12.451,Roll
-0.396,-0.011,1.121,-92.794,-286.685,-137.261,Roll
0.079,-0.356,1.569,-17.526,-286.685,-123.174,Roll
0.206,-0.163,1.026,10.675,-108.815,-48.667,Roll
0.703,-0.433,0.581,-8.094,-162.837,-7.184,Roll
0.614,-0.283,0.878,-36.934,-231.499,88.357,Roll
0.603,-0.310,0.687,-32.708,-137.804,107.783,Roll
0.566,-0.233,0.539,-28.420,-43.575,106.199,Roll
0.584,-0.393,0.639,-7.332,31.395,68.381,Roll
0.356,-0.398,0.837,-2.791,128.730,42.263,Roll
0.131,-0.300,0.734,14.490,234.859,13.562,Roll
0.281,-0.525,1.074,23.581,280.962,23.004,Roll
0.073,-0.294,0.673,32.305,286.685,36.120,Roll
-0.025,-0.309,1.159,38.938,219.301,37.555,Roll
-0.240,-0.351,1.137,7.122,160.956,31.649,Roll
-0.326,-0.321,0.869,-17.045,102.463,23.301,Roll
-0.140,-0.418,1.026,-33.994,-17.132,14.525,Roll
-0.125,-0.438,0.904,-41.020,-31.850,6.423,Roll
-0.067,-0.535,0.645,-26.530,-48.624,22.006,Roll
-0.013,-0.521,0.817,-13.099,-50.260,47.399,Roll
-0.158,-0.092,1.107,-35.018,7.910,89.154,Roll
0.074,-0.377,0.615,-5.294,133.857,51.249,Roll
0.082,-0.382,0.643,65.853,281.549,164.098,Roll
-0.402,-0.103,0.495,101.010,286.685,223.755,Roll
-0.455,-0.090,0.283,134.890,286.685,266.954,Roll
-1.111,0.258,-0.048,183.208,286.685,217.542,Roll
-1.862,0.327,1.198,81.734,257.267,87.728,Roll
-1.845,-0.175,1.067,-39.454,50.890,9.511,Roll
-1.737,0.258,0.348,-128.100,-285.136,-146.440,Roll
-1.437,0.388,0.186,-241.019,-286.685,-286.685,Roll
-0.424,0.259,-0.661,-286.685,-286.685,-286.685,Roll
1.184,-0.404,-0.345,-83.912,-286.685,-280.639,Roll
1.282,-0.659,0.939,87.264,-206.719,-92.698,Roll
1.081,-0.843,1.023,85.286,-28.560,-29.995,Roll
0.905,-0.445,0.668,66.614,148.584,27.781,Roll
0.394,-0.132,1.324,101.299,286.685,62.002,Roll
0.232,-0.158,1.929,46.847,286.685,66.832,Roll
-0.228,-0.224,1.300,-98.840,286.685,91.420,Roll
-0.185,-0.203,0.034,-116.646,286.685,129.299,Roll
-0.521,-0.269,-0.012,-9.538,286.685,125.886,Roll
-0.522,-0.347,0.132,-22.715,286.685,66.684,Roll
-0.777,-0.459,-0.092,-64.146,257.075,23.634,Roll
-0.942,-0.380,-0.530,-47.583,-56.254,-23.074,Roll
-0.891,-0.060,-0.693,54.241,-284.008,-71.033,Roll
-0.711,-0.136,0.322,121.555,-286.685,-67.961,Roll
-0.734,-0.230,0.500,28.499,-286.685,-36.768,Roll
-0.205,-0.116,0.439,7.446,-286.685,-35.175,Roll
0.313,-0.145,0.254,-12.127,-286.685,-152.731,Roll
1.305,-0.296,1.183,79.004,-286.685,-118.090,Roll
1.192,-0.401,1.455,33.906,-286.685,-142.450,Roll
1.314,-0.530,0.841,-80.964,-128.459,-165.961,Roll
1.232,-0.493,0.557,-46.366,65.826,-109.979,Roll
1.146,-0.165,0.983,10.273,286.318,-27.073,Roll
0.883,0.008,1.711,-33.136,286.685,50.208,Roll
0.570,-0.069,1.153,-211.671,286.685,107.065,Roll
0.647,-0.104,0.733,-254.739,286.685,143.920,Roll
0.329,0.005,-0.158,-150.640,286.685,191.205,Roll
-0.619,-0.033,-0.153,-5.005,286.685,165.314,Roll
-1.088,-0.383,0.020,-28.192,286.685,55.458,Roll
-0.914,-0.466,-0.187,-6.011,210.656,1.908,Roll
-0.888,-0.303,-0.476,33.145,-21.761,-66.185,Roll
-1.076,-0.134,-0.202,59.518,-201.906,-96.092,Roll
-0.831,-0.094,0.250,82.539,-286.685,-125.186,Roll
-0.553,-0.109,0.310,107.179,-286.685,-108.902,Roll
-0.064,-0.196,0.647,122.815,-286.685,-77.350,Roll
0.466,-0.194,1.000,64.864,-286.685,-105.376,Roll
1.124,-0.292,1.354,69.974,-286.685,-140.175,Roll
1.029,-0.558,1.997,77.052,-282.940,-93.196,Roll
1.179,-0.647,1.128,-98.079,-76.624,-93.345,Roll
1.279,-0.460,0.837,-63.411,136.054,13.773,Roll
1.057,-0.134,0.836,-103.819,286.685,204.488,Roll
0.300,-0.034,0.230,-87.535,286.685,286.641,Roll
-0.233,0.038,0.330,-10.579,286.685,266.639,Roll
-0.546,-0.104,0.320,7.621,286.685,224.849,Roll
-0.944,-0.233,0.430,20.300,286.685,139.965,Roll
-1.126,-0.312,0.312,-22.558,240.879,58.406,Roll
-1.053,-0.238,0.045,-44.214,12.311,-40.127,Roll
-1.020,-0.150,-0.111,-18.926,-164.089,-95.629,Roll
-0.950,-0.183,0.145,3.430,-286.685,-176.059,Roll
-0.448,-0.168,0.145,-14.280,-286.685,-202.335,Roll
-0.079,-0.175,0.257,12.766,-286.685,-197.995,Roll
0.620,-0.233,0.491,-13.956,-286.685,-231.560,Roll
1.306,-0.352,0.701,11.366,-286.685,-244.265,Roll
1.282,-0.610,1.052,31.272,-286.685,-209.790,Roll
1.347,-0.521,0.935,-56.061,-174.134,-104.799,Roll
1.420,-0.406,0.563,-30.896,82.031,-0.962,Roll
1.303,-0.201,0.347,-49.219,286.055,183.916,Roll
1.056,-0.132,0.319,8.208,286.685,249.226,Roll
-0.081,0.052,0.388,112.368,286.685,270.270,Roll
-0.425,-0.214,0.691,31.763,286.685,216.484,Roll
-0.600,-0.113,0.538,-35.963,286.685,158.226,Roll
-0.746,-0.198,0.044,-34.528,286.685,122.220,Roll
-1.259,-0.368,0.362,31.850,165.086,40.521,Roll
-1.120,-0.229,-0.101,-25.165,-110.906,-29.942,Roll
-0.881,-0.210,0.173,-4.366,-286.685,-92.698,Roll
-0.793,-0.233,0.569,-5.294,-286.685,-103.399,Roll
-0.483,-0.219,0.274,-89.066,-286.685,-122.754,Roll
-0.130,-0.103,0.241,-56.254,-286.685,-152.512,Roll
0.503,-0.244,0.739,-48.886,-286.685,-213.911,Roll
1.022,-0.364,1.085,-18.112,-286.685,-204.050,Roll
1.087,-0.452,0.715,-46.200,-286.685,-158.524,Roll
1.194,-0.515,0.114,-50.452,-262.089,-64.750,Roll
1.203,-0.583,0.115,12.950,-132.913,-1.872,Roll
1.204,-0.384,-0.116,58.345,102.673,67.743,Roll
0.990,-0.283,0.280,80.868,286.676,119.507,Roll
0.868,-0.206,0.503,105.866,286.685,127.575,Roll
-0.012,-0.165,0.740,153.186,286.685,152.521,Roll
-0.546,-0.293,1.254,108.666,286.685,148.566,Roll
-0.269,-0.030,1.028,-3.517,286.685,139.116,Roll
-0.412,-0.141,0.435,-65.441,286.685,99.978,Roll
-1.149,-0.267,0.277,-31.859,230.790,48.195,Roll
-1.125,-0.158,-0.246,-23.853,-141.417,-15.435,Roll
-0.920,-0.205,-0.033,54.399,-286.685,-104.116,Roll
-0.392,-0.191,0.553,39.393,-286.685,-109.095,Roll
0.325,0.041,0.351,-35.674,-286.685,-72.931,Roll
0.245,0.042,0.373,23.625,-286.685,-171.684,Roll
0.945,-0.226,0.846,191.747,-286.685,-68.854,Roll
1.807,-0.399,1.160,146.764,-283.019,-101.299,Roll
1.492,-0.227,0.772,-2.993,-176.461,-61.897,Roll
1.335,-0.074,0.650,-18.952,109.637,-3.920,Roll
1.082,0.046,0.881,-21.674,271.171,32.252,Roll
0.919,0.200,1.336,-67.427,286.685,60.419,Roll
0.463,-0.179,1.456,-283.246,286.685,92.584,Roll
-0.005,-0.317,0.463,-286.685,286.685,-25.812,Roll
0.090,-0.218,0.117,-286.685,286.685,-0.849,Roll
-0.165,-0.284,0.280,-200.419,286.685,51.319,Roll
-0.276,-0.255,0.015,-90.816,60.970,35.333,Roll
-0.437,-0.194,-0.449,-1.286,-81.314,23.879,Roll
-0.852,-0.287,-0.270,51.284,-142.564,9.091,Roll
-1.046,-0.279,0.215,176.995,-286.685,-38.281,Roll
-0.725,-0.335,-0.360,268.144,-286.685,-73.106,Roll
-0.466,-0.391,0.151,286.685,-286.685,-98.140,Roll
0.102,-0.128,0.087,286.685,-286.685,-158.288,Roll
0.603,0.186,-0.177,286.685,-286.685,-190.899,Roll
1.938,0.923,0.369,286.685,-286.685,-211.242,Roll
1.999,0.977,1.447,5.565,72.240,-108.666,Roll
1.842,0.640,1.030,-126.429,171.027,11.244,Roll
1.617,0.543,0.878,-179.839,276.351,32.795,Roll
1.523,0.502,1.237,-241.273,286.685,55.423,Roll
0.673,0.190,0.656,-286.685,286.685,109.174,Roll
-0.436,-0.237,-0.361,-286.685,286.685,76.790,Roll
-0.568,-0.421,0.257,-286.685,286.685,38.850,Roll
-0.340,-0.244,0.051,-262.544,286.449,87.062,Roll
-0.674,-0.325,-0.327,-108.098,174.921,107.747,Roll
-0.871,-0.351,-0.361,8.041,-23.879,47.101,Roll
-0.839,-0.342,-0.381,85.864,-225.260,-19.495,Roll
-0.919,-0.379,-0.036,122.062,-286.685,-37.888,Roll
-0.925,-0.409,0.136,272.641,-286.685,-68.714,Roll
-0.614,-0.369,0.245,286.685,-286.685,-76.886,Roll
-0.110,-0.214,0.401,286.685,-286.685,-64.899,Roll
0.602,0.152,1.127,279.011,-286.685,-101.745,Roll
1.072,0.629,1.187,107.240,-286.685,-144.716,Roll
1.917,0.745,0.089,7.438,-114.756,-34.353,Roll
1.825,0.658,1.075,-54.285,284.419,67.567,Roll
1.142,0.355,0.919,-220.080,286.685,114.494,Roll
0.664,0.067,0.966,-281.829,286.685,152.661,Roll
-0.432,-0.152,0.814,-272.764,286.685,208.889,Roll
-0.689,-0.614,1.057,-190.803,286.685,109.174,Roll
-0.696,-0.643,1.166,-186.139,286.685,57.015,Roll
-0.437,-0.391,0.463,-22.138,286.685,55.256,Roll
-0.261,-0.130,0.108,19.267,286.685,138.985,Roll
-0.564,-0.311,-0.091,-54.854,286.466,120.076,Roll
-0.900,-0.283,-0.260,58.590,157.587,82.504,Roll
-1.067,-0.166,-0.043,119.507,66.229,31.675,Roll
-1.201,-0.109,0.347,120.846,-164.334,-62.195,Roll
-0.883,-0.115,0.488,63.735,-286.685,-139.799,Roll
-0.192,-0.058,0.405,-15.347,-286.685,-175.438,Roll
0.262,0.125,-0.086,-36.732,-286.685,-238.044,Roll
1.129,0.053,0.828,-3.780,-286.685,-240.100,Roll
1.068,-0.506,1.247,68.136,-286.344,-105.114,Roll
1.489,-0.750,0.429,-45.482,-184.852,-97.974,Roll
1.165,-0.451,0.296,23.284,74.261,-21.079,Roll
1.051,-0.223,0.698,43.636,237.536,89.618,Roll
0.670,-0.053,0.708,32.445,286.685,121.555,Roll
0.180,-0.147,1.184,45.325,286.685,91.857,Roll
0.069,-0.054,1.181,-10.115,286.685,90.107,Roll
-0.081,-0.047,0.358,-109.515,286.685,96.688,Roll
-0.708,-0.409,0.260,26.740,286.685,73.308,Roll
-0.973,-0.299,0.241,14.403,257.434,-13.711,Roll
-0.990,-0.227,0.234,-27.335,-27.606,-45.719,Roll
-0.848,-0.232,0.089,-33.495,-212.030,-67.874,Roll
-0.724,-0.189,0.308,-6.352,-286.685,-69.650,Roll
-0.499,-0.292,0.697,-55.694,-286.685,-67.716,Roll
0.158,0.065,0.260,-94.806,-286.685,-108.535,Roll
0.403,0.022,0.918,-0.411,-286.685,-173.224,Roll
0.518,-0.574,1.227,27.090,-286.685,-174.414,Roll
1.257,-0.707,0.313,34.667,-286.685,-154.385,Roll
1.361,-0.492,0.267,17.369,-184.503,-90.204,Roll
1.136,-0.300,0.373,58.109,125.772,-0.324,Roll
1.059,-0.131,0.516,60.095,285.443,51.494,Roll
0.556,0.022,0.854,57.479,286.685,83.948,Roll
0.024,-0.101,1.315,26.670,286.685,82.460,Roll
-0.187,-0.043,1.164,-45.334,286.685,104.221,Roll
-0.306,-0.118,0.802,-54.215,286.685,116.576,Roll
-0.571,-0.245,0.537,-62.702,286.685,49.586,Roll
-1.113,-0.273,0.080,-94.754,286.685,-8.146,Roll
-1.040,-0.282,-0.231,-77.604,125.921,-30.870,Roll
-1.048,-0.252,-0.239,-26.644,-188.685,-79.853,Roll
-0.742,-0.214,-0.041,27.177,-286.685,-92.706,Roll
-0.306,-0.132,0.342,30.879,-286.685,-81.454,Roll
-0.066,-0.012,0.619,-41.676,-286.685,-101.946,Roll
0.474,-0.127,1.407,-94.929,-286.685,-200.926,Roll
0.757,-0.730,0.629,-69.685,-286.685,-183.190,Roll
1.267,-0.736,0.576,50.619,-284.804,-72.214,Roll
1.273,-0.584,0.481,8.557,-106.768,0.359,Roll
0.909,-0.386,0.291,23.433,174.458,72.012,Roll
0.878,-0.210,0.879,63.744,286.685,113.479,Roll
0.678,-0.179,1.052,44.783,286.685,155.417,Roll
-0.056,-0.231,0.809,17.299,286.685,184.126,Roll
-0.281,-0.161,0.292,15.496,286.685,182.560,Roll
-0.452,-0.264,0.593,74.952,286.685,141.706,Roll
-0.707,-0.353,0.188,14.507,286.685,47.451,Roll
-1.019,-0.310,-0.111,-12.766,256.226,1.111,Roll
-1.061,-0.115,-0.323,-2.249,-1.671,-18.769,Roll
-1.010,-0.047,0.033,54.574,-247.424,-25.751,Roll
-0.828,-0.092,0.604,56.691,-286.685,-17.990,Roll
-0.673,-0.254,0.749,-7.989,-286.685,-29.076,Roll
-0.090,-0.225,0.503,-77.481,-286.685,-71.470,Roll
0.469,-0.062,0.874,-38.972,-286.685,-138.626,Roll
0.669,-0.505,1.549,-10.220,-286.685,-181.650,Roll
0.974,-0.554,0.958,0.805,-286.685,-90.519,Roll
1.007,-0.482,0.686,-5.950,-232.811,-22.260,Roll
0.883,-0.468,0.920,38.229,127.724,26.320,Roll
0.699,-0.208,1.050,13.274,286.685,74.357,Roll
0.565,-0.088,0.790,-51.721,286.685,96.478,Roll
0.315,0.044,0.376,-55.737,286.685,128.205,Roll
-0.306,-0.018,0.059,-4.471,286.685,178.622,Roll
-0.651,-0.296,0.458,5.679,286.685,179.051,Roll
-1.012,-0.368,0.147,-55.160,220.614,142.861,Roll
-1.048,-0.151,-0.252,-32.576,46.917,138.530,Roll
-1.389,0.082,0.056,-5.171,-213.273,47.145,Roll
-1.498,0.052,0.639,-45.701,-286.685,-99.689,Roll
-0.767,0.113,0.248,-168.122,-286.685,-204.706,Roll
-0.262,0.081,-0.072,-167.011,-286.685,-227.202,Roll
0.247,0.042,0.336,-63.333,-286.685,-261.651,Roll
0.719,-0.543,1.138,-8.409,-286.685,-260.592,Roll
1.234,-0.532,0.796,42.499,-286.685,-206.815,Roll
1.194,-0.471,0.593,8.802,-141.663,-147.551,Roll
1.220,-0.446,0.632,29.680,49.560,-99.015,Roll
1.157,-0.141,1.265,-4.191,286.501,10.010,Roll
0.873,0.050,1.214,-104.851,286.685,112.753,Roll
0.589,0.084,0.649,-183.619,286.685,219.835,Roll
0.080,0.101,0.238,-177.581,286.685,286.204,Roll
-0.172,0.018,0.407,-51.809,286.685,254.783,Roll
-0.899,-0.203,0.070,-47.495,286.685,193.077,Roll
-1.022,-0.213,-0.117,-50.181,246.531,148.610,Roll
-1.087,-0.042,-0.340,-48.134,144.769,137.541,Roll
-1.739,0.007,0.103,-12.880,-95.007,51.625,Roll
-1.788,-0.055,0.621,-27.353,-286.685,-150.631,Roll
-0.767,0.150,0.222,-120.540,-286.685,-286.606,Roll
0.162,0.150,0.098,-186.077,-286.685,-286.685,Roll
0.389,-0.094,0.289,-145.749,-286.685,-286.685,Roll
0.800,-0.460,0.362,-38.010,-286.685,-281.934,Roll
1.135,-0.638,0.751,102.620,-286.685,-165.865,Roll
1.095,-0.663,1.143,61.653,-147.333,-106.750,Roll
0.957,-0.493,0.740,-20.667,129.386,-42.507,Roll
1.120,-0.269,1.176,-32.147,286.685,24.369,Roll
0.960,-0.185,1.049,-89.022,286.685,89.014,Roll
0.410,-0.121,0.726,-117.793,286.685,175.753,Roll
0.064,-0.127,0.439,-60.296,286.685,201.337,Roll
-0.395,-0.317,0.430,-47.897,286.685,147.061,Roll
-0.588,-0.325,0.347,-98.621,286.685,104.650,Roll
-0.813,-0.354,-0.166,-92.067,286.685,48.632,Roll
-1.055,-0.407,-0.223,-74.725,200.209,33.285,Roll
-1.059,-0.395,-0.368,-59.115,-8.172,23.319,Roll
-1.095,-0.412,-0.178,-39.769,-196.709,-2.818,Roll
-1.085,-0.295,-0.101,-21.700,-286.685,-71.277,Roll
-0.663,-0.243,0.070,15.444,-286.685,-132.458,Roll
-0.224,-0.018,0.599,-0.726,-286.685,-164.010,Roll
0.222,-0.107,1.039,-79.923,-286.685,-225.479,Roll
0.439,-0.535,0.831,-129.246,-286.685,-211.348,Roll
0.694,-0.604,0.727,4.270,-286.659,-171.579,Roll
1.138,-0.686,0.471,-49.341,-194.959,-135.634,Roll
1.257,-0.700,0.422,-25.795,-20.055,-84.411,Roll
1.221,-0.570,0.607,3.999,191.258,31.264,Roll
1.202,-0.332,0.751,6.641,286.685,145.696,Roll
0.706,-0.262,0.470,-5.959,286.685,222.548,Roll
-0.219,-0.102,0.177,76.790,286.685,253.190,Roll
-0.843,-0.132,0.789,171.806,286.685,172.725,Roll
-0.785,-0.180,0.759,15.601,286.685,99.732,Roll
-0.959,-0.302,-0.028,-46.287,286.685,47.311,Roll
-1.292,-0.402,-0.264,-37.327,233.441,62.930,Roll
-1.045,-0.361,-0.234,-27.020,-111.143,57.321,Roll
-1.220,-0.126,0.541,-48.107,-286.685,9.520,Roll
-1.280,-0.299,1.079,-252.131,-286.685,-154.884,Roll
-0.630,0.272,0.228,-286.685,-286.685,-260.348,Roll
-0.239,-0.056,0.215,-286.685,-286.685,-286.685,Roll
0.980,-0.868,0.089,-80.342,-286.685,-266.070,Roll
1.201,-1.028,0.296,122.412,-215.819,-98.831,Roll
1.488,-0.828,0.398,28.122,-47.556,-54.145,Roll
1.244,-0.642,0.534,40.792,127.986,6.755,Roll
0.832,-0.392,0.363,3.850,286.685,155.111,Roll
0.468,-0.240,0.310,56.954,286.685,251.807,Roll
-0.070,-0.203,0.377,121.940,286.685,245.753,Roll
-0.700,-0.107,0.135,88.174,286.685,228.182,Roll
-0.731,-0.338,0.419,79.713,286.685,166.644,Roll
-0.690,-0.295,-0.023,-7.700,286.685,122.719,Roll
-1.147,-0.212,-0.375,2.756,265.746,147.639,Roll
-1.200,-0.149,-0.440,13.274,186.331,152.197,Roll
-1.066,0.016,-0.241,32.463,2.231,119.884,Roll
-1.613,0.243,0.477,-5.110,-264.591,83.099,Roll
-1.993,0.119,1.081,-168.298,-286.685,-78.724,Roll
-1.545,0.226,0.613,-286.685,-286.685,-265.195,Roll
-0.730,0.133,0.225,-286.685,-286.685,-286.685,Roll
-0.089,-0.429,0.127,-286.685,-286.685,-286.685,Roll
0.554,-0.821,-0.147,-184.712,-286.685,-286.685,Roll
0.827,-0.716,-0.239,15.453,-286.685,-223.055,Roll
1.005,-0.603,0.034,72.765,-236.171,-173.355,Roll
0.925,-0.558,0.066,55.851,-51.100,-134.155,Roll
0.783,-0.511,0.488,95.830,105.079,-99.925,Roll
0.656,-0.447,1.349,72.266,286.685,-16.774,Roll
0.664,-0.273,1.808,-4.148,286.685,68.897,Roll
0.556,-0.158,1.409,-113.934,286.685,78.872,Roll
0.341,0.234,0.872,-163.520,286.685,89.014,Roll
-0.132,-0.362,0.163,-216.982,286.685,103.539,Roll
-0.589,-0.601,0.163,-177.931,263.445,77.385,Roll
-0.918,-0.589,-0.290,-111.729,54.967,59.220,Roll
-1.029,-0.635,-0.395,-75.950,-52.334,55.519,Roll
-0.973,-0.707,-0.386,1.085,-281.024,-3.675,Roll
-0.635,-0.660,-0.175,52.640,-286.685,-61.206,Roll
0.178,-0.297,0.282,63.682,-286.685,-79.730,Roll
0.008,-0.391,0.259,19.381,-286.685,-198.581,Roll
1.309,-0.134,0.436,-42.158,-286.685,-197.242,Roll
1.185,-0.640,0.843,58.896,-286.685,-167.020,Roll
1.159,-0.840,1.266,73.588,-249.699,-108.771,Roll
1.425,-0.599,0.389,-35.035,-17.220,-107.371,Roll
1.423,-0.477,0.527,-22.820,146.834,-76.116,Roll
1.060,-0.382,1.053,-36.951,286.685,38.019,Roll
1.044,-0.250,0.890,-79.993,286.685,184.503,Roll
0.428,-0.208,0.478,-60.086,286.685,247.494,Roll
0.196,-0.272,0.203,-10.579,286.685,246.383,Roll
0.004,-0.301,0.494,63.542,286.685,201.810,Roll
-0.048,-0.325,0.232,-28.359,286.685,116.637,Roll
-0.667,-0.214,-0.444,-15.899,286.685,96.906,Roll
-1.305,-0.183,-0.239,7.849,272.930,142.380,Roll
-1.999,0.128,-0.042,-96.416,-124.259,207.926,Roll
-1.641,-0.092,0.239,-170.975,-286.685,27.256,Roll
-0.884,-0.184,0.281,-286.405,-286.685,-127.636,Roll
-0.471,-0.084,0.268,-286.685,-286.685,-194.215,Roll
-0.239,-0.268,0.284,-286.685,-286.685,-286.527,Roll
0.345,-0.696,0.287,-267.295,-286.685,-286.685,Roll
0.929,-0.817,0.097,-52.518,-163.572,-214.655,Roll
1.340,-0.868,0.681,69.886,-125.160,-116.751,Roll
1.470,-0.851,0.498,-17.955,56.936,-61.819,Roll
1.496,-0.633,0.667,21.289,283.281,38.246,Roll
1.413,-0.519,0.579,58.292,286.685,146.738,Roll
0.668,-0.345,0.367,80.526,286.685,275.879,Roll
-0.250,-0.088,-0.050,108.526,286.685,286.624,Roll
-0.637,-0.149,0.076,110.180,286.685,237.519,Roll
-0.631,-0.208,0.226,30.065,286.685,148.146,Roll
-1.184,-0.325,-0.323,5.206,286.685,87.999,Roll
-1.401,-0.289,-0.393,22.584,119.647,15.496,Roll
-1.630,0.015,-0.338,-26.950,-228.077,-81.060,Roll
-1.149,-0.063,0.103,-87.675,-286.685,-217.805,Roll
-0.743,-0.139,-0.015,-139.939,-286.685,-286.055,Roll
-0.202,-0.273,-0.025,-151.533,-286.685,-286.685,Roll
0.354,-0.267,0.058,-219.739,-286.685,-286.685,Roll
0.976,-0.562,0.143,-197.794,-286.685,-286.685,Roll
1.688,-0.875,0.044,-19.574,-285.793,-270.629,Roll
1.753,-0.946,0.480,71.269,-76.650,-87.535,Roll
1.563,-0.749,0.186,41.353,148.505,53.673,Roll
1.122,-0.521,0.347,70.201,250.206,162.208,Roll
1.151,-0.502,0.629,113.768,286.685,279.046,Roll
0.603,-0.417,0.491,155.549,286.685,286.685,Roll
-0.195,0.012,-0.139,171.754,286.685,283.824,Roll
-0.703,-0.214,0.213,139.195,286.685,216.860,Roll
-0.527,-0.243,0.559,29.444,286.685,173.224,Roll
-0.808,-0.321,-0.515,-20.116,286.685,104.799,Roll
-1.248,-0.329,-0.586,16.546,284.944,70.910,Roll
-1.182,-0.329,-0.501,1.881,204.444,58.660,Roll
-1.359,0.005,-0.668,4.541,-81.664,35.350,Roll
-1.676,0.135,-0.306,18.646,-286.685,-61.819,Roll
-0.690,-0.286,0.085,-86.389,-286.685,-235.104,Roll
0.117,-0.450,0.444,-243.346,-286.685,-286.685,Roll
0.032,-0.062,0.012,-286.615,-286.685,-286.685,Roll
-0.119,-0.254,-0.464,-173.145,-286.685,-286.685,Roll
1.423,-0.124,-0.476,121.048,-286.685,-286.685,Roll
1.999,-0.623,1.256,235.051,-221.480,-225.855,Roll
1.666,-0.676,0.731,0.779,-22.391,-154.954,Roll
1.328,-0.567,0.281,31.185,145.906,-66.098,Roll
1.168,-0.426,1.068,44.153,217.735,4.909,Roll
1.373,-0.251,1.277,-55.851,286.685,151.935,Roll
1.126,-0.091,0.679,-142.126,286.685,285.101,Roll
0.831,-0.001,0.054,-70.105,286.685,286.685,Roll
0.312,-0.096,-0.063,-51.625,286.685,286.685,Roll
-0.304,0.099,-0.115,-103.591,286.685,286.685,Roll
-1.047,-0.178,-0.554,-67.926,286.685,233.791,Roll
-1.518,-0.520,-0.506,29.802,284.900,119.481,Roll
-1.568,-0.443,-0.571,17.308,25.847,16.905,Roll
-1.791,0.012,-0.397,-22.628,-215.416,-76.904,Roll
-1.183,0.120,-0.810,-31.334,-286.685,-262.168,Roll
-0.041,-0.187,-0.129,5.617,-286.685,-286.685,Roll
0.209,-0.140,-0.037,-11.778,-286.685,-286.685,Roll
0.754,-0.069,0.670,-36.347,-286.685,-286.685,Roll
1.162,-0.353,0.909,-27.230,-286.685,-286.685,Roll
1.140,-0.835,0.461,76.204,-286.685,-258.388,Roll
1.524,-0.600,0.580,63.989,-195.851,-80.439,Roll
1.466,-0.557,0.421,-21.061,-38.089,-14.096,Roll
1.236,-0.422,0.313,6.615,107.450,49.000,Roll
1.405,-0.385,0.605,11.672,224.385,123.270,Roll
1.363,-0.257,0.780,-5.714,286.685,254.301,Roll
0.668,-0.149,0.351,-34.335,286.685,286.685,Roll
-0.097,-0.027,-0.084,-33.661,286.685,286.685,Roll
-0.411,-0.135,0.231,-31.972,286.685,286.676,Roll
-0.770,-0.246,0.142,-71.234,286.685,254.669,Roll
-1.124,-0.410,-0.403,-21.647,286.685,143.167,Roll
-1.612,-0.485,-0.481,-14.613,192.027,37.039,Roll
-1.817,-0.139,-0.460,-11.541,-183.925,-106.094,Roll
-1.339,0.018,-0.813,11.944,-286.685,-254.678,Roll
-0.087,-0.024,-0.739,69.869,-286.685,-286.685,Roll
0.752,-0.176,0.014,91.464,-286.685,-286.685,Roll
0.782,-0.080,0.706,-30.013,-286.685,-286.685,Roll
1.296,-0.695,0.968,117.591,-286.685,-285.434,Roll
1.894,-0.734,0.805,74.865,-252.114,-204.969,Roll
1.890,-0.764,0.803,-24.570,-64.452,-103.311,Roll
1.594,-0.474,0.616,-38.404,263.323,178.491,Roll
1.499,-0.127,0.746,-4.165,286.685,286.685,Roll
0.451,0.228,-0.265,28.464,286.685,286.685,Roll
-0.352,0.195,-0.344,41.702,286.685,286.685,Roll
-0.980,-0.089,0.353,-26.679,286.685,285.784,Roll
-0.986,-0.248,-0.410,-24.343,286.685,219.354,Roll
-1.282,-0.368,-0.460,74.673,286.606,88.165,Roll
-1.424,-0.313,-0.371,58.730,140.394,-23.205,Roll
-1.269,-0.071,-0.379,41.344,-21.219,-80.106,Roll
-1.273,-0.014,-0.161,41.519,-279.527,-128.432,Roll
-0.842,-0.134,-0.084,56.079,-286.685,-169.251,Roll
-0.302,-0.307,0.343,57.986,-286.685,-166.871,Roll
0.060,-0.331,0.445,-49.840,-286.685,-192.413,Roll
0.391,0.004,0.295,-90.493,-286.685,-248.587,Roll
0.773,-0.356,0.487,56.752,-286.685,-281.094,Roll
1.062,-0.795,1.060,73.588,-286.685,-126.787,Roll
1.402,-0.690,0.226,18.804,-98.070,-104.562,Roll
1.323,-0.470,0.383,63.026,97.781,-70.359,Roll
0.973,-0.292,1.082,59.596,286.685,36.680,Roll
0.871,-0.120,1.359,-12.171,286.685,116.952,Roll
0.631,-0.128,1.143,-59.972,286.685,140.884,Roll
0.182,0.013,0.586,-81.349,286.685,138.898,Roll
-0.217,-0.075,0.286,-62.396,286.685,137.165,Roll
-0.315,-0.307,0.114,-101.614,286.685,100.371,Roll
-0.977,-0.297,-0.477,-78.916,286.685,102.996,Roll
-1.166,-0.400,-0.378,-4.471,286.353,99.365,Roll
-1.103,-0.321,-0.415,12.696,205.214,91.429,Roll
-1.437,-0.086,-0.453,18.235,-44.520,78.619,Roll
-1.411,0.170,-0.293,32.699,-286.405,-6.204,Roll
-0.880,0.011,0.797,-18.743,-286.685,-104.921,Roll
-0.740,-0.194,0.868,-134.820,-286.685,-214.681,Roll
-0.346,-0.184,0.275,-191.538,-286.685,-272.291,Roll
0.073,-0.146,0.085,-125.256,-286.685,-286.685,Roll
0.500,-0.362,-0.201,75.005,-286.685,-284.471,Roll
1.616,-0.361,0.843,214.393,-286.685,-142.511,Roll
1.828,-0.142,0.955,76.825,-286.247,-110.512,Roll
1.440,-0.458,0.427,-16.179,-107.503,-88.375,Roll
0.964,-0.423,0.313,21.962,-17.657,-52.605,Roll
1.215,-0.191,0.760,17.955,117.906,44.030,Roll
1.329,-0.186,1.317,-45.623,286.685,120.015,Roll
1.558,-0.089,1.050,-141.575,286.685,271.110,Roll
1.094,-0.032,0.592,-124.827,286.685,286.685,Roll
-0.104,0.192,-0.736,-13.379,286.685,285.110,Roll
-0.606,-0.187,0.140,72.406,286.685,221.244,Roll
-0.504,-0.275,0.561,57.645,286.685,116.743,Roll
-1.022,-0.486,-0.249,19.827,286.685,50.803,Roll
-1.065,-0.475,-0.429,30.083,286.685,-7.429,Roll
-1.260,-0.148,-0.412,-22.304,84.726,-47.591,Roll
-1.274,-0.064,-0.980,-15.496,-212.144,-76.562,Roll
-1.295,0.111,-0.619,73.229,-286.685,-93.616,Roll
-0.677,-0.178,0.648,92.566,-286.685,-142.389,Roll
0.113,-0.431,0.317,-10.938,-286.685,-136.964,Roll
0.283,-0.316,0.302,-14.849,-286.685,-177.310,Roll
0.573,-0.026,0.025,-5.031,-286.685,-273.166,Roll
0.754,0.049,0.202,102.926,-286.685,-281.969,Roll
1.160,-0.457,0.687,116.445,-286.685,-217.735,Roll
1.634,-0.135,0.915,99.120,-286.685,-272.090,Roll
1.338,-0.351,0.438,-25.673,-67.323,-136.246,Roll
1.360,-0.077,0.087,6.352,92.750,-29.278,Roll
1.251,-0.024,0.079,51.511,123.463,60.357,Roll
1.600,0.021,1.057,52.623,219.791,120.085,Roll
1.499,-0.161,0.833,-19.084,286.685,186.673,Roll
1.205,-0.155,0.790,-48.554,286.685,239.803,Roll
0.535,-0.175,1.013,-56.079,286.685,270.025,Roll
0.145,0.096,0.184,-77.175,286.685,254.327,Roll
-0.661,-0.175,0.920,-60.743,286.685,191.992,Roll
0.402,-0.301,0.065,-160.702,286.685,163.012,Roll
-0.136,-0.184,-0.502,-127.689,286.685,117.311,Roll
-1.317,-0.200,-0.807,-121.686,286.685,40.364,Roll
-1.181,-0.259,-0.734,-39.917,227.395,68.915,Roll
-0.891,-0.026,-0.440,24.789,82.241,-30.406,Roll
-0.905,0.097,-0.961,97.536,-72.739,-22.724,Roll
-1.846,-0.016,-0.306,168.114,-245.822,26.416,Roll
-1.405,-0.243,0.526,123.821,-286.685,-98.700,Roll
-0.616,-0.365,0.586,-6.108,-286.685,-210.831,Roll
-0.388,-0.279,0.455,-125.720,-286.685,-253.417,Roll
-0.045,-0.160,-0.045,-111.632,-286.685,-286.685,Roll
-0.095,-0.382,0.285,-7.796,-286.685,-286.685,Roll
0.762,-0.368,0.446,-35.219,-286.685,-269.386,Roll
1.329,-0.423,-0.126,-33.513,-286.685,-190.531,Roll
1.478,-0.535,0.134,9.415,-269.027,-66.666,Roll
1.035,-0.524,0.230,37.091,-132.738,36.724,Roll
0.838,-0.461,0.135,31.544,-63.368,89.740,Roll
0.828,-0.470,0.110,30.389,-32.681,95.279,Roll
0.997,-0.483,0.110,40.268,57.409,84.000,Roll
1.023,-0.572,0.106,76.177,158.559,82.154,Roll
0.951,-0.641,0.289,122.658,279.948,91.595,Roll
0.889,-0.578,0.470,155.741,286.685,107.511,Roll
0.985,-0.518,0.977,169.619,286.685,126.376,Roll
0.049,-0.458,0.698,114.730,286.685,130.891,Roll
-0.556,-0.164,0.579,-0.306,286.685,62.484,Roll
-0.190,-0.301,0.275,-154.613,286.685,106.636,Roll
-0.607,-0.310,-0.087,-88.401,286.685,162.776,Roll
-1.185,-0.176,-0.750,-3.797,286.685,152.556,Roll
-1.260,-0.250,-0.231,49.026,240.966,70.332,Roll
-1.160,-0.310,-0.169,20.046,-19.434,-10.623,Roll
-1.032,-0.190,-0.446,32.130,-200.034,-41.037,Roll
-1.221,-0.317,0.440,99.295,-286.685,-56.105,Roll
-1.083,-0.350,0.641,-34.554,-286.685,-137.270,Roll
-0.523,-0.363,0.518,-181.046,-286.685,-246.829,Roll
-0.260,0.001,-0.241,-220.456,-286.685,-286.685,Roll
-0.320,-0.445,0.146,-104.580,-286.685,-286.685,Roll
0.922,-0.455,0.449,-63.368,-286.685,-254.739,Roll
1.115,-0.538,0.098,-80.106,-264.101,-139.667,Roll
0.902,-0.423,-0.106,-37.818,-194.460,-78.330,Roll
0.989,-0.441,0.034,0.849,-166.303,-25.865,Roll
1.006,-0.473,-0.030,16.284,-142.564,11.139,Roll
1.091,-0.563,-0.029,42.245,-52.526,29.514,Roll
1.243,-0.655,0.134,68.810,53.340,48.020,Roll
1.199,-0.601,0.109,81.848,169.768,78.838,Roll
1.112,-0.593,0.170,128.747,281.321,108.089,Roll
1.203,-0.559,0.577,165.042,286.685,143.185,Roll
1.117,-0.518,0.538,115.272,286.685,177.345,Roll
-0.079,-0.340,0.393,83.851,286.685,181.781,Roll
-0.545,-0.199,0.265,-10.456,286.685,113.251,Roll
-0.223,-0.317,0.462,-157.482,286.685,128.643,Roll
-0.651,-0.254,-0.657,-124.539,286.685,192.220,Roll
-1.056,-0.211,-0.545,21.438,286.685,177.607,Roll
-1.178,-0.348,-0.116,55.650,195.361,89.556,Roll
-1.127,-0.262,-0.354,26.722,-75.294,37.993,Roll
-1.125,-0.200,-0.026,83.029,-286.562,6.948,Roll
-1.280,-0.339,0.335,80.474,-286.685,-26.705,Roll
-1.073,-0.488,0.590,-0.429,-286.685,-116.323,Roll
-0.391,-0.308,0.125,-86.039,-286.685,-175.385,Roll
0.288,-0.042,0.147,-48.895,-286.685,-164.133,Roll
-0.016,-0.251,0.324,-81.384,-286.685,-203.901,Roll
0.672,-0.281,0.210,-87.159,-286.685,-206.027,Roll
1.998,-0.161,0.603,27.099,-286.685,-239.295,Roll
1.505,-0.534,0.487,-48.107,-145.827,-98.289,Roll
1.026,-0.401,0.099,-53.209,-24.885,3.920,Roll
1.177,-0.415,0.093,-3.307,-2.319,73.596,Roll
1.459,-0.492,0.403,34.877,60.034,115.666,Roll
1.608,-0.544,0.423,92.636,274.733,159.066,Roll
1.437,-0.602,0.419,91.875,286.685,196.884,Roll
0.814,-0.311,0.214,48.265,286.685,215.390,Roll
-0.032,-0.228,0.313,-27.230,286.685,219.301,Roll
-0.314,0.046,-0.109,-181.309,286.685,246.181,Roll
-0.662,-0.127,0.179,-103.819,286.685,286.685,Roll
-0.587,-0.096,-0.520,-155.986,286.685,286.685,Roll
-1.264,-0.296,-1.094,-2.284,286.685,225.776,Roll
-1.304,-0.293,-0.682,105.262,176.899,54.224,Roll
-1.200,-0.032,-0.431,106.418,-158.393,-212.161,Roll
-1.564,0.221,-1.075,98.831,-286.685,-228.568,Roll
-0.558,-0.260,0.310,112.096,-286.685,-286.685,Roll
0.337,-0.020,-0.280,-56.998,-286.685,-286.361,Roll
0.681,-0.060,0.018,-43.164,-286.685,-286.685,Roll
0.969,-0.252,0.032,-46.778,-286.685,-286.685,Roll
0.629,-0.536,0.475,98.753,-286.685,-286.685,Roll
1.040,-0.675,0.922,23.196,-286.685,-251.615,Roll
1.614,-0.436,0.478,-76.746,-103.766,-107.817,Roll
1.164,-0.360,-0.061,-71.129,44.048,13.248,Roll
1.155,-0.339,-0.050,-12.329,82.757,53.200,Roll
1.529,-0.399,0.306,43.321,181.764,102.970,Roll
1.481,-0.478,0.597,55.895,286.685,172.497,Roll
0.974,-0.396,0.334,31.474,286.685,264.180,Roll
0.568,-0.291,0.368,34.300,286.685,286.064,Roll
0.028,-0.017,0.323,-132.930,286.685,274.041,Roll
-0.460,-0.138,-0.127,-231.901,286.685,286.685,Roll
-0.620,-0.185,-0.146,-130.121,286.685,286.641,Roll
-1.176,-0.160,-0.840,-43.461,286.685,240.188,Roll
-1.339,-0.328,-0.522,93.293,262.019,92.636,Roll
-1.098,-0.347,-0.159,70.158,136.850,-12.504,Roll
-1.026,-0.191,-0.754,-38.640,-47.976,-72.056,Roll
-1.358,-0.243,-0.582,87.211,-280.508,-120.899,Roll
-1.136,-0.282,-0.221,114.573,-286.685,-159.399,Roll
-0.860,-0.375,0.142,63.857,-286.685,-211.732,Roll
-0.502,-0.297,0.029,36.662,-286.685,-208.408,Roll
-0.006,-0.153,0.026,-31.552,-286.685,-273.560,Roll
0.218,-0.003,0.384,-47.661,-286.685,-286.685,Roll
0.681,-0.095,0.106,-141.444,-286.685,-286.685,Roll
1.378,-0.544,0.529,-44.441,-286.466,-271.014,Roll
1.547,-0.530,0.109,-130.795,-143.561,-172.848,Roll
1.363,-0.422,-0.580,-45.080,-66.990,-58.170,Roll
1.442,-0.378,-0.588,51.616,-1.278,27.948,Roll
1.619,-0.471,0.381,150.684,124.600,116.007,Roll
1.465,-0.415,0.161,141.881,286.510,177.800,Roll
1.083,-0.341,0.350,150.605,286.685,250.959,Roll
0.609,-0.234,0.362,161.971,286.685,240.231,Roll
-0.052,0.041,0.662,180.539,286.685,117.959,Roll
-0.902,0.011,0.864,13.519,286.685,48.597,Roll
-0.850,-0.217,0.828,-170.065,286.685,89.294,Roll
-0.295,-0.272,-0.147,-187.871,286.685,66.456,Roll
-0.506,-0.493,-1.259,-9.642,286.685,30.642,Roll
-1.317,-0.474,0.083,101.561,282.170,-30.354,Roll
-0.816,-0.357,-0.394,-44.354,110.128,-61.057,Roll
-0.657,-0.378,-0.753,1.216,-255.518,-54.810,Roll
-1.145,-0.418,-0.321,54.679,-286.685,-17.745,Roll
-1.310,-0.479,-0.015,61.206,-286.685,-51.555,Roll
-0.395,-0.393,0.321,13.046,-286.685,-121.118,Roll
-0.236,0.007,0.370,-17.509,-286.685,-155.461,Roll
0.386,0.006,0.721,-28.770,-286.685,-233.284,Roll
0.669,-0.273,0.993,-47.049,-286.685,-241.133,Roll
0.894,-0.552,0.213,-84.884,-286.685,-179.069,Roll
1.434,-0.786,0.480,-42.639,-266.691,-67.323,Roll
1.068,-0.654,0.085,-43.732,-40.915,44.835,Roll
1.006,-0.597,-0.037,21.446,51.065,102.603,Roll
1.115,-0.588,0.063,73.579,164.693,126.289,Roll
1.153,-0.598,0.429,122.990,286.685,149.424,Roll
0.825,-0.464,0.669,110.600,286.685,175.665,Roll
-0.063,-0.235,0.610,39.961,286.685,189.857,Roll
-0.358,-0.220,1.013,-61.338,286.685,200.034,Roll
-0.429,-0.171,0.228,-152.679,286.685,211.864,Roll
-0.461,-0.261,-0.287,-76.344,286.685,180.871,Roll
-1.468,-0.492,-0.247,2.686,286.685,79.065,Roll
-0.948,-0.446,-0.056,-22.566,150.325,-33.670,Roll
-0.603,-0.310,-0.421,-29.540,-22.514,-54.189,Roll
-0.823,-0.405,-0.253,33.311,-111.571,-37.257,Roll
-1.344,-0.495,-0.029,65.564,-284.533,-46.436,Roll
-1.193,-0.457,0.009,53.191,-286.685,-141.216,Roll
-0.514,-0.429,0.092,50.689,-286.685,-268.503,Roll
0.151,-0.087,0.078,-64.855,-286.685,-286.685,Roll
0.067,-0.373,0.626,-28.884,-286.685,-286.685,Roll
0.356,-0.032,0.018,-141.523,-286.685,-286.685,Roll
1.791,-0.502,-0.460,-72.966,-286.685,-286.685,Roll
1.767,-0.643,0.260,-30.756,-263.331,-133.236,Roll
1.210,-0.618,-0.314,-33.425,-129.902,28.744,Roll
1.365,-0.643,-0.102,19.801,-1.304,124.136,Roll
1.366,-0.711,0.090,58.634,250.924,195.676,Roll
1.365,-0.703,-0.159,106.802,286.685,224.840,Roll
1.224,-0.727,0.330,143.238,286.685,255.561,Roll
0.910,-0.450,0.499,67.524,286.685,286.685,Roll
0.413,-0.174,0.180,-56.359,286.685,275.721,Roll
-0.528,0.025,-0.213,-75.582,286.685,264.259,Roll
-0.783,-0.253,0.459,-53.970,286.685,264.661,Roll
-0.545,-0.294,-0.167,-95.305,286.685,222.819,Roll
-0.706,-0.348,-1.008,-38.929,286.685,140.166,Roll
-0.859,-0.403,-0.676,37.354,283.299,65.082,Roll
-0.796,-0.386,-0.250,58.590,155.689,22.733,Roll
-0.589,-0.312,-0.922,46.708,-96.198,1.102,Roll
-1.012,-0.418,-0.307,122.089,-286.615,12.355,Roll
-1.321,-0.479,0.249,110.775,-286.685,-40.705,Roll
-0.976,-0.367,0.277,44.975,-286.685,-113.391,Roll
0.026,-0.292,0.418,-114.923,-286.685,-249.288,Roll
0.111,-0.154,0.215,-155.199,-286.685,-286.685,Roll
0.630,-0.483,0.413,79.966,-286.685,-286.685,Roll
1.196,-0.498,0.624,20.711,-286.685,-276.071,Roll
1.726,-0.619,0.762,-31.596,-189.026,-146.318,Roll
1.298,-0.627,0.257,-70.814,-41.493,-43.557,Roll
1.329,-0.582,0.249,-19.626,23.065,68.705,Roll
1.689,-0.633,0.283,34.554,132.212,189.893,Roll
1.666,-0.592,0.461,100.914,286.685,281.592,Roll
1.346,-0.311,0.421,112.341,286.685,286.685,Roll
0.353,-0.033,0.164,44.432,286.685,286.685,Roll
-0.417,0.025,-0.003,-247.345,286.685,277.279,Roll
-0.680,-0.207,-0.053,-190.592,286.685,286.685,Roll
-0.542,-0.212,-0.284,-106.452,286.685,262.281,Roll
-1.119,-0.346,-0.670,-92.750,286.685,192.010,Roll
-1.133,-0.457,-0.339,-28.000,278.617,65.966,Roll
-0.738,-0.416,-0.716,-22.199,121.363,-47.653,Roll
-0.567,-0.319,-1.196,2.170,-80.684,-96.705,Roll
-0.891,-0.313,-0.692,120.435,-282.179,-104.169,Roll
-1.103,-0.254,-0.167,152.932,-286.685,-132.667,Roll
-0.877,-0.266,-0.084,109.261,-286.685,-194.827,Roll
-0.343,-0.178,-0.223,15.802,-286.685,-276.745,Roll
0.606,-0.087,0.423,-82.224,-286.685,-286.685,Roll
0.604,-0.567,0.287,-38.972,-286.685,-286.685,Roll
0.896,-0.447,0.593,56.403,-286.685,-286.685,Roll
1.185,-0.507,0.607,-57.103,-253.654,-286.598,Roll
1.483,-0.545,0.381,-87.535,-117.066,-199.938,Roll
1.297,-0.668,-0.015,-58.643,-21.910,-67.812,Roll
1.474,-0.543,0.114,7.525,26.250,52.054,Roll
1.739,-0.524,0.640,50.514,147.945,170.117,Roll
1.606,-0.517,0.485,57.312,283.745,284.909,Roll
1.410,-0.380,0.203,73.973,286.685,286.685,Roll
0.689,0.087,-0.221,90.501,286.685,286.685,Roll
-0.090,0.031,0.015,-135.467,286.685,263.664,Roll
-0.452,0.017,-0.605,-278.784,286.685,286.379,Roll
-1.101,-0.271,-0.405,-84.647,286.685,279.781,Roll
-1.581,-0.367,-0.376,-49.114,286.685,184.555,Roll
-1.242,-0.369,-0.385,-58.791,286.685,26.119,Roll
-0.728,-0.295,-1.039,-31.561,152.101,-76.081,Roll
-0.677,-0.249,-1.060,67.051,-101.062,-95.069,Roll
-0.727,-0.263,-0.822,134.872,-285.443,-64.838,Roll
-1.015,-0.354,-0.349,159.110,-286.685,-65.039,Roll
-0.921,-0.420,-0.180,114.861,-286.685,-145.836,Roll
-0.584,-0.254,-0.084,55.037,-286.685,-283.876,Roll
0.272,-0.056,-0.722,-20.160,-286.685,-286.685,Roll
0.628,0.035,-0.173,181.755,-286.685,-286.685,Roll
0.834,0.084,0.464,162.479,-286.685,-286.685,Roll
1.345,-0.082,0.323,98.341,-286.685,-286.685,Roll
1.904,-0.224,0.470,27.816,-264.110,-278.688,Roll
1.694,-0.245,0.150,24.448,-107.109,-132.720,Roll
1.608,-0.143,0.225,50.225,-0.647,-9.249,Roll
1.717,-0.107,0.693,46.287,77.560,71.251,Roll
1.947,-0.162,1.162,-41.877,190.260,130.226,Roll
1.980,-0.072,0.554,-122.159,286.685,274.785,Roll
1.508,0.062,0.344,-139.396,286.685,286.685,Roll
1.048,0.167,0.338,-170.161,286.685,286.685,Roll
0.225,0.157,0.012,-268.161,286.685,286.685,Roll
0.188,-0.018,-0.185,-205.415,286.685,286.685,Roll
-0.062,0.038,-0.451,-241.544,286.685,286.685,Roll
-1.273,-0.306,-1.486,-124.110,286.685,259.639,Roll
-1.315,-0.409,-0.908,72.257,284.095,111.221,Roll
-1.028,-0.250,-0.421,73.973,187.416,-5.819,Roll
-0.863,-0.123,-0.736,38.798,-23.170,-114.397,Roll
-0.931,-0.292,-0.770,126.131,-255.185,-115.019,Roll
-0.962,-0.344,-0.264,186.244,-286.685,-115.412,Roll
-0.584,-0.322,-0.110,155.899,-286.685,-178.579,Roll
-0.192,-0.253,-0.360,102.025,-286.685,-232.409,Roll
0.206,0.048,-0.127,90.624,-286.685,-279.431,Roll
0.750,0.146,-0.073,96.189,-286.685,-286.685,Roll
1.244,-0.019,0.036,158.261,-286.685,-286.685,Roll
1.980,-0.067,1.735,224.508,-286.685,-286.221,Roll
1.671,-0.557,1.228,-41.169,-240.494,-246.242,Roll
1.724,-0.228,0.100,-41.510,-146.449,-147.542,Roll
1.578,-0.133,-0.085,24.640,40.967,32.279,Roll
1.365,-0.080,0.629,54.661,141.295,125.387,Roll
1.662,-0.199,1.063,-24.343,228.786,150.360,Roll
1.641,-0.151,0.743,-54.373,286.685,218.260,Roll
1.342,-0.107,0.566,-87.999,286.685,261.669,Roll
1.007,-0.139,0.607,-117.626,286.685,262.456,Roll
0.504,0.073,0.115,-147.884,286.685,256.069,Roll
-0.065,0.061,0.323,-103.933,286.685,191.152,Roll
0.086,-0.075,0.001,-278.469,286.685,190.199,Roll
-0.499,-0.221,-1.036,-197.234,286.685,171.666,Roll
-1.221,-0.386,-1.056,-2.852,286.685,114.345,Roll
-1.220,-0.359,-0.069,48.099,147.621,22.295,Roll
-0.982,-0.213,-0.489,2.870,29.260,-63.359,Roll
-0.991,-0.341,-0.399,14.280,-169.181,-127.522,Roll
-1.255,-0.407,-0.415,67.016,-286.685,-119.088,Roll
-0.893,-0.399,-0.280,122.622,-286.685,-147.070,Roll
-0.410,-0.380,-0.072,133.376,-286.685,-197.969,Roll
-0.224,-0.319,-0.288,137.025,-286.685,-250.819,Roll
0.328,0.098,0.010,158.742,-286.685,-286.081,Roll
0.938,0.026,0.528,195.633,-286.685,-286.685,Roll
1.162,-0.123,-0.034,107.459,-286.685,-286.685,Roll
1.639,-0.181,0.437,28.612,-267.636,-244.423,Roll
1.599,-0.309,0.612,4.454,-127.908,-168.254,Roll
1.484,-0.279,0.312,-15.767,-112.420,-104.720,Roll
1.406,-0.114,-0.161,6.589,42.998,-3.027,Roll
1.544,-0.073,0.795,22.129,194.688,64.164,Roll
1.656,-0.023,0.896,-69.440,272.737,117.268,Roll
1.661,-0.079,0.785,-99.295,286.685,169.496,Roll
1.589,-0.026,0.976,-146.484,286.685,230.956,Roll
1.158,0.197,0.835,-208.014,286.685,267.356,Roll
0.351,0.340,0.175,-286.685,286.685,248.561,Roll
0.129,0.234,-0.336,-286.685,286.685,267.628,Roll
-0.433,-0.425,-0.032,-227.246,286.685,254.074,Roll
-0.509,-0.254,-1.038,-125.991,286.685,146.134,Roll
-0.928,-0.297,-1.043,47.548,286.685,78.207,Roll
-1.096,-0.337,-0.347,92.531,158.130,-20.939,Roll
-1.025,-0.220,-0.285,67.952,-1.452,-75.136,Roll
-0.834,-0.385,-0.391,90.099,-230.659,-114.336,Roll
-1.046,-0.442,-0.287,132.676,-286.685,-79.957,Roll
-0.839,-0.509,0.219,157.859,-286.685,-104.632,Roll
-0.454,-0.441,-0.018,94.150,-286.685,-168.508,Roll
0.085,-0.221,-0.243,71.934,-286.685,-257.845,Roll
0.867,-0.011,0.308,124.635,-286.685,-286.685,Roll
0.834,-0.142,0.640,72.914,-286.685,-286.685,Roll
1.337,-0.137,0.035,89.338,-286.685,-286.685,Roll
1.692,-0.381,0.480,13.352,-248.929,-234.596,Roll
1.549,-0.425,0.213,6.020,-187.320,-151.244,Roll
1.309,-0.191,0.124,2.494,-103.154,22.094,Roll
1.527,-0.104,0.270,-22.505,-18.077,110.005,Roll
1.683,-0.244,0.138,-29.934,81.699,193.506,Roll
1.481,-0.367,0.143,5.775,168.044,262.938,Roll
1.221,-0.346,0.291,58.783,284.568,286.685,Roll
1.206,-0.381,0.264,80.509,286.685,286.685,Roll
1.129,-0.433,0.476,138.163,286.685,286.685,Roll
0.432,-0.253,0.594,184.704,286.685,286.685,Roll
-0.287,-0.013,0.132,61.574,286.685,286.685,Roll
0.714,-0.374,0.064,-94.115,286.685,286.685,Roll
-1.009,-0.229,-0.890,-140.569,286.685,218.470,Roll
-1.538,-0.029,-1.420,28.884,259.508,80.430,Roll
-1.181,0.100,-0.713,119.814,65.249,-37.826,Roll
-0.699,-0.200,-0.160,134.943,-174.633,-204.969,Roll
-0.679,-0.347,-0.241,102.865,-286.685,-216.860,Roll
-0.521,-0.238,-0.137,128.783,-286.685,-184.616,Roll
0.115,-0.217,0.148,90.116,-286.685,-193.182,Roll
0.626,-0.088,0.153,45.290,-286.685,-254.896,Roll
0.856,0.171,0.101,36.864,-286.685,-286.685,Roll
1.186,0.275,0.099,154.910,-286.685,-286.685,Roll
1.999,-0.124,0.211,122.990,-279.204,-286.685,Roll
1.999,-0.555,1.648,100.118,-193.900,-207.917,Roll
1.756,-0.187,0.324,-62.694,2.686,-85.251,Roll
1.438,0.010,0.368,-21.017,222.163,34.589,Roll
1.414,0.092,0.909,-12.757,214.742,58.013,Roll
1.686,-0.017,1.195,-82.994,239.846,98.429,Roll
1.819,-0.029,1.045,-141.111,283.316,172.051,Roll
1.494,-0.013,0.764,-181.046,286.685,283.841,Roll
1.087,0.049,0.684,-217.534,286.685,270.655,Roll
1.002,0.319,-0.095,-286.685,286.685,209.352,Roll
0.402,0.144,-0.609,-285.049,286.685,184.765,Roll
-0.220,-0.247,0.114,-224.682,286.685,142.258,Roll
-0.596,-0.262,-0.303,-258.510,286.685,90.641,Roll
-0.711,-0.277,-1.414,-153.790,285.723,50.243,Roll
-0.823,-0.491,-0.709,21.289,168.394,2.721,Roll
-0.885,-0.457,-0.191,5.285,68.154,-36.006,Roll
-0.692,-0.391,-0.748,-11.139,-55.562,-25.856,Roll
-1.054,-0.506,-0.482,47.495,-164.255,13.895,Roll
-1.314,-0.524,-0.430,74.113,-284.865,-3.098,Roll
-1.106,-0.510,-0.430,108.920,-286.685,-81.918,Roll
-0.889,-0.411,-0.204,134.181,-286.685,-145.285,Roll
-0.349,-0.208,-0.179,111.869,-286.685,-273.026,Roll
0.755,-0.116,-0.246,99.103,-286.685,-286.685,Roll
0.918,0.049,0.270,54.206,-286.685,-286.685,Roll
1.029,-0.338,0.480,40.416,-286.685,-286.685,Roll
1.439,-0.369,0.413,45.194,-286.685,-255.404,Roll
1.871,-0.479,0.494,13.913,-171.342,-128.275,Roll
1.375,-0.463,0.326,-10.903,-17.316,12.381,Roll
1.219,-0.374,0.262,12.775,113.768,98.525,Roll
1.299,-0.380,0.607,24.631,168.595,130.401,Roll
1.487,-0.398,0.627,21.560,273.490,160.212,Roll
0.721,0.558,0.681,6.536,30.013,-286.685,Yaw
1.428,-0.389,1.206,73.124,-15.855,-285.985,Yaw
0.764,-0.170,1.345,1.732,-5.898,1.628,Yaw
0.514,0.045,0.991,-47.775,-26.399,284.244,Yaw
-0.088,0.906,0.863,-9.546,-3.736,286.685,Yaw
0.016,0.327,1.053,66.666,28.779,286.685,Yaw
0.037,-0.019,1.006,24.622,-31.395,286.685,Yaw
-0.494,0.204,1.051,0.368,-8.435,101.404,Yaw
-0.239,0.352,1.042,-9.502,-3.719,-75.268,Yaw
-0.387,0.391,1.006,-17.824,3.439,-280.910,Yaw
-0.412,0.772,1.142,-29.750,17.351,-286.685,Yaw
1.233,0.100,0.793,-38.640,16.756,-286.685,Yaw
0.811,-0.393,1.588,56.403,-9.030,-248.027,Yaw
0.779,-0.377,1.089,-19.110,-14.341,79.669,Yaw
0.761,-0.333,1.160,-40.932,-18.375,249.034,Yaw
0.388,0.427,1.023,-41.072,-31.824,286.685,Yaw
0.303,0.872,0.781,15.523,-29.715,286.685,Yaw
-0.201,0.625,0.552,139.344,11.769,286.685,Yaw
-0.361,-0.239,1.323,65.196,-82.442,252.367,Yaw
0.017,0.075,1.082,2.669,-8.899,84.219,Yaw
-0.070,0.420,0.987,-12.556,-7.534,28.359,Yaw
-0.732,0.646,1.130,-29.907,-2.800,-278.163,Yaw
-0.330,0.387,0.952,-58.721,3.859,-286.685,Yaw
0.275,0.769,0.806,-22.566,26.189,-286.685,Yaw
1.999,-0.572,1.119,52.220,30.494,-283.404,Yaw
0.906,-0.558,1.253,-84.026,-56.035,173.644,Yaw
0.616,0.515,1.229,-96.442,-69.493,286.501,Yaw
-0.181,0.426,0.770,-91.840,-37.380,286.685,Yaw
0.274,0.200,0.677,36.951,-34.799,286.685,Yaw
0.579,0.639,0.510,175.639,-20.108,286.685,Yaw
-0.683,0.581,1.657,193.410,-38.736,286.685,Yaw
-0.043,0.015,1.111,7.849,-8.234,50.715,Yaw
-0.420,0.208,1.036,-0.683,-6.090,-15.496,Yaw
-0.809,1.021,1.130,-36.925,4.812,-286.247,Yaw
-0.459,1.281,1.020,-61.967,4.996,-286.685,Yaw
1.583,0.978,0.642,2.739,31.404,-286.685,Yaw
1.671,-1.218,1.282,68.110,12.696,-275.511,Yaw
0.142,-0.160,1.134,-25.909,-23.362,2.205,Yaw
0.115,0.179,1.002,-78.164,-52.955,55.895,Yaw
0.780,-0.114,1.056,-63.228,-42.919,173.084,Yaw
0.869,0.564,0.973,-21.814,-37.013,286.685,Yaw
0.020,1.357,0.754,74.944,-19.233,286.685,Yaw
-0.787,0.823,0.536,192.815,71.785,286.685,Yaw
-0.736,-0.156,1.833,-7.744,-72.599,174.099,Yaw
0.147,0.099,1.076,-15.636,-0.822,-0.306,Yaw
-0.794,0.560,0.881,-72.931,27.090,-179.025,Yaw
-0.660,0.886,0.701,-25.655,10.316,-286.685,Yaw
-0.188,0.388,1.149,-6.466,19.093,-286.685,Yaw
1.861,0.230,0.844,-33.810,7.700,-286.685,Yaw
0.909,-0.802,1.122,5.154,-3.395,-29.321,Yaw
0.648,-0.553,1.105,-53.690,-41.554,73.885,Yaw
-0.061,0.383,1.530,-115.973,-24.938,170.432,Yaw
0.983,0.067,0.605,-159.591,-51.599,286.685,Yaw
0.742,1.235,0.797,99.435,-85.006,286.685,Yaw
-0.340,0.891,0.584,165.611,-59.167,286.685,Yaw
-0.870,0.096,0.892,133.026,4.104,265.291,Yaw
-0.452,-0.485,1.534,49.744,-52.911,116.821,Yaw
-0.726,0.158,1.166,-12.863,-3.001,-74.673,Yaw
-0.705,0.940,0.982,-37.599,1.663,-282.476,Yaw
-0.423,1.750,0.969,-31.255,32.778,-286.685,Yaw
1.932,0.724,0.411,22.549,17.281,-286.685,Yaw
1.486,-1.589,1.333,31.850,10.955,-134.951,Yaw
0.568,-0.542,1.181,-25.235,-23.030,80.482,Yaw
0.053,0.429,1.029,-64.391,-51.774,110.504,Yaw
0.282,0.276,0.993,-74.209,-16.993,121.091,Yaw
0.920,0.089,0.834,-42.665,-28.516,286.685,Yaw
0.367,0.566,0.657,20.694,-21.096,286.685,Yaw
-0.423,0.641,0.678,133.333,-6.834,286.685,Yaw
-1.140,0.330,1.289,52.780,-46.174,164.089,Yaw
-0.421,-0.002,1.225,9.538,-16.686,-52.220,Yaw
-0.278,0.245,0.966,-22.111,5.863,-160.160,Yaw
0.201,0.316,0.910,0.717,2.896,-285.241,Yaw
0.229,-0.077,1.075,-12.294,5.889,-286.449,Yaw
0.100,0.124,1.084,-20.562,-3.500,-286.685,Yaw
0.098,0.126,0.997,-35.901,-19.259,-286.685,Yaw
0.042,0.399,0.937,-21.420,-3.850,-286.685,Yaw
0.026,0.663,0.929,4.069,9.511,-286.685,Yaw
0.688,-0.031,0.990,25.183,12.233,-286.685,Yaw
1.006,-0.492,1.046,11.611,0.472,-234.150,Yaw
0.402,0.011,1.076,-2.284,-5.093,-30.275,Yaw
0.475,0.084,0.901,17.028,7.044,0.586,Yaw
0.566,0.233,1.134,85.540,52.623,5.031,Yaw
0.303,-0.050,0.932,53.279,31.745,50.278,Yaw
-0.473,-0.099,1.020,-13.983,1.610,191.616,Yaw
-0.457,0.228,1.137,-72.581,-14.464,241.614,Yaw
-0.021,0.076,0.998,-3.684,-2.616,59.570,Yaw
-0.143,-0.109,0.988,-0.464,-8.382,7.945,Yaw
0.810,0.228,1.055,-1.724,2.056,74.856,Yaw
0.308,0.176,1.008,-31.596,-18.515,61.408,Yaw
0.114,0.015,0.940,-31.754,-25.427,112.061,Yaw
-0.226,-0.197,0.932,-3.273,-3.264,80.911,Yaw
0.206,0.199,1.116,17.859,-32.296,-51.319,Yaw
0.291,0.159,1.041,31.789,11.847,-21.805,Yaw
-0.061,-0.140,1.374,-25.454,9.835,242.681,Yaw
0.292,0.677,1.170,-124.906,50.479,286.685,Yaw
-0.785,0.275,0.827,-151.821,97.895,286.685,Yaw
-0.670,-0.935,0.727,-67.463,91.105,281.496,Yaw
-0.273,-0.278,0.881,6.501,-7.193,116.025,Yaw
0.158,0.093,0.823,-7.472,-59.570,46.174,Yaw
-0.506,-0.158,-0.078,91.569,-98.254,-152.583,Yaw
0.389,-0.148,1.673,274.164,-208.381,-286.685,Yaw
0.210,0.572,0.853,29.759,-30.564,-286.685,Yaw
-0.201,1.030,0.900,51.214,32.996,-286.685,Yaw
0.093,0.969,1.205,36.076,13.799,-286.685,Yaw
0.330,0.140,1.040,3.754,-18.655,-225.199,Yaw
0.147,-0.268,1.049,13.781,-8.934,-89.268,Yaw
0.137,0.047,1.005,-9.100,-10.465,-8.943,Yaw
0.367,0.174,1.038,-12.373,-9.844,28.184,Yaw
0.538,0.358,1.083,-51.765,-49.333,255.710,Yaw
-0.455,0.549,0.858,-34.799,-15.356,286.685,Yaw
-0.284,0.503,1.220,-17.544,0.831,286.685,Yaw
-0.516,-0.089,1.026,-15.986,-15.190,286.685,Yaw
-0.918,-1.178,0.812,-6.554,0.770,188.536,Yaw
-0.074,-0.636,1.196,32.051,20.790,-247.643,Yaw
-0.216,0.070,0.635,34.335,7.516,-286.685,Yaw
-0.049,0.876,1.023,23.608,74.856,-286.685,Yaw
-0.148,1.367,0.857,-75.320,-25.323,-286.685,Yaw
0.737,0.876,1.141,-35.315,-3.027,-239.452,Yaw
0.551,0.266,1.070,59.299,-9.161,40.320,Yaw
-0.507,-0.282,1.232,57.216,-26.276,123.786,Yaw
-0.073,-0.438,0.854,-11.095,-27.615,45.019,Yaw
0.276,-0.018,0.995,1.024,-14.709,32.909,Yaw
0.590,0.217,1.134,7.901,-23.397,194.320,Yaw
0.306,0.268,0.854,-13.939,-39.471,286.685,Yaw
-0.509,-0.277,0.898,14.709,15.024,286.685,Yaw
-0.322,-0.122,0.991,81.086,47.862,164.045,Yaw
-0.191,-0.013,1.183,70.158,34.011,-12.276,Yaw
0.274,0.587,0.987,-22.067,-11.865,-26.609,Yaw
0.185,0.506,1.065,-99.969,-65.940,48.947,Yaw
0.043,0.023,0.966,-26.670,-19.635,18.524,Yaw
-0.159,0.487,1.099,-7.954,-1.636,-68.626,Yaw
-0.048,0.056,1.142,-39.839,6.746,-111.501,Yaw
0.151,-0.216,0.814,-46.104,10.307,-90.720,Yaw
0.344,-0.121,1.131,-5.696,10.036,-69.650,Yaw
0.124,-0.266,0.907,-32.533,-34.239,-15.278,Yaw
0.097,-0.086,0.841,0.280,-30.065,1.461,Yaw
0.085,-0.050,1.002,63.193,6.869,1.146,Yaw
0.831,-0.746,0.899,37.091,-9.677,217.438,Yaw
1.271,0.203,0.927,114.074,68.512,286.685,Yaw
0.475,1.125,0.985,54.285,144.865,286.685,Yaw
-0.995,1.395,1.477,-40.757,-206.675,221.384,Yaw
-0.105,0.181,1.187,-3.010,-9.774,-2.984,Yaw
-0.825,0.819,1.166,-61.792,-20.046,-284.795,Yaw
-0.794,1.975,1.015,-74.183,-2.896,-286.685,Yaw
0.718,1.875,0.648,25.244,54.924,-286.685,Yaw
1.999,-1.051,1.754,99.452,51.958,-286.685,Yaw
0.488,-0.470,1.331,-53.926,-17.876,107.537,Yaw
0.266,0.096,1.289,-119.586,-65.966,274.522,Yaw
0.212,0.629,0.668,-115.141,-53.025,286.685,Yaw
1.054,0.429,0.811,13.773,-65.467,286.685,Yaw
0.016,1.051,0.707,85.505,-69.676,286.685,Yaw
-0.777,0.721,0.897,116.314,-26.906,286.685,Yaw
-0.271,-0.351,1.170,34.606,11.331,33.268,Yaw
-0.336,0.653,1.009,26.337,13.309,-96.241,Yaw
-0.179,0.703,0.894,26.880,18.690,-286.685,Yaw
-0.071,0.631,0.795,58.861,4.778,-286.685,Yaw
1.075,0.004,1.037,78.015,-26.154,-286.685,Yaw
1.502,-0.494,1.159,-25.445,-61.985,-286.615,Yaw
0.121,-0.183,1.113,-10.938,-10.579,50.689,Yaw
0.200,-0.124,1.418,-36.881,-0.245,239.426,Yaw
0.421,0.559,0.922,-119.350,-70.289,286.685,Yaw
0.179,0.870,0.954,-35.945,-71.864,286.685,Yaw
-0.262,0.769,0.720,34.694,-44.327,286.685,Yaw
-0.619,0.392,0.633,95.226,-18.524,286.685,Yaw
0.088,-0.533,1.290,72.861,25.296,126.140,Yaw
0.139,0.043,1.025,29.138,12.854,17.220,Yaw
-0.524,0.558,1.026,14.516,5.355,-56.280,Yaw
-0.578,0.601,1.047,8.899,7.971,-276.981,Yaw
-0.032,0.235,1.051,-12.714,-17.202,-286.685,Yaw
0.571,0.541,0.670,-40.136,-36.671,-286.685,Yaw
0.718,-0.290,1.121,51.153,37.397,-286.685,Yaw
0.728,-0.329,1.220,-33.714,-17.596,-210.586,Yaw
0.442,0.011,1.130,-47.049,-16.091,107.774,Yaw
0.633,-0.010,1.010,-63.464,-37.048,286.283,Yaw
0.698,0.496,0.794,-6.116,-51.056,286.685,Yaw
0.153,0.738,0.958,52.229,-37.100,286.685,Yaw
-0.694,0.743,0.910,74.655,8.234,286.685,Yaw
-0.278,0.042,1.474,94.684,66.876,143.098,Yaw
-0.125,0.244,1.029,18.340,5.171,-55.475,Yaw
-0.406,0.398,0.986,9.818,0.044,-147.569,Yaw
-0.508,0.729,1.081,-31.334,-35.604,-286.685,Yaw
0.434,0.360,0.812,-84.438,-46.384,-286.685,Yaw
1.031,0.022,0.662,-10.885,31.211,-286.685,Yaw
0.835,-0.050,1.576,70.420,53.725,-286.685,Yaw
0.164,0.114,1.062,-7.718,-4.812,-8.951,Yaw
0.649,-0.046,1.158,-29.435,-18.760,191.756,Yaw
0.915,-0.019,1.094,-38.964,-50.759,286.685,Yaw
0.518,0.624,1.013,-5.049,-59.596,286.685,Yaw
-0.418,0.950,0.561,23.214,-42.945,286.685,Yaw
-0.808,0.232,1.433,77.717,28.420,128.231,Yaw
0.009,0.104,1.027,20.834,12.836,-78.006,Yaw
-0.270,0.412,1.005,23.494,15.085,-124.985,Yaw
-0.309,0.689,1.189,-27.046,-27.221,-286.685,Yaw
0.224,0.568,0.711,-43.741,-17.159,-286.685,Yaw
0.939,0.340,0.861,105.376,56.123,-286.685,Yaw
1.978,-0.735,1.163,45.885,-28.534,-286.633,Yaw
0.282,-0.374,1.074,8.085,-7.367,-5.224,Yaw
0.598,-0.308,1.172,-56.744,-8.601,233.415,Yaw
0.481,0.491,1.106,-117.784,-59.404,286.685,Yaw
0.796,0.552,1.081,-71.986,-58.564,286.685,Yaw
0.468,0.434,0.767,-9.450,-70.717,286.685,Yaw
-0.475,1.059,0.397,118.283,-26.154,286.685,Yaw
-1.277,-0.073,1.851,121.940,26.915,152.863,Yaw
0.151,-0.075,1.219,29.680,15.689,11.979,Yaw
-0.007,-0.216,1.042,11.051,0.726,120.260,Yaw
-0.032,0.336,0.991,1.470,-1.741,107.012,Yaw
-0.220,0.152,1.039,-2.013,0.647,-15.566,Yaw
-0.266,0.434,0.996,-3.194,5.889,-123.375,Yaw
-0.222,1.052,1.137,-14.866,-12.757,-286.685,Yaw
0.170,1.451,0.901,57.347,7.700,-286.685,Yaw
1.492,-0.218,1.063,100.450,-23.406,-286.685,Yaw
1.834,-1.721,1.346,9.546,-54.250,-284.541,Yaw
0.613,-0.662,1.442,-102.603,-45.211,132.116,Yaw
0.817,0.189,0.912,-116.007,-53.524,286.685,Yaw
0.798,0.650,0.585,32.393,-20.247,286.685,Yaw
0.690,1.466,0.473,143.491,15.899,286.685,Yaw
-1.164,0.472,1.159,-0.788,-3.351,221.568,Yaw
-0.260,0.501,1.004,12.932,-15.969,-72.327,Yaw
-0.317,0.995,0.956,21.595,-15.837,-286.685,Yaw
0.195,0.668,1.054,30.485,-27.212,-286.685,Yaw
0.738,-0.128,0.911,-40.364,-64.899,-286.685,Yaw
0.944,-0.437,0.828,-19.530,-24.167,-286.685,Yaw
0.294,-0.176,1.210,-24.097,-3.745,-23.065,Yaw
0.441,-0.153,1.216,-56.289,-37.686,137.104,Yaw
0.517,0.223,0.916,-70.464,-45.824,286.685,Yaw
0.924,0.094,0.838,-5.968,-46.559,286.685,Yaw
0.241,0.902,0.752,104.046,-44.240,286.685,Yaw
-0.421,1.040,0.674,194.329,13.265,286.685,Yaw
-0.214,0.208,1.240,5.049,7.927,33.101,Yaw
-0.439,0.604,0.991,3.386,-3.964,-70.516,Yaw
-0.411,1.044,1.051,13.283,10.911,-286.685,Yaw
-0.308,1.023,0.911,19.040,5.189,-286.685,Yaw
1.193,-0.029,0.841,15.208,-25.611,-286.685,Yaw
1.385,-0.846,1.121,23.126,-21.892,-286.685,Yaw
0.476,-0.181,1.281,-46.751,-23.503,-29.960,Yaw
0.561,-0.221,1.164,-117.548,-70.026,202.492,Yaw
0.526,0.074,1.119,-116.147,-38.246,286.685,Yaw
0.695,0.428,0.473,-25.594,-63.149,286.685,Yaw
-0.128,1.370,0.498,192.054,-9.887,286.685,Yaw
-0.802,0.769,1.349,174.221,-35.201,281.960,Yaw
0.068,0.033,1.166,0.892,2.223,2.511,Yaw
-0.202,0.529,1.012,2.852,-11.209,-20.956,Yaw
-0.873,0.972,0.943,-18.865,-0.735,-285.259,Yaw
-0.202,0.894,1.300,-54.460,-18.681,-286.685,Yaw
1.198,0.094,0.723,-50.225,-5.241,-286.685,Yaw
0.855,-0.542,0.887,53.576,30.319,-286.685,Yaw
0.338,-0.611,1.273,16.065,9.266,-45.089,Yaw
0.519,-0.475,1.187,-74.261,-32.786,165.419,Yaw
0.714,0.433,0.844,-58.074,-34.921,286.685,Yaw
0.523,0.558,0.646,45.771,-14.017,286.685,Yaw
0.223,0.523,0.849,115.920,40.836,286.685,Yaw
-0.464,0.400,1.039,42.420,21.683,286.685,Yaw
-0.410,0.554,0.907,-18.016,-26.355,210.175,Yaw
-0.101,0.472,1.012,0.210,-9.774,-62.729,Yaw
-0.356,0.491,0.990,20.160,-2.118,-285.731,Yaw
-0.357,0.882,0.977,60.979,7.359,-286.685,Yaw
0.861,-0.034,1.000,7.849,-35.709,-286.685,Yaw
0.861,-0.673,1.135,-32.042,-62.869,-286.685,Yaw
0.105,-0.006,1.041,-32.708,-27.597,-121.634,Yaw
0.234,-0.104,1.186,-62.423,-37.257,66.019,Yaw
0.430,0.121,1.100,-66.474,-31.938,199.001,Yaw
1.176,-0.534,0.997,-109.909,-23.529,285.723,Yaw
0.913,0.926,0.306,16.424,-62.239,286.685,Yaw
0.150,1.350,0.381,171.850,-40.268,286.685,Yaw
-1.894,0.349,1.999,118.965,-67.751,273.385,Yaw
0.020,0.334,0.992,0.490,-4.454,61.145,Yaw
-0.483,0.674,0.968,-9.800,-2.520,-41.072,Yaw
-1.184,1.159,0.993,-15.575,-0.543,-280.569,Yaw
-0.585,1.598,1.230,-10.386,25.419,-286.685,Yaw
1.780,0.658,0.600,-38.771,15.251,-286.685,Yaw
1.999,-1.505,1.249,60.182,29.601,-245.849,Yaw
0.774,-0.647,1.448,10.946,10.273,112.927,Yaw
0.142,0.013,1.000,-118.387,-86.336,286.580,Yaw
0.721,0.369,0.453,-53.734,-2.564,286.685,Yaw
0.932,0.505,0.270,148.523,4.524,286.685,Yaw
-0.477,0.516,1.218,123.567,48.869,286.685,Yaw
-0.743,0.793,1.011,-13.711,-26.976,279.694,Yaw
-0.194,0.154,1.006,-8.592,-2.993,-16.879,Yaw
-0.736,0.612,0.940,4.174,7.569,-213.036,Yaw
-0.784,1.032,1.084,7.945,15.505,-286.685,Yaw
1.082,-0.350,1.002,24.806,12.119,-286.685,Yaw
1.015,-0.808,1.064,23.905,-1.050,-147.779,Yaw
0.088,-0.146,1.045,-15.391,-10.203,-4.366,Yaw
0.098,0.093,1.113,-56.752,-33.469,52.351,Yaw
-0.027,0.250,1.026,-35.245,2.039,13.983,Yaw
-0.122,0.145,0.966,-19.267,-2.957,-42.193,Yaw
-0.272,0.234,1.014,24.491,-1.995,-111.527,Yaw
-0.439,0.424,1.062,9.047,0.543,-223.834,Yaw
0.174,0.144,0.924,27.589,12.355,-286.685,Yaw
0.665,-0.389,1.312,66.168,26.688,-236.775,Yaw
0.318,-0.160,1.048,30.240,-1.855,-33.583,Yaw
0.467,-0.128,0.985,15.059,-3.570,9.538,Yaw
0.857,-0.569,1.151,-14.324,1.592,224.840,Yaw
1.062,0.447,0.872,-80.412,-37.993,286.685,Yaw
0.242,1.391,0.923,22.059,63.359,286.685,Yaw
-0.625,0.357,1.204,-19.066,-13.055,286.685,Yaw
-0.703,0.456,0.937,-72.529,6.921,251.318,Yaw
-0.946,0.676,0.985,-24.106,-4.314,-38.290,Yaw
-0.888,1.305,0.776,20.991,42.455,-286.685,Yaw
-0.064,1.514,0.870,80.465,22.487,-286.685,Yaw
1.896,-0.442,1.398,60.821,14.044,-286.685,Yaw
1.044,-0.906,1.080,55.037,-15.120,-206.447,Yaw
0.132,0.073,0.895,-87.238,-60.305,-76.746,Yaw
0.733,-0.285,0.920,-89.198,-26.469,69.107,Yaw
1.603,-0.116,1.209,-52.833,6.344,286.685,Yaw
0.940,0.475,0.992,-41.947,-32.130,286.685,Yaw
-0.413,0.945,1.151,2.713,-33.609,286.685,Yaw
-0.955,0.690,0.705,-7.385,-64.662,286.685,Yaw
-1.405,1.011,0.796,14.420,-81.865,28.385,Yaw
-1.181,1.160,0.917,-36.487,24.649,-286.606,Yaw
0.643,1.998,0.742,87.500,2.818,-286.685,Yaw
1.210,0.721,1.152,96.836,65.826,-286.685,Yaw
1.407,0.032,0.941,65.879,-36.584,-286.685,Yaw
0.861,-0.094,1.049,45.903,-56.123,-286.685,Yaw
0.687,-0.296,1.104,2.441,-38.491,-286.151,Yaw
0.666,-0.133,1.048,-29.505,-31.369,-169.566,Yaw
0.581,-0.255,1.312,-73.386,-49.464,126.192,Yaw
0.253,0.643,1.009,-118.720,-88.769,286.685,Yaw
-0.353,0.756,0.688,-9.319,-23.345,286.685,Yaw
-0.368,0.072,0.878,48.405,1.872,286.685,Yaw
-0.361,-0.016,1.342,90.440,18.147,286.685,Yaw
-0.138,0.021,1.089,33.626,0.910,221.217,Yaw
-0.027,-0.018,0.993,30.161,3.316,155.365,Yaw
0.215,0.328,1.116,-34.807,-16.573,28.980,Yaw
0.077,-0.058,0.826,-22.382,-7.157,-26.985,Yaw
0.034,0.116,1.072,1.855,1.601,-44.739,Yaw
0.463,-0.303,0.957,5.346,-0.114,-33.653,Yaw
0.209,-0.252,1.020,-0.315,-1.558,115.544,Yaw
0.433,-0.279,0.894,23.083,4.182,281.199,Yaw
0.554,-0.031,1.152,15.995,5.512,286.685,Yaw
0.078,0.552,0.942,-18.358,103.241,286.685,Yaw
-0.458,0.760,0.376,-7.508,71.619,166.679,Yaw
-0.458,0.714,0.564,-24.701,-102.366,-165.760,Yaw
-0.883,0.243,0.989,-53.051,15.846,-286.685,Yaw
0.243,1.742,0.724,8.347,19.836,-286.685,Yaw
1.468,0.526,0.753,5.407,11.988,-286.685,Yaw
1.261,-0.583,1.044,54.688,8.549,-286.685,Yaw
0.294,-0.465,1.184,33.189,2.608,-278.329,Yaw
0.810,-0.421,1.187,-77.613,-31.106,37.188,Yaw
1.552,-0.255,1.254,-116.480,-45.509,286.685,Yaw
0.784,0.673,0.940,-96.871,-43.286,286.685,Yaw
0.228,1.067,0.713,5.460,-59.080,286.685,Yaw
-0.254,0.491,0.722,90.991,-45.299,286.685,Yaw
-1.258,0.381,1.365,77.805,-76.948,233.406,Yaw
0.047,0.043,1.219,33.924,-35.210,-4.174,Yaw
-0.600,0.935,1.029,13.318,-14.105,-241.614,Yaw
0.378,0.644,0.971,-17.054,11.454,-286.685,Yaw
0.483,0.331,0.848,39.471,4.594,-286.685,Yaw
1.063,-0.576,1.045,48.921,-23.013,-286.685,Yaw
0.334,-0.742,1.311,-64.207,-60.769,-234.859,Yaw
1.119,0.128,1.390,-139.423,-76.589,285.652,Yaw
0.734,0.547,0.622,-107.704,-49.761,286.685,Yaw
0.214,1.102,0.369,9.012,-72.205,286.685,Yaw
-0.126,0.677,0.668,180.171,-18.935,286.685,Yaw
-1.574,-0.246,1.807,75.976,-57.890,187.443,Yaw
0.205,0.087,1.057,11.384,-10.097,-0.210,Yaw
0.020,0.069,1.014,11.288,-10.929,-4.060,Yaw
-0.661,0.715,1.017,-15.120,3.255,-255.115,Yaw
-0.529,0.962,1.315,-0.298,33.521,-286.685,Yaw
0.532,0.921,0.832,-9.179,3.439,-286.685,Yaw
1.495,-0.229,0.863,-4.891,-14.009,-286.685,Yaw
0.988,-0.688,1.074,13.361,-4.051,-262.552,Yaw
0.431,-0.216,1.108,6.562,-7.595,36.671,Yaw
0.722,-0.387,1.085,-46.463,-39.034,227.955,Yaw
0.836,0.114,0.979,-47.049,-30.345,286.685,Yaw
0.363,0.761,0.947,6.309,-18.200,286.685,Yaw
-0.407,0.337,0.862,35.647,-1.120,286.685,Yaw
-0.926,0.568,0.998,71.164,46.804,286.685,Yaw
-0.061,0.757,0.607,32.217,-8.129,190.750,Yaw
-0.874,0.342,1.239,-9.651,34.134,-261.529,Yaw
0.277,0.578,0.898,1.181,35.315,-286.685,Yaw
0.254,0.485,1.196,4.988,12.180,-286.685,Yaw
0.481,0.533,0.924,38.588,8.934,-286.685,Yaw
1.522,0.037,0.852,40.819,-30.135,-286.685,Yaw
0.925,-0.390,1.104,87.194,-40.329,-286.685,Yaw
0.452,-0.396,0.997,-10.579,0.070,-5.294,Yaw
0.568,-0.109,1.331,-68.600,-12.469,204.960,Yaw
1.083,0.412,1.121,-160.606,-109.559,286.685,Yaw
0.394,0.482,0.781,-56.088,-50.452,286.685,Yaw
0.368,0.161,0.880,5.836,-74.716,286.685,Yaw
-0.727,0.138,0.925,45.911,-75.478,286.685,Yaw
-1.063,1.045,0.524,123.287,5.600,286.685,Yaw
0.274,-0.154,1.439,64.768,-83.484,10.946,Yaw
-0.346,-0.225,1.019,-29.225,23.118,-144.445,Yaw
-0.195,0.672,0.773,-30.503,26.574,-270.489,Yaw
-0.594,1.271,0.848,21.298,14.114,-286.685,Yaw
0.758,0.632,1.151,33.924,40.443,-286.685,Yaw
1.727,-0.267,0.927,-15.549,-30.126,-286.685,Yaw
1.060,-0.811,1.079,-23.529,-42.525,-278.976,Yaw
0.406,-0.138,1.092,-25.340,-33.197,36.199,Yaw
0.629,-0.050,1.002,-40.057,-39.016,250.040,Yaw
0.641,0.097,1.025,-53.112,-1.986,286.685,Yaw
0.689,0.259,0.975,-53.296,-20.615,286.685,Yaw
0.374,0.323,0.891,58.931,-0.945,286.685,Yaw
-0.304,0.311,0.911,28.122,-12.906,286.685,Yaw
-0.724,0.726,0.839,18.821,-42.420,268.161,Yaw
-0.260,0.353,1.255,12.355,-63.963,36.234,Yaw
-1.165,0.598,1.026,-23.949,18.874,-246.041,Yaw
-0.293,1.815,0.659,59.360,24.220,-286.685,Yaw
1.184,1.540,1.024,138.591,87.316,-286.685,Yaw
1.925,-1.118,1.184,97.090,10.316,-286.685,Yaw
0.597,-0.849,1.105,-7.534,-46.856,-286.685,Yaw
0.226,0.066,1.099,-84.271,-55.615,-79.783,Yaw
0.898,-0.238,1.115,-122.841,-72.704,246.041,Yaw
0.808,-0.075,1.201,-131.294,-29.120,286.685,Yaw
0.599,1.121,0.433,-64.006,-59.316,286.685,Yaw
-0.578,0.687,0.478,97.825,-48.641,270.559,Yaw
-1.098,-0.011,1.784,138.101,-3.693,55.388,Yaw
0.107,-0.091,1.007,48.195,-17.106,-3.378,Yaw
0.103,-0.090,1.089,30.756,-11.296,3.220,Yaw
0.061,-0.478,1.024,16.914,1.225,174.466,Yaw
0.102,0.010,0.967,39.226,11.795,286.685,Yaw
0.266,0.128,1.069,66.736,3.027,281.706,Yaw
0.228,0.516,0.941,24.526,4.629,118.641,Yaw
-0.036,0.125,0.862,-63.910,3.815,-64.732,Yaw
0.149,-0.110,0.885,-57.190,36.391,-94.168,Yaw
-0.437,0.237,1.067,-21.796,9.030,-82.259,Yaw
-0.770,0.761,0.850,14.175,17.631,-281.138,Yaw
0.055,0.527,1.147,38.089,29.995,-286.685,Yaw
1.080,-0.305,1.098,7.945,9.634,-285.495,Yaw
0.997,-0.656,1.070,0.298,-3.938,-120.382,Yaw
0.354,-0.054,0.996,-11.882,-10.649,76.772,Yaw
0.793,0.184,0.967,-3.964,11.725,279.283,Yaw
0.690,0.170,1.096,-13.055,0.761,286.685,Yaw
0.262,0.020,1.111,-14.079,-38.089,268.415,Yaw
-0.405,-0.033,0.976,-10.159,-72.012,176.330,Yaw
-0.875,0.223,0.876,22.855,-49.822,201.539,Yaw
-0.748,-0.052,1.032,19.653,-3.789,120.103,Yaw
0.002,-0.164,1.014,18.734,8.234,159.836,Yaw
0.094,-0.145,0.993,21.236,11.007,212.012,Yaw
-0.018,0.298,1.025,-11.953,9.730,-22.925,Yaw
-0.184,0.746,0.895,-67.926,50.741,-281.872,Yaw
0.331,1.268,0.909,20.615,8.181,-286.685,Yaw
0.211,1.303,1.071,39.917,-10.911,-286.685,Yaw
0.881,1.291,0.850,75.075,-21.997,-286.685,Yaw
1.995,-0.730,0.501,81.673,-44.389,-286.685,Yaw
1.404,-1.572,1.425,52.316,-81.235,-286.685,Yaw
0.663,-1.016,1.414,-33.722,-17.526,153.501,Yaw
0.612,0.081,1.020,-213.482,-107.293,286.685,Yaw
0.244,0.546,0.925,-123.996,-43.724,286.685,Yaw
-0.001,0.580,0.706,-72.975,-72.126,286.685,Yaw
-0.451,1.442,0.593,69.440,-27.099,253.102,Yaw
-0.009,0.137,1.116,164.447,7.481,-85.680,Yaw
0.732,-0.560,1.286,46.182,6.641,69.143,Yaw
0.712,-0.136,1.012,20.571,-13.475,215.801,Yaw
-0.200,0.258,1.046,25.524,-10.745,281.321,Yaw
-0.085,-0.354,1.110,11.743,0.280,286.685,Yaw
0.018,-0.137,1.069,33.276,15.925,286.685,Yaw
-0.012,0.001,0.995,21.210,25.987,286.239,Yaw
-0.083,0.743,0.904,-25.270,-35.507,55.046,Yaw
0.038,0.013,1.039,-19.005,4.191,-55.475,Yaw
-0.056,0.597,0.967,-13.834,8.068,-209.685,Yaw
-0.364,1.225,0.953,-15.137,10.360,-286.685,Yaw
0.369,1.864,1.439,19.215,-14.219,-286.685,Yaw
1.784,-0.009,0.971,-3.290,15.155,-286.685,Yaw
1.936,-1.528,1.186,45.307,5.198,-284.217,Yaw
0.608,-0.793,1.390,-13.711,-15.164,25.778,Yaw
1.454,-0.681,1.393,-104.982,-62.536,286.685,Yaw
1.381,1.136,0.800,-156.161,-71.794,286.685,Yaw
0.568,1.727,0.166,134.356,62.834,286.685,Yaw
-0.493,0.488,0.765,74.603,-187.915,286.685,Yaw
-1.228,-0.169,1.801,86.853,17.587,74.541,Yaw
-0.362,0.625,1.063,12.932,-11.944,-57.540,Yaw
-0.742,1.447,1.116,-23.433,-2.310,-286.685,Yaw
1.084,0.163,0.704,-25.760,27.186,-286.685,Yaw
1.370,-1.740,1.212,6.037,3.080,-268.642,Yaw
0.288,-0.293,1.313,-58.607,-44.196,209.921,Yaw
0.438,0.163,0.937,-111.580,-31.211,286.685,Yaw
0.951,0.172,0.416,-66.605,-37.975,286.685,Yaw
0.667,0.421,0.755,98.192,5.066,286.685,Yaw
-0.344,0.984,0.595,128.747,-47.722,286.685,Yaw
-1.263,-0.457,1.405,40.740,-24.185,105.691,Yaw
-0.097,0.173,0.928,-1.803,-4.804,-7.438,Yaw
-0.677,0.962,1.052,-5.819,-20.396,-264.626,Yaw
0.200,0.627,0.777,-46.882,28.192,-286.685,Yaw
1.122,-0.669,1.120,14.210,25.095,-286.685,Yaw
0.870,-0.603,1.073,0.079,-5.486,-267.164,Yaw
0.071,-0.066,1.079,-43.076,-33.950,-96.766,Yaw
0.771,-0.398,0.996,-75.075,-27.974,-23.319,Yaw
1.931,-0.012,0.743,-74.165,-22.776,286.685,Yaw
1.668,1.547,0.378,57.697,-56.595,286.685,Yaw
-0.307,0.806,-0.623,87.666,-71.531,286.685,Yaw
-1.839,0.240,1.164,-1.391,30.782,285.994,Yaw
-0.660,0.435,1.103,8.164,-11.261,63.717,Yaw
-0.821,0.529,1.363,-29.794,-2.966,-210.201,Yaw
-0.551,1.475,0.719,-97.702,47.049,-286.685,Yaw
1.461,0.799,0.496,43.732,21.674,-286.685,Yaw
1.601,-1.132,1.166,27.466,32.699,-260.348,Yaw
0.569,-0.281,1.133,10.649,-1.995,-82.294,Yaw
0.387,0.389,0.887,-44.669,-42.840,-142.258,Yaw
0.154,0.304,0.973,-8.776,-15.496,-119.577,Yaw
0.095,0.036,1.023,-0.359,-8.164,-136.946,Yaw
0.046,-0.045,1.000,-1.426,-8.837,-139.904,Yaw
-0.360,0.194,1.006,-0.175,1.304,-165.244,Yaw
-0.416,0.213,0.985,4.226,8.636,-264.740,Yaw
0.181,0.178,0.999,32.952,19.416,-286.685,Yaw
0.345,0.020,1.005,40.338,11.436,-286.685,Yaw
0.310,-0.047,1.006,47.084,0.647,-286.685,Yaw
0.465,0.030,1.024,28.656,-11.935,-285.932,Yaw
0.416,-0.106,1.053,-7.613,-21.429,-139.869,Yaw
0.233,-0.148,1.113,-27.939,-25.839,11.926,Yaw
1.306,-0.271,1.085,-77.683,-39.156,266.858,Yaw
1.138,0.478,1.152,-99.838,-8.654,286.685,Yaw
0.470,1.460,0.643,-45.211,-70.280,286.685,Yaw
-0.016,1.253,0.806,88.156,-57.129,286.685,Yaw
-0.799,0.683,1.090,119.936,31.710,286.685,Yaw
-0.048,0.573,0.933,31.500,-78.654,202.930,Yaw
-0.809,-0.124,1.107,-51.590,10.203,-94.246,Yaw
-0.543,1.069,1.292,-71.304,14.140,-284.953,Yaw
-0.120,1.527,0.666,-2.818,22.103,-286.685,Yaw
0.974,1.295,1.301,85.400,24.413,-286.685,Yaw
1.999,-0.420,0.968,75.084,-13.851,-286.685,Yaw
1.587,-1.068,1.220,50.138,-48.256,-286.685,Yaw
0.193,-0.132,1.277,-62.099,-37.905,-187.425,Yaw
0.322,0.221,1.218,-140.341,-75.110,205.861,Yaw
-0.079,0.409,1.278,-94.920,-32.340,193.541,Yaw
-0.263,0.052,0.956,-110.451,-14.656,79.301,Yaw
-0.323,-0.143,0.614,-49.779,20.685,-63.831,Yaw
-0.109,-0.053,0.573,43.382,13.440,-108.045,Yaw
0.285,-0.031,0.970,147.455,6.807,-81.095,Yaw
0.366,-0.001,1.556,136.307,12.915,-46.436,Yaw
-0.005,0.108,1.099,16.336,4.235,2.301,Yaw
0.067,0.056,1.005,-4.655,-8.925,1.190,Yaw
0.253,-0.200,1.070,-0.341,-5.539,133.656,Yaw
0.454,-0.028,1.269,-23.301,-22.085,286.536,Yaw
0.744,0.139,1.382,-85.741,-7.429,286.685,Yaw
-0.315,0.656,1.027,5.119,-22.969,286.685,Yaw
-0.514,0.132,0.542,124.731,190.855,286.685,Yaw
0.089,-0.463,0.753,36.584,56.534,286.685,Yaw
-0.428,0.616,0.857,18.515,-78.006,159.320,Yaw
-0.729,0.826,0.937,-69.151,-134.488,-276.272,Yaw
-0.413,0.839,1.138,27.930,65.844,-286.685,Yaw
-0.134,1.566,1.126,60.987,17.019,-286.685,Yaw
1.793,0.368,1.050,138.801,39.322,-286.685,Yaw
1.999,-1.208,0.796,94.412,-112.875,-286.685,Yaw
-0.844,-0.183,1.365,-23.292,15.208,-43.164,Yaw
-0.645,0.549,1.030,-69.361,1.995,91.586,Yaw
0.565,0.261,1.453,-96.836,-1.444,263.410,Yaw
1.153,0.374,1.136,-79.905,-107.074,286.685,Yaw
-1.026,1.302,0.946,112.044,96.933,286.685,Yaw
-0.664,0.086,0.570,71.575,45.535,269.185,Yaw
-0.125,-0.042,1.626,72.844,-41.178,170.887,Yaw
0.011,0.004,1.212,-1.663,8.855,118.055,Yaw
-0.122,0.008,1.062,16.135,-21.858,127.076,Yaw
-0.439,-0.161,0.984,6.851,-28.823,104.685,Yaw
-0.711,0.044,1.102,-41.799,15.050,105.341,Yaw
0.008,0.612,0.976,12.101,125.624,-217.831,Yaw
0.011,0.030,1.108,60.489,47.443,-286.685,Yaw
0.136,-0.034,0.952,106.199,27.423,-286.685,Yaw
0.039,0.114,1.247,110.460,11.042,-286.685,Yaw
0.583,0.151,1.291,41.055,71.601,-286.685,Yaw
1.028,0.131,1.026,1.260,-15.995,-282.467,Yaw
0.912,-0.065,0.787,15.041,-79.503,-113.942,Yaw
0.407,0.109,0.954,-74.935,-192.789,235.296,Yaw
0.133,0.540,0.613,-196.105,-116.410,286.685,Yaw
0.429,0.056,0.962,41.746,-253.523,286.685,Yaw
0.120,0.514,1.713,212.546,-32.209,286.685,Yaw
-0.276,0.717,1.094,46.436,-32.471,286.685,Yaw
-0.648,0.264,1.129,46.217,-28.438,286.685,Yaw
-0.335,0.535,0.989,66.001,-22.872,182.901,Yaw
-0.152,0.450,1.038,30.240,-24.946,57.120,Yaw
-0.846,0.584,1.021,-59.754,2.511,-275.013,Yaw
0.023,0.258,1.076,-15.864,49.893,-286.685,Yaw
0.301,0.410,1.041,35.079,46.603,-286.685,Yaw
0.333,0.427,1.066,56.682,28.490,-286.685,Yaw
0.446,0.175,1.114,25.165,-10.220,-286.685,Yaw
0.817,0.056,0.956,-10.290,-47.591,-286.685,Yaw
0.393,-0.592,1.139,-21.980,-39.112,-98.184,Yaw
0.298,-0.338,1.095,-44.835,-43.592,84.490,Yaw
0.097,0.048,0.971,-55.107,-56.901,250.425,Yaw
0.004,0.260,0.853,6.991,-3.675,286.685,Yaw
0.090,0.106,1.021,47.731,24.299,286.685,Yaw
-0.124,0.135,1.242,80.290,46.419,279.983,Yaw
-0.025,-0.423,0.981,-7.490,-6.816,259.271,Yaw
-0.149,0.309,1.093,-19.591,10.054,209.650,Yaw
-0.213,0.744,0.848,-28.333,26.241,-77.534,Yaw
-0.643,0.790,0.956,7.464,25.891,-245.271,Yaw
0.236,0.159,1.324,51.826,26.346,-286.685,Yaw
0.519,-0.315,1.100,43.243,12.836,-285.731,Yaw
0.186,-0.048,1.001,26.390,2.406,-192.710,Yaw
0.202,0.037,0.957,16.879,-0.472,-155.680,Yaw
0.271,0.238,1.054,-9.695,-30.870,-271.101,Yaw
0.375,0.114,0.887,15.015,-26.390,-279.029,Yaw
-0.053,0.110,0.955,45.710,3.596,-193.637,Yaw
0.081,-0.243,1.057,-1.558,-14.656,-105.219,Yaw
0.263,-0.165,1.090,-25.909,-9.931,32.996,Yaw
0.453,-0.156,1.041,-50.129,-31.019,172.655,Yaw
0.674,-0.089,0.985,-43.435,-34.466,286.685,Yaw
0.612,0.101,0.975,-27.860,-38.972,286.685,Yaw
0.171,0.779,0.917,35.438,-27.545,286.685,Yaw
-0.510,0.168,1.073,-32.270,7.543,286.685,Yaw
-0.944,0.824,0.715,-25.961,7.665,71.269,Yaw
-0.812,0.940,0.937,36.514,27.834,-186.471,Yaw
0.134,0.530,1.435,78.409,13.956,-286.685,Yaw
0.564,-0.213,1.169,61.495,17.666,-286.685,Yaw
0.245,-0.325,1.021,47.259,0.306,-255.342,Yaw
0.156,-0.121,1.116,-7.157,-18.532,-282.223,Yaw
0.844,-0.104,0.951,-43.208,-42.289,-93.887,Yaw
0.729,-0.267,1.093,-39.786,-35.420,275.214,Yaw
0.454,0.587,0.939,19.897,-23.039,286.685,Yaw
0.067,0.782,0.940,47.049,-18.445,286.685,Yaw
-0.297,0.038,1.225,12.915,7.166,286.685,Yaw
-0.630,0.312,1.115,-12.206,-2.765,281.269,Yaw
-0.562,0.599,0.927,-14.262,4.077,-26.320,Yaw
-0.614,0.773,0.909,3.964,11.550,-267.304,Yaw
0.104,0.405,1.202,39.401,16.468,-286.685,Yaw
0.545,-0.242,1.064,48.501,7.656,-286.685,Yaw
0.128,-0.042,1.030,33.206,1.365,-286.685,Yaw
0.480,0.240,1.043,-18.926,-45.019,-286.685,Yaw
0.629,-0.261,1.101,-21.709,-27.869,-225.059,Yaw
0.041,-0.043,1.033,-19.609,-29.628,15.094,Yaw
0.316,0.043,0.999,-50.505,-46.533,152.827,Yaw
0.237,0.111,0.924,-14.499,-28.525,253.514,Yaw
0.327,0.097,0.897,14.350,-3.369,286.685,Yaw
0.110,0.209,1.069,54.600,15.934,286.685,Yaw
0.072,-0.401,1.062,-4.043,-1.654,286.685,Yaw
-0.273,0.156,1.208,-24.194,11.646,286.685,Yaw
-0.413,0.547,0.833,-13.422,8.295,285.967,Yaw
-0.227,0.291,1.072,14.499,7.892,-49.105,Yaw
-0.102,0.695,0.966,22.671,7.709,-276.089,Yaw
0.071,0.706,0.950,47.311,-5.276,-286.685,Yaw
0.306,0.258,1.188,51.196,2.966,-286.685,Yaw
0.186,0.020,1.046,104.948,-8.059,-286.685,Yaw
0.983,-0.083,0.977,12.600,-46.996,-286.685,Yaw
1.261,-0.567,1.034,-36.173,-39.226,-246.619,Yaw
0.175,-0.022,1.245,-93.607,-19.696,181.895,Yaw
0.388,0.193,1.013,-83.247,-63.009,246.803,Yaw
0.519,0.222,0.979,-37.984,-28.455,286.685,Yaw
0.369,0.247,0.852,-17.062,-30.424,286.685,Yaw
-0.656,0.281,0.872,57.776,-24.491,244.143,Yaw
-0.768,0.158,1.201,43.724,10.203,39.410,Yaw
0.030,0.042,1.096,9.783,-5.066,-0.683,Yaw
-0.081,0.047,1.022,14.674,-10.684,-11.804,Yaw
0.144,0.152,1.246,57.855,36.855,-72.993,Yaw
0.185,-0.231,1.165,33.154,26.714,-45.955,Yaw
0.182,-0.093,1.048,-4.104,-2.529,12.110,Yaw
0.517,-0.206,1.106,-28.306,-13.930,108.098,Yaw
0.508,0.323,1.061,-21.289,-2.170,286.685,Yaw
-0.086,0.176,1.235,-22.698,4.427,286.685,Yaw
-0.209,0.122,0.901,-32.847,3.885,286.606,Yaw
-0.630,0.351,0.832,-20.921,-18.917,167.895,Yaw
-1.357,0.318,0.986,-16.039,8.663,-116.882,Yaw
-0.867,0.964,0.786,31.789,44.704,-286.685,Yaw
0.808,1.014,1.178,69.239,30.642,-286.685,Yaw
1.406,0.300,1.164,88.524,17.692,-286.685,Yaw
0.821,0.039,1.038,78.811,-5.302,-283.955,Yaw
0.942,-0.079,0.803,-10.115,-39.480,-284.226,Yaw
0.773,-0.359,1.170,-74.463,-17.369,82.031,Yaw
1.095,0.198,1.348,-111.484,-74.183,283.902,Yaw
0.531,1.047,1.253,-40.346,-86.284,286.685,Yaw
-0.056,0.624,0.819,30.756,-93.844,286.685,Yaw
-1.103,0.384,0.765,79.091,-7.630,286.685,Yaw
-1.892,0.381,1.173,72.188,15.269,285.215,Yaw
-0.830,-0.160,1.352,-34.641,-2.135,-200.559,Yaw
-1.144,1.792,0.643,5.609,0.604,-286.685,Yaw
0.919,0.734,1.560,157.964,104.177,-286.685,Yaw
0.581,0.479,1.082,130.524,44.109,-286.685,Yaw
1.436,0.240,0.796,-4.340,-20.720,-286.685,Yaw
1.339,-0.208,1.148,-88.970,-40.583,-207.559,Yaw
0.935,-0.052,1.396,-100.966,-35.560,228.673,Yaw
1.148,0.301,1.135,-121.100,-102.139,286.685,Yaw
0.280,1.274,0.729,-1.549,-57.557,286.685,Yaw
-0.543,0.494,0.867,96.906,-73.946,286.685,Yaw
-0.765,-0.364,1.172,37.949,-9.502,286.685,Yaw
-0.736,-0.236,1.140,-22.076,16.984,283.211,Yaw
-0.486,0.154,1.017,-7.639,-3.474,24.150,Yaw
-1.564,0.502,0.993,-38.351,34.562,-284.270,Yaw
-0.174,1.942,0.845,93.494,29.951,-286.685,Yaw
1.367,1.186,1.293,135.809,93.966,-286.685,Yaw
1.375,-0.184,1.069,59.693,-14.087,-274.925,Yaw
0.707,0.377,0.837,-18.244,-53.121,-286.685,Yaw
0.446,-0.628,1.208,-52.377,-28.665,-82.180,Yaw
0.735,-0.505,1.294,-135.686,-83.598,171.491,Yaw
1.027,0.585,1.202,-45.570,-65.327,286.685,Yaw
0.270,0.929,0.841,-36.873,-81.104,286.685,Yaw
-0.575,0.618,0.632,89.154,-113.776,286.685,Yaw
-0.869,0.015,0.838,74.156,33.556,286.685,Yaw
-0.859,-0.088,1.935,69.982,21.744,277.147,Yaw
-0.364,0.064,1.112,18.384,-18.296,19.539,Yaw
-1.498,0.959,0.796,-38.763,16.406,-282.144,Yaw
-0.057,1.630,0.580,51.879,-1.514,-286.685,Yaw
1.188,0.203,1.207,83.632,60.139,-286.685,Yaw
0.815,-0.119,0.917,29.741,14.193,-259.569,Yaw
0.167,0.337,0.899,-23.048,-52.167,-286.685,Yaw
0.130,-0.001,1.063,10.623,-21.254,-286.685,Yaw
0.617,-0.138,1.075,9.188,-21.936,-227.062,Yaw
0.799,-0.490,1.227,-54.915,-47.268,40.906,Yaw
0.862,-0.237,1.096,-139.274,-112.341,286.212,Yaw
0.219,0.718,0.640,-7.166,-10.981,286.685,Yaw
0.201,1.006,0.821,128.415,39.690,286.685,Yaw
-0.215,-0.263,1.649,41.965,-33.119,286.685,Yaw
-0.348,0.610,1.039,-4.410,14.245,286.685,Yaw
-0.364,0.939,0.977,-10.833,-23.931,-68.451,Yaw
-0.721,0.990,1.266,-36.855,-13.571,-286.685,Yaw
0.964,1.209,1.629,80.745,1.461,-286.685,Yaw
0.872,-0.376,1.150,85.794,27.860,-286.685,Yaw
0.669,-0.333,1.087,50.908,-13.361,-282.284,Yaw
0.157,-0.012,1.041,-7.770,-23.301,-266.009,Yaw
0.617,-0.036,1.053,-76.247,-55.423,-229.845,Yaw
0.552,-0.360,1.137,-121.721,-71.890,80.579,Yaw
1.016,0.313,0.934,-15.137,-30.634,286.536,Yaw
0.377,0.403,0.967,-13.396,-25.016,286.685,Yaw
0.470,0.680,0.719,59.570,-34.064,286.685,Yaw
-0.400,-0.076,1.593,38.150,5.722,286.685,Yaw
-0.409,0.349,0.858,-13.641,-11.427,286.685,Yaw
-0.722,0.365,0.969,24.167,-31.185,285.740,Yaw
0.037,-0.023,1.124,14.472,-16.730,1.383,Yaw
-1.303,0.385,1.230,-45.526,27.475,-225.321,Yaw
-0.431,1.040,0.580,5.198,49.945,-286.685,Yaw
0.078,1.344,1.017,109.524,13.326,-286.685,Yaw
0.733,0.903,1.147,147.210,61.714,-286.685,Yaw
1.999,-0.430,1.042,109.191,-34.842,-286.685,Yaw
1.473,-0.784,1.210,-72.257,-65.021,-254.590,Yaw
-0.193,-0.131,1.281,-157.876,-93.669,-16.616,Yaw
0.257,0.427,0.940,-82.871,-52.386,219.398,Yaw
-0.271,0.155,0.899,-49.158,-20.317,125.589,Yaw
-0.385,-0.003,0.698,3.693,-0.980,-101.246,Yaw
-0.126,-0.250,0.788,54.819,13.895,-123.393,Yaw
0.199,-0.050,1.334,69.799,18.349,-14.980,Yaw
0.150,0.002,1.009,46.996,27.317,1.129,Yaw
0.067,0.081,0.994,29.610,17.334,13.352,Yaw
0.059,0.088,1.056,21.858,11.524,13.484,Yaw
0.040,0.115,1.058,-14.472,-13.501,14.954,Yaw
0.103,0.037,1.029,-51.135,-37.966,21.403,Yaw
0.163,0.115,0.878,-21.691,-16.240,56.306,Yaw
0.107,-0.011,1.081,-10.868,-11.498,105.464,Yaw
0.074,-0.104,0.956,-29.601,-6.177,57.033,Yaw
0.132,-0.076,0.851,10.911,-4.751,30.397,Yaw
0.101,0.023,0.982,9.319,-6.230,35.123,Yaw
0.089,0.051,1.058,14.262,-3.850,27.659,Yaw
0.126,0.008,0.831,-24.010,-9.958,36.059,Yaw
-0.034,0.036,0.674,9.371,0.166,27.501,Yaw
-0.247,-0.287,1.430,203.201,120.216,-74.244,Yaw
0.219,0.006,1.099,-62.860,-23.817,47.241,Yaw
0.218,0.693,1.237,-124.714,-75.959,4.909,Yaw
-0.876,0.198,0.954,-96.906,-117.224,-237.335,Yaw
-0.122,0.410,0.685,-132.318,30.529,-286.685,Yaw
0.723,0.155,0.398,-21.394,200.165,-286.685,Yaw
0.872,0.038,1.137,106.015,242.760,-283.483,Yaw
-0.349,-0.496,1.999,186.655,33.784,7.000,Yaw
0.348,-0.152,1.014,93.030,4.419,-30.153,Yaw
-0.067,-0.171,1.066,69.694,2.231,27.711,Yaw
0.024,-0.290,0.791,-3.868,6.134,60.594,Yaw
1.967,-0.038,1.291,-171.194,34.248,283.859,Yaw
0.089,1.060,0.077,-190.899,-141.636,286.685,Yaw
0.090,0.747,1.035,109.375,67.069,286.685,Yaw
-0.172,0.704,1.057,-8.304,53.708,286.685,Yaw
-0.113,0.749,1.059,-31.666,-9.467,194.399,Yaw
-0.230,0.685,1.019,-13.396,-43.103,69.615,Yaw
-0.897,0.888,0.918,3.588,-31.106,-97.431,Yaw
-0.873,0.495,0.961,4.970,11.778,-283.281,Yaw
0.482,0.795,1.144,11.953,24.535,-286.685,Yaw
1.546,-0.163,1.123,16.660,4.279,-286.685,Yaw
1.999,-1.975,1.041,-102.611,-60.603,-282.223,Yaw
1.158,-0.360,0.976,12.854,18.865,-54.224,Yaw
0.478,0.145,1.155,78.540,20.904,211.417,Yaw
1.079,0.826,1.004,36.312,11.629,286.685,Yaw
-0.284,1.678,1.055,6.685,14.682,286.685,Yaw
-0.559,1.589,0.979,38.658,-32.331,286.685,Yaw
-0.208,0.649,0.807,13.965,39.576,286.685,Yaw
-0.422,0.003,1.058,-147.236,-23.371,258.151,Yaw
-0.544,-0.256,1.067,-9.896,-5.950,43.899,Yaw
-0.168,0.006,1.022,-1.356,-9.004,-80.911,Yaw
-0.704,0.421,0.910,-14.656,9.039,-224.884,Yaw
-0.163,0.979,0.967,20.169,35.735,-286.685,Yaw
0.402,0.268,1.039,52.911,5.617,-286.685,Yaw
0.646,0.088,1.087,62.790,-8.627,-286.685,Yaw
1.273,-0.620,1.129,-55.423,-59.089,-286.685,Yaw
0.632,0.290,0.994,17.299,-1.312,-252.044,Yaw
0.128,0.395,1.045,62.195,-9.809,-120.969,Yaw
-0.001,0.091,1.118,115.369,-14.324,-86.118,Yaw
0.398,0.312,1.232,90.501,-32.209,-31.719,Yaw
-0.971,0.669,0.625,-95.445,-79.188,240.721,Yaw
0.457,0.501,0.958,-61.364,54.092,286.685,Yaw
0.821,0.088,1.111,6.370,45.491,286.685,Yaw
-0.649,0.398,0.988,23.249,-10.246,286.685,Yaw
-0.613,-0.008,1.338,-67.812,-18.900,279.177,Yaw
0.024,-0.002,1.007,-13.562,-15.374,44.275,Yaw
-0.369,0.219,1.156,-45.955,4.769,-35.849,Yaw
-1.615,0.865,0.766,-33.775,6.991,-263.786,Yaw
-0.558,1.469,1.408,67.051,79.065,-286.685,Yaw
1.090,1.050,1.027,-47.731,42.088,-286.685,Yaw
0.846,0.166,0.740,45.570,104.545,-286.685,Yaw
1.373,-0.563,0.751,171.798,68.661,-285.163,Yaw
1.018,-0.139,1.078,109.497,-66.876,-130.874,Yaw
0.089,0.559,1.359,65.870,-178.150,46.673,Yaw
-0.357,0.592,1.003,33.329,27.615,183.803,Yaw
0.610,0.883,1.029,-21.499,-19.521,284.883,Yaw
-0.176,0.983,1.012,-144.288,-99.750,286.685,Yaw
-1.898,-0.080,0.650,92.706,-138.171,286.685,Yaw
-0.468,-1.337,0.663,74.944,53.454,174.283,Yaw
0.369,-0.227,0.948,-78.050,256.935,-64.881,Yaw
0.076,0.258,1.182,-16.599,-19.425,48.886,Yaw
0.113,-0.008,1.204,-44.371,-9.249,17.071,Yaw
-0.353,-0.124,1.141,-58.013,-24.885,9.319,Yaw
-0.589,0.447,1.066,-90.379,7.919,-171.307,Yaw
0.244,1.122,0.531,-23.118,77.499,-286.685,Yaw
0.730,0.073,1.093,98.446,51.634,-286.685,Yaw
0.742,-0.605,1.348,88.463,51.354,-286.580,Yaw
0.312,-0.106,0.729,14.534,-9.039,-126.280,Yaw
0.614,-0.558,0.832,110.259,45.176,-59.307,Yaw
1.092,-1.834,1.478,56.569,33.766,63.709,Yaw
1.055,-1.060,1.472,-52.929,40.425,249.139,Yaw
1.069,0.758,0.964,-111.851,42.989,286.685,Yaw
1.963,1.998,0.941,6.729,90.921,286.685,Yaw
-0.347,1.998,1.316,-116.550,-58.485,286.685,Yaw
-1.956,1.940,1.335,-8.339,-30.853,190.199,Yaw
-0.193,0.848,1.017,15.015,-58.643,-50.890,Yaw
-0.308,-1.135,1.001,138.486,-17.972,-104.554,Yaw
-0.489,0.604,0.751,-243.075,186.235,-282.196,Yaw
-0.342,1.743,1.087,-89.880,-84.114,-286.685,Yaw
0.596,1.439,0.920,70.455,-1.514,-286.685,Yaw
1.367,-0.001,1.003,23.118,21.096,-286.685,Yaw
1.999,-1.999,1.178,50.645,5.801,-257.985,Yaw
1.136,-0.755,1.601,109.261,100.126,128.669,Yaw
0.491,-0.043,0.951,-4.524,25.165,153.554,Yaw
0.679,0.415,1.039,-22.365,9.774,182.893,Yaw
1.069,1.366,1.389,-79.082,-57.785,286.685,Yaw
0.317,1.540,0.683,63.507,-73.334,286.685,Yaw
0.697,1.496,0.306,53.104,59.570,286.685,Yaw
-1.556,1.128,1.778,4.069,56.438,195.571,Yaw
-0.515,0.798,0.912,26.644,-46.401,-155.829,Yaw
-0.554,0.025,0.985,64.986,14.123,-286.685,Yaw
0.252,0.945,0.840,-81.979,57.662,-286.685,Yaw
1.209,0.386,1.525,86.074,-55.606,-286.685,Yaw
1.907,-1.192,1.072,77.122,-85.838,-286.685,Yaw
1.999,-1.999,1.615,-85.575,-59.579,-258.851,Yaw
1.708,-0.759,1.158,-54.722,30.284,271.486,Yaw
1.605,1.824,0.834,-30.485,30.100,286.685,Yaw
-0.083,1.998,1.004,-7.779,-33.031,286.685,Yaw
-1.999,1.998,0.697,-10.789,-8.199,124.110,Yaw
-0.520,1.490,1.381,42.875,65.730,-174.764,Yaw
0.866,0.445,1.082,82.460,21.070,-286.685,Yaw
1.963,-1.152,1.026,39.393,-47.775,-286.685,Yaw
0.456,-1.807,1.006,-65.634,-58.397,-211.908,Yaw
0.677,-1.647,1.057,7.980,-5.679,-40.915,Yaw
0.521,-1.859,1.264,36.059,22.269,106.225,Yaw
1.034,-0.315,1.114,-9.039,59.894,286.685,Yaw
1.003,1.979,0.821,-102.270,7.901,286.685,Yaw
-0.780,1.998,0.881,-86.030,-47.705,286.326,Yaw
-1.034,1.998,1.094,15.890,23.958,-123.804,Yaw
0.564,1.767,1.004,66.185,16.135,-286.685,Yaw
1.322,0.129,1.142,121.581,-6.318,-286.685,Yaw
1.999,-0.785,0.927,9.083,-88.463,-286.685,Yaw
0.898,-1.999,0.801,-128.529,-66.456,-284.576,Yaw
1.035,-1.890,0.958,31.640,9.485,122.981,Yaw
0.366,-0.335,1.170,83.825,50.978,264.705,Yaw
0.368,-0.507,0.920,22.409,41.606,236.827,Yaw
0.337,0.498,1.019,-18.086,51.905,266.228,Yaw
0.267,1.998,1.062,-125.247,-22.356,284.559,Yaw
-1.467,1.998,0.607,-101.850,-75.206,-120.435,Yaw
-0.302,0.966,1.084,-0.691,-19.679,-286.685,Yaw
0.362,-0.174,0.603,150.150,72.695,-286.685,Yaw
1.802,-1.877,1.500,-25.323,-81.209,-286.685,Yaw
0.796,-0.767,0.961,-30.424,-22.671,-59.237,Yaw
0.287,-0.585,1.105,-21.017,3.797,40.329,Yaw
0.139,-0.061,0.970,1.129,31.019,114.905,Yaw
-0.042,1.007,1.074,-84.044,-27.965,281.890,Yaw
-0.566,1.171,0.946,-64.094,-33.845,261.415,Yaw
-0.135,0.388,1.113,30.275,13.948,153.554,Yaw
-0.155,0.092,0.981,68.320,27.860,143.736,Yaw
0.372,-0.430,1.104,49.350,28.333,74.952,Yaw
0.030,-0.007,1.056,-9.126,-6.466,9.144,Yaw
-0.030,0.130,1.001,-9.660,-10.649,-1.321,Yaw
0.080,0.054,0.993,-19.679,-17.701,-18.891,Yaw
0.193,-0.078,1.030,18.839,4.182,-41.318,Yaw
-0.015,-0.012,0.862,58.905,34.353,-1.374,Yaw
0.167,0.413,1.121,6.983,8.356,24.640,Yaw
0.101,0.448,1.023,13.650,-2.511,19.819,Yaw
-0.346,0.264,0.926,24.517,-18.209,-51.327,Yaw
0.352,-1.095,1.181,39.926,6.956,-175.245,Yaw
-0.092,0.253,0.901,-63.298,-53.165,-133.201,Yaw
0.186,0.303,1.105,-41.877,-47.696,-80.168,Yaw
0.048,0.028,0.898,-14.350,-19.854,-6.878,Yaw
-0.076,-0.062,1.206,54.443,36.864,51.266,Yaw
0.213,0.056,0.982,-19.136,5.233,87.754,Yaw
0.154,0.349,1.069,-29.531,-5.285,88.734,Yaw
-0.182,0.269,0.983,-42.280,-27.064,27.921,Yaw
0.277,0.054,1.051,10.885,3.780,6.169,Yaw
0.183,0.104,0.909,54.688,31.649,178.745,Yaw
0.152,0.033,1.041,39.603,30.844,253.041,Yaw
0.115,-0.153,1.258,-12.075,34.283,286.685,Yaw
-0.010,0.331,0.780,-24.211,73.220,267.164,Yaw
-0.559,0.738,0.657,-34.947,-53.594,85.243,Yaw
-1.198,0.167,0.669,-47.197,-82.049,-125.746,Yaw
-0.327,-0.284,1.362,-44.013,-48.685,-286.685,Yaw
-0.129,1.798,1.022,54.206,65.643,-286.685,Yaw
1.879,-0.421,-0.285,197.811,-75.198,-286.685,Yaw
0.388,0.129,0.984,-84.507,-1.776,10.097,Yaw
0.412,0.387,0.938,-208.871,23.336,169.575,Yaw
0.231,0.267,1.009,-42.612,-23.494,103.915,Yaw
0.040,0.250,0.975,-15.837,-41.676,81.673,Yaw
-0.093,0.280,0.938,59.019,-5.775,178.264,Yaw
-0.089,-0.051,0.954,55.536,8.566,254.503,Yaw
-0.375,-0.175,1.044,36.627,14.516,227.264,Yaw
-0.174,0.127,1.002,28.919,23.677,134.383,Yaw
-0.194,-0.018,1.084,47.784,49.674,177.179,Yaw
-0.184,-0.120,1.054,22.951,44.634,224.744,Yaw
0.075,-0.134,1.062,-22.663,50.225,285.644,Yaw
0.240,0.069,1.007,-28.604,54.862,286.685,Yaw
-0.138,0.565,0.859,13.904,2.205,227.404,Yaw
0.239,0.510,0.919,-17.334,-7.131,-107.223,Yaw
-0.451,0.744,1.105,-66.071,-25.830,-286.685,Yaw
-0.136,0.821,0.929,0.875,-32.708,-286.685,Yaw
0.964,0.337,0.853,11.261,-45.342,-286.685,Yaw
1.160,-0.060,1.076,-34.475,-56.420,-286.685,Yaw
0.432,-0.909,1.118,16.677,-8.951,-171.754,Yaw
0.455,-0.491,1.160,-73.386,-38.990,196.508,Yaw
0.892,0.147,1.050,-77.945,-45.693,286.685,Yaw
0.681,0.666,0.904,-48.536,-57.339,286.685,Yaw
-0.789,1.207,0.813,28.333,-50.382,286.685,Yaw
-0.814,0.648,0.710,104.659,-13.650,129.824,Yaw
-0.080,-0.229,1.391,39.690,50.085,-179.637,Yaw
0.165,0.022,1.175,-31.780,-14.805,-195.519,Yaw
-0.115,0.231,1.056,17.028,5.819,-285.994,Yaw
0.286,-0.102,0.915,-14.035,7.516,-286.685,Yaw
1.004,-0.362,0.822,20.353,16.704,-286.685,Yaw
0.247,-0.150,1.184,1.697,12.845,-181.773,Yaw
-0.116,0.206,1.166,-36.969,-12.705,66.981,Yaw
0.209,-0.078,1.138,-54.460,-13.711,61.521,Yaw
0.578,-0.048,0.758,-56.193,-21.516,171.019,Yaw
0.487,0.117,0.837,3.071,-47.618,286.536,Yaw
0.312,0.488,1.185,78.872,-65.853,286.685,Yaw
-1.147,0.610,1.097,54.757,-34.116,286.685,Yaw
-0.430,0.436,0.902,7.787,2.328,-28.516,Yaw
-0.068,0.360,1.019,12.950,16.651,-174.641,Yaw
-0.327,0.587,1.112,38.859,29.942,-286.685,Yaw
0.539,-0.032,0.916,31.308,15.453,-286.685,Yaw
1.169,-0.603,1.006,8.059,-19.311,-286.685,Yaw
0.501,-0.522,1.198,-36.514,-19.259,-176.689,Yaw
0.418,-0.026,1.055,-59.850,-24.517,74.795,Yaw
0.382,-0.107,1.044,-43.916,-18.480,188.326,Yaw
0.099,0.192,0.801,-23.179,-28.000,271.959,Yaw
0.240,0.536,0.804,20.694,-30.275,286.685,Yaw
0.372,0.063,1.128,42.070,-10.045,286.685,Yaw
0.033,0.525,0.973,53.007,-11.830,286.685,Yaw
-0.581,0.226,0.960,58.625,24.710,282.432,Yaw
-0.394,0.043,1.068,43.286,26.845,150.202,Yaw
-0.264,0.289,1.038,2.039,2.056,41.755,Yaw
-0.722,0.647,0.994,-5.863,-10.736,-81.515,Yaw
-0.162,0.614,0.961,8.461,-21.892,-286.685,Yaw
0.088,0.644,0.944,91.368,8.977,-286.685,Yaw
1.325,0.035,0.976,59.684,-74.156,-286.685,Yaw
0.551,-0.500,1.064,45.553,-51.581,-282.161,Yaw
0.091,-0.049,0.970,-139.038,-6.335,-17.465,Yaw
0.533,0.095,1.239,-143.859,-12.714,151.839,Yaw
0.585,0.330,1.096,-36.452,-35.857,284.839,Yaw
0.480,0.384,1.019,10.028,-56.971,286.685,Yaw
-0.437,0.595,0.935,27.904,-54.338,286.685,Yaw
-0.979,0.501,0.766,41.939,-15.260,286.685,Yaw
-0.185,-0.091,1.053,93.240,56.088,108.789,Yaw
0.194,-0.109,1.094,48.711,29.811,3.019,Yaw
-0.698,0.665,0.937,0.989,-3.141,-95.716,Yaw
-0.725,0.662,0.926,6.580,-3.763,-279.807,Yaw
0.472,0.004,0.988,9.319,-20.685,-286.685,Yaw
0.726,-0.114,1.039,-16.284,-39.944,-286.685,Yaw
0.200,-0.036,1.047,9.555,-29.978,-286.685,Yaw
0.088,0.242,1.054,30.406,-33.740,-286.685,Yaw
0.316,0.395,0.950,138.591,-37.240,-269.220,Yaw
0.163,0.014,0.950,-54.775,1.356,38.850,Yaw
0.206,-0.004,1.233,-175.455,31.071,286.685,Yaw
0.168,0.072,1.125,-35.280,1.304,286.685,Yaw
-0.260,0.161,0.974,-26.022,-33.092,286.685,Yaw
-0.037,0.008,0.991,-19.722,-32.979,286.685,Yaw
-0.095,-0.070,0.950,6.274,-19.049,286.685,Yaw
-0.191,-0.091,0.819,27.475,5.495,286.685,Yaw
0.094,0.039,1.085,81.891,66.456,225.715,Yaw
0.304,0.366,1.029,-14.648,-1.768,69.860,Yaw
-0.054,0.230,1.005,-13.720,-8.461,-5.863,Yaw
-0.388,0.411,1.064,-16.870,-17.421,-61.259,Yaw
-0.686,0.717,0.974,-25.130,-20.221,-283.027,Yaw
0.143,0.493,0.810,26.565,19.696,-286.685,Yaw
0.973,0.087,0.943,49.166,-28.341,-286.685,Yaw
1.221,-0.215,1.063,48.458,-47.066,-286.685,Yaw
0.402,-0.341,1.026,18.270,-21.464,-157.054,Yaw
0.151,-0.199,1.110,-62.002,-5.819,73.491,Yaw
0.557,-0.071,1.223,-75.705,-23.529,218.277,Yaw
0.858,0.077,1.036,-70.018,-43.208,286.685,Yaw
0.568,0.659,1.035,-28.560,-62.291,286.685,Yaw
0.056,1.207,0.556,45.605,-30.397,286.685,Yaw
-0.584,0.199,1.241,108.194,0.114,286.685,Yaw
-0.550,-0.370,1.191,37.607,13.405,270.690,Yaw
-0.274,0.366,1.075,12.670,-5.329,211.024,Yaw
-0.816,0.751,0.933,1.041,-3.535,117.399,Yaw
-0.501,0.759,0.932,-8.785,30.940,-286.685,Yaw
-0.112,0.623,1.007,21.954,40.486,-286.685,Yaw
0.548,0.164,1.165,38.334,20.974,-286.685,Yaw
0.881,-0.436,0.996,6.309,-9.310,-269.710,Yaw
0.513,-0.064,1.023,-11.961,-8.601,-61.268,Yaw
0.156,0.310,1.010,-18.567,-8.225,-25.060,Yaw
-0.097,0.568,0.967,-8.330,-2.205,-91.201,Yaw
0.056,0.062,1.116,15.417,-7.332,-169.601,Yaw
0.314,0.179,0.979,-8.873,-25.567,-286.685,Yaw
0.315,-0.013,1.017,23.013,-20.825,-286.685,Yaw
0.123,-0.798,1.100,5.661,-13.510,-141.706,Yaw
0.683,-0.431,1.178,-36.199,-17.159,153.195,Yaw
0.804,-0.199,0.924,-37.319,-38.150,286.685,Yaw
0.659,0.255,0.864,3.439,-22.487,286.685,Yaw
-0.077,0.939,0.940,36.426,-0.621,286.685,Yaw
-0.765,0.536,1.038,-5.653,9.065,205.984,Yaw
-0.449,0.493,1.206,16.415,20.667,-44.966,Yaw
-0.179,0.576,1.018,10.824,1.540,-219.695,Yaw
-0.049,0.444,0.998,51.415,4.576,-286.685,Yaw
0.465,-0.326,1.017,45.798,-10.351,-286.685,Yaw
0.362,-0.315,1.038,7.735,-14.140,-198.310,Yaw
-0.024,-0.042,1.132,-2.503,-15.855,-156.100,Yaw
0.013,0.514,0.943,-43.129,-59.964,-286.685,Yaw
0.299,0.174,0.816,44.231,-7.525,-286.685,Yaw
0.576,-0.455,1.125,39.471,-26.985,-277.594,Yaw
0.131,-0.286,1.079,0.192,-14.779,-116.637,Yaw
0.010,0.004,1.004,-16.301,-6.799,-23.931,Yaw
0.185,-0.163,1.049,-34.685,-3.780,25.620,Yaw
0.147,-0.005,1.174,-56.499,-12.609,160.352,Yaw
0.314,0.218,0.684,-98.289,-53.445,274.908,Yaw
0.425,0.207,1.079,-16.704,-30.879,286.685,Yaw
0.167,0.391,1.028,9.100,-32.419,286.685,Yaw
-0.273,0.388,0.866,14.569,-28.796,286.598,Yaw
-0.715,0.252,0.932,3.806,-23.362,176.391,Yaw
-0.595,0.542,0.773,25.209,7.665,-107.144,Yaw
-0.311,0.618,1.176,53.217,32.743,-286.624,Yaw
0.283,0.117,1.223,131.311,52.780,-286.685,Yaw
1.309,-0.713,1.069,28.954,-46.287,-286.685,Yaw
0.338,-0.479,1.098,-18.244,-12.057,-82.162,Yaw
-0.071,-0.168,1.182,-77.735,-5.609,203.280,Yaw
0.738,0.320,0.852,-110.040,-56.472,286.685,Yaw
0.805,0.505,0.821,16.782,17.736,286.685,Yaw
0.192,0.235,1.144,42.026,10.500,286.685,Yaw
-0.161,0.178,1.046,2.704,-17.220,269.369,Yaw
-0.465,0.239,0.939,-14.945,-20.659,158.786,Yaw
-0.595,0.422,0.938,-0.298,-5.679,57.873,Yaw
-0.283,0.358,1.033,15.435,0.639,-58.450,Yaw
-0.310,0.745,1.060,37.004,4.287,-282.380,Yaw
0.090,0.420,0.904,38.001,-9.835,-286.685,Yaw
0.448,0.130,1.135,85.164,6.720,-286.685,Yaw
0.879,-0.461,1.034,9.292,-43.059,-286.685,Yaw
0.358,-0.393,1.047,-59.124,-24.675,-215.346,Yaw
0.372,0.112,1.296,-99.330,-34.772,138.119,Yaw
0.533,-0.131,1.227,-80.518,-34.904,248.167,Yaw
0.679,0.303,0.883,-83.738,-46.926,286.685,Yaw
0.302,0.696,0.720,20.309,-63.726,286.685,Yaw
-0.569,0.903,0.886,109.734,-56.140,286.685,Yaw
-1.110,0.345,1.170,118.387,-14.350,256.812,Yaw
-0.325,-0.235,1.097,63.464,34.160,-30.319,Yaw
0.187,-0.122,1.045,24.517,11.821,-59.150,Yaw
0.102,-0.200,0.935,17.798,10.010,-3.421,Yaw
0.066,-0.169,1.051,8.172,10.448,33.276,Yaw
0.047,-0.139,1.033,-11.226,5.731,99.426,Yaw
0.141,0.082,1.007,0.630,18.532,200.182,Yaw
0.055,0.351,0.958,-5.495,14.236,177.450,Yaw
0.063,0.398,1.003,-9.896,-0.551,30.503,Yaw
-0.014,0.392,1.003,-10.640,-7.464,-31.552,Yaw
-0.568,0.820,0.981,1.986,-9.441,-238.534,Yaw
-0.400,0.973,1.022,24.089,-4.349,-286.685,Yaw
0.453,0.359,0.903,25.156,-18.358,-286.685,Yaw
1.106,-0.432,1.031,-1.339,-40.408,-286.685,Yaw
1.089,-1.434,1.083,-27.737,-28.779,-271.390,Yaw
0.525,-0.672,1.320,-77.210,-35.306,167.510,Yaw
0.565,0.169,0.834,-84.857,-44.800,286.685,Yaw
0.458,1.216,0.574,18.007,-0.403,286.685,Yaw
0.029,0.573,1.254,112.551,42.455,286.685,Yaw
-0.115,0.317,1.038,3.727,0.683,224.910,Yaw
-0.323,0.598,0.981,-2.152,-11.629,117.180,Yaw
-0.362,0.376,0.983,2.503,-7.280,-50.199,Yaw
-0.110,0.177,1.061,23.275,-6.807,-272.624,Yaw
0.017,0.015,0.987,32.603,-9.494,-286.685,Yaw
0.177,-0.180,1.011,27.799,-16.503,-285.530,Yaw
0.275,-0.263,1.018,1.768,-16.222,-227.229,Yaw
-0.349,0.299,1.107,-31.894,-18.034,-234.413,Yaw
0.323,0.564,0.838,-91.464,-57.636,-286.685,Yaw
0.408,0.281,0.825,7.026,36.557,-286.685,Yaw
0.733,-0.343,1.093,39.839,-7.761,-285.224,Yaw
0.179,-0.431,1.061,-9.669,-10.439,-49.096,Yaw
0.315,-0.313,1.161,-36.470,-15.986,173.635,Yaw
0.414,-0.113,1.003,-39.550,-32.463,286.685,Yaw
0.270,0.179,1.018,-22.584,-30.310,286.685,Yaw
0.358,0.457,0.844,23.327,-15.243,286.685,Yaw
-0.176,0.554,1.026,39.252,-10.631,286.685,Yaw
-0.559,0.539,1.009,19.267,-8.225,183.076,Yaw
-0.625,0.346,1.007,12.163,-0.123,-16.879,Yaw
-0.237,0.431,0.929,28.901,21.420,-221.524,Yaw
0.016,0.219,1.273,62.702,39.856,-286.685,Yaw
0.327,-0.116,1.053,-9.940,-23.669,-286.685,Yaw
0.503,-0.080,0.998,-22.628,-26.469,-286.685,Yaw
0.343,-0.079,1.047,-16.406,-18.462,-286.685,Yaw
0.213,-0.155,1.003,-40.399,-18.016,-157.911,Yaw
0.480,-0.349,1.130,-29.059,-13.562,129.351,Yaw
0.593,0.035,1.105,-38.001,-36.960,286.090,Yaw
0.271,0.407,0.772,3.281,-42.998,286.685,Yaw
-0.253,0.575,0.981,55.379,-13.090,286.685,Yaw
-0.353,0.281,0.972,43.059,16.695,285.950,Yaw
-0.293,0.279,1.100,39.445,26.836,190.400,Yaw
-0.348,0.398,1.046,2.450,-4.025,-26.259,Yaw
-0.409,0.841,0.933,18.261,2.170,-251.606,Yaw
-0.023,0.689,0.969,36.785,-4.568,-286.685,Yaw
0.783,-0.077,1.023,28.718,-27.169,-286.685,Yaw
0.893,-0.518,1.053,40.232,-29.767,-286.685,Yaw
0.241,-0.430,1.051,14.044,-19.924,-153.475,Yaw
0.066,-0.247,1.040,-37.634,-1.697,89.276,Yaw
0.180,-0.011,1.062,-51.660,-4.629,179.261,Yaw
0.308,-0.006,1.003,-69.956,-38.089,271.609,Yaw
0.232,0.454,0.865,37.739,11.217,286.685,Yaw
0.016,0.495,0.998,74.244,51.231,286.685,Yaw
-0.283,0.274,1.050,17.202,8.059,285.626,Yaw
-0.383,0.338,0.934,-2.214,-1.872,87.552,Yaw
-0.126,0.441,1.009,-4.909,-7.997,-57.076,Yaw
-0.332,0.500,1.009,15.199,-10.605,-268.223,Yaw
-0.122,0.184,1.014,22.628,-18.296,-286.685,Yaw
0.363,-0.014,1.039,8.374,-40.757,-286.685,Yaw
0.322,0.009,0.990,-19.075,-36.522,-286.685,Yaw
0.274,0.042,1.009,-37.301,-24.019,-286.685,Yaw
0.419,-0.093,1.015,-34.423,-16.888,-223.869,Yaw
0.410,-0.249,1.137,-31.071,-13.580,38.553,Yaw
0.624,-0.169,1.032,-13.536,-36.041,286.685,Yaw
0.668,-0.068,0.937,16.275,-31.106,286.685,Yaw
0.206,0.775,0.796,68.154,6.921,286.685,Yaw
-0.759,0.929,1.345,86.415,63.044,286.685,Yaw
-0.300,0.283,0.985,-8.663,-7.814,20.939,Yaw
-0.447,0.400,1.015,3.832,-0.420,-172.042,Yaw
-0.297,0.550,0.956,3.378,-2.476,-281.715,Yaw
0.156,0.363,1.010,-27.554,-27.230,-286.685,Yaw
0.674,0.056,0.964,-26.740,-27.501,-286.685,Yaw
0.752,-0.093,0.892,20.353,-0.656,-286.685,Yaw
0.504,-0.261,1.149,42.893,-0.752,-285.670,Yaw
-0.142,-0.137,1.068,-2.826,-9.581,-25.673,Yaw
0.012,0.108,1.035,-13.746,-10.972,68.897,Yaw
0.062,0.058,1.017,-29.094,-24.920,156.669,Yaw
0.502,-0.267,0.999,-19.285,-19.985,220.596,Yaw
0.540,-0.281,0.979,-1.347,-16.546,286.685,Yaw
0.254,0.195,0.949,28.866,-0.254,286.685,Yaw
0.183,0.634,0.841,113.094,64.277,286.685,Yaw
-0.239,0.481,0.982,32.559,29.724,286.405,Yaw
-0.086,0.348,0.989,-0.446,-1.654,124.985,Yaw
-0.368,0.567,0.956,-16.739,-8.767,24.859,Yaw
-0.493,0.708,0.952,6.554,-6.318,-235.454,Yaw
-0.342,0.381,1.030,29.496,2.485,-286.685,Yaw
0.401,0.121,0.978,-8.829,-19.486,-286.685,Yaw
0.727,-0.338,1.072,-27.379,-31.325,-286.685,Yaw
0.512,-0.442,1.078,-45.019,-40.784,-253.566,Yaw
0.256,-0.252,1.011,-50.969,-38.377,-184.030,Yaw
0.291,-0.080,0.864,-26.434,-12.854,23.249,Yaw
0.449,-0.093,0.960,2.100,-11.314,277.970,Yaw
0.559,0.205,0.851,51.572,6.659,286.685,Yaw
0.191,0.593,1.007,98.236,47.775,286.685,Yaw
-0.137,0.334,1.003,14.796,9.634,286.685,Yaw
-0.190,0.143,1.068,5.285,-3.990,237.309,Yaw
-0.579,0.687,0.867,-14.639,-8.085,173.679,Yaw
-0.271,0.615,0.918,-47.136,-10.377,-62.877,Yaw
-0.532,0.558,1.075,8.304,3.273,-286.571,Yaw
0.074,0.251,1.016,44.021,5.477,-286.685,Yaw
0.614,-0.412,1.038,27.073,-13.125,-286.554,Yaw
0.493,-0.459,1.057,8.269,-12.906,-175.280,Yaw
0.101,0.089,1.011,-0.744,-5.233,-70.446,Yaw
0.210,0.110,0.993,-5.189,-3.946,-44.319,Yaw
0.042,0.343,1.028,-55.414,-22.619,-149.879,Yaw
-0.037,0.182,1.001,-81.305,-51.021,-202.519,Yaw
-0.045,-0.004,0.939,-30.415,-13.073,-168.989,Yaw
-0.210,0.184,1.049,-18.034,-6.326,-169.750,Yaw
-0.265,0.397,1.016,-15.785,0.394,-263.987,Yaw
0.060,0.241,0.887,4.366,12.302,-286.685,Yaw
0.637,-0.341,1.027,45.754,21.525,-275.503,Yaw
0.641,-0.612,1.111,7.315,-8.671,-39.673,Yaw
0.731,-0.360,1.150,-16.879,-20.186,190.846,Yaw
0.870,-0.458,1.089,-30.433,-37.231,286.685,Yaw
1.044,0.023,1.223,-43.978,-47.941,286.685,Yaw
0.361,1.528,0.799,17.868,-51.502,286.685,Yaw
-0.296,1.025,1.069,52.509,-73.132,286.685,Yaw
-1.637,0.628,0.991,0.166,26.854,-40.031,Yaw
-0.454,0.868,0.714,83.466,21.219,-283.754,Yaw
0.251,0.135,1.333,89.329,43.741,-286.685,Yaw
1.139,-1.112,1.102,55.982,-14.962,-272.527,Yaw
0.351,-0.838,1.326,-7.525,-37.354,-246.908,Yaw
-0.005,0.160,0.900,-115.526,-115.622,-228.419,Yaw
-0.440,0.555,0.978,-34.641,-10.561,-85.006,Yaw
-0.003,0.227,1.003,-63.245,64.006,-216.519,Yaw
0.106,0.097,0.973,-3.561,32.944,-286.545,Yaw
-0.358,0.220,0.980,21.604,27.632,-286.685,Yaw
-0.124,0.101,1.034,64.881,42.884,-286.685,Yaw
0.689,0.041,1.071,16.651,-1.347,-264.276,Yaw
0.003,0.094,1.029,2.319,-1.181,-116.848,Yaw
-0.040,-0.163,1.030,7.648,0.717,-81.086,Yaw
-0.005,-0.098,1.029,-0.639,-0.394,-3.605,Yaw
0.032,0.092,0.960,-4.454,-0.569,7.963,Yaw
-0.122,0.092,0.985,7.184,-7.017,60.034,Yaw
-0.112,0.099,0.998,8.549,-6.177,119.857,Yaw
0.063,-0.039,1.009,8.689,-4.690,172.541,Yaw
0.695,-0.318,1.086,-14.438,-7.149,269.544,Yaw
1.255,-0.169,1.201,-42.604,-42.158,286.685,Yaw
1.015,0.572,1.084,-32.393,-68.967,286.685,Yaw
0.094,1.225,0.872,10.658,-46.664,286.685,Yaw
-0.446,0.437,0.778,21.560,-35.481,286.685,Yaw
-0.654,0.193,1.077,28.438,0.875,234.815,Yaw
-0.700,0.384,1.144,3.544,11.445,107.354,Yaw
-1.338,1.008,0.952,21.009,10.797,-250.792,Yaw
-0.247,1.871,1.203,59.972,18.200,-286.685,Yaw
1.094,1.000,1.043,83.064,-14.376,-286.685,Yaw
1.999,-0.232,0.803,9.511,-53.847,-286.685,Yaw
1.237,-0.408,1.171,-3.999,-42.490,-285.941,Yaw
0.011,-0.085,1.040,4.786,-20.501,-149.345,Yaw
-0.018,0.266,1.002,-37.607,-22.339,-151.900,Yaw
0.060,0.265,0.967,-29.208,-10.019,-118.772,Yaw
0.031,0.233,1.016,-17.386,-4.935,78.251,Yaw
0.214,0.210,1.190,-17.264,-21.805,278.793,Yaw
0.185,-0.045,1.058,-8.802,-60.751,286.685,Yaw
-0.119,0.014,1.000,2.494,-63.674,286.685,Yaw
-0.180,-0.144,0.863,16.616,-39.559,286.685,Yaw
0.092,0.119,1.002,29.391,-15.015,286.685,Yaw
-0.273,0.317,0.965,34.842,-2.118,286.685,Yaw
-0.407,0.280,0.924,40.932,11.462,251.414,Yaw
0.025,-0.186,1.028,37.126,30.695,161.402,Yaw
0.266,0.021,1.038,26.504,29.698,184.310,Yaw
0.084,0.059,1.065,19.784,20.781,131.626,Yaw
0.084,-0.044,1.038,12.215,4.174,48.221,Yaw
-0.223,0.409,0.946,3.710,-0.472,-29.304,Yaw
-0.253,0.779,0.992,36.374,6.571,-285.145,Yaw
-0.117,0.740,0.980,85.768,-17.649,-286.685,Yaw
0.387,0.742,0.984,96.442,-55.116,-286.685,Yaw
1.041,0.373,1.003,123.751,-144.883,-286.685,Yaw
0.728,-0.657,1.272,85.006,-70.306,-259.586,Yaw
0.194,-0.555,1.101,-95.104,20.860,185.342,Yaw
0.170,-0.372,1.025,-208.014,49.254,286.685,Yaw
1.088,0.363,1.185,-161.805,-58.415,286.685,Yaw
0.407,0.843,1.002,-36.768,-42.709,286.685,Yaw
-0.145,0.668,0.947,55.501,-30.529,286.685,Yaw
-0.299,0.234,0.948,62.772,-0.919,286.685,Yaw
-0.254,0.024,1.002,60.191,39.139,286.685,Yaw
-0.174,0.111,1.047,32.935,28.446,136.710,Yaw
0.169,-0.013,1.057,1.286,3.325,63.245,Yaw
0.285,-0.058,1.033,-3.404,-3.124,97.895,Yaw
0.132,0.170,0.971,5.784,-3.185,175.709,Yaw
-0.229,0.052,1.018,-13.291,-1.444,216.842,Yaw
0.102,0.204,0.928,-15.208,4.489,84.114,Yaw
0.077,0.146,1.023,-16.853,1.846,41.562,Yaw
0.019,0.071,1.065,-4.996,-0.210,-0.149,Yaw
-0.324,0.637,0.974,-3.929,-8.094,-98.018,Yaw
-0.475,0.820,0.923,23.371,11.725,-286.685,Yaw
-0.199,0.556,1.175,54.600,26.014,-286.685,Yaw
0.168,0.311,0.977,42.963,5.722,-286.685,Yaw
0.985,0.018,0.953,-12.670,-28.586,-286.685,Yaw
1.064,-0.480,1.105,-27.632,-45.115,-286.685,Yaw
0.691,-0.630,1.042,-20.195,-34.624,-189.962,Yaw
0.314,-0.246,1.110,-33.329,-36.671,69.344,Yaw
0.857,-0.405,1.017,-63.726,-59.194,270.480,Yaw
0.469,0.599,1.070,-28.823,-33.705,286.685,Yaw
0.295,0.894,0.534,-1.549,-14.280,286.685,Yaw
-0.359,0.659,0.931,103.793,-39.524,286.685,Yaw
-0.519,-0.264,1.106,28.411,28.166,159.941,Yaw
0.137,-0.057,1.056,1.881,4.427,108.342,Yaw
-0.139,0.160,1.010,-0.849,-8.453,106.794,Yaw
-0.136,0.271,0.970,2.389,-0.735,-2.179,Yaw
-0.246,0.191,1.006,4.988,8.243,-130.699,Yaw
-0.498,0.540,1.070,10.115,11.856,-239.601,Yaw
-0.330,0.569,1.055,24.491,18.541,-286.685,Yaw
0.353,-0.021,0.940,17.999,8.199,-286.685,Yaw
0.096,0.187,1.359,-18.987,-18.489,-286.685,Yaw
0.982,0.605,0.594,-88.007,-47.740,-286.685,Yaw
0.565,0.000,0.864,5.180,16.205,-265.921,Yaw
0.322,-0.099,1.132,1.864,-5.827,32.594,Yaw
0.602,-0.013,1.077,-7.551,-30.205,276.938,Yaw
0.572,0.337,1.027,3.588,-43.776,286.685,Yaw
0.192,0.324,1.014,9.222,-34.606,286.685,Yaw
-0.198,0.284,0.886,25.550,-21.831,286.685,Yaw
-0.226,-0.002,0.999,42.630,-18.778,247.039,Yaw
-0.314,0.035,1.036,3.719,-2.345,198.258,Yaw
-0.578,0.526,0.847,15.908,-0.569,84.866,Yaw
-0.492,0.539,1.087,22.916,8.785,-200.550,Yaw
-0.350,0.204,1.125,35.298,26.145,-286.685,Yaw
0.277,0.081,0.782,-17.456,0.455,-286.685,Yaw
0.408,0.260,1.046,24.132,27.134,-286.685,Yaw
0.820,0.455,0.662,-43.059,-62.195,-286.685,Yaw
0.328,-0.144,1.068,60.051,18.419,-265.361,Yaw
0.594,-0.302,1.253,-42.971,-16.581,18.524,Yaw
0.718,-0.194,1.063,-62.344,-48.046,207.226,Yaw
0.332,-0.025,0.941,-24.439,-45.491,286.685,Yaw
0.146,0.336,0.891,18.743,-15.584,286.685,Yaw
-0.056,0.505,0.912,46.314,5.241,286.685,Yaw
-0.309,0.341,1.039,50.312,17.176,271.110,Yaw
-0.374,0.324,1.034,-3.920,-5.198,48.423,Yaw
-0.151,0.419,1.019,19.609,10.141,-102.034,Yaw
0.033,0.273,1.084,24.386,6.869,-232.899,Yaw
-0.238,-0.052,1.021,31.920,7.884,-243.066,Yaw
0.086,0.054,1.204,-27.720,-26.049,-286.641,Yaw
0.679,-0.099,0.772,-67.051,-59.159,-286.685,Yaw
0.399,-0.213,0.991,9.590,-2.888,-224.061,Yaw
0.215,-0.330,1.183,-9.669,-2.826,3.491,Yaw
0.864,-0.207,0.961,-37.161,-33.390,253.015,Yaw
0.442,0.005,0.932,1.820,-28.577,286.685,Yaw
-0.066,0.789,0.833,45.780,-14.403,286.685,Yaw
-0.316,0.659,0.861,54.390,-21.971,276.649,Yaw
-0.611,0.165,1.171,36.627,8.295,22.837,Yaw
-0.137,0.251,1.016,21.840,16.301,-81.734,Yaw
-0.488,0.692,1.154,16.126,0.796,-261.328,Yaw
-0.131,0.809,0.956,-7.035,-20.685,-286.685,Yaw
0.852,0.098,0.835,37.231,-8.715,-286.685,Yaw
0.723,-0.468,1.284,67.007,18.410,-284.944,Yaw
0.216,-0.091,1.101,-14.831,-7.157,-6.440,Yaw
0.482,-0.221,1.214,-46.830,-27.930,83.991,Yaw
0.684,-0.294,0.985,-110.696,-74.454,279.554,Yaw
0.655,0.243,0.913,-11.182,-34.221,286.685,Yaw
0.333,0.851,0.481,64.137,9.940,286.685,Yaw
-0.130,0.914,1.214,104.423,5.031,286.685,Yaw
-0.387,0.167,1.154,2.030,-14.114,166.451,Yaw
-0.292,0.213,1.020,3.955,-8.698,107.188,Yaw
-0.241,0.366,0.999,-8.461,-4.952,-22.050,Yaw
-0.685,0.664,1.009,-13.624,3.649,-182.018,Yaw
0.042,0.342,1.000,19.600,33.014,-286.685,Yaw
0.559,-0.296,1.080,15.610,10.220,-286.685,Yaw
0.249,0.113,1.086,-86.695,-62.230,-286.685,Yaw
0.350,0.221,0.897,-99.549,-53.699,-286.685,Yaw
0.432,0.025,0.835,-7.061,9.896,-286.668,Yaw
0.720,-0.672,1.025,15.654,4.095,-53.393,Yaw
0.711,-0.316,1.065,-9.144,-16.826,204.505,Yaw
0.538,0.065,0.970,8.286,-23.257,286.685,Yaw
0.129,0.448,0.895,51.494,4.095,286.685,Yaw
-0.413,0.769,0.968,88.970,44.222,286.685,Yaw
-0.116,-0.022,1.138,-8.733,2.713,183.864,Yaw
-0.195,0.163,1.041,-16.975,-8.733,52.220,Yaw
-0.563,0.736,0.941,1.759,3.150,-161.105,Yaw
-0.123,0.514,1.052,34.143,20.230,-286.685,Yaw
0.510,-0.291,1.077,40.600,13.090,-286.685,Yaw
0.382,-0.142,1.176,7.315,-11.139,-286.685,Yaw
0.642,-0.043,0.890,-66.920,-63.770,-286.685,Yaw
0.286,0.000,0.998,-8.864,-28.779,-247.266,Yaw
0.168,-0.055,1.030,-46.917,-33.959,-101.176,Yaw
0.130,0.071,0.956,-4.489,-6.633,-56.822,Yaw
0.022,0.106,1.025,17.666,0.157,-1.067,Yaw
0.006,0.021,1.000,24.483,10.535,30.555,Yaw
-0.001,0.008,1.011,4.839,4.979,33.276,Yaw
-0.086,-0.101,1.065,-16.809,-5.005,26.609,Yaw
0.000,0.058,1.037,-5.049,-11.830,15.453,Yaw
0.078,0.020,1.019,-24.194,-21.884,-0.945,Yaw
-0.023,0.068,0.936,-7.936,-9.765,-14.586,Yaw
0.162,0.066,0.911,11.585,-1.969,11.769,Yaw
0.737,-0.311,1.001,20.580,-0.175,185.491,Yaw
0.603,-0.237,1.059,19.504,-7.630,286.685,Yaw
0.364,0.412,0.670,18.427,-12.880,286.685,Yaw
0.100,0.578,1.076,106.356,54.932,286.685,Yaw
0.057,-0.032,1.139,-22.330,-12.364,286.685,Yaw
-0.450,0.853,0.747,-37.179,10.649,241.902,Yaw
-1.166,1.114,1.058,-35.184,22.855,-257.460,Yaw
-0.373,1.219,0.791,31.334,5.941,-286.685,Yaw
0.638,0.159,1.207,93.887,58.476,-286.685,Yaw
0.908,-0.730,1.188,34.449,1.173,-286.685,Yaw
0.457,-0.376,1.063,-65.783,-57.689,-186.944,Yaw
0.066,0.163,1.048,-58.669,-59.771,-119.971,Yaw
-0.203,0.454,0.910,-47.618,-29.321,-164.990,Yaw
0.205,0.262,0.874,0.490,17.981,-256.296,Yaw
0.310,-0.306,1.091,19.749,25.112,-183.356,Yaw
0.237,-0.212,1.066,4.340,7.901,-92.698,Yaw
0.110,-0.013,1.065,-9.275,-4.463,3.999,Yaw
0.480,-0.053,1.046,0.087,-11.611,122.124,Yaw
0.635,-0.038,0.992,1.969,-29.724,286.256,Yaw
0.385,0.176,0.974,9.922,-31.185,286.685,Yaw
0.048,0.269,0.920,35.945,-9.940,286.685,Yaw
-0.313,0.204,1.067,44.292,-2.713,285.749,Yaw
-0.055,-0.017,1.131,2.021,12.381,286.685,Yaw
-0.442,0.485,1.097,-22.496,9.222,128.494,Yaw
-1.062,0.707,0.885,-22.837,18.830,-95.007,Yaw
-0.225,1.002,0.829,64.488,10.964,-286.685,Yaw
0.387,0.564,1.108,107.791,29.978,-286.685,Yaw
0.906,-0.058,1.196,100.756,-11.279,-286.685,Yaw
1.140,0.279,0.787,45.509,-61.600,-286.685,Yaw
0.576,-0.347,1.141,73.264,-60.987,-283.815,Yaw
0.254,-0.470,1.131,-102.147,-7.980,6.895,Yaw
1.145,-0.211,1.511,-128.223,-16.677,286.668,Yaw
1.384,0.344,0.946,-112.849,-110.014,286.685,Yaw
0.120,1.019,1.018,-39.322,-38.019,286.685,Yaw
-0.610,0.401,0.821,37.188,31.666,286.685,Yaw
-0.442,0.147,0.679,25.550,21.306,286.668,Yaw
-0.661,0.765,1.221,31.054,-54.915,144.069,Yaw
-1.354,0.420,0.972,-5.968,12.583,-128.336,Yaw
-0.562,1.389,0.569,45.710,46.112,-286.685,Yaw
0.193,1.190,1.548,113.881,32.034,-286.685,Yaw
1.272,0.455,1.121,127.934,13.606,-286.685,Yaw
1.389,-0.273,0.976,61.959,-29.593,-286.685,Yaw
0.768,0.165,0.945,-53.165,-60.077,-286.685,Yaw
0.292,-0.156,1.086,-54.031,-42.446,-159.224,Yaw
0.366,-0.245,1.136,-18.935,-18.095,2.432,Yaw
0.625,-0.307,1.134,-61.189,-65.783,186.165,Yaw
0.926,0.041,1.061,-77.875,-84.814,286.685,Yaw
0.576,0.590,0.951,-47.827,-41.248,286.685,Yaw
-0.037,1.274,0.633,93.931,-60.112,286.685,Yaw
-1.010,0.134,1.574,88.314,-12.574,286.685,Yaw
-0.212,-0.148,1.063,-14.158,14.788,238.866,Yaw
-0.252,0.426,1.046,-2.511,-0.779,102.217,Yaw
-1.058,0.916,0.925,-12.408,14.403,-200.952,Yaw
-0.079,1.384,1.508,78.050,1.111,-286.685,Yaw
0.709,0.343,1.130,115.001,40.827,-286.685,Yaw
1.017,0.124,1.213,46.357,-10.491,-286.685,Yaw
1.259,-0.270,1.294,-19.968,-90.527,-286.685,Yaw
0.257,-0.226,1.163,-17.763,-19.381,-76.869,Yaw
0.562,-0.326,1.095,-97.256,-70.236,127.243,Yaw
0.920,-0.501,1.083,-119.866,-68.285,286.633,Yaw
0.708,0.536,0.884,-59.553,-53.174,286.685,Yaw
-0.050,1.363,0.381,91.219,-29.181,286.685,Yaw
-0.709,0.356,1.725,145.521,-5.609,286.685,Yaw
-0.835,-0.447,1.203,-0.613,3.806,186.515,Yaw
-0.053,0.519,0.997,17.876,-0.647,79.485,Yaw
-0.519,0.476,0.984,38.439,6.956,-170.083,Yaw
-0.047,0.815,0.828,-10.124,16.896,-286.685,Yaw
-0.013,0.260,0.931,51.450,19.084,-286.685,Yaw
0.293,0.267,1.040,13.554,-2.371,-286.685,Yaw
0.876,-0.097,1.050,-16.581,-27.125,-286.685,Yaw
0.651,-0.465,1.146,-0.298,-18.576,-144.261,Yaw
0.414,-0.251,1.148,-59.666,-55.370,-13.667,Yaw
0.941,-0.546,1.011,-92.540,-71.146,171.973,Yaw
1.215,0.740,0.923,-8.006,-37.091,286.685,Yaw
-0.044,1.718,0.780,136.229,-17.491,286.685,Yaw
-1.135,0.023,1.082,16.257,-6.492,286.685,Yaw
-0.358,0.110,1.024,-1.199,1.295,286.685,Yaw
-0.099,0.690,0.814,49.000,-28.000,171.167,Yaw
-0.795,0.546,1.099,-29.041,7.901,-190.251,Yaw
-0.300,0.869,0.774,-51.292,54.381,-286.685,Yaw
0.052,0.978,1.476,56.245,12.950,-286.685,Yaw
0.809,0.003,1.071,56.901,19.950,-286.685,Yaw
0.618,0.015,1.060,14.052,-16.433,-286.685,Yaw
0.481,-0.136,1.007,19.792,-18.471,-286.685,Yaw
0.604,-0.322,1.072,15.776,-17.789,-207.182,Yaw
0.339,-0.001,1.120,-33.932,-35.053,-4.506,Yaw
0.659,-0.446,1.170,-114.118,-91.088,97.501,Yaw
1.120,-0.409,1.143,-64.365,-46.077,286.685,Yaw
0.587,0.661,0.713,-48.169,-65.441,286.685,Yaw
-0.151,1.178,0.672,113.444,-75.171,286.685,Yaw
-0.608,-0.309,1.017,43.662,39.480,286.685,Yaw
-0.849,0.306,1.506,-3.106,9.739,144.279,Yaw
-0.553,0.192,1.084,-0.744,2.651,-25.585,Yaw
-0.585,1.581,0.567,30.214,-6.309,-286.685,Yaw
0.099,0.720,1.053,150.036,67.401,-286.685,Yaw
1.277,0.126,1.053,40.819,-31.255,-286.685,Yaw
1.586,-0.784,1.194,26.504,-35.542,-286.659,Yaw
0.061,-0.043,1.092,2.634,-20.160,-127.942,Yaw
-0.016,0.252,1.097,-18.270,-30.021,-89.320,Yaw
0.348,0.038,1.081,-130.935,-72.739,96.451,Yaw
1.083,-0.219,0.811,-117.766,-73.789,281.225,Yaw
0.377,0.399,0.876,-36.697,-46.226,286.685,Yaw
-0.057,0.474,0.965,17.649,-44.030,286.685,Yaw
-0.192,0.543,0.460,99.846,-24.622,286.685,Yaw
-0.361,0.332,1.314,135.048,-15.776,259.280,Yaw
-0.105,-0.040,1.110,25.786,-7.017,82.320,Yaw
-0.135,0.111,1.036,27.974,-9.494,43.829,Yaw
-0.833,0.878,0.910,-0.543,5.031,-172.804,Yaw
-0.485,1.224,0.735,6.554,52.071,-286.685,Yaw
0.427,0.930,0.856,23.345,34.125,-286.685,Yaw
1.304,-0.210,1.164,25.366,-25.340,-286.685,Yaw
0.962,-0.473,1.186,16.222,-24.071,-286.676,Yaw
0.675,-0.588,1.045,4.148,-28.044,-261.117,Yaw
0.988,-0.552,1.200,-67.034,-28.892,138.548,Yaw
1.167,0.055,1.086,-139.134,-90.309,286.685,Yaw
1.093,0.840,1.015,-37.660,-18.532,286.685,Yaw
0.541,1.231,0.507,69.571,-50.715,286.685,Yaw
-0.737,0.383,1.615,72.791,-17.517,286.685,Yaw
-0.825,0.661,0.891,-16.144,-7.814,270.874,Yaw
-0.400,0.598,1.133,-12.792,5.346,-83.344,Yaw
-1.256,1.378,0.831,-31.938,32.979,-286.466,Yaw
0.244,1.808,1.332,93.188,4.576,-286.685,Yaw
1.487,0.029,1.069,103.775,50.531,-286.685,Yaw
1.896,-0.923,1.119,-28.201,-30.695,-286.685,Yaw
0.862,-0.555,1.164,-42.525,-29.111,-261.651,Yaw
0.448,0.057,1.278,-28.665,-25.069,-31.850,Yaw
1.173,-0.328,1.173,-157.159,-124.679,161.394,Yaw
1.270,-0.153,1.121,-166.119,-56.717,286.685,Yaw
1.054,1.172,0.753,-71.575,-150.413,286.685,Yaw
0.111,1.154,0.722,76.921,-167.659,286.685,Yaw
-0.908,0.523,0.777,108.701,-32.086,286.685,Yaw
-1.016,-0.294,1.138,162.059,3.640,285.784,Yaw
-0.847,0.534,1.845,147.936,-6.064,130.979,Yaw
-0.802,0.132,1.142,15.741,-13.038,-37.520,Yaw
-1.594,1.271,1.075,-40.154,-4.060,-286.431,Yaw
0.173,1.998,1.215,43.050,45.089,-286.685,Yaw
0.781,1.307,1.122,170.258,114.363,-286.685,Yaw
1.905,0.194,0.792,7.884,9.844,-286.685,Yaw
1.064,-0.246,1.144,-62.388,-41.178,-283.649,Yaw
0.701,-0.285,1.121,-18.305,-20.799,-82.556,Yaw
1.015,-0.279,1.207,-63.726,-59.377,36.969,Yaw
1.523,-0.184,0.963,-79.887,-108.920,280.158,Yaw
-0.192,1.492,1.145,-2.284,-81.427,286.685,Yaw
-0.579,0.329,0.749,-9.695,-20.073,286.685,Yaw
-0.340,-0.093,0.604,37.721,7.017,286.685,Yaw
-0.822,-0.105,1.850,98.726,-16.249,286.685,Yaw
-0.515,0.298,1.030,37.100,-12.565,286.685,Yaw
-0.567,0.708,1.024,17.833,-4.287,224.639,Yaw
-0.776,0.409,1.091,-31.491,15.146,-217.341,Yaw
-0.574,1.975,0.502,14.595,55.046,-286.685,Yaw
0.985,1.164,1.041,137.200,117.600,-286.685,Yaw
1.893,-0.021,0.942,45.736,-15.663,-286.685,Yaw
1.141,0.059,0.964,9.756,-46.900,-286.685,Yaw
0.807,-0.169,1.068,15.837,-49.455,-286.685,Yaw
0.868,-0.363,1.233,-10.316,-41.851,-125.431,Yaw
1.077,-0.463,0.994,-95.874,-98.577,105.551,Yaw
0.591,-0.022,0.990,-24.789,-67.401,283.194,Yaw
-0.054,0.485,0.861,-4.602,-75.049,286.685,Yaw
-0.347,0.381,0.624,-9.319,33.110,286.685,Yaw
0.121,0.182,1.224,114.765,3.902,286.685,Yaw
-0.587,0.355,1.295,52.929,-7.009,283.334,Yaw
-0.129,-0.034,1.077,0.665,11.104,266.726,Yaw
0.102,0.178,0.945,24.841,26.128,286.685,Yaw
0.233,0.239,0.761,56.053,-28.245,50.531,Yaw
0.314,-0.231,1.206,7.035,-19.215,-48.912,Yaw
0.046,0.037,1.174,-32.357,11.926,-36.908,Yaw
-0.188,0.756,0.923,-69.851,22.400,-285.810,Yaw
-0.749,1.083,0.908,44.721,-18.042,-286.685,Yaw
-0.350,1.092,1.005,42.542,22.452,-286.685,Yaw
1.264,0.976,0.979,45.447,-12.390,-286.685,Yaw
1.999,-0.964,0.780,65.503,8.969,-286.685,Yaw
0.641,-0.607,1.013,-4.821,-1.601,45.553,Yaw
0.443,-0.239,1.371,-50.732,-9.573,219.214,Yaw
1.103,-0.184,0.899,-107.783,-63.700,286.685,Yaw
0.712,0.879,0.787,0.822,-39.393,286.685,Yaw
-0.602,1.624,0.848,66.378,-19.206,286.081,Yaw
-1.310,0.477,1.046,47.792,6.886,33.775,Yaw
-0.068,-0.034,1.161,40.897,31.684,-116.961,Yaw
0.403,-0.286,1.074,38.868,2.546,-84.455,Yaw
0.190,-0.321,0.972,17.483,-9.196,-2.398,Yaw
0.033,-0.100,0.995,-24.920,-1.129,107.074,Yaw
0.328,-0.131,1.022,-27.878,1.855,135.275,Yaw
0.714,-0.284,1.105,-22.050,-12.950,250.775,Yaw
0.652,-0.046,1.061,-24.290,-39.357,286.685,Yaw
0.369,0.191,1.040,-36.522,-31.719,286.685,Yaw
-0.226,0.884,0.757,-18.699,7.166,273.271,Yaw
-1.390,0.976,1.168,-1.855,2.599,-124.241,Yaw
-0.888,1.499,0.902,5.136,1.575,-286.685,Yaw
0.148,1.326,0.942,27.204,1.855,-286.685,Yaw
1.496,0.060,0.764,9.039,18.366,-286.685,Yaw
0.974,-0.587,1.244,94.622,30.240,-286.685,Yaw
0.472,-0.378,1.205,-10.054,-12.583,-50.689,Yaw
0.486,-0.286,1.160,-94.369,-53.856,143.430,Yaw
1.109,0.086,0.763,-92.575,-61.591,280.394,Yaw
0.691,0.358,0.926,12.600,-27.790,286.685,Yaw
0.279,0.522,1.019,40.285,-11.489,286.685,Yaw
-0.097,0.981,0.819,70.464,-16.651,272.711,Yaw
-0.963,0.123,1.158,18.874,-9.188,102.769,Yaw
-0.371,0.258,1.067,9.494,-10.981,-33.827,Yaw
-0.483,0.630,0.948,-8.216,8.024,-263.996,Yaw
-0.044,0.629,0.911,0.079,26.670,-286.685,Yaw
0.480,0.186,0.988,38.553,30.538,-286.685,Yaw
1.115,-0.447,1.122,29.881,-8.592,-286.685,Yaw
0.767,-0.390,1.143,-28.534,-38.369,-182.735,Yaw
0.579,-0.178,1.003,-77.219,-61.976,125.702,Yaw
0.425,0.238,0.836,-13.939,-21.385,283.360,Yaw
0.316,0.257,0.920,30.923,-1.067,286.685,Yaw
0.030,0.168,1.089,12.302,-16.756,286.685,Yaw
-0.244,0.323,0.958,14.726,-16.406,285.670,Yaw
-0.336,0.412,1.048,33.092,-16.476,122.535,Yaw
-0.060,-0.086,1.036,32.375,-4.559,40.722,Yaw
-0.504,0.186,1.055,11.419,0.403,-5.241,Yaw
-0.435,0.910,0.914,-18.471,24.115,-274.076,Yaw
0.083,0.897,1.000,-11.734,44.249,-286.685,Yaw
0.674,0.124,1.059,28.403,16.485,-286.685,Yaw
0.621,0.578,0.962,35.857,-10.964,-286.685,Yaw
0.742,0.475,0.935,29.382,-42.525,-286.685,Yaw
0.824,-0.212,1.136,26.862,-45.903,-286.685,Yaw
0.296,-0.692,1.088,-3.168,-12.408,-55.221,Yaw
0.578,-0.686,1.136,-55.956,-6.230,282.695,Yaw
0.450,-0.260,1.204,-67.594,-11.856,286.685,Yaw
0.126,0.541,0.991,-29.103,-33.355,286.685,Yaw
0.047,0.289,0.989,11.095,-18.104,286.685,Yaw
-0.021,0.464,0.992,41.239,13.895,283.614,Yaw
0.211,0.147,1.072,21.753,-3.902,190.400,Yaw
-0.123,0.625,0.967,-9.310,-2.415,81.611,Yaw
-0.465,0.732,0.974,-8.601,-7.359,-243.408,Yaw
0.013,0.382,1.016,4.174,9.730,-286.685,Yaw
-0.072,0.333,1.207,32.970,1.811,-286.685,Yaw
0.706,0.419,0.780,-19.714,-16.476,-286.685,Yaw
0.871,0.232,0.970,52.010,-8.592,-286.685,Yaw
1.010,-0.542,1.125,63.088,-4.401,-286.685,Yaw
0.385,-0.605,1.126,-0.709,-17.649,61.040,Yaw
0.566,-0.128,1.189,-58.730,-24.386,258.300,Yaw
0.239,0.081,1.007,-80.054,-26.101,286.685,Yaw
0.215,0.373,0.828,-41.764,-17.132,286.685,Yaw
0.179,0.440,0.920,22.925,-11.436,286.685,Yaw
0.003,0.099,1.130,21.516,-27.335,286.685,Yaw
-0.025,0.162,0.964,27.711,-17.780,286.685,Yaw
-0.064,0.540,0.990,34.134,-13.799,96.250,Yaw
-0.063,0.100,1.032,1.251,-2.082,-48.414,Yaw
-0.490,0.409,0.997,-19.163,6.983,-163.783,Yaw
-0.228,0.557,1.009,-16.389,14.569,-286.685,Yaw
-0.038,0.529,1.007,9.065,24.850,-286.685,Yaw
0.260,0.706,0.921,-3.054,5.626,-286.685,Yaw
0.894,0.412,0.973,21.569,11.515,-286.685,Yaw
1.069,-0.322,0.969,101.964,50.873,-286.685,Yaw
0.386,-0.461,1.719,9.546,-83.606,-20.414,Yaw
0.450,-0.044,1.131,-22.759,-17.141,200.314,Yaw
0.220,0.241,1.009,-69.265,-33.005,266.446,Yaw
0.182,0.289,0.951,-40.215,-11.270,286.685,Yaw
0.309,0.159,0.931,-5.504,7.201,286.685,Yaw
0.088,-0.015,1.101,-9.914,-17.876,286.685,Yaw
-0.365,0.116,1.086,-12.337,-21.656,286.685,Yaw
-0.101,0.045,0.964,4.261,-23.949,286.685,Yaw
-0.496,0.466,1.103,44.879,-19.101,234.430,Yaw
0.014,0.420,0.911,13.212,6.676,-60.629,Yaw
0.358,0.113,1.000,13.283,3.325,-105.105,Yaw
-0.237,0.564,1.051,-0.569,1.592,-234.894,Yaw
0.198,0.248,0.951,4.436,16.739,-286.685,Yaw
0.492,-0.045,1.033,26.941,8.540,-286.685,Yaw
0.355,0.150,0.991,31.850,-7.411,-286.685,Yaw
0.064,0.304,1.005,32.498,-29.041,-286.685,Yaw
0.339,0.287,1.046,55.283,-20.029,-286.685,Yaw
0.769,0.081,1.020,-0.254,-21.105,-236.294,Yaw
0.114,-0.123,1.089,-20.169,-17.439,17.946,Yaw
0.059,0.109,1.074,-23.406,-11.279,204.663,Yaw
0.331,-0.186,1.033,-36.829,-5.486,286.685,Yaw
0.413,-0.130,1.030,-66.430,-31.754,286.685,Yaw
0.467,0.087,0.892,-51.380,-23.520,286.685,Yaw
-0.046,0.533,1.096,24.631,-16.861,286.685,Yaw
-0.354,0.396,1.118,30.826,-7.140,286.685,Yaw
-0.276,0.202,0.844,36.627,15.190,159.504,Yaw
0.306,0.031,1.017,37.459,0.656,3.911,Yaw
0.052,0.084,1.059,8.855,-2.564,-4.497,Yaw
-0.921,0.975,1.030,-5.915,0.394,-220.281,Yaw
-0.430,1.025,0.874,1.986,29.426,-286.685,Yaw
0.439,0.120,1.093,36.592,20.090,-286.685,Yaw
0.683,0.182,1.017,28.621,-18.629,-286.685,Yaw
0.641,0.026,1.015,-0.998,-49.577,-286.685,Yaw
0.660,-0.133,0.817,30.721,-9.677,-286.230,Yaw
0.212,-0.263,1.170,36.417,7.989,-106.549,Yaw
0.676,-0.135,1.122,-38.001,-27.423,132.510,Yaw
0.541,0.075,1.066,-45.876,-24.290,286.685,Yaw
0.415,0.340,0.889,-43.645,-32.830,286.685,Yaw
0.040,0.661,0.913,6.475,-10.377,286.685,Yaw
-0.347,0.258,1.340,26.583,7.595,286.685,Yaw
0.009,-0.120,1.071,-6.064,-6.449,263.760,Yaw
-0.086,-0.116,1.002,-5.477,-15.540,286.108,Yaw
-0.441,0.067,0.964,14.184,-15.382,232.820,Yaw
-0.277,-0.019,1.075,14.175,-9.546,-36.741,Yaw
-0.221,0.026,1.023,7.630,-3.325,-148.365,Yaw
-0.385,0.378,1.010,0.656,5.705,-283.552,Yaw
-0.074,0.376,1.068,-11.979,4.226,-286.685,Yaw
0.264,0.485,0.898,7.166,26.749,-286.685,Yaw
0.688,0.651,0.895,31.579,33.985,-286.685,Yaw
0.413,0.848,0.986,65.275,2.791,-286.685,Yaw
0.711,0.509,1.162,55.711,-40.154,-286.685,Yaw
0.479,-0.206,0.929,-2.625,-14.779,-232.706,Yaw
0.111,-0.130,1.116,8.645,-9.257,96.618,Yaw
0.266,0.018,1.048,21.744,1.111,242.253,Yaw
0.215,-0.015,1.006,11.069,24.404,286.685,Yaw
-0.064,0.102,1.062,-51.275,14.175,286.685,Yaw
0.133,-0.075,1.051,-51.949,-4.121,286.685,Yaw
0.086,-0.015,0.967,-12.163,-19.539,286.685,Yaw
0.027,0.010,1.016,10.806,-32.900,286.685,Yaw
-0.692,0.690,0.897,23.100,2.030,276.264,Yaw
0.193,0.638,0.980,6.291,13.773,-134.339,Yaw
0.196,0.302,1.108,-16.074,6.589,-202.186,Yaw
-0.155,0.335,1.193,-36.592,-7.963,-252.656,Yaw
0.117,0.508,0.819,-57.470,0.236,-286.685,Yaw
0.512,0.310,0.958,7.682,17.211,-286.685,Yaw
0.546,0.161,0.978,30.161,11.305,-286.685,Yaw
0.757,-0.088,0.958,41.405,5.635,-286.685,Yaw
0.568,-0.244,1.083,48.624,3.902,-284.016,Yaw
0.117,-0.156,1.102,30.013,10.089,-61.145,Yaw
0.171,-0.095,1.087,-35.306,-22.391,94.036,Yaw
0.500,-0.058,1.071,-34.869,-17.483,188.274,Yaw
0.574,0.257,1.118,-38.666,-28.788,286.685,Yaw
0.131,0.784,0.890,-23.651,-32.410,286.685,Yaw
-0.276,0.617,1.069,6.108,-11.331,286.685,Yaw
-0.349,-0.057,0.876,10.377,-11.585,286.685,Yaw
0.142,-0.054,1.135,36.575,-4.366,227.745,Yaw
-0.300,0.363,1.038,6.528,-5.040,62.764,Yaw
-0.235,0.129,1.125,1.278,-1.724,-67.611,Yaw
-0.717,0.882,0.966,-18.218,6.484,-273.866,Yaw
0.286,0.376,1.113,-1.829,12.775,-286.685,Yaw
0.641,0.092,0.978,74.524,33.924,-286.685,Yaw
0.506,0.228,0.970,70.980,-6.597,-286.685,Yaw
0.403,0.161,1.091,61.609,-24.448,-286.685,Yaw
0.714,0.159,1.124,57.960,-37.039,-286.685,Yaw
0.196,0.325,0.980,54.836,-25.112,-196.691,Yaw
0.222,0.237,0.899,-7.245,-5.854,-14.927,Yaw
0.031,0.119,0.942,-81.016,9.126,119.341,Yaw
0.099,-0.003,1.289,-51.669,-22.006,209.423,Yaw
0.123,0.219,0.824,-49.245,-24.833,209.361,Yaw
-0.016,0.427,1.075,6.886,30.809,279.764,Yaw
0.095,-0.046,1.095,-23.993,3.824,286.475,Yaw
0.022,0.089,0.970,-35.525,-13.597,286.685,Yaw
-0.240,0.017,1.092,-50.155,-8.654,286.685,Yaw
-0.496,-0.197,0.983,-32.217,-19.653,286.685,Yaw
-0.166,-0.364,0.962,-20.860,-6.597,286.685,Yaw
0.324,-0.086,0.938,46.051,-36.750,286.685,Yaw
0.309,0.217,0.989,43.838,-12.688,62.414,Yaw
0.276,-0.091,1.014,14.166,0.936,62.143,Yaw
0.285,0.007,1.016,12.075,-1.741,54.810,Yaw
0.126,0.122,1.008,2.721,-4.970,-5.591,Yaw
-0.687,0.747,1.067,-10.229,-5.320,-144.865,Yaw
-0.116,0.653,0.921,10.614,29.619,-286.685,Yaw
0.388,0.699,0.880,40.311,27.659,-286.685,Yaw
0.727,0.568,1.060,62.711,-22.540,-286.685,Yaw
1.183,-0.262,1.168,93.616,-16.468,-286.685,Yaw
0.903,-0.581,0.753,34.729,-57.094,-276.929,Yaw
0.008,-0.227,1.184,-122.518,-39.874,-63.271,Yaw
0.016,0.433,0.912,-84.525,-48.667,122.465,Yaw
0.260,0.343,0.877,-5.364,-8.137,201.591,Yaw
0.617,0.013,0.944,17.500,13.729,286.685,Yaw
0.209,0.507,1.111,-34.667,16.677,286.685,Yaw
-0.334,0.010,0.939,-57.540,-22.969,286.685,Yaw
-0.633,0.113,0.952,-6.536,-15.216,281.549,Yaw
-0.134,0.244,1.085,9.380,-3.246,23.362,Yaw
-0.417,0.508,0.900,6.134,4.489,-125.396,Yaw
-0.056,0.627,1.200,28.814,8.286,-286.685,Yaw
0.612,0.141,1.013,21.087,3.719,-286.685,Yaw
0.387,0.302,1.200,28.700,3.631,-286.685,Yaw
0.254,0.410,1.123,0.018,34.947,-286.685,Yaw
0.569,0.385,0.676,50.829,82.189,-286.685,Yaw
0.282,-0.259,0.842,51.310,-44.765,-134.120,Yaw
-0.132,-0.287,1.281,6.781,-97.729,137.646,Yaw
0.432,0.068,1.321,-15.496,-7.280,252.831,Yaw
0.339,-0.114,1.049,-60.016,-4.742,286.685,Yaw
-0.038,0.055,1.076,-42.901,15.181,286.685,Yaw
-0.041,-0.006,0.973,-31.246,-22.654,286.685,Yaw
-0.124,-0.081,0.995,-16.310,-20.913,286.685,Yaw
0.057,0.014,0.886,13.536,-40.635,286.685,Yaw
-0.191,0.369,1.118,38.605,-25.515,256.812,Yaw
0.170,0.781,1.009,-23.214,-0.577,-51.485,Yaw
0.055,0.661,0.936,-25.567,10.684,-202.589,Yaw
-0.150,0.660,1.159,-7.674,8.155,-286.685,Yaw
0.332,0.600,0.887,-6.510,9.966,-286.685,Yaw
0.729,0.374,1.007,54.127,17.141,-286.685,Yaw
0.873,0.092,1.035,100.319,32.576,-286.685,Yaw
1.258,-0.568,1.206,71.960,-26.731,-284.174,Yaw
0.320,-0.360,1.057,-13.571,-13.493,-15.864,Yaw
0.468,-0.113,1.160,-38.395,-7.481,233.625,Yaw
0.497,0.073,1.162,-66.885,-21.228,286.685,Yaw
0.296,0.336,1.022,-70.262,-26.189,286.685,Yaw
0.192,0.508,0.848,-42.175,-23.739,286.685,Yaw
-0.184,0.418,0.957,28.385,-22.129,286.685,Yaw
-0.104,0.094,0.947,34.440,-8.330,286.685,Yaw
-0.044,0.300,1.116,32.751,-0.910,228.279,Yaw
-0.153,0.292,1.031,7.026,2.144,-16.529,Yaw
-0.149,0.363,1.047,-18.917,-3.517,-219.494,Yaw
-0.027,0.443,0.968,-18.147,-2.030,-286.685,Yaw
0.172,0.229,0.862,-5.005,8.234,-286.685,Yaw
0.464,0.281,0.932,56.175,24.150,-286.685,Yaw
0.383,-0.093,1.106,66.412,7.586,-286.685,Yaw
0.468,-0.123,1.037,34.318,-10.658,-286.527,Yaw
0.340,-0.071,1.079,-10.229,-16.362,-93.817,Yaw
0.313,-0.130,1.070,-33.941,-22.382,23.625,Yaw
0.242,-0.285,1.035,-23.135,-6.046,138.232,Yaw
0.284,-0.085,1.012,-31.736,-14.735,223.309,Yaw
0.169,0.258,0.955,-22.619,-9.608,286.685,Yaw
0.222,0.005,1.019,-9.144,-8.216,286.685,Yaw
0.164,0.106,0.986,3.001,-20.878,286.685,Yaw
-0.034,0.384,1.008,13.256,-19.880,286.685,Yaw
-0.638,0.796,1.065,4.419,1.330,263.384,Yaw
-0.343,0.490,0.999,-7.298,21.096,-188.247,Yaw
0.206,0.299,1.171,13.877,10.010,-286.414,Yaw
0.402,0.187,0.984,22.837,24.649,-286.685,Yaw
0.413,0.144,1.012,40.915,11.252,-286.685,Yaw
0.426,0.063,0.938,39.375,-11.182,-286.685,Yaw
0.326,0.226,1.027,41.554,-7.858,-286.685,Yaw
0.483,0.072,1.049,32.007,-8.409,-286.676,Yaw
0.260,-0.115,0.994,18.375,-9.424,-201.101,Yaw
-0.034,-0.117,1.006,-3.920,-11.515,-36.321,Yaw
-0.016,0.023,1.098,-33.504,-16.362,55.221,Yaw
-0.006,0.081,1.030,-37.362,-15.514,64.120,Yaw
0.095,-0.080,0.948,-7.814,-1.759,87.500,Yaw
0.099,-0.208,1.039,4.909,3.185,188.143,Yaw
0.286,-0.214,1.077,-29.251,2.564,286.685,Yaw
0.716,-0.078,1.070,-52.999,-3.553,286.685,Yaw
0.268,0.289,0.821,-19.661,-31.640,286.685,Yaw
-0.189,0.544,1.033,21.831,-23.634,286.685,Yaw
0.100,0.813,0.949,20.694,-1.295,110.696,Yaw
-0.169,0.447,1.108,1.995,-1.986,-57.619,Yaw
-0.278,0.613,0.983,-25.987,5.854,-257.084,Yaw
0.271,0.306,1.015,16.975,32.559,-286.685,Yaw
0.480,-0.006,0.984,26.591,9.573,-286.685,Yaw
0.616,-0.069,1.018,36.444,-11.585,-286.685,Yaw
0.490,-0.142,1.064,59.553,-2.511,-286.685,Yaw
0.435,-0.211,1.032,25.112,-8.645,-230.230,Yaw
0.307,0.078,1.139,-44.765,-32.480,39.611,Yaw
0.436,0.046,0.985,-39.585,-22.435,103.731,Yaw
0.082,0.090,0.944,-15.680,-6.108,145.880,Yaw
0.249,0.125,0.984,-32.357,-12.574,190.759,Yaw
0.712,0.108,0.992,-53.882,-18.909,284.471,Yaw
0.466,0.599,0.848,-44.013,-17.308,286.685,Yaw
-0.372,0.482,1.094,34.379,0.595,286.685,Yaw
-0.692,0.009,1.018,-11.716,-7.989,237.799,Yaw
-0.542,0.188,0.978,4.497,-3.141,38.255,Yaw
-0.537,0.331,0.987,8.085,-2.686,-58.327,Yaw
-0.440,0.698,1.075,26.145,-3.544,-276.491,Yaw
0.185,0.732,1.002,28.892,17.474,-286.685,Yaw
0.610,0.280,1.098,75.714,2.223,-286.685,Yaw
1.040,0.129,0.995,62.781,-5.530,-286.685,Yaw
0.801,-0.189,1.045,36.225,-9.301,-286.221,Yaw
0.411,-0.039,1.035,9.783,-15.899,-153.046,Yaw
0.263,0.181,1.040,-13.746,-17.220,-19.836,Yaw
0.135,0.111,1.037,-22.837,-18.261,43.426,Yaw
0.427,0.146,0.945,-20.519,-12.337,217.971,Yaw
0.060,0.465,1.062,-7.709,34.475,286.685,Yaw
0.052,-0.177,1.125,-95.506,-21.061,286.685,Yaw
-0.195,-0.058,0.974,-44.109,-19.810,286.685,Yaw
-0.252,0.007,0.982,2.231,-31.929,286.685,Yaw
-0.020,0.298,0.999,40.827,-21.017,286.685,Yaw
0.364,0.344,0.902,15.680,-0.298,52.255,Yaw
0.308,0.243,1.016,-0.709,-3.430,-6.256,Yaw
-0.394,0.607,0.998,-11.358,-2.503,-157.544,Yaw
-0.144,0.501,1.026,-27.169,7.805,-286.685,Yaw
0.529,0.363,0.905,22.601,28.962,-286.685,Yaw
0.678,0.135,0.998,53.112,9.319,-286.685,Yaw
0.458,-0.006,1.058,73.868,-9.625,-286.685,Yaw
0.832,-0.480,1.031,58.126,-18.191,-285.696,Yaw
0.437,-0.124,1.096,-31.124,-10.684,32.147,Yaw
0.603,-0.154,1.134,-39.979,-12.626,261.538,Yaw
0.536,0.139,0.885,-69.711,-20.493,286.685,Yaw
-0.005,0.552,0.996,-66.150,-35.901,286.685,Yaw
-0.270,0.518,0.849,-23.065,-13.221,286.685,Yaw
-0.223,0.380,0.939,13.248,-2.625,147.516,Yaw
0.177,-0.059,1.217,62.685,12.530,103.539,Yaw
0.163,-0.161,1.089,14.210,-2.100,161.210,Yaw
0.005,0.055,0.985,-2.686,-12.600,231.735,Yaw
-0.010,0.111,1.019,0.236,-11.410,172.226,Yaw
0.057,0.373,0.951,7.114,-5.416,114.065,Yaw
0.142,-0.006,1.068,9.144,-1.216,10.797,Yaw
0.071,0.028,1.012,4.279,-1.540,17.237,Yaw
-0.003,0.131,1.009,-4.629,-7.026,-15.339,Yaw
-0.722,0.874,1.016,-21.490,-3.876,-156.800,Yaw
0.111,0.599,1.047,22.295,30.327,-286.685,Yaw
0.557,0.370,1.020,31.885,17.080,-286.685,Yaw
0.325,0.607,1.019,44.888,-10.360,-286.685,Yaw
0.811,0.324,1.046,39.620,-15.619,-286.685,Yaw
1.318,-0.736,0.784,59.535,-16.074,-286.081,Yaw
0.454,-0.443,1.316,-5.154,-23.170,151.769,Yaw
0.305,0.121,1.173,-23.494,13.948,286.685,Yaw
0.275,0.340,1.065,-54.197,4.970,286.685,Yaw
-0.114,0.363,1.034,-58.459,-17.360,286.685,Yaw
-0.068,0.336,0.859,-15.671,-4.209,286.685,Yaw
-0.126,0.206,1.104,21.341,1.102,286.685,Yaw
0.027,-0.018,0.988,14.359,-4.384,262.587,Yaw
-0.156,0.067,1.014,7.936,-6.983,189.350,Yaw
-0.045,0.279,0.989,-3.614,-0.761,70.849,Yaw
0.269,0.262,1.012,-13.466,-4.909,-49.761,Yaw
-0.252,0.198,1.106,-41.493,-20.720,-112.324,Yaw
0.016,0.049,0.956,-31.859,-3.631,-256.550,Yaw
0.107,0.353,1.178,-41.414,6.125,-286.685,Yaw
0.622,0.476,1.061,-70.647,34.562,-286.685,Yaw
0.630,0.188,0.933,-36.829,52.062,-286.685,Yaw
0.400,0.074,0.667,64.514,39.419,-286.685,Yaw
0.210,-0.275,0.657,118.361,-4.725,-134.435,Yaw
-0.140,-0.344,1.738,62.641,17.789,128.074,Yaw
0.676,-0.188,1.087,11.296,17.894,211.356,Yaw
0.194,-0.121,1.075,-33.495,11.891,286.685,Yaw
-0.015,0.217,1.045,-62.851,-17.325,286.685,Yaw
-0.035,0.328,0.956,-14.665,-24.570,286.685,Yaw
0.104,0.192,0.988,4.323,-16.616,286.659,Yaw
0.167,0.048,0.989,9.564,-10.544,226.231,Yaw
0.057,0.209,1.054,17.719,-4.471,171.027,Yaw
-0.152,0.568,0.983,7.543,4.174,-0.884,Yaw
-0.220,0.308,1.097,-10.964,-4.016,-121.529,Yaw
-0.072,0.339,0.917,-8.925,3.745,-271.399,Yaw
0.201,0.040,0.939,8.531,15.540,-286.685,Yaw
-0.085,0.198,1.009,47.565,18.603,-286.685,Yaw
-0.002,0.458,1.001,70.560,9.616,-286.685,Yaw
0.605,0.129,1.045,72.835,-16.126,-286.685,Yaw
0.904,-0.410,1.157,0.192,-21.385,-185.806,Yaw
0.360,-0.113,1.056,-8.916,-2.231,92.076,Yaw
0.201,0.102,1.024,-19.574,-1.461,147.018,Yaw
0.059,0.224,1.011,-34.335,-9.669,195.125,Yaw
-0.134,0.295,1.040,-32.393,-5.635,177.765,Yaw
-0.049,0.178,1.038,-30.599,-15.811,126.534,Yaw
0.044,0.094,0.822,-74.489,-48.134,97.615,Yaw
-0.134,0.236,0.952,19.154,6.974,41.965,Yaw
0.088,-0.248,1.045,-7.385,-9.590,-21.674,Yaw
0.269,0.041,1.008,0.175,1.768,64.033,Yaw
0.444,-0.130,1.105,5.985,3.622,192.027,Yaw
0.853,0.055,0.971,-0.989,0.061,286.685,Yaw
0.314,0.365,1.147,47.950,39.699,286.685,Yaw
-0.208,0.506,0.903,15.706,-6.125,276.938,Yaw
-0.830,0.569,0.855,-20.291,-49.044,-18.708,Yaw
-0.255,0.241,1.128,-22.181,-12.451,-95.323,Yaw
-0.233,0.359,1.039,-9.275,0.446,-274.881,Yaw
-0.335,0.557,1.101,-32.498,-2.380,-286.685,Yaw
0.249,0.535,0.935,-20.790,0.875,-286.685,Yaw
0.882,0.390,0.808,19.521,14.910,-286.685,Yaw
0.671,-0.068,1.163,74.664,29.942,-286.685,Yaw
0.551,-0.380,1.295,9.144,-17.299,-193.629,Yaw
0.364,-0.099,1.096,-39.673,-21.079,0.254,Yaw
0.556,0.196,1.036,-56.499,-25.358,195.694,Yaw
0.199,0.646,1.005,-18.935,-17.220,286.685,Yaw
0.001,0.731,0.899,26.320,-24.517,286.685,Yaw
-0.058,0.471,0.947,35.919,11.060,286.685,Yaw
-0.611,-0.178,0.956,3.255,19.994,286.685,Yaw
-0.467,-0.210,0.994,-12.749,-13.300,259.612,Yaw
0.111,0.078,0.993,20.108,1.155,0.884,Yaw
-0.153,-0.061,1.011,18.996,7.210,-56.560,Yaw
-0.210,0.058,1.006,4.778,5.372,-163.643,Yaw
-0.424,0.493,1.009,-4.139,-5.486,-286.641,Yaw
-0.379,0.625,0.902,5.267,-0.105,-286.685,Yaw
0.292,0.487,0.848,8.890,10.535,-286.685,Yaw
0.788,0.425,1.168,-8.890,-40.259,-286.685,Yaw
0.644,0.445,0.958,11.716,-17.299,-279.615,Yaw
0.023,0.076,1.044,-3.027,2.004,-46.559,Yaw
0.191,0.155,1.083,8.750,-7.840,112.254,Yaw
0.512,0.286,1.047,33.092,13.781,286.685,Yaw
0.550,0.199,1.055,16.275,12.591,286.685,Yaw
0.075,0.523,0.878,-55.781,26.486,286.685,Yaw
-0.852,0.139,0.911,-99.741,-36.094,286.685,Yaw
-0.242,-0.054,1.024,1.540,-14.499,272.790,Yaw
0.083,0.087,1.033,11.445,-8.496,60.375,Yaw
-0.232,0.064,1.037,-2.905,-4.532,-54.416,Yaw
-0.228,0.297,1.092,-11.401,-2.993,-195.020,Yaw
-0.095,0.065,1.009,-39.410,-13.221,-286.685,Yaw
0.108,0.203,1.100,-108.658,4.436,-286.685,Yaw
0.289,0.264,0.751,-72.599,36.208,-286.685,Yaw
0.303,0.470,0.854,2.660,47.583,-286.685,Yaw
0.313,0.036,1.014,75.128,28.000,-242.620,Yaw
0.378,-0.109,1.095,68.854,15.619,-154.595,Yaw
0.192,-0.097,1.089,35.919,5.644,-69.965,Yaw
0.203,0.017,0.942,17.062,-4.121,-17.885,Yaw
0.347,0.257,1.206,46.270,-7.508,170.179,Yaw
0.749,-0.011,0.945,14.770,36.759,286.685,Yaw
0.059,-0.200,1.080,-97.370,-14.717,286.685,Yaw
-0.730,0.315,1.144,-46.690,-41.353,286.685,Yaw
-0.341,0.383,0.991,9.441,-10.413,208.539,Yaw
-0.396,0.427,1.100,19.399,-2.879,-109.603,Yaw
-0.294,0.482,1.042,7.376,16.503,-286.685,Yaw
0.108,0.446,0.951,22.129,16.380,-286.685,Yaw
0.666,0.316,0.915,29.767,1.794,-286.685,Yaw
0.750,0.207,0.897,13.877,-11.716,-286.685,Yaw
0.531,0.074,1.139,22.129,2.047,-172.034,Yaw
0.279,-0.004,1.088,-8.347,-18.200,4.900,Yaw
0.373,0.094,0.982,18.506,-1.768,192.325,Yaw
0.160,0.279,0.860,16.188,32.603,286.685,Yaw
-0.456,0.373,1.043,-59.588,2.765,286.685,Yaw
-0.124,0.031,1.037,-53.559,-8.190,286.685,Yaw
-0.183,-0.077,1.076,-12.635,-13.921,286.676,Yaw
-0.167,0.161,0.981,-1.671,-12.110,163.669,Yaw
-0.019,0.171,1.017,-2.415,-3.824,-24.308,Yaw
0.388,0.101,0.962,-1.811,-1.610,-75.355,Yaw
0.105,0.048,1.027,5.049,0.551,-14.735,Yaw
0.140,-0.010,1.031,-3.710,-4.707,3.763,Yaw
0.089,0.032,1.030,-11.576,-10.299,16.371,Yaw
0.063,0.125,1.012,-12.285,-9.100,-2.144,Yaw
0.062,-0.008,0.974,-10.579,-6.256,-3.596,Yaw
0.060,0.017,0.996,-3.001,-4.979,-4.060,Yaw
0.043,0.060,1.025,-2.170,-4.918,-19.521,Yaw
0.062,0.046,1.047,-4.970,-4.139,-31.666,Yaw
0.234,-0.095,1.012,-10.299,-0.989,-28.936,Yaw
0.121,-0.098,1.156,-22.802,0.613,3.631,Yaw
0.060,-0.227,1.182,-60.235,-18.611,82.714,Yaw
0.150,0.028,0.591,-8.208,-6.055,29.767,Yaw
0.081,0.355,0.867,99.698,-8.899,11.445,Yaw
0.062,0.004,0.870,-7.534,-7.665,0.586,Yaw
-0.074,0.123,1.168,-28.236,-9.931,-34.982,Yaw
0.106,-0.009,0.830,-25.524,-4.025,-85.496,Yaw
-0.031,0.165,1.154,-48.729,-0.018,-93.039,Yaw
-0.135,0.338,0.968,-73.412,15.050,-278.679,Yaw
-0.004,0.333,0.963,-44.292,40.127,-286.685,Yaw
0.661,0.037,0.708,1.120,57.610,-286.685,Yaw
0.769,-0.716,0.572,111.151,7.656,-145.915,Yaw
0.577,-0.157,1.743,121.494,20.799,81.296,Yaw
0.678,-0.344,1.135,4.349,14.403,279.703,Yaw
0.556,-0.038,1.133,-18.944,6.956,286.685,Yaw
0.562,-0.148,0.821,-73.010,-70.070,286.685,Yaw
0.160,1.063,0.789,88.139,22.890,286.685,Yaw
0.336,0.937,1.175,25.244,-5.285,273.219,Yaw
-0.082,0.713,1.012,3.491,-19.486,169.015,Yaw
-0.315,0.175,1.016,1.908,-19.022,43.514,Yaw
-0.781,0.444,1.020,-17.176,5.031,-174.370,Yaw
-0.786,1.012,1.141,-40.180,2.047,-286.685,Yaw
0.046,1.361,0.942,-94.421,-14.385,-286.685,Yaw
1.028,1.235,1.019,-28.140,41.449,-286.685,Yaw
1.987,-0.752,0.343,52.946,59.964,-286.685,Yaw
1.556,-1.752,1.561,154.210,80.938,50.006,Yaw
0.756,-0.435,1.203,19.714,32.384,229.477,Yaw
0.656,0.204,1.168,-52.474,14.411,286.685,Yaw
0.663,0.441,0.859,-181.379,-125.948,286.685,Yaw
0.555,0.986,0.827,-24.868,-43.750,286.685,Yaw
-0.663,1.360,0.038,111.239,-41.046,286.685,Yaw
-0.536,-0.346,1.608,37.170,30.039,81.121,Yaw
0.304,0.187,0.947,-21.612,-8.671,19.871,Yaw
-0.347,0.352,0.987,1.050,-3.045,-76.948,Yaw
-0.611,0.933,1.066,-0.096,-2.380,-266.586,Yaw
-0.380,0.786,0.995,2.091,24.028,-286.685,Yaw
0.875,0.929,0.965,19.241,7.499,-286.685,Yaw
1.970,-0.630,0.935,-7.236,-36.391,-286.527,Yaw
0.820,-0.773,1.095,98.936,61.705,-44.581,Yaw
0.243,-0.182,1.111,-14.140,4.918,15.199,Yaw
0.283,0.303,0.949,-93.993,-46.961,52.938,Yaw
0.418,0.129,1.045,-32.664,-22.015,286.685,Yaw
0.817,0.483,1.052,-28.604,-45.544,286.685,Yaw
-0.324,1.358,0.943,28.385,-29.243,286.685,Yaw
-0.366,0.675,1.068,105.499,23.205,274.190,Yaw
0.080,-0.464,1.241,0.096,13.361,38.701,Yaw
0.487,0.354,0.883,-20.090,-13.064,64.610,Yaw
-0.307,0.082,1.084,26.407,-23.048,149.923,Yaw
-0.490,0.355,0.887,-11.051,3.176,-67.874,Yaw
-0.368,0.542,1.131,25.812,22.837,-286.685,Yaw
-0.363,0.649,1.088,73.500,43.216,-286.685,Yaw
0.301,0.958,0.965,12.889,13.580,-286.685,Yaw
1.513,0.307,0.954,-95.147,-124.915,-286.685,Yaw
1.423,-0.866,0.958,17.570,2.695,-283.027,Yaw
0.757,-0.520,1.068,70.665,37.153,-85.750,Yaw
0.519,-0.417,1.177,9.222,9.030,-2.721,Yaw
0.734,0.016,1.147,-105.709,-54.504,192.614,Yaw
0.774,0.656,1.161,-82.793,-67.681,286.685,Yaw
0.216,0.538,0.953,-46.882,-62.248,286.685,Yaw
-0.109,1.378,0.702,54.513,-73.054,286.685,Yaw
-0.018,1.128,0.897,67.515,-14.726,286.685,Yaw
-0.328,0.314,1.503,85.426,-17.439,278.486,Yaw
-0.467,-0.200,1.105,22.304,-21.359,235.148,Yaw
-0.298,-0.185,0.933,24.334,-14.866,133.009,Yaw
-0.226,0.393,0.988,4.812,-0.114,-108.141,Yaw
-0.584,1.072,1.000,-6.633,12.784,-286.685,Yaw
-0.362,1.054,0.979,15.453,25.515,-286.685,Yaw
0.453,0.629,1.251,72.914,57.680,-286.685,Yaw
1.883,0.287,0.723,-53.524,-62.562,-286.685,Yaw
1.963,-1.880,1.378,-59.220,-118.764,-286.685,Yaw
1.289,-1.064,1.206,24.614,16.048,30.520,Yaw
0.658,-0.368,1.059,-74.226,-25.506,106.339,Yaw
0.456,0.628,1.348,-139.930,-35.963,284.296,Yaw
0.649,1.067,0.958,-89.941,-108.570,286.685,Yaw
0.249,1.541,0.917,28.464,-145.232,286.685,Yaw
-0.941,1.169,0.794,118.659,-138.206,286.685,Yaw
-0.228,0.205,0.867,166.364,32.952,227.649,Yaw
-0.167,-0.159,1.529,74.043,5.539,169.068,Yaw
0.234,0.191,0.999,3.736,-19.827,159.548,Yaw
0.066,0.176,1.022,45.693,-42.586,132.326,Yaw
-0.478,-0.545,1.006,64.820,-10.824,-44.809,Yaw
-0.622,-0.208,0.987,-0.061,-0.114,-138.057,Yaw
-0.740,0.411,0.995,-73.229,16.573,-286.685,Yaw
-0.610,1.315,0.938,-61.583,-3.430,-286.685,Yaw
0.297,1.364,0.956,-78.811,11.016,-286.685,Yaw
0.704,0.717,1.104,-17.587,39.506,-286.685,Yaw
1.291,-0.300,0.929,-16.538,60.463,-286.685,Yaw
1.972,-1.008,0.637,65.240,26.022,-286.685,Yaw
0.810,-0.378,1.476,61.189,9.039,50.549,Yaw
0.323,0.225,1.272,-74.839,-34.029,227.762,Yaw
0.081,0.677,1.236,-116.900,-70.910,286.685,Yaw
-0.206,0.600,0.511,-58.599,-91.332,286.685,Yaw
-0.021,0.920,0.812,139.326,-82.766,286.685,Yaw
-0.611,0.557,0.975,213.911,1.374,286.685,Yaw
-0.453,-0.343,1.450,-16.109,13.501,106.855,Yaw
0.104,-0.119,1.134,-87.745,-10.658,-26.285,Yaw
0.137,0.061,1.026,-7.927,-4.305,-20.878,Yaw
-0.217,0.310,1.063,-8.006,-7.648,-76.291,Yaw
-0.287,0.024,1.040,-6.790,13.090,-182.122,Yaw
-0.375,0.854,0.925,-24.561,25.629,-286.283,Yaw
-0.164,1.547,1.158,-40.670,-16.170,-286.685,Yaw
1.127,0.649,0.896,-65.957,-17.343,-286.685,Yaw
1.694,-0.643,0.467,27.580,18.165,-286.685,Yaw
1.596,-1.211,1.752,103.119,16.835,-235.288,Yaw
0.294,-0.006,0.989,27.974,11.533,-81.839,Yaw
0.353,0.036,1.393,11.078,4.646,-100.293,Yaw
0.347,0.412,1.189,-95.716,-44.914,248.719,Yaw
0.006,0.400,1.208,-132.020,-79.214,286.685,Yaw
-0.073,0.667,0.864,-35.779,-107.791,286.685,Yaw
-0.419,0.650,0.418,112.236,-94.308,286.685,Yaw
-0.404,0.397,0.458,245.980,11.462,286.309,Yaw
-0.100,-0.286,1.461,-9.109,32.200,53.454,Yaw
0.165,-0.016,0.916,-21.105,-10.474,-2.030,Yaw
-0.169,0.197,0.982,-5.416,-5.714,-23.257,Yaw
-0.495,0.375,0.972,0.254,8.129,-171.526,Yaw
-0.551,0.448,0.996,13.116,25.944,-283.596,Yaw
0.063,1.019,1.025,67.497,53.603,-286.685,Yaw
0.880,0.685,1.066,-48.746,-46.847,-286.685,Yaw
1.141,-0.260,0.466,-68.679,-66.824,-286.685,Yaw
1.196,-0.575,1.218,14.936,19.346,-286.659,Yaw
0.219,0.172,1.120,-23.721,2.660,-47.373,Yaw
0.186,0.340,0.934,2.949,-3.290,36.304,Yaw
0.392,0.310,1.111,6.939,-25.436,178.684,Yaw
0.081,0.017,1.204,-34.072,-49.420,285.425,Yaw
-0.055,-0.041,0.825,-20.746,-69.020,286.685,Yaw
0.248,0.518,0.829,57.173,-57.697,286.685,Yaw
0.442,0.562,0.865,129.290,-22.785,286.685,Yaw
-1.057,0.538,1.347,151.086,6.790,286.685,Yaw
-0.019,0.078,1.129,-18.926,-2.328,18.165,Yaw
0.111,0.004,0.956,11.060,-0.087,6.834,Yaw
0.061,-0.038,1.017,30.406,3.981,-53.156,Yaw
-0.555,0.309,0.987,22.041,14.385,-155.890,Yaw
-0.412,0.599,1.070,25.445,31.106,-286.685,Yaw
0.209,1.013,1.233,42.735,33.469,-286.685,Yaw
0.943,1.022,0.902,-77.604,-98.245,-286.685,Yaw
1.098,-0.450,0.704,-121.686,-135.914,-286.685,Yaw
0.573,-0.786,0.901,10.097,29.505,-282.870,Yaw
0.414,-0.064,0.988,3.465,18.690,-192.850,Yaw
0.346,0.223,1.011,16.712,13.580,-146.283,Yaw
0.293,0.191,1.235,1.120,4.445,-17.728,Yaw
-0.003,0.090,1.252,-64.295,-49.490,265.239,Yaw
0.050,-0.111,0.789,-66.544,-78.776,286.685,Yaw
0.421,0.478,0.719,66.736,-89.600,286.685,Yaw
0.393,0.623,0.855,161.822,-80.596,286.685,Yaw
-0.314,0.347,0.748,108.535,-45.535,286.685,Yaw
-0.520,0.244,1.571,39.743,128.809,143.360,Yaw
0.153,-0.007,0.997,-6.764,-10.771,0.376,Yaw
0.170,0.037,1.031,12.836,0.656,-0.105,Yaw
0.034,0.154,1.039,30.503,-0.087,-35.866,Yaw
-0.503,-0.121,0.852,-21.499,0.481,-93.012,Yaw
-0.850,0.678,1.079,12.206,17.465,-286.659,Yaw
0.120,1.319,1.188,14.927,14.962,-286.685,Yaw
1.024,0.727,0.839,-127.033,-94.815,-286.685,Yaw
0.533,-0.337,0.734,-1.899,54.495,-286.685,Yaw
0.770,-0.377,0.953,26.066,16.476,-274.085,Yaw
0.540,-0.208,1.025,39.393,3.421,-128.818,Yaw
0.326,0.087,1.164,11.550,-10.981,61.346,Yaw
0.082,0.337,1.075,-42.604,-33.224,254.249,Yaw
0.259,0.152,0.830,-31.308,-49.394,286.685,Yaw
0.115,0.226,0.658,24.439,-30.826,286.685,Yaw
-0.074,0.347,1.017,87.054,-15.951,286.685,Yaw
-0.201,0.092,1.129,-0.087,-13.528,286.685,Yaw
-0.242,-0.006,1.000,12.355,-9.695,225.321,Yaw
0.164,0.053,0.967,14.665,-2.249,91.306,Yaw
-0.005,0.068,1.022,3.351,-1.864,-4.253,Yaw
-0.356,0.132,1.047,3.150,4.121,-108.561,Yaw
-0.195,0.205,1.021,13.055,19.189,-272.983,Yaw
-0.039,0.444,1.006,33.967,32.042,-286.685,Yaw
0.268,0.740,1.028,-8.470,-20.195,-286.685,Yaw
0.549,0.090,1.101,-95.839,-65.599,-286.685,Yaw
0.767,-0.170,0.951,-32.235,26.451,-286.685,Yaw
0.780,-0.314,1.007,-32.655,19.495,-171.115,Yaw
0.041,0.008,1.014,-24.728,-9.144,-14.297,Yaw
0.324,0.134,1.090,-35.359,-22.181,102.051,Yaw
0.776,0.089,0.765,-4.883,-51.888,286.685,Yaw
0.704,0.301,0.755,76.020,-31.806,286.685,Yaw
-0.165,0.300,0.839,86.188,21.306,286.685,Yaw
-0.933,0.305,1.598,41.379,-87.395,286.685,Yaw
0.143,0.495,1.016,13.466,-6.239,62.720,Yaw
-0.039,0.160,1.011,-6.020,-2.564,-144.664,Yaw
-0.400,0.249,0.992,-24.876,4.480,-283.885,Yaw
-0.312,0.412,1.060,-8.234,12.819,-286.685,Yaw
0.209,0.444,1.264,-48.081,-15.776,-286.685,Yaw
0.375,0.225,0.963,-72.354,49.263,-286.685,Yaw
0.869,0.279,0.794,-62.370,40.110,-286.685,Yaw
0.858,-0.094,0.749,7.761,13.554,-141.321,Yaw
0.212,0.421,1.361,33.766,-69.326,269.955,Yaw
0.116,0.036,0.938,24.281,-34.842,286.685,Yaw
-0.155,-0.006,0.697,54.714,32.235,286.685,Yaw
-0.439,0.022,1.200,117.574,51.485,286.685,Yaw
-0.066,-0.040,1.088,37.266,-51.135,286.685,Yaw
0.206,0.065,0.988,-28.718,-3.850,286.370,Yaw
0.105,0.127,0.960,-85.391,-7.079,204.426,Yaw
0.093,0.003,1.069,-6.160,-5.276,1.837,Yaw
-0.421,0.023,1.022,-2.546,2.590,-116.786,Yaw
-0.335,0.160,1.035,-17.246,9.783,-286.633,Yaw
-0.053,0.404,1.034,-12.364,5.495,-286.685,Yaw
0.243,0.566,1.004,-28.000,-0.709,-286.685,Yaw
0.079,0.183,0.860,-94.938,22.566,-286.685,Yaw
0.561,0.006,0.969,-71.120,44.135,-286.685,Yaw
0.930,-0.003,0.892,-64.444,59.089,-286.685,Yaw
0.506,0.000,0.948,-21.805,-23.257,56.105,Yaw
0.121,0.162,1.063,3.334,-79.651,286.685,Yaw
0.161,0.173,0.936,77.420,-56.420,286.685,Yaw
-0.103,0.235,0.956,118.291,4.261,286.685,Yaw
-0.177,0.421,0.871,92.321,-4.795,286.685,Yaw
-0.601,0.138,1.546,41.396,-97.099,286.186,Yaw
0.088,0.112,1.221,-17.430,-3.098,13.256,Yaw
-0.150,0.025,1.006,-8.094,-5.075,-20.020,Yaw
-0.181,-0.051,1.004,-11.874,2.695,-158.095,Yaw
-0.231,-0.116,1.039,-23.739,7.324,-232.986,Yaw
-0.214,0.156,1.087,-24.675,-10.754,-286.685,Yaw
0.132,0.515,1.244,-52.701,3.675,-286.685,Yaw
0.449,0.395,0.977,-121.923,43.838,-286.685,Yaw
0.772,0.057,1.052,-111.956,85.207,-286.685,Yaw
0.746,-0.031,0.812,-46.410,49.210,-216.186,Yaw
0.452,0.064,1.049,-11.121,-11.681,12.915,Yaw
-0.001,0.014,0.980,13.291,-74.279,260.068,Yaw
0.086,-0.096,0.962,40.574,-108.806,286.685,Yaw
0.294,0.258,0.858,80.412,-87.938,286.685,Yaw
-0.097,0.603,0.858,119.070,-82.215,286.685,Yaw
-0.744,0.250,0.691,176.645,-107.389,286.685,Yaw
0.263,-0.149,1.157,-9.573,32.252,29.724,Yaw
-0.337,-0.044,1.122,-19.574,0.919,-97.562,Yaw
-0.083,0.179,1.052,-25.944,7.621,-217.473,Yaw
-0.052,0.088,1.161,-51.319,8.164,-286.685,Yaw
-0.431,0.408,0.906,-63.507,5.609,-286.685,Yaw
-0.028,0.828,1.174,-67.471,41.458,-286.685,Yaw
0.428,0.421,1.015,-86.555,82.784,-286.685,Yaw
0.897,0.094,0.658,-54.390,135.144,-286.685,Yaw
1.095,-0.248,1.007,30.065,58.205,-285.994,Yaw
0.496,-0.080,0.867,36.085,-14.560,49.595,Yaw
0.057,0.116,1.167,-4.681,-24.911,162.400,Yaw
0.251,-0.094,1.228,-55.388,-67.882,286.379,Yaw
0.219,0.022,0.785,-37.432,-131.530,286.685,Yaw
0.143,0.532,0.715,71.986,-102.366,286.685,Yaw
-0.109,0.779,0.740,108.036,-34.002,286.685,Yaw
-0.463,0.211,0.617,118.554,-77.787,286.685,Yaw
-0.366,-0.509,1.474,44.502,-8.295,48.143,Yaw
-0.314,0.174,1.071,-16.660,-5.136,-66.675,Yaw
-0.359,0.361,1.035,-21.551,4.463,-194.521,Yaw
-0.012,0.362,1.297,-76.825,4.279,-286.685,Yaw
0.039,0.370,1.036,-89.285,34.204,-286.685,Yaw
0.448,0.357,0.961,-116.270,77.280,-286.685,Yaw
0.813,-0.061,0.730,-99.382,114.433,-286.685,Yaw
1.069,-0.126,0.962,-15.444,102.497,-286.685,Yaw
0.363,-0.122,0.879,61.548,38.106,-212.371,Yaw
-0.047,-0.038,0.960,82.198,7.070,-64.899,Yaw
-0.224,-0.103,1.064,65.188,6.073,-7.149,Yaw
0.136,0.135,1.114,30.135,-6.781,73.762,Yaw
0.153,0.238,1.225,-21.420,-53.812,280.210,Yaw
0.001,-0.065,0.798,-42.044,-98.647,286.685,Yaw
0.031,0.131,0.848,44.537,-88.506,286.685,Yaw
0.110,0.195,0.743,138.171,43.374,286.685,Yaw
0.171,0.267,1.232,106.724,16.450,286.685,Yaw
-0.195,0.130,1.049,-65.817,-39.305,244.921,Yaw
-0.284,0.151,1.048,-11.568,-10.841,53.550,Yaw
-0.059,0.093,0.963,-2.047,-6.405,-21.061,Yaw
-0.473,0.107,1.098,-7.586,3.675,-170.818,Yaw
-0.788,0.212,1.180,-43.041,-3.098,-286.685,Yaw
-0.022,0.936,1.165,-72.957,6.431,-286.685,Yaw
1.140,0.832,1.043,-146.169,91.044,-286.685,Yaw
1.178,-0.425,0.349,-47.583,83.702,-286.685,Yaw
0.611,-0.147,1.032,66.027,-22.138,51.459,Yaw
0.136,-0.010,1.159,47.731,-30.975,130.708,Yaw
0.132,0.170,1.121,28.534,-31.019,192.281,Yaw
0.115,0.183,1.027,31.990,-42.201,286.536,Yaw
0.109,0.328,1.004,12.583,-56.866,286.685,Yaw
-0.285,0.318,0.657,51.065,-35.018,286.685,Yaw
-0.479,0.268,1.162,152.206,7.271,286.685,Yaw
-0.130,-0.254,1.051,22.776,-0.315,195.676,Yaw
0.321,0.076,0.966,-47.530,-7.910,-15.243,Yaw
-0.092,0.147,1.043,-10.448,-1.173,-79.721,Yaw
-0.094,0.115,0.998,3.106,6.326,-202.851,Yaw
-0.257,-0.028,0.973,-1.566,8.908,-286.598,Yaw
0.102,0.329,1.255,-24.999,-38.964,-286.685,Yaw
0.286,0.517,0.963,-99.680,-42.158,-286.685,Yaw
0.950,0.404,0.914,-95.961,86.590,-286.685,Yaw
0.663,0.009,0.895,4.778,45.465,-285.486,Yaw
-0.222,0.015,1.072,36.312,-11.778,43.829,Yaw
-0.009,0.200,1.085,40.206,-23.756,146.046,Yaw
0.197,0.077,1.098,21.525,-34.335,276.036,Yaw
0.181,0.276,1.034,19.346,-51.406,286.685,Yaw
-0.091,0.530,0.797,26.836,30.914,286.685,Yaw
-0.570,-0.025,1.122,72.695,15.190,286.685,Yaw
-0.565,-0.453,1.078,51.590,-4.970,271.460,Yaw
0.135,0.020,0.973,-76.668,-0.175,-54.749,Yaw
-0.409,0.240,1.108,-35.096,3.098,-243.189,Yaw
-0.458,0.347,1.169,-22.776,3.806,-286.571,Yaw
-0.043,0.412,1.267,-49.385,-11.209,-286.685,Yaw
0.428,0.089,1.084,-128.406,46.034,-286.685,Yaw
0.928,0.075,0.677,-101.264,94.430,-286.685,Yaw
1.105,0.106,0.637,-35.569,70.158,-284.489,Yaw
0.113,0.133,1.002,67.970,-26.031,35.298,Yaw
-0.412,0.322,1.135,89.582,-45.911,216.178,Yaw
0.027,0.289,1.025,60.900,-37.975,286.519,Yaw
-0.019,0.231,0.845,50.514,13.230,286.685,Yaw
0.030,0.096,1.163,86.144,-14.446,286.685,Yaw
-0.793,-0.216,1.254,76.676,-62.501,286.685,Yaw
-0.135,-0.136,1.040,12.189,5.504,235.891,Yaw
0.388,0.048,0.920,-43.908,1.269,88.069,Yaw
-0.045,-0.118,1.171,-74.226,37.993,-81.244,Yaw
-0.355,0.049,1.010,-19.040,9.555,-211.496,Yaw
-0.077,0.157,1.210,-62.116,12.373,-286.685,Yaw
-0.039,0.137,1.186,-92.505,10.745,-286.685,Yaw
0.223,0.329,0.982,-116.489,76.808,-286.685,Yaw
0.522,0.592,0.867,-88.007,173.530,-286.685,Yaw
0.713,0.130,0.375,112.184,87.482,-284.305,Yaw
0.385,0.005,1.156,157.378,9.012,-73.544,Yaw
-0.223,-0.275,1.331,101.456,-8.347,95.664,Yaw
-0.152,-0.001,1.269,31.413,-14.429,82.154,Yaw
0.099,0.039,1.197,-43.479,-25.445,224.000,Yaw
0.174,0.255,1.108,-70.717,-56.516,286.685,Yaw
0.123,0.058,0.684,-35.560,-87.946,286.685,Yaw
-0.110,0.304,0.681,123.707,96.460,286.685,Yaw
-0.180,0.162,1.090,116.891,53.638,286.685,Yaw
0.016,-0.114,0.925,0.368,-107.415,225.164,Yaw
-0.083,-0.206,1.569,-75.390,-92.706,105.543,Yaw
0.119,0.063,0.945,-16.284,-14.534,4.620,Yaw
-0.250,0.182,1.103,-8.908,-4.979,-44.327,Yaw
-0.253,0.259,1.096,-16.721,-0.376,-213.771,Yaw
-0.074,0.488,1.085,-60.182,9.634,-286.685,Yaw
0.110,0.161,0.949,-57.339,54.679,-286.685,Yaw
0.896,-0.074,0.868,-61.985,77.376,-286.685,Yaw
0.865,-0.214,0.852,-49.079,79.739,-286.685,Yaw
0.175,0.084,0.839,34.956,10.132,-126.910,Yaw
-0.075,0.300,1.227,13.965,-4.891,143.596,Yaw
0.160,0.057,1.187,-15.304,-50.890,275.634,Yaw
0.163,0.178,0.958,-14.507,-83.738,286.685,Yaw
0.016,0.411,0.885,55.746,-30.599,286.685,Yaw
-0.388,0.349,0.693,171.885,56.184,286.685,Yaw
-0.398,-0.085,0.773,74.541,-45.771,286.685,Yaw
-0.148,-0.177,1.065,7.184,-102.926,159.626,Yaw
0.067,-0.130,1.099,-171.010,-15.969,-118.475,Yaw
-0.703,0.151,0.970,-56.586,37.634,-242.515,Yaw
0.211,0.411,1.532,-47.381,13.116,-286.685,Yaw
0.167,0.150,1.055,-124.066,18.585,-286.685,Yaw
0.133,0.127,0.901,-85.540,61.014,-286.685,Yaw
0.702,0.215,0.861,-50.269,111.291,-286.685,Yaw
0.646,-0.092,0.723,12.057,92.024,-286.685,Yaw
0.562,-0.166,0.584,107.914,-8.015,-79.494,Yaw
-0.591,0.093,1.113,78.277,18.524,54.696,Yaw
-0.094,0.015,1.285,54.653,-10.911,19.241,Yaw
0.071,0.241,0.937,31.868,-7.035,103.346,Yaw
0.086,0.221,1.125,18.130,-17.859,229.250,Yaw
0.055,0.273,1.026,23.529,-28.499,286.615,Yaw
0.269,0.043,0.897,49.884,-10.080,286.685,Yaw
-0.034,0.032,1.323,56.665,90.431,286.685,Yaw
0.238,-0.167,0.858,-7.298,-45.150,286.685,Yaw
0.093,0.049,1.106,48.554,-46.944,286.685,Yaw
-0.424,0.235,0.994,-28.228,-8.243,272.641,Yaw
-0.264,0.333,1.245,-112.324,13.545,-14.962,Yaw
-0.520,0.230,1.004,-25.244,3.421,-179.296,Yaw
-0.381,0.458,1.093,-18.681,1.033,-286.571,Yaw
0.224,0.663,1.168,-53.436,20.746,-286.685,Yaw
0.561,0.455,0.935,-51.205,55.860,-286.685,Yaw
0.779,0.290,0.729,1.304,72.056,-286.685,Yaw
1.017,-0.120,0.688,64.899,39.419,-286.685,Yaw
0.405,-0.180,1.254,87.430,2.852,-28.333,Yaw
-0.055,0.064,1.193,5.626,-3.027,144.113,Yaw
-0.125,0.303,1.170,-72.389,-20.108,229.224,Yaw
-0.080,0.308,0.972,-82.863,-37.275,286.186,Yaw
0.016,0.349,0.934,-43.916,-64.190,286.685,Yaw
0.122,0.346,0.868,-4.270,-42.604,286.685,Yaw
-0.043,0.168,0.687,87.211,-10.299,286.685,Yaw
-0.450,-0.089,0.633,96.810,-32.891,286.685,Yaw
-0.260,-0.393,1.341,30.406,-26.337,62.764,Yaw
-0.231,-0.301,1.035,-16.800,6.361,-55.169,Yaw
-0.301,-0.025,0.945,-14.691,13.589,-229.679,Yaw
-0.114,0.163,1.156,-15.855,5.434,-286.685,Yaw
0.011,0.569,1.128,-60.095,5.451,-286.685,Yaw
0.281,0.417,0.906,-69.659,43.899,-286.685,Yaw
0.502,0.089,0.804,-31.692,87.089,-286.685,Yaw
0.670,-0.084,0.890,9.363,63.612,-286.685,Yaw
0.265,0.071,1.222,30.800,9.126,-151.462,Yaw
-0.365,0.078,1.061,7.446,0.087,38.272,Yaw
0.006,0.129,1.150,-10.054,-22.208,114.651,Yaw
0.247,0.080,1.142,-17.439,-44.292,255.325,Yaw
0.064,0.177,1.039,-24.701,-86.336,286.685,Yaw
-0.081,0.334,0.802,-11.375,-62.309,286.685,Yaw
-0.208,0.052,0.686,57.243,-48.239,286.685,Yaw
-0.168,-0.009,0.729,115.351,-33.014,286.685,Yaw
-0.156,-0.171,1.873,83.632,-7.639,114.389,Yaw
0.097,0.019,1.034,-12.512,-9.240,-0.630,Yaw
-0.112,0.054,1.014,-12.644,-2.450,-35.394,Yaw
-0.341,-0.099,1.003,-1.794,-0.481,-104.527,Yaw
-0.234,0.045,1.020,-13.169,0.289,-281.339,Yaw
0.133,0.337,1.055,-30.791,5.574,-286.685,Yaw
0.415,0.330,0.985,-40.259,30.739,-286.685,Yaw
0.481,0.193,0.936,-30.940,65.730,-286.685,Yaw
0.485,0.071,0.988,-9.354,37.144,-286.685,Yaw
0.003,-0.038,1.021,3.325,-0.018,-132.816,Yaw
0.030,0.030,1.111,19.959,-0.061,1.951,Yaw
0.060,0.075,1.082,26.495,-4.113,5.443,Yaw
0.447,0.293,1.139,9.179,-19.924,169.251,Yaw
0.500,0.290,1.229,-23.817,-64.636,286.685,Yaw
0.176,0.113,0.793,-1.977,-68.810,286.685,Yaw
-0.004,0.274,0.824,38.771,-16.993,286.685,Yaw
0.020,0.317,0.942,47.162,-45.377,286.685,Yaw
-0.526,0.155,1.388,48.466,-11.594,286.685,Yaw
0.063,0.008,1.088,-0.359,-4.060,26.163,Yaw
-0.374,0.083,1.061,-5.696,-1.864,-37.380,Yaw
-0.360,0.114,0.978,-8.960,4.874,-251.825,Yaw
-0.091,0.247,1.095,-21.052,8.855,-286.685,Yaw
0.162,0.453,0.981,-29.173,10.386,-286.685,Yaw
0.339,0.419,0.867,-11.988,22.059,-286.685,Yaw
0.576,0.205,0.848,23.520,54.618,-286.685,Yaw
0.652,0.109,1.218,33.057,13.449,-268.161,Yaw
-0.166,0.150,1.031,10.010,2.362,-9.695,Yaw
0.074,0.208,1.042,3.553,-6.711,14.551,Yaw
0.234,0.224,1.070,3.509,-6.352,84.901,Yaw
0.407,0.280,1.218,-35.551,-31.404,277.489,Yaw
0.151,0.076,0.966,-61.180,-64.356,286.685,Yaw
0.025,0.047,0.822,-49.822,-39.410,286.685,Yaw
-0.100,0.172,0.859,27.388,-33.819,286.685,Yaw
-0.064,0.067,0.952,77.464,-26.513,286.685,Yaw
-0.092,0.048,1.320,46.305,-5.661,243.443,Yaw
-0.294,0.086,1.100,7.341,-4.506,62.344,Yaw
-0.065,0.139,1.020,-6.545,-1.514,-25.165,Yaw
-0.084,0.168,1.002,1.549,1.899,-88.751,Yaw
-0.187,0.007,1.012,0.507,5.075,-199.307,Yaw
-0.227,0.029,0.896,31.071,32.812,-286.388,Yaw
0.018,0.292,1.075,14.945,4.366,-286.685,Yaw
0.400,0.371,0.963,-26.775,-27.379,-286.685,Yaw
0.658,0.361,0.842,18.900,36.076,-286.685,Yaw
0.653,0.205,1.042,44.196,10.456,-286.685,Yaw
0.112,-0.082,1.042,-6.781,-7.586,-137.279,Yaw
-0.239,0.169,1.007,-11.323,1.321,16.695,Yaw
0.057,0.332,1.002,-7.122,-3.517,43.330,Yaw
0.135,0.372,1.004,-6.247,-7.543,130.655,Yaw
0.273,0.180,1.145,-8.400,-26.714,286.685,Yaw
0.097,0.149,1.018,-34.834,-45.570,286.685,Yaw
0.073,0.196,0.704,-9.756,-6.781,286.685,Yaw
-0.009,0.151,0.816,35.123,-0.840,286.685,Yaw
-0.267,-0.034,1.195,23.179,-36.452,286.685,Yaw
-0.274,-0.002,1.005,-0.429,-16.747,207.795,Yaw
0.070,0.099,0.979,-2.196,-5.443,49.420,Yaw
0.084,-0.051,0.988,4.060,-1.374,-5.661,Yaw
-0.190,-0.138,0.984,3.719,1.444,-95.077,Yaw
-0.229,0.027,1.045,7.105,13.554,-275.450,Yaw
-0.289,0.480,1.206,17.246,8.566,-286.685,Yaw
-0.116,0.838,0.942,-24.701,-25.480,-286.685,Yaw
0.570,0.698,0.824,10.640,44.144,-286.685,Yaw
0.699,0.147,0.901,39.314,4.847,-282.888,Yaw
0.078,-0.111,1.142,7.359,-1.811,-5.355,Yaw
0.040,0.156,1.014,-5.766,-4.165,29.173,Yaw
0.278,0.307,1.070,-2.266,-6.160,112.306,Yaw
0.291,0.254,1.093,-11.594,-20.624,286.598,Yaw
0.107,0.234,0.916,-46.778,4.139,286.685,Yaw
-0.165,0.163,0.739,-18.305,27.650,286.685,Yaw
-0.257,0.038,0.969,17.894,-41.947,286.685,Yaw
-0.204,-0.034,1.096,-7.753,-15.785,286.685,Yaw
0.148,0.091,1.004,-7.770,0.026,79.809,Yaw
-0.180,0.046,1.032,-16.056,7.709,-46.007,Yaw
-0.467,0.108,0.980,1.461,9.774,-280.376,Yaw
-0.155,0.201,1.036,17.561,10.176,-286.685,Yaw
0.317,0.409,0.959,-34.466,-32.996,-286.685,Yaw
0.374,0.470,0.882,-16.905,4.909,-286.685,Yaw
0.413,0.378,0.885,51.424,11.874,-286.668,Yaw
0.321,-0.101,1.269,40.268,17.736,-138.504,Yaw
0.083,0.085,1.007,-3.456,-6.930,-6.878,Yaw
0.243,0.028,1.074,-18.786,-12.547,10.369,Yaw
0.475,0.235,1.006,-26.740,-21.166,215.626,Yaw
0.252,0.309,0.966,-31.614,-26.556,286.685,Yaw
-0.030,0.234,0.938,-44.170,-23.144,286.685,Yaw
-0.234,0.128,0.864,-17.806,-26.810,286.685,Yaw
-0.161,0.081,0.896,42.682,-3.544,283.413,Yaw
0.044,0.057,1.163,14.542,-0.192,37.914,Yaw
-0.039,-0.060,1.015,-7.753,-5.338,4.681,Yaw
-0.280,-0.177,1.024,-11.541,-5.827,-33.609,Yaw
-0.429,-0.125,1.035,-18.226,-9.590,-213.964,Yaw
-0.123,0.477,1.025,-55.860,10.456,-286.685,Yaw
0.429,0.696,0.787,-68.688,65.459,-286.685,Yaw
0.506,0.419,0.895,-20.142,92.680,-286.685,Yaw
0.440,0.049,0.908,67.952,52.771,-286.685,Yaw
0.216,-0.050,1.167,71.304,8.601,-108.789,Yaw
-0.003,-0.054,1.144,8.523,-3.465,-50.689,Yaw
-0.182,0.160,0.996,-20.353,9.459,-19.093,Yaw
-0.009,0.394,0.937,-9.371,-4.673,89.101,Yaw
0.127,0.279,1.138,-1.409,-36.225,284.620,Yaw
-0.071,0.209,1.046,-3.062,-43.365,286.685,Yaw
0.022,0.395,0.637,11.331,-1.199,286.685,Yaw
-0.048,0.257,1.225,55.799,57.461,286.685,Yaw
-0.265,-0.142,1.206,85.908,-85.418,286.685,Yaw
-0.167,-0.317,1.029,-57.234,-2.713,127.584,Yaw
-0.308,-0.361,1.065,-96.241,3.614,-47.276,Yaw
-0.637,-0.213,1.124,-36.041,35.499,-254.223,Yaw
-0.127,0.425,1.199,-34.807,-16.616,-286.685,Yaw
0.204,0.783,0.917,-127.925,42.210,-286.685,Yaw
0.184,0.458,0.608,-92.365,96.040,-286.685,Yaw
0.868,0.791,0.361,116.183,107.949,-286.685,Yaw
0.391,0.023,1.993,214.086,-75.574,-221.988,Yaw
-0.132,-0.179,1.029,13.248,-6.781,-38.745,Yaw
-0.169,0.234,0.965,-14.026,-2.013,-10.448,Yaw
0.059,0.280,1.092,-83.991,47.609,87.378,Yaw
0.174,0.373,1.151,-33.022,-20.449,271.547,Yaw
0.010,0.101,1.091,-33.355,-55.667,286.685,Yaw
-0.023,0.242,0.979,-17.868,-58.502,286.685,Yaw
0.155,0.278,0.784,2.572,11.944,286.685,Yaw
-0.334,-0.047,1.222,156.765,84.823,286.685,Yaw
-0.057,0.113,0.864,115.132,-91.254,286.668,Yaw
-0.627,0.006,1.274,12.565,-27.834,173.635,Yaw
-0.112,-0.081,0.968,-69.396,-7.639,-17.649,Yaw
-0.271,-0.277,0.950,-92.872,4.008,-185.929,Yaw
-0.338,0.181,1.414,-80.990,36.505,-286.685,Yaw
-0.618,0.229,1.059,-17.019,-7.700,-286.685,Yaw
-0.127,0.608,0.960,-30.660,7.805,-286.685,Yaw
0.374,0.971,0.963,-36.908,83.353,-286.685,Yaw
0.512,0.687,0.923,129.185,30.389,-286.685,Yaw
0.483,-0.124,1.673,138.311,-88.357,-177.319,Yaw
-0.056,0.003,1.009,-4.944,-4.314,-39.340,Yaw
0.146,0.368,1.141,-52.377,18.419,-13.195,Yaw
0.471,0.525,1.038,-73.675,18.926,173.075,Yaw
0.315,0.366,1.033,-10.089,-54.276,286.685,Yaw
-0.196,0.055,0.962,-2.791,-61.819,286.685,Yaw
0.035,0.644,0.836,14.858,13.256,286.685,Yaw
-0.189,0.619,1.122,68.854,108.561,286.685,Yaw
-0.533,0.321,0.621,-15.347,-152.801,286.685,Yaw
-0.731,-0.345,0.978,36.015,-59.447,248.404,Yaw
-0.400,-0.398,1.109,-17.325,-0.945,-40.294,Yaw
-0.217,-0.262,1.018,-32.060,16.170,-175.796,Yaw
-0.254,-0.189,0.984,-34.694,41.309,-286.641,Yaw
-0.138,0.108,1.071,-15.417,-5.915,-286.685,Yaw
-0.190,0.383,0.883,-21.438,-5.836,-286.685,Yaw
0.207,0.723,0.824,-12.591,41.256,-286.685,Yaw
0.363,0.679,0.769,29.330,64.925,-286.685,Yaw
0.469,0.279,1.501,95.034,-37.310,-285.626,Yaw
-0.149,0.148,1.010,-3.745,-11.191,-89.933,Yaw
0.011,0.243,1.231,-65.739,32.743,-15.102,Yaw
0.154,0.245,0.831,-63.717,36.540,108.299,Yaw
0.449,0.444,1.118,-12.049,-40.189,276.789,Yaw
0.048,0.421,1.340,-57.400,-76.326,286.685,Yaw
-0.191,0.486,1.010,-121.188,-79.327,286.685,Yaw
-0.539,0.057,0.700,-85.435,-85.698,286.685,Yaw
-0.245,-0.111,0.763,16.555,-74.226,286.685,Yaw
0.050,-0.222,0.599,82.451,-102.086,278.022,Yaw
-0.124,-0.246,0.505,103.259,-10.640,165.751,Yaw
-0.335,-0.406,1.823,132.598,-27.204,46.979,Yaw
-0.460,-0.111,1.266,26.058,-23.257,-11.515,Yaw
-0.809,-0.448,1.115,-43.759,6.816,-234.780,Yaw
0.216,0.633,1.268,-1.663,20.606,-286.685,Yaw
0.262,0.824,1.031,-71.855,1.426,-286.685,Yaw
0.198,0.408,0.981,-77.700,45.360,-286.685,Yaw
0.303,0.154,0.808,-61.381,91.543,-286.685,Yaw
0.233,0.442,0.793,139.143,60.681,-286.685,Yaw
0.164,0.196,1.288,138.163,0.070,-204.312,Yaw
-0.045,-0.261,1.250,50.146,-48.641,-82.040,Yaw
0.038,0.211,1.134,-35.315,16.923,9.135,Yaw
0.361,0.691,1.140,-86.223,23.468,224.788,Yaw
0.213,0.382,1.049,-6.650,-70.315,286.685,Yaw
0.004,0.126,1.016,10.448,-74.725,286.685,Yaw
-0.327,0.563,0.935,-43.627,4.270,286.685,Yaw
-0.165,0.479,0.946,-16.354,-31.167,286.685,Yaw
-0.776,-0.169,0.610,123.646,-72.826,286.685,Yaw
-0.367,-0.610,1.576,125.668,-42.228,209.913,Yaw
-0.048,-0.370,1.046,-12.119,-7.753,15.934,Yaw
0.023,-0.160,1.038,-3.351,0.035,-28.665,Yaw
-0.224,-0.330,1.046,-6.099,-10.955,-52.316,Yaw
-0.398,-0.437,1.051,-50.934,9.100,-105.018,Yaw
-0.536,-0.161,0.939,-30.441,46.191,-286.685,Yaw
0.037,0.899,1.115,-0.472,-18.191,-286.685,Yaw
-0.164,0.559,0.861,-15.767,46.104,-286.685,Yaw
0.138,0.651,0.750,-10.299,75.162,-286.685,Yaw
0.306,0.384,1.193,183.024,-108.631,-275.879,Yaw
-0.063,0.278,0.979,16.476,-7.945,-59.062,Yaw
-0.011,0.163,1.075,-50.339,4.235,0.744,Yaw
-0.069,0.107,1.108,-51.310,7.157,24.255,Yaw
0.125,0.235,1.045,-154.473,84.324,148.986,Yaw
0.407,0.395,1.199,-97.309,-70.665,286.685,Yaw
0.109,0.213,0.964,-100.196,-124.897,286.685,Yaw
-0.176,0.461,0.888,-79.853,-125.764,286.685,Yaw
-0.051,0.349,0.772,-37.993,-81.139,286.685,Yaw
-0.200,0.105,0.600,72.949,-37.389,286.685,Yaw
-0.380,-0.257,0.863,140.525,-60.401,286.659,Yaw
-0.292,-0.367,1.080,138.740,-53.769,217.201,Yaw
-0.355,-0.250,1.293,69.195,-68.688,107.275,Yaw
-0.299,-0.063,1.005,6.344,-11.646,-8.899,Yaw
-0.329,-0.186,1.094,-24.176,-5.399,-150.771,Yaw
-0.469,0.021,0.878,-46.322,13.177,-284.139,Yaw
-0.248,0.877,1.044,-8.409,47.066,-286.685,Yaw
-0.034,0.528,0.871,12.302,-26.722,-286.685,Yaw
0.740,0.039,0.903,16.625,32.463,-286.685,Yaw
1.259,0.398,1.382,16.424,49.963,-286.685,Yaw
1.002,0.524,1.101,-1.076,-3.832,-250.670,Yaw
0.016,0.586,1.086,47.731,-31.115,30.695,Yaw
-0.606,0.522,1.082,-74.489,37.651,199.561,Yaw
-0.448,0.405,1.373,-48.431,-18.279,286.606,Yaw
-0.504,0.203,1.049,-24.798,-66.815,286.685,Yaw
-0.602,0.296,0.961,-27.956,-26.906,286.685,Yaw
0.001,0.582,0.823,9.257,10.754,286.685,Yaw
0.191,0.381,0.817,25.305,-0.569,286.685,Yaw
-0.361,-0.403,1.116,51.931,-93.747,286.685,Yaw
-0.624,-0.992,1.293,37.354,-23.433,137.769,Yaw
-0.061,-0.610,1.059,-11.637,-1.584,-70.376,Yaw
-0.289,-0.430,0.969,-31.885,13.816,-154.473,Yaw
-0.110,-0.240,1.100,-14.823,26.574,-280.429,Yaw
0.144,0.454,1.003,-65.004,-16.581,-259.919,Yaw
-0.064,0.618,0.968,-78.732,6.641,-286.685,Yaw
-0.159,0.525,0.926,-65.021,28.753,-286.685,Yaw
0.285,0.142,0.928,-16.704,52.115,-286.685,Yaw
0.987,-0.265,1.024,4.585,24.929,-133.919,Yaw
1.472,-0.044,0.662,34.011,-25.471,182.884,Yaw
0.999,0.063,0.586,100.275,-40.486,286.685,Yaw
-0.119,0.567,1.630,113.942,-4.585,286.685,Yaw
-1.928,1.699,1.158,-15.059,-31.535,283.649,Yaw
-1.228,1.553,0.947,0.061,7.481,-126.980,Yaw
0.095,1.129,1.095,12.329,34.685,-286.414,Yaw
1.895,-1.348,0.884,47.119,40.110,-286.685,Yaw
1.131,-1.908,1.339,72.021,-57.969,73.885,Yaw
1.344,-1.880,1.066,-73.544,1.129,286.685,Yaw
0.864,0.028,1.301,-57.662,-7.971,286.685,Yaw
0.827,1.950,0.077,20.055,-54.355,286.685,Yaw
-0.672,1.998,1.338,55.423,-14.998,211.549,Yaw
-0.768,1.658,0.998,-31.220,-5.460,-26.049,Yaw
-0.374,1.128,1.028,-29.382,17.544,-239.505,Yaw
-0.085,-0.063,0.918,-28.341,27.020,-286.685,Yaw
1.753,0.258,1.007,6.965,41.353,-286.685,Yaw
1.955,-1.685,0.839,13.589,4.707,-228.848,Yaw
1.079,-1.129,1.233,43.645,-24.281,64.356,Yaw
-0.068,-0.017,0.855,-24.316,-9.144,134.365,Yaw
-0.385,0.952,1.079,-29.846,-8.496,27.090,Yaw
-0.293,1.099,1.007,-48.720,-9.485,99.234,Yaw
-0.172,0.668,0.915,-39.690,-13.974,223.046,Yaw
-0.267,0.228,0.967,60.839,4.436,286.685,Yaw
0.780,-0.082,0.997,74.217,-30.441,286.685,Yaw
-0.267,-0.147,1.050,24.395,-36.662,286.685,Yaw
-1.072,-0.031,1.048,33.381,-48.081,286.685,Yaw
-0.270,-0.376,1.022,20.003,-25.436,156.161,Yaw
-0.008,-0.054,1.117,-39.252,45.518,-103.329,Yaw
-0.553,0.106,1.175,-36.960,26.626,-251.974,Yaw
-0.416,0.394,1.250,-59.150,16.923,-286.685,Yaw
-0.125,0.565,1.139,-131.854,25.559,-286.685,Yaw
0.550,0.601,0.851,-130.156,58.275,-286.685,Yaw
0.821,-0.103,0.635,-26.337,81.279,-286.685,Yaw
1.115,-0.276,0.559,45.272,88.235,-286.685,Yaw
0.969,0.220,1.206,161.044,51.389,-282.809,Yaw
-0.240,-0.129,1.073,88.961,27.781,-225.592,Yaw
-0.550,0.068,1.042,16.756,-15.724,-229.749,Yaw
-0.722,0.218,0.910,23.800,-22.216,-110.784,Yaw
0.007,0.256,1.104,-60.743,24.885,178.798,Yaw
1.022,0.346,0.947,-8.663,-19.066,286.685,Yaw
0.605,0.201,0.930,91.910,49.682,286.685,Yaw
0.443,0.280,0.901,68.451,52.806,286.685,Yaw
0.139,0.665,1.016,-50.374,-16.091,286.685,Yaw
-0.433,0.770,0.900,-95.445,-68.040,286.685,Yaw
-0.953,0.345,1.135,13.939,-14.254,235.165,Yaw
-0.706,0.031,1.092,-8.890,-3.710,9.835,Yaw
-0.585,0.448,1.013,-22.872,14.998,-257.504,Yaw
0.050,0.459,0.945,-8.881,24.903,-286.685,Yaw
0.699,-0.029,0.988,4.602,5.591,-286.685,Yaw
0.983,-0.485,0.942,-3.841,-15.417,-286.685,Yaw
0.976,-0.692,0.959,1.803,-5.959,-286.685,Yaw
0.371,0.014,1.035,10.211,39.804,-286.685,Yaw
-0.269,0.400,1.318,13.239,8.505,-286.685,Yaw
-0.392,0.393,0.924,11.944,-35.989,-239.776,Yaw
-0.335,0.328,1.005,-47.390,12.863,78.137,Yaw
-0.235,0.321,1.102,-49.726,4.156,283.684,Yaw
0.131,0.229,1.039,-14.350,-45.272,286.685,Yaw
0.362,0.423,0.914,16.931,-47.915,286.685,Yaw
0.285,0.244,0.744,82.688,6.160,286.685,Yaw
-0.571,-0.202,1.229,59.885,41.090,286.685,Yaw
0.004,-0.302,1.045,-34.458,-21.403,80.500,Yaw
-0.223,-0.319,1.060,-38.771,-25.253,-49.744,Yaw
-0.483,-0.491,0.911,-89.198,-49.000,-286.554,Yaw
-0.357,0.214,1.290,-114.923,22.085,-286.685,Yaw
0.127,0.911,1.180,-197.173,147.525,-286.685,Yaw
0.126,0.735,0.639,58.424,19.119,-284.025,Yaw
0.390,0.212,0.627,80.089,88.191,-222.714,Yaw
0.364,-0.284,1.248,101.526,-15.820,-116.786,Yaw
-0.101,-0.076,1.208,32.795,-14.394,-55.423,Yaw
-0.135,0.042,1.063,12.810,-1.960,-101.159,Yaw
0.173,0.165,0.950,24.010,-10.421,-92.033,Yaw
0.146,0.265,0.986,-1.470,-3.001,-7.919,Yaw
0.102,0.230,1.011,-7.648,1.794,35.438,Yaw
0.204,0.314,1.012,1.006,4.690,117.609,Yaw
0.349,0.437,1.014,8.496,2.398,237.370,Yaw
0.061,0.092,1.064,40.521,12.722,286.685,Yaw
-0.096,0.257,1.031,36.960,13.116,286.685,Yaw
-0.130,0.394,1.070,-7.744,-10.710,286.685,Yaw
-0.233,0.112,0.965,-43.601,-41.580,286.685,Yaw
-0.736,-0.130,1.100,0.831,-1.505,262.693,Yaw
-0.225,-0.021,1.045,-57.234,-41.256,-14.158,Yaw
-0.570,-0.196,1.093,-39.821,-5.670,-263.314,Yaw
-0.416,-0.084,0.979,-39.638,15.627,-286.685,Yaw
-0.040,0.263,1.004,-19.924,79.756,-286.685,Yaw
0.721,0.690,1.449,52.763,68.941,-286.685,Yaw
0.463,0.453,1.027,27.685,-20.781,-279.598,Yaw
0.076,0.447,0.960,20.230,-16.126,-143.981,Yaw
-0.345,0.109,1.036,-3.220,-2.957,-19.513,Yaw
-0.147,0.528,0.954,-10.797,8.391,95.410,Yaw
0.198,0.515,0.981,-24.631,26.434,284.349,Yaw
-0.061,0.205,1.383,19.591,-10.001,286.685,Yaw
0.125,0.211,1.002,10.430,-64.496,286.685,Yaw
0.162,0.355,0.579,29.654,-45.938,286.685,Yaw
-1.024,-0.410,1.342,51.721,28.017,286.685,Yaw
-0.734,-0.669,1.154,-2.669,-6.335,207.148,Yaw
-0.321,-0.273,1.012,-12.285,-4.506,-54.005,Yaw
-0.244,-0.144,1.134,-21.971,-12.145,-262.561,Yaw
-0.289,-0.067,1.018,-49.604,-8.470,-286.685,Yaw
-0.031,0.076,1.139,-102.716,16.573,-286.685,Yaw
0.014,0.220,0.959,-115.141,107.695,-286.685,Yaw
0.275,0.695,0.831,76.353,79.730,-286.685,Yaw
0.273,0.364,0.957,91.963,4.778,-250.057,Yaw
-0.137,0.171,1.469,39.445,-18.016,-9.336,Yaw
0.161,0.296,1.210,-48.475,18.427,31.369,Yaw
0.295,0.615,1.145,-49.647,-13.589,269.763,Yaw
-0.047,0.351,0.971,-13.396,-94.675,286.685,Yaw
-0.304,0.072,0.891,24.062,-91.306,286.685,Yaw
-0.158,0.172,0.877,61.976,-75.031,286.685,Yaw
-0.118,0.144,0.834,78.645,-13.519,286.685,Yaw
-0.672,-0.333,1.512,51.091,22.487,282.739,Yaw
-0.294,-0.518,1.009,-10.054,-13.676,58.809,Yaw
-0.013,-0.091,0.999,-6.746,-3.797,-15.382,Yaw
-0.157,-0.166,1.069,-2.380,-2.082,-90.335,Yaw
-0.203,-0.161,1.077,-25.699,-8.033,-220.701,Yaw
-0.218,-0.160,0.999,-36.803,-7.026,-286.685,Yaw
-0.130,0.120,1.021,-51.949,21.507,-286.685,Yaw
-0.110,0.156,0.955,-47.399,102.463,-286.685,Yaw
0.200,0.689,1.205,35.376,86.389,-286.685,Yaw
0.198,0.580,0.886,78.995,-30.739,-268.765,Yaw
0.038,0.321,1.139,13.948,-1.916,-104.125,Yaw
0.006,0.145,1.034,-13.930,2.520,5.084,Yaw
-0.101,0.388,1.052,-32.506,24.736,79.905,Yaw
0.073,0.456,1.042,-62.274,-7.927,259.350,Yaw
0.306,0.403,1.103,-13.597,-67.244,286.685,Yaw
0.077,0.201,0.888,36.584,-88.086,286.685,Yaw
-0.067,0.190,0.538,66.054,-27.904,286.685,Yaw
-0.280,0.053,0.893,73.535,6.571,286.685,Yaw
-0.612,-0.515,1.299,-9.984,-33.854,286.685,Yaw
-0.224,-0.262,1.046,-5.329,0.114,47.565,Yaw
-0.046,-0.254,1.139,-10.587,8.006,-186.410,Yaw
-0.063,-0.122,1.134,-32.191,-16.625,-286.685,Yaw
-0.164,-0.036,1.270,-74.751,-7.035,-286.685,Yaw
-0.338,-0.030,0.703,-104.571,63.919,-286.685,Yaw
-0.116,0.759,0.321,7.017,149.616,-286.685,Yaw
0.191,0.728,0.867,126.805,-40.276,-286.685,Yaw
0.208,0.638,1.108,85.321,-19.101,-198.870,Yaw
-0.094,0.087,1.052,-19.688,0.376,35.709,Yaw
-0.095,0.557,1.062,-21.569,22.356,154.149,Yaw
0.071,0.453,1.226,-4.699,-14.385,286.685,Yaw
0.336,0.434,1.016,15.724,-64.190,286.685,Yaw
-0.023,0.145,0.804,34.283,-39.270,286.685,Yaw
-0.563,-0.048,1.452,86.887,69.510,286.685,Yaw
-0.126,-0.448,1.085,-29.190,-48.554,276.509,Yaw
-0.208,-0.304,1.004,-23.634,-16.083,97.904,Yaw
0.047,0.096,1.054,-18.471,-2.257,13.379,Yaw
-0.134,-0.197,0.993,-16.669,6.580,-39.331,Yaw
-0.242,-0.176,0.989,-0.840,-2.039,-171.693,Yaw
-0.202,-0.184,1.126,-12.171,-14.289,-280.035,Yaw
-0.088,-0.089,1.071,-17.561,-14.052,-286.685,Yaw
-0.006,-0.095,0.839,-32.830,29.741,-286.685,Yaw
0.125,0.460,1.099,-5.399,81.410,-286.685,Yaw
-0.155,0.841,0.868,55.904,-19.959,-285.941,Yaw
-0.025,0.771,0.873,41.055,-39.515,-157.780,Yaw
0.101,0.044,1.124,-38.062,17.736,51.756,Yaw
-0.151,0.346,0.971,-7.543,7.122,119.805,Yaw
-0.041,0.449,1.116,25.576,-31.491,235.795,Yaw
0.016,0.297,1.116,21.140,-36.199,286.685,Yaw
0.036,0.215,0.890,39.708,-34.143,286.685,Yaw
-0.388,0.047,1.323,70.787,81.410,286.685,Yaw
-0.321,-0.489,1.080,-11.279,-37.205,286.685,Yaw
-0.053,-0.422,1.013,5.066,-19.521,285.267,Yaw
0.042,-0.376,0.951,-10.579,-5.766,211.934,Yaw
-0.017,-0.116,0.980,-44.896,9.205,29.566,Yaw
-0.282,-0.083,1.071,-15.479,-3.412,-137.235,Yaw
-0.240,-0.279,1.189,-23.695,-7.989,-260.811,Yaw
-0.210,-0.126,1.195,-99.802,-10.640,-286.685,Yaw
-0.194,0.125,0.712,-145.084,91.779,-286.685,Yaw
-0.042,0.975,0.881,45.019,138.224,-286.685,Yaw
0.247,0.941,0.647,113.216,-23.782,-285.740,Yaw
0.256,0.343,1.111,110.548,16.153,-151.812,Yaw
-0.151,-0.158,1.098,10.894,-15.584,-7.770,Yaw
-0.001,0.150,1.018,8.094,-2.791,0.569,Yaw
0.034,0.282,0.985,-16.327,15.382,63.298,Yaw
0.118,0.337,1.045,-47.819,32.725,163.135,Yaw
0.061,0.184,1.140,-17.290,-35.560,286.300,Yaw
0.041,0.024,1.151,-16.231,-53.865,286.685,Yaw
0.042,-0.218,0.832,-12.906,-55.650,286.685,Yaw
-0.122,-0.267,0.805,16.056,-41.344,286.685,Yaw
0.057,0.084,0.911,39.900,-6.597,66.378,Yaw
0.152,0.056,1.282,12.145,-0.333,2.039,Yaw
0.246,-0.024,1.036,-7.648,1.120,34.204,Yaw
0.242,-0.153,0.500,-8.969,-5.539,57.759,Yaw
0.234,0.177,1.097,-10.001,-15.365,31.806,Yaw
-0.318,0.030,1.272,-56.735,-13.606,-108.964,Yaw
-0.247,0.121,0.925,-56.709,25.086,-286.536,Yaw
-0.198,0.139,0.953,-34.370,75.635,-286.685,Yaw
-0.145,-0.071,0.824,10.124,76.624,-286.685,Yaw
0.042,-0.042,0.973,123.139,19.364,-281.172,Yaw
0.017,0.159,1.734,87.491,6.773,-190.619,Yaw
0.248,0.319,1.070,19.451,-26.040,-127.916,Yaw
0.450,0.116,1.029,-3.999,2.590,17.089,Yaw
0.612,0.408,0.893,-60.454,36.041,250.224,Yaw
0.579,0.521,1.008,-16.660,-48.186,286.685,Yaw
0.059,0.360,1.044,26.189,-53.252,286.685,Yaw
-0.382,0.380,0.906,49.577,-21.604,286.685,Yaw
-0.316,0.145,1.049,70.543,73.045,286.685,Yaw
-0.272,0.065,1.067,-36.514,-18.716,256.909,Yaw
0.014,0.214,0.985,-48.090,-30.030,128.301,Yaw
-0.119,0.159,0.951,-61.206,-37.546,-2.065,Yaw
-0.149,0.224,0.951,-9.905,-3.141,-68.442,Yaw
0.235,-0.043,1.049,8.986,4.673,-76.842,Yaw
0.292,-0.057,0.986,2.922,-1.741,-40.696,Yaw
0.243,0.077,0.947,6.886,-3.973,1.663,Yaw
0.107,0.143,0.988,26.451,11.471,23.844,Yaw
0.193,0.269,1.005,39.261,19.880,-95.979,Yaw
0.017,0.253,1.051,15.750,1.164,-185.299,Yaw
-0.432,0.048,0.973,21.630,0.805,-286.685,Yaw
0.314,0.037,1.112,30.914,-21.131,-286.685,Yaw
0.673,-0.092,0.943,-3.080,-38.001,-286.685,Yaw
0.643,0.130,0.995,-15.033,-17.325,-286.685,Yaw
0.131,0.146,0.896,-12.635,-8.102,-256.261,Yaw
-0.387,0.164,1.093,-9.887,7.787,-20.913,Yaw
0.064,0.066,1.030,-18.585,6.204,50.452,Yaw
0.052,0.149,0.942,-21.639,5.898,187.399,Yaw
0.030,0.489,1.075,-9.887,-16.791,286.685,Yaw
-0.006,0.366,1.124,49.236,-11.051,286.685,Yaw
0.157,0.172,1.026,44.109,90.974,286.685,Yaw
-0.198,-0.031,1.273,-17.448,21.770,286.685,Yaw
-0.172,-0.187,0.961,-42.131,-10.955,286.685,Yaw
0.099,0.315,0.944,-42.963,-25.034,177.660,Yaw
-0.142,0.128,1.082,-14.866,-8.085,-20.038,Yaw
-0.387,0.301,1.017,-5.836,-0.779,-153.965,Yaw
-0.249,0.398,1.095,-11.235,6.125,-286.685,Yaw
-0.067,0.192,0.992,2.013,-0.166,-286.685,Yaw
0.398,0.415,0.969,24.955,24.194,-286.685,Yaw
1.006,0.405,0.998,-7.070,40.950,-286.685,Yaw
1.087,0.111,1.120,16.905,-5.285,-286.038,Yaw
-0.116,0.143,1.209,21.385,-27.003,13.099,Yaw
-0.563,0.091,0.997,-19.897,5.267,34.702,Yaw
-0.579,0.070,1.015,-21.359,6.825,24.378,Yaw
-0.046,0.132,0.998,-43.103,16.958,80.342,Yaw
0.055,0.429,1.027,-31.868,-23.993,279.755,Yaw
0.060,0.163,1.038,-9.467,-62.318,286.685,Yaw
0.072,-0.023,1.037,0.157,-54.294,286.685,Yaw
0.396,0.111,0.756,18.427,-58.275,286.685,Yaw
0.234,0.236,1.023,71.838,-11.200,286.685,Yaw
-0.429,-0.133,1.310,39.917,14.927,286.685,Yaw
-0.364,-0.058,0.982,-14.184,-18.226,157.526,Yaw
0.050,-0.136,1.029,-1.312,-5.198,-36.347,Yaw
-0.276,0.033,1.077,-7.061,-0.184,-276.526,Yaw
-0.329,0.182,1.047,-29.584,-9.634,-286.685,Yaw
-0.205,0.345,0.963,-25.191,-4.077,-286.685,Yaw
0.103,0.298,0.956,-17.439,48.081,-286.685,Yaw
0.595,0.461,0.783,-11.900,61.101,-286.685,Yaw
0.424,0.178,0.788,114.730,-44.161,-223.107,Yaw
-0.283,-0.059,1.422,13.387,-12.460,-8.365,Yaw
-0.013,0.120,0.987,-22.829,13.711,5.705,Yaw
-0.003,0.334,0.955,-11.812,1.706,144.305,Yaw
0.249,0.391,1.185,12.976,-37.196,286.685,Yaw
0.240,0.187,1.269,9.529,-50.409,286.685,Yaw
0.079,-0.092,0.591,-0.613,-1.671,286.685,Yaw
-0.160,0.051,1.152,30.336,3.727,286.685,Yaw
-0.083,0.018,1.073,-22.802,-21.989,286.685,Yaw
0.083,-0.015,1.019,-13.151,-17.981,231.945,Yaw
-0.000,0.164,0.989,-9.686,-8.776,74.506,Yaw
0.117,0.009,1.024,-10.316,-4.130,0.368,Yaw
-0.147,-0.026,1.014,-4.427,-2.852,-16.721,Yaw
-0.342,0.061,0.902,-9.196,-3.832,-70.429,Yaw
-0.087,0.513,1.165,14.919,8.488,-283.964,Yaw
0.007,0.696,0.958,-9.940,10.701,-286.685,Yaw
0.418,0.187,0.979,10.771,15.304,-286.685,Yaw
0.679,-0.059,0.948,11.462,10.605,-286.685,Yaw
0.910,-0.273,1.080,16.231,4.673,-246.811,Yaw
0.286,-0.096,1.092,-1.006,2.669,-32.042,Yaw
0.075,0.011,1.003,-11.786,-1.102,-19.819,Yaw
-0.069,0.084,1.002,-13.108,1.251,-26.521,Yaw
-0.259,0.286,0.972,-12.101,-3.404,-14.219,Yaw
0.033,0.099,1.126,-13.991,-16.083,0.446,Yaw
-0.042,0.175,0.978,-30.240,-5.626,2.669,Yaw
0.093,0.178,0.823,-4.148,-9.844,46.778,Yaw
0.359,0.281,1.055,32.270,-30.170,247.992,Yaw
0.592,0.084,1.062,0.420,-18.296,286.685,Yaw
0.417,-0.323,0.728,-4.821,-11.261,286.685,Yaw
0.176,0.034,1.182,53.576,-14.525,286.685,Yaw
-0.386,-0.005,1.086,19.819,-32.961,286.685,Yaw
-0.252,0.681,1.026,7.919,-7.875,65.975,Yaw
0.132,0.229,1.025,-2.257,-3.132,-21.411,Yaw
-0.076,0.067,1.016,-8.015,-2.047,-27.090,Yaw
-0.275,0.434,1.009,-11.349,2.852,-140.980,Yaw
-0.298,0.529,0.886,-14.455,4.182,-282.179,Yaw
0.125,0.453,0.986,32.095,42.088,-286.685,Yaw
0.366,0.380,1.040,54.670,33.889,-286.685,Yaw
0.918,0.107,0.901,54.810,-7.858,-286.685,Yaw
1.308,-0.410,1.191,9.441,-18.392,-286.685,Yaw
0.548,-0.203,1.098,-22.575,-21.385,-251.011,Yaw
0.117,0.020,0.978,-20.081,-22.347,-239.619,Yaw
-0.318,0.160,1.037,18.769,-31.281,-233.721,Yaw
-0.460,0.082,0.983,13.948,-21.866,-139.169,Yaw
-0.320,0.131,0.994,-16.144,-8.514,-51.581,Yaw
-0.007,0.089,1.016,-16.301,-4.401,-33.976,Yaw
0.319,0.012,1.002,-15.417,-4.375,-4.751,Yaw
0.458,0.093,0.986,-32.874,4.935,70.586,Yaw
0.219,0.525,1.129,-101.045,41.667,201.014,Yaw
0.092,0.350,0.747,-106.960,-2.756,284.261,Yaw
-0.165,0.177,1.073,-22.733,-38.211,286.685,Yaw
0.127,0.173,1.228,-21.604,-67.384,286.685,Yaw
-0.341,0.514,0.930,-27.737,-86.082,286.685,Yaw
-0.442,0.560,0.924,6.878,-78.339,286.685,Yaw
-0.094,0.669,0.885,72.004,-61.145,286.685,Yaw
-0.160,0.130,0.864,106.558,-29.733,286.073,Yaw
-0.063,-0.270,1.118,45.614,-0.770,187.416,Yaw
0.081,-0.192,1.000,15.890,-6.151,123.287,Yaw
0.043,-0.306,0.983,0.280,-4.287,83.440,Yaw
-0.155,-0.677,1.023,-1.837,-4.489,59.798,Yaw
0.115,0.006,1.025,0.376,-3.640,-0.788,Yaw
-0.140,-0.238,0.988,-3.159,-3.237,-44.844,Yaw
-0.584,-0.176,1.119,-5.346,5.635,-177.914,Yaw
-0.268,0.456,1.041,-54.994,-11.462,-286.685,Yaw
0.461,0.643,0.979,-78.269,31.115,-286.685,Yaw
0.618,0.226,0.729,-48.064,98.175,-286.685,Yaw
0.587,-0.096,0.801,37.704,56.175,-286.685,Yaw
0.373,0.124,0.863,65.118,3.045,-276.500,Yaw
-0.390,0.056,1.026,2.957,-16.196,-80.036,Yaw
-0.404,0.202,1.051,-5.582,2.013,-27.781,Yaw
0.006,0.125,1.142,-39.156,22.505,16.494,Yaw
-0.051,0.130,0.825,-7.061,-7.656,192.894,Yaw
-0.211,0.112,1.070,32.436,-13.869,197.855,Yaw
-0.034,-0.040,1.064,17.710,4.235,23.511,Yaw
0.042,0.254,0.945,25.445,-3.675,-58.809,Yaw
0.108,0.194,1.064,32.498,-22.085,-170.161,Yaw
0.152,-0.033,1.063,35.368,-27.860,-243.810,Yaw
0.273,0.024,0.920,33.583,-27.160,-190.523,Yaw
0.110,0.168,0.963,-14.910,-16.695,-109.944,Yaw
-0.111,0.122,1.145,-56.429,8.663,-10.150,Yaw
-0.092,0.075,0.963,-66.386,39.699,14.455,Yaw
0.169,0.338,0.915,-42.236,11.340,124.329,Yaw
0.312,0.412,1.169,-31.378,-18.524,257.539,Yaw
-0.059,0.053,1.271,-48.912,-82.994,286.685,Yaw
-0.300,0.132,0.802,-30.222,-106.312,286.685,Yaw
0.001,0.401,0.528,54.749,-5.364,286.685,Yaw
-0.069,0.286,0.760,134.102,32.156,286.685,Yaw
-0.319,0.018,1.580,11.191,-111.379,286.685,Yaw
-0.331,-0.193,0.997,-11.200,-14.333,154.394,Yaw
-0.188,-0.035,0.992,-5.994,0.376,-42.044,Yaw
-0.184,-0.098,1.028,-1.986,5.705,-188.335,Yaw
-0.340,-0.110,1.127,-21.000,4.856,-286.685,Yaw
-0.037,0.276,1.085,-26.906,-5.066,-286.685,Yaw
0.225,0.380,0.981,-34.912,39.235,-286.685,Yaw
0.377,0.671,0.985,-39.585,62.475,-286.685,Yaw
0.412,0.489,0.788,17.789,56.464,-286.685,Yaw
-0.015,0.014,1.371,86.363,10.570,-107.065,Yaw
0.037,0.203,1.135,-7.429,2.170,0.035,Yaw
-0.096,0.114,0.958,-21.901,13.965,2.336,Yaw
0.006,0.378,0.991,-13.370,-5.941,164.246,Yaw
0.261,0.663,1.192,-5.845,-49.998,286.685,Yaw
0.035,0.320,0.578,9.030,-23.196,286.685,Yaw
-0.265,0.145,0.755,59.089,132.886,286.685,Yaw
-0.107,-0.224,0.870,25.007,-116.673,286.685,Yaw
-0.179,-0.374,0.976,-5.670,-42.166,286.685,Yaw
-0.080,-0.087,1.080,-54.959,12.819,90.134,Yaw
-0.224,-0.029,1.131,-40.075,17.964,-44.931,Yaw
-0.148,0.031,1.117,-15.278,4.874,-215.880,Yaw
-0.205,0.068,1.103,-66.929,1.540,-286.685,Yaw
-0.126,0.263,0.946,-87.124,34.720,-286.685,Yaw
0.042,0.364,0.810,-64.094,85.540,-286.685,Yaw
0.377,0.897,0.955,26.950,146.160,-286.685,Yaw
0.342,0.277,0.481,176.706,-90.309,-284.191,Yaw
-0.025,-0.008,1.776,60.191,15.960,-61.565,Yaw
0.045,0.043,1.114,-15.470,-0.201,1.418,Yaw
-0.071,0.150,1.098,-38.439,21.236,14.910,Yaw
-0.038,0.305,0.938,-59.062,21.700,111.895,Yaw
0.227,0.400,1.044,-31.211,-43.164,285.950,Yaw
0.360,0.453,1.144,-21.892,-67.366,286.685,Yaw
0.105,0.442,0.974,-19.749,-87.719,286.685,Yaw
-0.132,0.339,0.606,39.638,14.542,286.685,Yaw
-0.366,-0.136,1.395,69.230,-26.819,286.685,Yaw
-0.559,-0.092,1.329,70.543,-121.310,286.685,Yaw
-0.498,-0.153,1.150,-0.744,3.220,175.210,Yaw
-0.236,-0.197,1.121,-29.356,10.885,-42.403,Yaw
-0.481,-0.355,1.045,-37.083,15.785,-221.349,Yaw
-0.532,-0.220,0.874,-30.914,40.250,-286.685,Yaw
-0.008,0.260,1.029,-53.987,-12.556,-286.685,Yaw
0.049,0.594,0.826,-71.689,46.112,-286.685,Yaw
0.193,0.686,0.879,12.898,127.654,-286.685,Yaw
0.397,0.761,0.978,88.716,89.574,-286.685,Yaw
0.251,0.304,1.002,148.391,-49.219,-216.370,Yaw
-0.099,0.025,1.087,-44.249,14.709,5.364,Yaw
0.119,0.485,1.141,-68.705,38.859,116.200,Yaw
0.242,0.512,1.067,-82.600,24.378,247.258,Yaw
0.255,0.418,1.209,-34.239,-64.934,286.685,Yaw
-0.093,0.260,1.118,-66.570,-96.049,286.685,Yaw
-0.279,0.173,0.773,-102.323,-45.798,286.685,Yaw
-0.356,-0.045,0.562,-17.509,-58.756,286.685,Yaw
-0.243,-0.061,0.769,92.120,-53.681,286.685,Yaw
-0.224,-0.174,1.086,115.911,-36.050,229.583,Yaw
-0.170,-0.302,1.293,34.624,-49.420,31.124,Yaw
-0.445,-0.136,1.089,-4.034,-5.994,-42.333,Yaw
-0.421,-0.176,1.021,-9.940,14.114,-248.404,Yaw
0.129,0.121,1.169,-29.286,-0.306,-286.685,Yaw
0.224,0.281,1.077,-55.667,10.290,-286.685,Yaw
0.055,0.218,0.949,-65.546,25.681,-286.685,Yaw
0.141,0.173,0.861,-51.214,88.471,-286.685,Yaw
0.378,0.465,1.044,-1.461,94.308,-286.685,Yaw
0.306,0.399,0.757,51.607,7.613,-149.546,Yaw
0.208,0.108,1.164,50.269,4.060,20.458,Yaw
0.140,0.178,1.193,19.084,-32.847,154.333,Yaw
-0.006,0.139,1.173,-11.375,-46.638,245.079,Yaw
-0.102,0.280,1.002,-26.775,-64.225,286.685,Yaw
-0.122,0.316,0.805,-6.912,-53.603,286.685,Yaw
-0.229,0.223,0.778,37.748,-8.199,286.685,Yaw
-0.088,-0.018,0.926,83.991,-2.765,286.685,Yaw
-0.169,-0.255,1.212,31.325,-61.408,286.291,Yaw
-0.113,-0.158,1.013,-2.774,-18.935,186.261,Yaw
-0.100,-0.335,1.018,-9.870,1.558,98.726,Yaw
-0.144,-0.233,1.008,-4.594,1.050,-27.825,Yaw
-0.358,-0.326,1.001,-3.859,9.984,-177.152,Yaw
-0.019,0.123,1.156,8.820,3.098,-286.685,Yaw
-0.093,0.371,0.996,-38.859,-3.211,-286.685,Yaw
-0.177,-0.000,0.908,-49.612,19.714,-286.685,Yaw
0.248,0.204,0.976,-31.972,118.160,-286.685,Yaw
0.719,0.672,1.118,-15.802,30.503,-286.685,Yaw
0.183,0.548,1.146,128.091,-31.552,-232.960,Yaw
-0.200,0.072,1.118,30.415,-23.511,-64.978,Yaw
-0.134,0.190,1.036,-37.065,4.585,29.085,Yaw
0.139,0.398,1.232,-81.629,70.945,164.202,Yaw
0.223,0.494,1.176,-64.759,-16.931,285.705,Yaw
0.131,0.273,1.062,-21.464,-94.412,286.685,Yaw
-0.287,0.263,1.120,-24.719,-104.527,286.685,Yaw
-0.136,0.339,0.897,-27.632,-51.678,286.685,Yaw
-0.131,0.132,0.748,22.146,-39.104,286.685,Yaw
-0.550,-0.138,0.690,106.925,-9.144,286.685,Yaw
-0.232,-0.508,1.281,76.081,-37.222,169.068,Yaw
-0.365,-0.377,1.290,8.172,-17.211,-67.839,Yaw
-0.645,-0.175,1.019,4.541,3.789,-243.845,Yaw
0.085,0.306,1.210,-34.606,3.220,-286.685,Yaw
-0.093,-0.004,0.988,-99.575,5.530,-286.685,Yaw
0.119,0.212,0.783,-79.616,84.884,-286.685,Yaw
0.412,0.372,1.005,-52.658,108.115,-286.685,Yaw
0.569,0.808,1.150,62.895,21.429,-264.057,Yaw
-0.016,0.066,1.071,75.644,-0.788,-5.722,Yaw
-0.108,-0.235,1.175,32.034,2.599,15.855,Yaw
0.102,0.122,1.110,-4.847,-5.084,28.359,Yaw
0.314,0.571,1.301,-68.757,-34.055,182.525,Yaw
-0.023,0.281,0.929,-30.791,-83.335,286.685,Yaw
-0.170,0.220,0.927,19.171,-84.604,286.685,Yaw
-0.118,0.316,0.845,38.071,-34.641,286.685,Yaw
-0.038,0.106,0.942,27.808,-37.424,286.685,Yaw
-0.516,-0.238,0.816,100.975,-12.276,286.685,Yaw
-0.431,-0.589,1.198,49.910,-37.441,107.607,Yaw
-0.369,-0.374,1.044,-12.241,9.100,-45.509,Yaw
-0.215,-0.044,1.064,-5.801,12.722,-271.128,Yaw
-0.033,0.102,1.083,-30.931,-13.729,-286.685,Yaw
-0.249,0.114,0.893,-44.153,11.935,-286.685,Yaw
0.039,0.313,0.738,-40.276,63.228,-286.685,Yaw
0.599,0.775,0.747,-18.462,83.755,-286.685,Yaw
0.369,0.373,1.092,79.161,-38.395,-236.801,Yaw
-0.067,0.325,1.001,-19.031,9.616,34.361,Yaw
-0.429,-0.022,1.015,4.594,-2.266,8.479,Yaw
-0.168,0.267,1.005,-1.033,0.691,-2.310,Yaw
0.146,0.517,1.037,-46.900,28.770,132.615,Yaw
0.190,0.363,1.357,-7.665,-45.010,286.685,Yaw
0.225,0.095,0.912,26.233,-49.612,286.685,Yaw
-0.032,-0.025,0.911,31.745,-36.347,286.685,Yaw
0.184,0.417,0.904,15.356,-27.291,286.685,Yaw
-0.194,0.309,0.951,3.168,-9.511,286.685,Yaw
-0.335,0.027,1.184,33.101,6.536,286.685,Yaw
-0.418,-0.324,1.034,6.064,-11.725,273.997,Yaw
-0.001,-0.138,0.999,-5.320,-6.361,51.888,Yaw
-0.028,0.048,1.034,-10.229,-0.604,-87.168,Yaw
-0.274,0.155,1.071,-20.160,0.394,-180.556,Yaw
-0.275,0.226,0.990,-13.186,4.182,-286.685,Yaw
-0.045,-0.087,0.883,-15.601,8.663,-286.685,Yaw
0.321,-0.211,0.703,-17.264,60.314,-286.685,Yaw
0.961,0.426,1.202,-3.789,91.604,-286.685,Yaw
0.262,0.539,1.153,140.070,-114.853,-243.994,Yaw
-0.256,0.255,1.093,-2.004,5.653,-103.434,Yaw
-0.274,0.308,1.006,-27.510,10.701,105.166,Yaw
1.887,-0.916,0.400,-2.126,-78.006,286.685,Shake
0.577,0.927,0.986,-5.101,-41.519,286.685,Shake
-1.203,1.998,1.498,-120.129,-118.842,286.685,Shake
-1.999,1.998,1.276,-286.099,-239.645,286.685,Shake
-1.999,1.998,-1.112,70.770,282.074,-251.283,Shake
-0.565,1.948,0.010,286.685,159.355,-286.685,Shake
1.063,-0.078,1.397,243.740,-45.596,-286.685,Shake
1.999,-1.719,1.550,112.324,-86.546,-286.685,Shake
1.999,-1.999,0.466,-55.431,2.747,-283.780,Shake
1.999,-1.999,-0.600,-37.345,-7.682,104.037,Shake
1.999,-1.853,0.164,20.816,-73.561,286.685,Shake
1.167,-0.220,0.534,36.391,-48.632,286.685,Shake
-0.394,1.662,1.151,32.769,4.926,286.685,Shake
-1.999,1.998,1.358,-212.415,-220.167,286.685,Shake
-1.999,1.998,-0.562,-95.821,153.895,-76.186,Shake
-1.999,1.998,-0.744,141.321,232.881,-286.685,Shake
-0.093,1.113,0.540,283.115,115.106,-286.685,Shake
1.999,-1.542,1.967,180.163,3.596,-286.685,Shake
1.999,-1.999,1.246,-20.309,62.650,-272.003,Shake
1.999,-1.999,0.331,-169.523,-25.944,117.836,Shake
1.999,-1.951,0.068,-130.594,-84.368,281.671,Shake
1.078,-0.231,0.652,-87.168,-69.466,286.685,Shake
-0.718,1.976,1.480,-180.495,-165.979,286.685,Shake
-1.999,1.998,1.765,-286.685,-286.641,286.685,Shake
-1.999,1.998,0.228,-223.107,237.589,-136.736,Shake
-1.728,1.998,-0.503,204.137,285.469,-286.685,Shake
0.819,0.661,0.794,259.166,70.831,-286.685,Shake
1.999,-1.988,1.201,51.765,-32.804,-286.685,Shake
1.999,-1.999,0.118,-89.355,39.270,-233.809,Shake
1.999,-1.999,-0.546,-142.056,45.544,68.486,Shake
1.855,-1.801,-0.676,-114.231,-80.736,286.685,Shake
0.896,0.140,0.060,-45.526,-189.385,286.685,Shake
-1.092,1.998,1.419,16.240,-253.348,286.685,Shake
-1.999,1.998,1.944,-46.112,-162.785,281.207,Shake
-1.999,1.998,0.109,4.366,253.417,-199.535,Shake
-0.346,1.985,0.045,247.992,194.504,-286.685,Shake
1.973,-0.965,1.643,219.923,-0.901,-286.685,Shake
1.999,-1.999,0.559,13.055,128.581,-286.685,Shake
1.999,-1.999,-0.475,-47.679,121.074,-129.658,Shake
1.999,-1.999,-0.795,-79.704,-85.295,259.954,Shake
1.244,-0.502,0.207,-12.023,-156.301,286.685,Shake
-0.627,1.990,1.488,27.554,-145.626,286.685,Shake
-1.999,1.998,1.999,-116.121,-264.355,286.685,Shake
-1.999,1.998,0.869,-132.650,65.257,50.085,Shake
-1.042,1.998,-0.121,185.876,284.104,-286.685,Shake
1.199,-0.258,0.762,247.607,65.861,-286.685,Shake
1.999,-1.999,0.715,93.599,65.643,-286.685,Shake
1.999,-1.999,-0.082,51.879,149.135,-212.616,Shake
1.895,-1.999,-0.689,-26.696,-9.756,206.045,Shake
0.808,-0.907,0.130,-11.323,-156.923,286.685,Shake
-0.931,1.434,1.085,-9.704,-167.545,286.685,Shake
-1.999,1.998,1.573,-93.082,-225.137,286.685,Shake
-1.999,1.998,0.643,-187.128,-48.178,117.661,Shake
-1.280,1.831,-0.770,19.407,146.921,-286.353,Shake
0.425,-0.088,-0.033,142.669,-78.636,-286.685,Shake
1.270,-1.634,0.435,50.461,-129.439,-284.043,Shake
1.013,-1.999,0.099,80.605,15.172,-124.906,Shake
0.209,-1.693,0.131,114.135,-51.389,63.481,Shake
-0.403,-1.253,0.587,27.370,-160.746,134.995,Shake
-0.612,-0.917,0.668,3.517,-140.508,167.064,Shake
-0.822,-0.504,0.956,54.749,-78.872,139.387,Shake
-0.528,-0.476,1.015,38.115,-58.809,67.751,Shake
-0.706,-0.543,0.985,42.053,-11.637,39.664,Shake
-0.769,-0.542,0.939,36.094,11.270,35.971,Shake
-0.682,-0.487,0.734,12.521,32.095,24.579,Shake
-0.550,-0.476,0.572,-28.096,12.040,-25.576,Shake
-0.630,-0.626,0.413,-13.510,38.553,-17.325,Shake
-0.636,-0.658,0.433,-8.995,48.204,-22.689,Shake
-0.548,-0.713,0.282,-15.094,27.212,-22.041,Shake
-0.533,-0.717,0.370,7.577,1.549,-19.521,Shake
-0.531,-0.679,0.421,22.776,7.630,-21.849,Shake
-0.558,-0.618,0.421,31.596,6.685,-17.692,Shake
-0.617,-0.523,0.556,66.999,-9.406,-28.534,Shake
-0.753,-0.455,0.555,36.759,-7.438,-33.443,Shake
-0.766,-0.403,0.485,18.874,-13.703,-59.229,Shake
-0.654,-0.484,0.435,8.444,-18.270,-80.202,Shake
-0.521,-0.676,0.445,-8.260,-43.934,-73.981,Shake
-0.646,-0.728,0.601,-31.019,-85.732,-22.251,Shake
-0.527,-0.671,0.730,-41.458,-81.681,-2.818,Shake
-0.472,-0.606,0.573,-30.284,-41.221,-1.190,Shake
-0.461,-0.691,0.601,16.853,-7.490,-26.250,Shake
-0.393,-0.993,0.693,4.655,-2.984,-29.286,Shake
-0.409,-0.810,0.673,-26.478,-14.114,19.407,Shake
-0.410,-0.521,0.722,-0.814,55.939,29.470,Shake
-0.478,-0.877,0.549,47.530,157.719,-45.307,Shake
-0.337,-0.962,0.286,-14.700,38.833,38.211,Shake
-0.605,-0.679,0.504,-25.629,-45.124,30.905,Shake
-0.581,-0.670,0.440,-39.130,-34.834,-12.722,Shake
-0.527,-0.675,0.399,-17.194,2.039,-30.870,Shake
-0.476,-0.635,0.392,6.580,11.821,-31.106,Shake
-0.469,-0.723,0.518,-5.871,-24.404,-46.305,Shake
-0.445,-0.732,0.469,-10.106,-32.576,-36.059,Shake
-0.565,-0.777,0.573,-25.655,-22.767,1.409,Shake
-1.386,-0.598,0.881,-60.786,33.049,86.896,Shake
-1.999,-0.229,0.203,-109.165,176.225,21.919,Shake
-1.999,-0.169,-0.147,-74.191,47.390,-260.400,Shake
-0.937,0.260,-0.950,14.359,-20.046,-286.685,Shake
0.812,0.810,-0.349,242.156,-22.540,-286.685,Shake
1.999,0.116,1.618,286.685,-79.695,-286.685,Shake
1.999,-1.147,1.999,69.878,-191.319,135.774,Shake
1.999,0.732,1.971,-71.470,-179.077,286.685,Shake
0.308,1.998,1.990,-153.038,-205.625,286.685,Shake
-1.999,1.770,1.257,-151.961,-54.819,286.685,Shake
-1.999,0.955,-1.907,-218.164,189.779,-137.865,Shake
-1.999,0.500,-1.856,19.198,134.759,-284.244,Shake
-1.940,1.148,-0.088,199.675,62.650,-286.685,Shake
1.667,1.750,1.910,285.906,40.250,-286.685,Shake
1.999,-0.705,1.999,19.801,26.731,-279.020,Shake
1.999,-0.481,1.795,-82.390,31.684,169.216,Shake
1.813,0.872,1.250,-115.981,-146.178,286.685,Shake
-1.999,0.821,0.904,-74.804,-161.875,286.685,Shake
-1.999,0.391,-1.120,-106.137,161.604,223.834,Shake
-1.999,0.208,-1.998,39.716,246.181,-201.031,Shake
-1.999,0.772,-0.927,165.165,163.389,-286.685,Shake
0.804,1.886,1.843,286.685,-29.347,-286.685,Shake
1.999,0.085,1.999,133.053,-46.961,-286.536,Shake
1.999,0.272,1.793,-174.204,60.952,255.973,Shake
1.993,1.270,1.039,-181.064,-148.890,286.685,Shake
-1.999,0.996,1.006,-34.562,-266.647,286.685,Shake
-1.999,0.417,-1.202,-110.574,62.842,265.676,Shake
-1.999,0.452,-1.998,-24.071,260.741,-122.658,Shake
-1.999,0.972,-1.619,118.055,62.685,-286.685,Shake
0.817,1.690,1.377,285.136,-56.674,-286.685,Shake
1.999,0.422,1.999,213.745,30.056,-286.685,Shake
1.999,-0.035,1.999,-72.957,53.568,135.625,Shake
1.999,0.759,1.886,-157.220,-159.303,286.685,Shake
-1.309,1.134,1.141,-110.425,-265.571,286.685,Shake
-1.999,0.740,-0.334,-116.664,-51.188,286.685,Shake
-1.999,0.574,-1.998,-93.082,283.946,42.639,Shake
-1.999,1.059,-1.916,154.586,119.490,-283.745,Shake
-0.887,1.517,1.381,286.685,-150.307,-286.685,Shake
1.999,0.644,1.999,283.255,-19.390,-286.685,Shake
1.999,-0.296,1.999,-65.249,92.802,-23.809,Shake
1.999,0.878,1.999,-203.691,-86.931,286.685,Shake
-1.718,1.126,0.801,-204.514,-203.105,286.685,Shake
-1.999,1.085,-0.641,-154.420,54.416,286.685,Shake
-1.999,0.981,-1.998,-91.849,282.730,127.934,Shake
-1.999,1.049,-1.998,143.159,134.348,-269.666,Shake
-0.968,1.932,0.627,286.685,-261.870,-286.685,Shake
1.999,0.919,1.999,265.396,-19.478,-286.685,Shake
1.999,-0.248,1.999,-83.204,171.246,-11.743,Shake
1.999,0.488,1.912,-201.696,7.332,286.003,Shake
0.554,1.235,1.256,-173.740,-278.075,286.685,Shake
-1.999,1.371,0.269,-166.469,-198.800,286.685,Shake
-1.999,1.716,-1.998,-154.306,275.450,279.598,Shake
-1.999,1.566,-1.998,-39.935,286.685,22.347,Shake
-1.999,1.617,-1.521,245.280,12.110,-286.685,Shake
1.592,1.701,1.833,286.685,-40.967,-286.685,Shake
1.999,-0.835,1.999,229.792,113.260,-273.245,Shake
1.999,-0.994,1.999,-41.510,-38.054,92.855,Shake
1.999,1.032,1.999,-253.514,-123.725,286.685,Shake
-1.368,1.998,1.266,-286.388,-184.590,286.685,Shake
-1.999,1.998,-1.299,-286.641,18.034,286.685,Shake
-1.999,1.998,-1.998,-89.618,286.685,92.636,Shake
-1.999,1.998,-1.998,174.239,145.731,-252.402,Shake
-1.674,1.998,0.345,286.685,-285.897,-286.685,Shake
1.999,1.858,1.999,286.685,59.404,-286.685,Shake
1.999,-1.589,1.999,-70.901,128.424,-182.928,Shake
1.999,-0.591,1.999,-226.389,-147.131,286.685,Shake
1.948,1.990,1.999,-238.709,-280.753,286.685,Shake
-1.999,1.998,1.372,-285.128,-161.271,286.685,Shake
-1.999,1.998,-1.996,-271.749,19.119,286.685,Shake
-1.999,1.998,-1.998,99.330,108.990,-20.484,Shake
-1.999,1.998,-0.992,286.685,11.882,-286.685,Shake
0.642,1.998,1.926,286.685,-85.067,-286.685,Shake
1.999,-0.840,1.999,186.952,248.999,-286.685,Shake
1.999,-1.602,1.999,-59.911,206.518,130.760,Shake
1.999,-0.396,1.819,-245.227,-224.691,286.685,Shake
1.363,1.881,1.323,-272.344,-286.685,286.685,Shake
-1.999,1.998,0.934,-214.288,-221.952,286.685,Shake
-1.999,1.998,-1.640,-127.872,79.747,286.641,Shake
-1.999,1.998,-1.698,164.798,181.414,-210.674,Shake
-1.925,1.998,0.608,286.108,-160.676,-286.685,Shake
-0.030,1.998,1.863,286.685,-101.964,-286.685,Shake
1.999,0.204,1.999,248.439,177.975,-286.685,Shake
1.999,-1.767,1.797,-179.900,73.552,5.740,Shake
1.999,0.381,1.137,-238.674,-234.325,286.685,Shake
1.042,1.752,1.816,-221.883,-285.836,286.685,Shake
-1.999,1.998,1.014,-212.870,-145.136,286.685,Shake
-1.999,1.998,-1.698,-124.679,130.620,282.074,Shake
-1.999,1.998,-1.868,145.863,139.414,-239.015,Shake
-1.517,1.998,0.275,285.652,-69.851,-286.685,Shake
1.999,0.755,1.982,286.685,160.134,-286.685,Shake
1.999,-1.471,1.999,282.406,286.685,-286.685,Shake
1.999,-1.679,1.999,-64.872,-33.268,167.186,Shake
1.999,-0.180,1.791,-187.609,-205.940,286.685,Shake
-0.533,1.400,1.284,-224.805,-209.589,286.685,Shake
-1.999,1.997,0.039,-121.301,-58.809,286.685,Shake
-1.999,1.583,-0.309,-60.847,-26.504,256.970,Shake
-1.734,1.197,0.581,8.557,-172.996,112.298,Shake
-1.330,0.240,-0.005,59.220,-60.961,33.819,Shake
0.325,-0.032,0.405,100.327,-18.882,105.814,Shake
-0.515,-0.074,0.936,132.615,97.081,133.849,Shake
-1.258,0.083,1.014,35.350,239.943,80.360,Shake
-1.847,0.078,0.900,-11.935,150.036,14.123,Shake
-1.791,-1.176,-0.529,-29.628,-134.584,31.972,Shake
-1.999,-1.255,0.176,-91.577,-122.106,211.348,Shake
-1.769,-1.067,0.280,-55.300,105.184,286.685,Shake
0.461,-0.077,0.414,-16.135,-36.225,286.685,Shake
1.999,1.177,0.859,-87.640,-286.685,286.685,Shake
1.999,1.328,1.000,16.118,22.374,75.512,Shake
1.999,0.636,1.375,26.233,13.562,-264.399,Shake
-1.506,-0.353,1.778,43.033,34.143,-286.685,Shake
-1.999,-0.995,-0.484,-12.084,62.860,-286.685,Shake
-1.999,-0.932,-0.543,76.772,-20.003,11.060,Shake
-1.999,-0.746,-0.250,-10.938,-186.375,235.673,Shake
0.334,-0.190,0.787,-82.040,-142.380,286.685,Shake
1.999,0.856,1.184,-67.620,143.010,286.685,Shake
1.999,0.737,1.515,12.679,185.841,140.114,Shake
1.994,0.385,1.571,109.882,-172.357,-272.764,Shake
-0.587,-0.100,0.765,25.104,-64.164,-286.685,Shake
-1.999,-0.932,-0.435,-5.941,263.812,-286.685,Shake
-1.999,-0.866,-0.986,189.814,37.118,-27.309,Shake
-1.999,-0.478,0.008,-60.760,-270.883,275.328,Shake
-0.361,-0.256,0.740,-150.482,-153.256,286.685,Shake
1.999,0.662,1.277,-109.130,-9.730,286.685,Shake
1.999,0.720,1.226,40.197,165.016,159.329,Shake
1.198,-0.263,1.359,88.664,-111.143,-286.554,Shake
-1.986,-0.621,0.389,0.543,52.876,-286.685,Shake
-1.999,-0.919,-0.369,52.640,176.234,-286.685,Shake
-1.999,-0.870,-0.784,121.406,-68.976,-30.730,Shake
-1.999,-0.726,0.200,-81.655,-189.630,270.419,Shake
0.918,-0.381,1.111,-85.855,-127.820,286.685,Shake
1.999,1.083,1.214,1.146,148.663,286.685,Shake
1.999,1.118,1.218,42.070,108.465,208.679,Shake
1.999,0.235,1.315,97.440,-104.772,-260.776,Shake
-1.414,-0.520,0.518,-31.211,2.398,-286.685,Shake
-1.999,-0.830,0.116,99.846,185.447,-270.699,Shake
-1.999,-0.641,-0.358,148.417,-28.052,27.274,Shake
-1.734,-0.141,0.241,11.655,-256.996,285.311,Shake
1.999,0.728,1.195,-59.141,-9.161,286.685,Shake
1.999,0.813,1.146,20.125,92.549,246.137,Shake
1.989,0.317,0.887,45.780,-18.077,-281.374,Shake
-1.512,-0.336,0.024,-25.480,153.869,-286.685,Shake
-1.999,0.542,-0.464,-14.639,161.070,-55.055,Shake
-1.830,0.740,0.256,52.202,-145.408,-57.286,Shake
0.053,0.612,0.685,5.128,98.665,-78.207,Shake
0.123,0.618,1.051,-40.950,132.186,-133.516,Shake
-0.488,0.366,0.610,-86.730,-67.900,-38.071,Shake
-0.308,0.796,0.750,-36.304,71.277,37.039,Shake
-0.234,1.377,0.473,-85.505,114.170,219.170,Shake
-0.370,1.998,0.485,-148.908,44.625,276.955,Shake
-0.652,1.998,0.329,-28.910,-87.342,-162.164,Shake
0.241,1.857,0.877,-71.881,7.017,-286.685,Shake
0.648,-1.274,-0.377,-78.838,4.909,-286.685,Shake
1.870,-1.999,0.906,145.031,-101.351,-286.685,Shake
0.763,-1.999,0.918,145.434,7.630,-107.371,Shake
1.824,-1.779,0.693,-43.085,-65.599,286.685,Shake
1.611,1.998,1.592,-20.431,-98.910,286.685,Shake
-0.474,1.998,0.976,127.978,77.551,286.685,Shake
-0.495,1.998,-0.655,-2.765,128.179,48.405,Shake
-0.076,1.998,-0.005,-113.059,-72.879,-285.740,Shake
1.044,0.772,0.877,-47.066,-70.096,-286.685,Shake
1.999,-1.999,1.723,30.747,-38.806,-286.685,Shake
1.999,-1.999,1.260,56.770,116.506,-229.337,Shake
1.999,-1.999,-0.105,14.586,21.936,286.685,Shake
1.999,1.179,1.734,-63.831,-49.569,286.685,Shake
1.409,1.998,0.778,7.840,44.091,286.685,Shake
-0.249,1.998,-0.294,93.188,100.249,262.981,Shake
0.140,1.998,-0.108,45.377,34.151,-247.546,Shake
0.647,1.998,0.057,-65.205,-19.276,-286.685,Shake
1.287,0.097,1.460,19.224,-92.295,-286.685,Shake
1.999,-1.999,1.999,93.100,-34.055,-286.685,Shake
1.999,-1.999,0.845,51.669,203.735,32.191,Shake
1.999,-1.905,0.847,-147.359,-43.610,286.685,Shake
1.999,1.186,1.810,-220.981,-84.210,286.685,Shake
0.123,1.998,0.826,-35.298,5.407,286.685,Shake
-0.294,1.998,-0.220,84.429,128.739,23.931,Shake
0.386,1.998,0.226,-2.467,-10.141,-286.685,Shake
1.024,1.998,0.907,-8.041,-56.350,-286.685,Shake
1.999,-1.792,1.999,1.636,-77.219,-286.685,Shake
1.999,-1.999,1.486,72.713,176.488,-285.793,Shake
1.999,-1.999,0.434,38.220,90.423,283.307,Shake
1.999,-0.377,1.365,-260.811,-47.932,286.685,Shake
1.719,1.998,0.817,-248.395,-101.710,286.685,Shake
0.058,1.998,0.323,212.756,85.549,285.311,Shake
-0.196,1.998,-0.614,29.243,-14.026,-108.719,Shake
0.055,1.998,-0.024,-40.425,-61.338,-286.685,Shake
1.609,1.265,0.447,-4.471,-71.181,-286.685,Shake
1.999,-1.999,1.826,114.188,-143.640,-286.685,Shake
1.999,-1.999,1.979,220.701,165.174,18.462,Shake
1.999,-1.999,1.425,-164.675,-0.289,286.685,Shake
1.999,-0.019,1.542,-286.685,-77.411,286.685,Shake
1.076,1.998,0.566,-32.121,-9.065,286.685,Shake
0.152,1.998,-0.379,139.589,74.961,278.250,Shake
0.001,1.998,-0.517,43.794,-93.984,-194.591,Shake
0.267,1.998,0.234,-33.311,-104.387,-286.685,Shake
1.868,0.746,0.789,-82.224,-90.869,-286.685,Shake
1.999,-1.999,1.508,2.984,-191.984,-286.685,Shake
1.999,-1.999,1.880,126.088,187.845,7.840,Shake
1.999,-1.999,1.004,12.285,158.725,286.685,Shake
1.999,-0.270,1.463,-270.314,26.233,286.685,Shake
0.688,1.998,-0.055,-53.812,-59.868,286.685,Shake
0.267,1.998,0.276,195.641,92.575,181.055,Shake
0.143,1.998,-0.545,-28.761,-8.400,-108.281,Shake
0.259,1.998,0.069,-55.239,-89.364,-286.685,Shake
1.989,0.427,1.519,-106.549,-149.905,-286.685,Shake
1.999,-1.999,1.999,13.020,-3.649,-286.685,Shake
1.999,-1.999,0.260,87.290,215.548,164.202,Shake
1.999,-1.999,0.684,68.154,98.228,286.685,Shake
1.999,1.413,1.249,-243.635,17.719,286.685,Shake
-0.661,1.998,-0.722,-104.808,-103.198,286.685,Shake
-0.347,1.998,0.011,223.274,7.105,-4.471,Shake
0.006,1.998,0.231,23.782,-44.039,-269.342,Shake
0.169,1.774,0.287,-149.371,-109.891,-286.685,Shake
1.445,-1.999,1.883,6.685,-172.008,-286.685,Shake
1.193,-1.999,1.771,71.925,118.755,22.995,Shake
0.983,-1.999,0.472,8.085,20.729,286.685,Shake
0.132,1.566,0.542,24.089,-19.600,286.685,Shake
-0.170,1.998,0.281,-13.729,-3.255,283.946,Shake
-0.306,1.997,-0.073,-148.234,-110.574,116.156,Shake
-0.674,1.998,0.440,55.099,-158.550,20.300,Shake
-0.468,1.157,1.540,84.717,-142.284,-147.595,Shake
-0.267,-0.632,1.422,17.439,-1.663,-70.166,Shake
-0.520,-0.230,1.291,6.790,15.706,43.304,Shake
-0.263,-0.178,0.598,-10.386,53.646,81.366,Shake
-0.181,1.284,0.510,8.041,4.673,121.537,Shake
-0.310,0.990,0.627,4.506,-19.189,4.463,Shake
-0.113,0.284,0.546,38.623,-32.436,-15.496,Shake
-0.232,0.223,0.667,55.309,-51.660,52.246,Shake
-0.512,0.700,1.047,68.128,-20.414,56.464,Shake
-0.338,0.513,1.038,10.465,5.136,8.243,Shake
-0.102,0.693,-0.380,17.736,19.968,37.966,Shake
-0.491,0.905,0.894,104.799,-29.041,-14.980,Shake
-0.290,0.601,0.983,139.449,83.921,-60.200,Shake
-0.318,1.013,0.659,85.094,80.132,99.724,Shake
-0.537,1.211,0.443,131.311,137.034,244.484,Shake
1.110,0.026,0.902,-53.384,89.941,286.685,Shake
-0.268,0.427,1.627,45.833,85.339,282.905,Shake
-0.631,0.423,1.190,-151.655,-190.776,262.334,Shake
-0.086,1.007,1.180,51.730,58.853,212.555,Shake
0.678,0.870,0.811,286.685,169.523,28.096,Shake
1.080,0.822,-0.192,283.395,105.717,31.141,Shake
1.803,1.913,-1.027,14.359,-62.239,65.756,Shake
1.989,0.906,-0.762,-20.597,-117.040,-286.020,Shake
0.386,-0.164,-0.087,-263.270,-45.141,-286.685,Shake
-1.999,-1.749,0.219,-117.836,-249.856,-260.846,Shake
-1.999,-1.958,1.996,-76.353,-258.930,176.321,Shake
-1.999,-1.862,1.853,108.098,-2.922,286.685,Shake
1.340,-1.939,1.458,125.886,259.367,286.685,Shake
1.999,0.213,-0.741,177.564,44.616,286.685,Shake
1.999,-0.567,-0.996,-29.671,56.263,286.598,Shake
1.999,-0.566,-0.594,-72.065,84.840,17.404,Shake
1.051,-0.368,1.157,-152.276,125.256,-286.685,Shake
-1.999,0.541,1.741,-286.685,195.878,-286.685,Shake
-1.999,1.291,1.861,198.459,-265.580,-183.383,Shake
-1.973,0.302,1.527,286.685,-188.335,85.452,Shake
-0.886,-0.693,1.379,227.955,77.420,281.138,Shake
1.999,-1.058,0.432,233.520,178.159,286.685,Shake
1.999,-1.014,-0.452,61.171,258.142,286.685,Shake
1.999,-1.506,-0.205,-149.809,160.554,117.661,Shake
1.860,-0.784,0.575,-77.831,210.105,-253.111,Shake
-0.976,0.262,0.768,-83.493,132.702,-286.685,Shake
-1.999,1.328,1.664,-183.426,-215.950,-286.685,Shake
-1.999,1.061,1.261,17.413,-82.189,170.634,Shake
-1.729,-0.411,0.982,265.431,-9.292,286.685,Shake
0.692,-1.812,0.926,211.137,-27.090,286.685,Shake
1.999,-1.999,0.521,194.784,-70.420,286.685,Shake
1.999,-1.999,0.191,98.385,35.621,246.820,Shake
1.735,-0.655,0.273,-60.786,76.834,-139.449,Shake
-0.515,0.593,0.449,-272.396,-201.521,-102.550,Shake
-1.210,1.514,1.576,-250.898,-177.538,61.416,Shake
-0.019,0.643,1.144,-160.807,-66.771,227.955,Shake
0.816,-0.630,0.537,-78.050,-42.158,286.685,Shake
1.084,-1.288,0.724,72.940,12.583,182.184,Shake
0.808,-1.590,0.302,48.178,126.061,136.159,Shake
1.191,-0.872,0.674,-64.260,106.724,121.861,Shake
0.565,-0.140,0.682,-45.229,90.353,25.524,Shake
0.420,-0.395,0.053,-135.695,54.591,7.359,Shake
-0.249,-0.413,0.484,-88.209,-28.709,69.151,Shake
0.323,-0.626,-0.101,-18.865,-151.410,184.345,Shake
0.327,-0.371,0.872,245.613,-36.566,244.466,Shake
0.282,-0.360,1.018,228.349,197.881,65.126,Shake
0.246,-0.390,0.736,150.447,153.387,60.743,Shake
0.230,-0.708,0.804,46.007,-1.908,70.298,Shake
0.439,-0.886,0.865,-20.878,-43.470,73.202,Shake
0.409,-0.736,0.863,-0.507,76.606,3.334,Shake
0.259,-0.477,0.840,23.888,-35.053,-9.502,Shake
-0.285,-0.577,1.447,64.251,-44.188,0.543,Shake
0.393,-0.796,0.760,85.689,18.218,49.271,Shake
0.182,-0.750,0.853,19.005,-34.046,55.965,Shake
0.082,-0.568,0.748,21.411,-45.570,21.962,Shake
0.058,-0.103,0.754,-27.142,-37.949,74.357,Shake
0.331,-0.220,1.034,-66.045,-16.993,121.537,Shake
0.042,-0.398,0.780,-19.084,83.256,80.955,Shake
0.026,-0.696,0.889,-13.983,36.549,83.632,Shake
0.144,-0.981,1.064,37.853,42.551,36.584,Shake
0.822,-1.057,1.021,8.409,264.688,-89.941,Shake
1.116,-1.471,1.206,-226.135,-91.665,4.821,Shake
1.917,-1.567,1.189,-286.685,-286.685,79.450,Shake
1.999,-1.999,1.682,-286.685,-286.685,180.381,Shake
1.598,-1.097,1.103,-249.279,-192.351,286.685,Shake
-1.361,1.961,0.664,42.534,44.888,286.685,Shake
-1.999,1.998,0.553,9.800,-47.513,229.206,Shake
-1.999,1.998,0.384,90.064,63.429,-278.889,Shake
1.045,0.418,1.218,60.366,100.677,-286.685,Shake
1.999,-1.999,0.114,-85.776,29.785,-286.668,Shake
1.999,-1.999,-0.769,-9.931,40.521,-34.877,Shake
1.999,-1.999,-0.459,66.491,-4.375,285.801,Shake
1.979,-0.765,0.905,141.339,-36.330,286.685,Shake
-1.216,1.998,1.786,-93.161,-206.491,286.685,Shake
-1.999,1.998,0.785,-103.801,-62.396,187.504,Shake
-1.999,1.998,0.542,127.330,81.340,-284.261,Shake
0.331,0.768,1.177,35.814,-8.811,-286.685,Shake
1.999,-1.999,0.626,-77.997,-2.537,-286.685,Shake
1.999,-1.999,-0.345,-31.220,55.055,-126.840,Shake
1.999,-1.999,-0.376,-14.866,-35.849,268.896,Shake
1.999,-1.721,0.410,36.225,-76.562,286.685,Shake
0.982,0.768,0.774,31.062,-65.310,286.685,Shake
-1.873,1.998,1.083,-35.061,-96.495,286.685,Shake
-1.999,1.998,0.230,-26.302,22.181,59.701,Shake
-1.970,1.998,0.391,144.909,11.270,-280.884,Shake
1.163,-0.013,1.337,54.600,-10.719,-286.685,Shake
1.999,-1.999,0.772,2.739,9.153,-286.685,Shake
1.999,-1.999,0.771,38.999,85.207,-156.774,Shake
1.999,-1.999,0.082,23.608,36.732,128.783,Shake
1.704,-1.687,0.581,25.209,-27.737,286.685,Shake
-0.111,0.777,0.982,-55.423,-112.149,286.685,Shake
-1.878,1.998,1.045,-139.939,-94.272,285.241,Shake
-1.999,1.998,0.190,42.341,46.603,10.456,Shake
-1.234,1.976,1.290,115.806,48.772,-286.685,Shake
1.211,-0.556,1.042,-11.576,-14.166,-286.685,Shake
1.999,-1.943,1.360,-32.042,12.985,-286.685,Shake
1.999,-1.999,0.621,-42.123,76.860,-215.031,Shake
1.999,-1.999,0.079,21.726,54.985,190.794,Shake
1.866,-1.320,0.378,47.740,38.850,286.685,Shake
0.974,-0.168,0.396,27.195,9.328,286.685,Shake
-1.379,1.995,0.450,-24.229,-53.428,286.685,Shake
-1.999,1.998,-0.007,-9.153,-5.469,198.678,Shake
-1.928,1.998,0.760,129.587,32.769,-282.879,Shake
-0.160,1.008,1.251,40.408,6.204,-286.685,Shake
1.896,-1.643,1.163,-21.236,-36.111,-286.685,Shake
1.999,-1.999,1.150,-42.717,-17.535,-243.609,Shake
1.999,-1.999,0.421,-8.960,36.566,86.231,Shake
1.993,-1.999,0.459,5.302,26.189,286.685,Shake
0.839,-0.399,0.496,3.255,13.738,286.685,Shake
-1.745,1.998,0.532,-52.745,-57.601,286.685,Shake
-1.999,1.998,0.152,-67.515,-45.649,106.619,Shake
-1.999,1.998,0.263,148.566,67.944,-286.685,Shake
0.384,1.147,1.221,95.681,29.278,-286.685,Shake
1.999,-1.807,1.075,-46.252,-53.533,-286.685,Shake
1.999,-1.999,1.027,-58.923,-10.290,-274.908,Shake
1.999,-1.999,0.354,-49.831,3.920,74.637,Shake
1.999,-1.999,0.292,-52.246,-30.424,284.471,Shake
1.347,-0.239,0.334,-21.796,-41.974,286.685,Shake
-1.084,1.998,0.722,56.770,-56.324,286.685,Shake
-1.999,1.998,0.715,-29.094,-37.704,258.615,Shake
-1.999,1.998,0.064,74.690,24.999,-173.512,Shake
-0.461,1.854,1.338,136.666,17.421,-286.685,Shake
1.992,-1.519,1.484,-59.246,-16.923,-286.685,Shake
1.999,-1.999,1.255,-141.417,-63.525,-268.056,Shake
1.999,-1.999,0.652,-186.515,-16.765,-56.149,Shake
1.999,-1.999,-0.082,-157.202,-22.601,279.204,Shake
1.544,-0.660,0.169,-29.776,-18.244,286.685,Shake
0.177,1.759,0.011,110.582,69.580,286.685,Shake
-1.885,1.998,0.178,68.906,43.251,286.685,Shake
-1.999,1.998,-0.815,90.046,15.759,83.519,Shake
-1.075,1.976,0.199,242.217,8.382,-286.685,Shake
1.241,-0.962,1.151,164.465,-54.897,-286.685,Shake
1.963,-1.999,1.309,-47.635,-219.170,-268.966,Shake
1.999,-1.999,1.397,-255.369,-278.897,-135.415,Shake
1.999,-1.999,0.993,-286.685,-286.685,223.212,Shake
1.943,-1.280,-1.941,-236.215,-250.661,286.685,Shake
0.563,1.998,0.326,286.685,112.306,286.685,Shake
-1.999,1.998,1.999,177.599,-167.475,280.087,Shake
-1.999,1.998,1.165,-196.770,-16.853,-186.480,Shake
-0.789,1.998,0.278,23.949,-5.810,-286.685,Shake
1.999,-1.200,1.345,-47.722,-66.798,-286.685,Shake
1.999,-1.999,0.488,-36.208,88.567,-286.204,Shake
1.999,-1.999,-0.623,-23.826,50.855,18.917,Shake
1.999,-1.999,-0.518,-2.914,-22.015,224.656,Shake
0.880,-0.144,0.229,149.555,27.125,286.685,Shake
-1.975,1.998,0.574,131.819,-6.335,286.685,Shake
-1.999,1.998,0.219,191.818,18.532,-55.571,Shake
-1.725,1.998,1.037,250.206,17.176,-286.685,Shake
1.999,-0.182,1.748,81.970,-47.285,-286.685,Shake
1.999,-1.999,1.783,-2.826,-126.910,-286.685,Shake
1.999,-1.999,0.870,-161.726,-87.964,-157.054,Shake
1.999,-1.999,-0.013,-114.196,-31.124,96.162,Shake
0.888,-0.436,0.247,103.495,96.994,286.685,Shake
-1.999,1.998,-0.165,106.872,74.366,286.685,Shake
-1.999,1.998,0.242,89.784,-87.640,-115.754,Shake
-0.746,1.051,1.141,105.210,-65.424,-286.685,Shake
1.221,-1.156,1.024,5.556,-121.581,-286.685,Shake
1.455,-1.999,1.188,-49.385,-139.081,-175.682,Shake
0.892,-1.565,0.770,-34.799,3.754,14.936,Shake
0.190,-0.878,0.686,-18.112,25.139,90.860,Shake
-0.611,-0.085,0.776,-67.716,-53.646,50.645,Shake
-0.327,-0.438,1.021,-80.229,-41.134,-62.466,Shake
-0.026,-0.696,0.717,1.531,58.354,-77.604,Shake
0.159,-0.892,0.719,-23.800,12.819,-52.439,Shake
0.258,-0.806,0.615,-62.326,-41.178,-19.862,Shake
0.274,-0.852,0.801,-90.440,-43.111,-4.323,Shake
0.139,-0.682,0.693,-96.241,-27.274,22.111,Shake
-0.114,-0.698,0.878,-123.506,-8.286,12.171,Shake
0.288,-0.818,0.294,-126.761,0.962,1.374,Shake
0.184,-0.988,0.411,-100.993,-3.973,-12.574,Shake
-0.132,-0.725,0.345,-4.673,46.375,-64.059,Shake
0.036,-0.909,0.416,-8.794,49.770,-73.911,Shake
-0.050,-0.832,0.470,-25.462,25.034,-36.444,Shake
0.451,-1.259,0.355,-98.551,-15.899,-21.639,Shake
0.029,-0.984,0.527,-72.494,59.728,114.765,Shake
-0.108,-0.777,0.448,-21.105,22.802,76.746,Shake
-0.175,-0.456,0.147,28.306,-8.295,66.404,Shake
0.050,-0.998,0.875,147.044,-4.524,18.165,Shake
-0.101,-0.665,0.413,125.895,6.011,-59.115,Shake
0.150,-0.868,0.712,62.449,35.910,-87.168,Shake
0.070,-0.594,0.538,78.137,47.425,-86.677,Shake
-0.047,-0.942,0.827,-1.286,-5.740,-32.139,Shake
-0.174,-1.490,0.693,-88.716,0.989,35.516,Shake
-1.412,-1.999,0.244,-48.606,-57.627,-69.221,Shake
-1.558,-1.999,0.095,67.200,-25.174,-266.017,Shake
-1.100,-1.239,0.079,99.846,4.602,-286.685,Shake
0.413,1.666,0.544,36.243,142.669,-286.685,Shake
1.999,1.998,0.804,-50.138,112.796,-215.031,Shake
1.999,1.998,1.300,-17.167,26.591,94.027,Shake
0.293,1.799,1.948,-36.829,-159.145,286.685,Shake
-1.304,-1.630,1.505,-150.596,-99.103,286.685,Shake
-1.999,-1.999,-1.769,-104.247,-273.341,286.685,Shake
-1.999,-1.999,-1.072,284.296,-177.432,21.131,Shake
-1.999,-1.999,-0.163,286.685,-158.655,-242.690,Shake
-0.471,-0.220,0.354,49.595,10.203,-286.685,Shake
0.525,1.998,1.355,-170.363,243.950,-286.685,Shake
1.999,1.998,1.705,-248.999,114.546,-210.079,Shake
1.999,1.998,1.699,-54.950,-86.870,193.182,Shake
0.008,1.292,1.612,-10.132,-106.549,286.676,Shake
-1.012,-1.811,1.140,78.776,-182.210,286.685,Shake
-1.999,-1.999,-1.039,243.705,-282.476,286.685,Shake
-1.999,-1.999,1.084,284.401,-126.429,49.061,Shake
-1.985,-1.999,0.830,151.830,91.560,-225.339,Shake
-0.467,0.384,0.935,-164.570,230.685,-286.685,Shake
1.952,1.998,1.735,-122.736,282.336,-286.414,Shake
1.999,1.998,1.619,-155.969,-72.931,46.952,Shake
1.259,1.998,1.815,-165.366,-166.600,286.685,Shake
-1.086,-0.644,1.116,-20.134,-175.333,286.685,Shake
-1.999,-1.999,-0.124,131.626,-207.384,286.685,Shake
-1.995,-1.997,-0.043,278.320,-63.814,146.562,Shake
-0.665,-1.723,0.048,36.540,99.391,106.225,Shake
0.405,0.365,1.999,149.896,163.835,117.110,Shake
-0.022,-0.037,1.220,-151.769,110.967,180.101,Shake
-0.172,-0.778,0.396,-69.571,48.195,143.640,Shake
-0.370,-0.760,0.749,-81.384,94.990,50.505,Shake
-0.428,-0.653,0.715,-41.510,22.435,26.950,Shake
-0.503,-0.624,0.418,-5.836,-28.210,27.528,Shake
-0.407,-0.636,0.743,51.170,-31.456,20.169,Shake
-0.246,-0.620,0.920,20.186,-48.694,-35.700,Shake
-0.003,-1.809,0.081,-2.476,-173.836,-121.940,Shake
0.297,-1.999,1.080,91.971,-106.207,-33.486,Shake
0.581,-1.999,0.715,122.115,33.722,271.521,Shake
0.966,-1.587,0.561,224.971,36.943,286.685,Shake
1.556,1.998,-0.062,286.169,-41.965,286.685,Shake
0.820,1.998,-0.051,-51.354,55.755,248.727,Shake
0.736,1.998,-0.149,-1.111,-7.805,-185.806,Shake
0.758,0.525,1.561,33.583,-49.166,-286.685,Shake
0.282,-1.999,1.999,-46.550,30.459,-286.685,Shake
-0.088,-1.999,1.710,1.321,77.586,-209.195,Shake
-0.343,-1.999,1.284,-10.019,90.764,53.296,Shake
0.203,-1.999,0.831,-80.255,103.171,286.685,Shake
1.846,0.816,0.247,-187.967,101.465,286.685,Shake
1.999,1.998,0.024,-8.015,-21.779,286.685,Shake
1.342,1.998,0.103,120.864,-106.619,63.534,Shake
1.399,1.387,1.480,21.263,-87.518,-286.685,Shake
-0.156,-1.999,1.808,-121.188,41.458,-286.685,Shake
-0.961,-1.999,0.737,-84.306,50.575,-284.533,Shake
-0.899,-1.999,0.035,66.929,-43.295,-48.790,Shake
0.131,-1.999,0.777,282.712,-167.947,286.685,Shake
1.682,-0.016,0.976,155.715,45.946,286.685,Shake
1.999,1.998,0.590,-266.079,172.935,286.685,Shake
1.739,1.998,-0.083,-169.391,138.005,223.825,Shake
1.999,1.998,0.925,26.871,-79.030,-286.685,Shake
0.836,-1.068,1.428,-91.560,34.344,-286.685,Shake
-0.557,-1.999,1.004,101.334,28.017,-286.685,Shake
-1.026,-1.999,1.067,183.374,-40.635,-275.503,Shake
-0.790,-1.999,1.096,190.960,-107.441,248.325,Shake
1.074,-1.070,1.542,166.801,43.829,286.685,Shake
1.999,1.998,0.914,-231.306,283.728,286.685,Shake
1.999,1.998,-0.137,-138.163,256.576,278.889,Shake
1.735,1.998,0.706,-17.316,91.429,-83.729,Shake
-0.011,0.140,1.160,-7.761,40.932,-286.685,Shake
-1.857,-1.918,0.954,60.576,-9.590,-286.685,Shake
-1.999,-1.999,1.155,207.891,-20.134,-118.134,Shake
-1.630,-1.999,1.450,248.430,50.365,262.351,Shake
-0.020,-0.115,1.937,116.191,219.266,286.685,Shake
1.737,1.772,0.664,-150.447,286.685,276.124,Shake
1.542,1.998,-0.316,90.029,285.460,66.579,Shake
1.029,1.675,0.069,227.990,83.694,-181.204,Shake
-0.392,-0.117,0.452,63.420,128.301,-286.633,Shake
-1.421,-1.409,-0.886,-2.957,237.834,-286.685,Shake
-1.528,-1.944,-1.783,107.275,-0.761,-266.735,Shake
-0.532,-0.441,-1.592,198.424,-284.392,107.441,Shake
0.198,1.154,1.537,169.006,-286.685,286.510,Shake
0.127,1.708,1.999,105.831,-286.685,246.024,Shake
-0.133,1.580,1.869,3.859,-12.880,-41.694,Shake
-0.342,0.599,0.770,-124.460,126.595,-261.249,Shake
-0.801,-0.460,0.189,-282.975,168.367,-285.670,Shake
-1.331,-1.977,0.192,13.440,28.009,8.172,Shake
-0.997,-0.066,0.434,19.775,18.760,128.135,Shake
-0.807,0.119,0.451,32.900,43.995,36.943,Shake
-0.811,0.277,0.722,-41.011,11.471,24.089,Shake
-0.823,0.320,0.893,-92.312,60.463,27.081,Shake
-1.073,0.293,0.389,-131.005,67.200,42.857,Shake
-1.999,1.440,-0.227,-68.801,-3.168,144.480,Shake
-1.999,1.998,0.257,100.503,18.086,-204.137,Shake
-1.479,1.899,0.224,-96.364,-220.885,-286.685,Shake
1.173,0.270,-0.160,-71.173,-227.876,-286.685,Shake
1.999,-1.899,1.617,80.929,-145.136,-286.685,Shake
1.999,-1.999,1.268,-97.676,-9.573,-39.909,Shake
1.990,-1.246,0.904,-20.606,111.186,286.685,Shake
0.110,0.835,1.290,-69.283,218.663,286.685,Shake
-1.999,1.998,-0.221,-115.631,286.405,286.685,Shake
-1.999,1.998,-1.855,121.879,286.685,24.308,Shake
-1.999,1.998,-1.994,248.658,286.685,-286.589,Shake
-0.857,1.249,-0.235,285.189,-100.573,-286.685,Shake
1.996,-1.008,1.999,-181.991,-286.685,-286.685,Shake
1.999,-1.999,0.928,-283.229,-282.266,-286.685,Shake
1.999,-1.990,1.046,-19.941,-22.015,265.055,Shake
-1.575,1.899,1.053,-80.281,110.863,286.685,Shake
-1.999,1.998,-1.580,-180.154,43.829,255.955,Shake
-1.999,1.998,-1.998,-72.669,-92.076,-57.899,Shake
-1.999,1.997,-1.248,13.650,-143.727,-241.439,Shake
0.526,-0.180,1.183,19.626,-213.089,-286.685,Shake
1.999,-1.999,0.870,-44.660,-60.200,-284.366,Shake
1.999,-1.999,0.030,27.046,70.954,219.966,Shake
1.819,-0.936,0.732,-22.269,11.909,286.685,Shake
-1.271,1.163,0.406,-113.470,-108.876,286.685,Shake
-1.999,1.998,-0.510,-8.312,50.829,286.685,Shake
-1.999,1.998,-1.394,150.369,245.595,87.894,Shake
-1.999,1.998,-1.415,200.200,81.296,-280.997,Shake
-0.137,0.892,0.827,153.554,-189.989,-286.685,Shake
1.999,-1.999,1.067,-100.966,-286.685,-286.685,Shake
1.999,-1.999,0.336,108.430,20.808,148.304,Shake
0.907,0.269,0.984,11.454,76.326,286.685,Shake
-1.786,1.871,0.860,-88.804,16.966,286.685,Shake
-1.999,1.998,-1.047,-26.198,153.466,286.685,Shake
-1.999,1.998,-1.997,141.768,200.008,-58.459,Shake
-1.633,1.998,-0.290,24.999,-255.859,-286.685,Shake
1.999,-1.409,1.740,-24.885,-276.483,-286.685,Shake
1.999,-1.999,0.852,31.911,121.301,-181.221,Shake
1.999,-1.999,0.177,93.249,235.804,276.946,Shake
0.971,0.471,1.624,-81.812,-52.509,286.685,Shake
-1.999,1.998,0.387,-124.434,-8.391,286.685,Shake
-1.999,1.998,-1.497,50.181,253.610,274.715,Shake
-1.999,1.998,-1.998,281.855,286.685,-28.683,Shake
-1.841,1.994,-1.273,176.068,-189.849,-286.685,Shake
1.999,-1.243,1.429,-98.210,-286.685,-286.685,Shake
1.999,-1.999,1.568,161.866,91.315,-134.776,Shake
1.999,-1.999,0.813,217.018,286.685,280.682,Shake
-0.227,0.329,0.448,-4.463,125.090,286.685,Shake
-1.479,1.280,0.096,-113.575,-140.149,286.685,Shake
-1.999,1.436,-0.586,43.995,50.768,259.586,Shake
-1.999,1.792,0.550,65.564,-9.791,92.584,Shake
-0.356,-0.677,0.033,-73.001,-159.626,-73.054,Shake
-0.843,-0.302,0.805,-27.641,-85.120,137.848,Shake
-0.992,-0.175,0.557,35.849,16.292,24.990,Shake
-0.888,0.020,0.183,58.362,6.108,1.085,Shake
-0.893,-0.152,0.169,31.036,-64.654,29.304,Shake
-0.981,0.210,0.875,-63.534,1.689,-33.145,Shake
-1.999,-1.545,1.233,-15.995,219.844,-34.064,Shake
-1.115,-0.241,-0.610,-55.125,204.111,10.710,Shake
-1.220,-1.485,-0.098,-51.118,-54.644,-126.709,Shake
-1.347,-1.935,0.767,-154.070,-33.285,123.113,Shake
-0.997,-1.530,-0.160,-277.288,64.960,284.366,Shake
0.033,0.073,0.401,-94.754,-64.838,286.685,Shake
1.783,1.998,1.997,211.295,-240.607,286.685,Shake
1.847,1.998,1.903,170.581,7.114,-11.953,Shake
1.989,1.988,0.950,175.026,9.940,-286.685,Shake
0.762,-1.999,0.518,74.463,168.779,-286.685,Shake
-1.268,-1.999,-1.938,-3.246,139.396,-281.068,Shake
-1.752,-1.999,-1.998,-31.019,-105.613,17.351,Shake
-1.121,-1.999,-1.347,32.375,-277.970,139.947,Shake
1.019,0.052,1.347,245.280,-286.685,286.685,Shake
1.345,1.998,1.999,10.474,-121.905,286.659,Shake
1.286,1.998,0.206,-88.156,205.135,-274.549,Shake
1.534,-0.122,1.721,-68.757,65.590,-286.685,Shake
0.364,-1.999,0.282,-241.509,175.796,-286.685,Shake
0.035,-1.999,-1.998,-99.916,268.205,-286.685,Shake
1.166,-1.999,-0.932,286.685,-246.234,-28.166,Shake
0.358,-0.402,0.980,8.426,-17.395,286.685,Shake
-0.487,1.998,1.667,-125.606,-14.945,286.685,Shake
-0.951,1.998,1.454,-14.665,46.034,204.601,Shake
-0.383,1.967,1.250,234.106,84.140,-278.845,Shake
0.404,-1.871,0.427,63.928,84.674,-286.685,Shake
0.738,-1.999,-0.294,-12.600,43.706,-286.449,Shake
0.828,-1.999,-1.078,43.330,28.061,-122.762,Shake
0.900,-1.999,-0.147,198.467,-101.194,275.599,Shake
0.011,1.738,1.425,140.577,-5.653,286.685,Shake
-1.324,1.998,0.032,-182.595,-24.920,276.106,Shake
-0.790,1.998,0.840,130.585,-7.017,-282.039,Shake
0.957,1.197,1.296,106.715,43.234,-286.685,Shake
1.979,-1.999,0.756,-19.836,45.404,-286.685,Shake
1.999,-1.999,0.596,8.137,95.235,-286.685,Shake
1.920,-1.999,0.113,41.799,81.454,-184.476,Shake
1.070,-1.999,-0.648,129.806,-105.595,82.670,Shake
0.495,-0.105,0.524,81.156,-98.052,286.685,Shake
-0.481,1.998,0.586,-86.520,-81.533,286.685,Shake
-1.352,1.998,1.108,-15.514,22.610,224.849,Shake
-1.207,1.998,0.557,34.720,88.620,-7.341,Shake
-0.568,0.175,1.000,66.964,80.605,-224.236,Shake
0.284,-1.995,1.196,-145.548,38.745,-286.685,Shake
0.785,-1.999,0.281,-286.685,103.224,-285.906,Shake
1.077,-1.999,-1.244,-216.562,-1.523,-84.306,Shake
1.457,-1.999,0.385,19.399,-147.665,286.073,Shake
0.994,-0.249,0.552,-162.015,-34.947,286.685,Shake
0.044,1.998,1.001,157.465,-233.896,286.685,Shake
-1.411,1.998,1.813,162.540,-75.731,269.736,Shake
0.167,1.998,0.804,242.742,33.548,-283.885,Shake
1.785,-0.289,1.732,-8.409,12.828,-286.685,Shake
1.999,-1.999,0.562,-172.296,135.949,-286.685,Shake
1.999,-1.999,-0.992,-163.660,100.091,-279.011,Shake
1.999,-1.999,-1.853,47.381,-121.844,23.424,Shake
1.999,-1.954,0.727,194.014,-165.270,286.685,Shake
0.647,1.998,1.320,41.011,90.221,286.685,Shake
-1.331,1.998,-0.349,-230.160,77.219,286.685,Shake
-1.266,1.998,0.161,24.754,-88.427,164.395,Shake
0.048,1.998,1.471,117.206,-1.837,-286.685,Shake
1.708,-1.916,0.761,-0.928,126.569,-286.685,Shake
1.977,-1.999,0.278,-36.260,124.066,-286.685,Shake
1.744,-1.999,-0.224,-26.075,120.995,-215.626,Shake
1.473,-1.999,-1.171,6.239,-69.335,140.166,Shake
1.229,-1.196,0.446,150.307,-270.594,286.685,Shake
-0.525,1.998,1.153,5.136,-122.728,286.685,Shake
-1.504,1.998,0.309,-196.753,-7.210,281.741,Shake
-1.173,1.998,0.547,79.835,-70.131,-200.471,Shake
0.079,0.769,1.362,106.706,5.924,-286.685,Shake
1.548,-1.990,1.067,-21.236,33.513,-286.685,Shake
1.999,-1.999,0.607,-99.391,47.259,-286.685,Shake
1.999,-1.999,-0.654,-76.317,53.550,-215.679,Shake
1.998,-1.999,0.030,102.996,-106.103,206.894,Shake
0.716,-0.376,0.355,-31.237,-122.141,286.685,Shake
-0.448,1.323,0.334,-53.498,-159.206,286.685,Shake
-0.971,1.998,1.175,-175.315,-242.533,286.685,Shake
-1.344,1.998,1.999,-185.806,-136.045,129.316,Shake
0.136,1.004,1.365,140.079,260.111,-286.685,Shake
1.389,-1.999,0.200,120.173,281.234,-286.685,Shake
1.999,-1.999,-0.679,-1.181,135.126,-286.685,Shake
1.999,-1.999,-1.436,21.639,-67.060,-280.122,Shake
1.698,-1.999,0.181,162.794,-90.825,114.048,Shake
-0.235,0.127,0.827,-33.416,-107.704,286.685,Shake
-1.305,1.270,1.472,-28.499,-135.756,286.099,Shake
-1.534,1.297,1.612,-32.734,23.993,-8.794,Shake
-0.652,0.374,0.790,40.688,120.522,-234.062,Shake
0.379,-0.751,0.254,70.761,98.613,-286.580,Shake
0.821,-1.635,0.155,47.443,43.321,-253.820,Shake
0.890,-1.888,-0.046,14.079,-16.397,-84.770,Shake
0.599,-1.390,0.496,11.602,-43.260,20.379,Shake
0.191,-0.849,0.516,8.164,14.499,55.877,Shake
-0.061,-0.615,0.454,20.212,16.931,46.856,Shake
-0.042,-0.651,0.574,11.856,-9.721,-2.170,Shake
0.122,-0.757,0.744,9.336,-12.477,-20.379,Shake
0.101,-0.877,0.562,20.142,10.623,-20.632,Shake
0.065,-0.765,0.535,17.579,10.623,7.026,Shake
0.224,-0.947,0.513,29.671,-13.038,26.346,Shake
0.160,-0.941,0.616,25.358,13.151,5.565,Shake
0.120,-0.731,0.583,11.917,36.531,-28.516,Shake
0.055,-0.805,0.554,11.261,49.507,-39.375,Shake
-0.167,-1.395,0.738,-0.481,34.248,-6.781,Shake
-0.572,-1.951,0.554,-162.601,-45.430,15.829,Shake
-1.422,-1.999,0.108,55.449,55.825,-216.939,Shake
-1.087,-1.627,0.315,89.784,40.425,-286.685,Shake
-0.221,-0.027,0.748,180.434,53.611,-286.685,Shake
0.764,1.997,1.138,60.996,133.446,-286.685,Shake
1.994,1.998,1.351,-79.433,-12.066,-148.242,Shake
1.516,1.998,1.276,-14.262,-129.911,286.125,Shake
-0.744,0.403,1.443,-138.906,-188.038,286.685,Shake
-1.930,-1.999,-0.952,-243.434,-206.491,286.685,Shake
-1.999,-1.999,-1.908,125.081,-48.055,115.159,Shake
-1.998,-1.999,-0.602,239.645,67.331,-277.253,Shake
-1.479,-0.638,0.972,101.894,113.348,-286.685,Shake
-0.143,1.989,1.999,-224.367,130.751,-286.685,Shake
1.787,1.998,1.992,-215.530,37.905,-278.644,Shake
1.446,1.998,1.764,57.890,-121.380,214.016,Shake
-0.835,0.073,1.057,-50.592,-159.854,286.685,Shake
-1.925,-1.999,-1.051,-57.278,-190.654,286.685,Shake
-1.999,-1.999,-1.998,169.417,-69.449,38.220,Shake
-1.915,-1.999,-0.601,284.620,35.551,-243.451,Shake
-1.005,-0.303,1.410,5.329,98.245,-286.685,Shake
0.538,1.998,1.964,-286.685,183.986,-286.685,Shake
1.579,1.998,1.999,-230.440,102.900,-228.944,Shake
0.900,1.998,1.999,97.939,-75.442,218.426,Shake
-0.939,-0.321,1.218,25.034,-179.760,286.685,Shake
-1.218,-1.999,-0.764,86.879,-235.988,286.685,Shake
-1.332,-1.999,-1.818,240.424,-88.384,143.981,Shake
-1.302,-1.999,-0.174,254.144,74.541,-274.295,Shake
-1.156,-1.191,1.226,115.666,115.902,-286.685,Shake
-0.357,1.998,1.975,-280.140,157.553,-286.685,Shake
1.154,1.998,1.999,-134.330,11.830,-274.400,Shake
0.438,1.998,1.600,-93.721,-103.871,238.376,Shake
-0.973,-0.444,1.142,67.637,-210.674,286.685,Shake
-1.261,-1.999,-0.350,34.606,-238.586,286.685,Shake
-1.119,-1.999,-1.578,213.281,-84.026,187.644,Shake
-1.027,-1.999,-0.175,250.512,70.586,-187.145,Shake
-0.821,-0.736,1.322,-64.846,121.957,-286.685,Shake
-0.514,1.998,1.532,-286.685,132.239,-286.685,Shake
0.962,1.998,1.704,-268.625,51.607,-250.583,Shake
0.773,1.998,1.970,31.010,-6.825,113.592,Shake
-0.427,1.694,1.950,127.067,-106.811,286.685,Shake
-1.296,-1.971,0.702,-63.604,-218.934,286.685,Shake
-1.418,-1.999,-1.251,32.471,-102.707,286.685,Shake
-1.277,-1.999,-0.765,264.871,56.639,-23.056,Shake
-1.183,-1.999,-0.175,286.685,17.071,-270.839,Shake
-1.035,-0.443,0.773,151.095,51.975,-286.685,Shake
-0.603,1.998,1.794,-45.062,70.298,-286.685,Shake
1.310,1.998,1.590,-115.894,-66.894,-245.158,Shake
0.879,1.998,1.135,99.908,-99.033,283.973,Shake
-0.893,1.800,1.206,31.334,-91.604,286.685,Shake
-1.999,-1.999,0.257,-207.533,-152.232,286.685,Shake
-1.999,-1.999,-1.551,46.016,-45.474,286.291,Shake
-1.691,-1.999,-0.354,286.685,37.126,-83.405,Shake
-1.371,-1.999,0.187,268.791,-24.622,-283.220,Shake
-0.795,0.231,0.783,35.123,9.380,-286.685,Shake
0.026,1.998,1.493,-180.215,51.091,-286.685,Shake
1.193,1.998,1.022,-208.189,-11.515,-268.573,Shake
0.914,1.998,1.558,18.165,4.384,253.216,Shake
-0.261,1.912,1.565,-11.751,-46.191,286.685,Shake
-1.364,-0.954,1.048,-171.500,-125.151,286.685,Shake
-1.999,-1.999,-1.171,-70.945,-111.300,286.685,Shake
-1.795,-1.999,-0.528,274.724,22.111,25.532,Shake
-1.576,-1.999,-0.247,204.190,-48.151,-261.590,Shake
-1.137,-0.758,0.566,81.235,41.790,-286.685,Shake
-0.150,1.998,1.999,-162.479,100.905,-286.685,Shake
1.439,1.998,1.999,-171.544,-75.460,-213.920,Shake
0.477,1.998,1.730,-6.160,-128.503,279.624,Shake
-0.571,1.862,1.353,-5.626,-181.781,286.685,Shake
-1.999,-1.765,0.509,-150.780,-275.415,286.685,Shake
-1.999,-1.999,-1.998,10.351,-164.106,286.685,Shake
-1.999,-1.999,-1.327,230.816,13.352,-55.213,Shake
-1.272,-1.823,-0.386,110.241,79.371,-286.685,Shake
-0.203,1.205,1.516,-96.696,269.920,-286.685,Shake
1.497,1.998,1.999,-268.835,105.446,-260.855,Shake
1.369,1.998,1.999,13.773,-158.305,251.624,Shake
0.000,-0.741,0.335,-286.633,-191.441,284.699,Shake
-0.834,-1.263,0.189,-51.730,-203.866,286.685,Shake
-1.600,-1.999,-1.998,33.005,-11.104,167.038,Shake
-0.083,-0.563,0.101,59.159,-49.149,70.656,Shake
0.626,-0.462,0.283,69.274,-27.886,56.228,Shake
0.249,-1.257,0.135,36.803,-65.345,63.455,Shake
0.235,-1.491,0.077,12.688,-78.496,12.653,Shake
0.392,-1.859,0.625,27.545,25.007,-23.800,Shake
0.521,-1.939,1.975,-63.682,97.011,-72.756,Shake
0.374,-1.498,1.999,-127.488,29.925,-158.165,Shake
-0.090,-0.404,1.999,-219.590,-58.249,-195.230,Shake
-0.703,1.552,1.918,-286.685,-210.193,-171.071,Shake
-1.669,1.998,0.008,-286.685,-286.685,-107.940,Shake
-1.135,1.998,-1.811,-286.685,-286.685,1.724,Shake
-0.371,1.992,-1.998,-237.046,-79.152,115.964,Shake
-0.143,0.784,-1.998,283.771,152.416,94.649,Shake
0.028,0.776,-1.998,286.685,285.451,99.024,Shake
-1.314,1.942,-1.944,286.685,286.685,179.174,Shake
-1.999,1.998,1.999,286.685,286.685,205.651,Shake
-1.999,1.728,1.999,281.304,-70.805,146.326,Shake
-0.933,1.307,1.999,-281.050,-286.685,-143.395,Shake
-0.729,1.691,1.996,-286.685,-231.219,-81.419,Shake
-1.851,1.998,1.007,-286.685,-286.685,4.979,Shake
-1.600,1.998,0.058,-286.685,-286.685,-23.695,Shake
-1.833,1.998,-1.949,-286.685,-286.685,-58.013,Shake
-1.227,1.998,-1.998,-230.212,-185.159,-65.249,Shake
-0.530,1.776,-1.998,276.080,181.974,-52.623,Shake
0.011,0.749,-1.998,286.685,286.685,61.714,Shake
-1.849,1.906,-0.044,286.685,286.685,51.476,Shake
-1.655,0.777,1.999,286.685,286.685,136.421,Shake
-1.600,0.819,1.999,284.034,28.245,-66.675,Shake
-0.724,0.255,1.999,-286.685,-266.087,44.135,Shake
-1.428,1.687,1.628,-286.685,-248.045,36.899,Shake
-1.043,1.998,0.765,-286.685,-286.685,-70.910,Shake
-1.717,1.998,-0.979,-286.685,-286.685,-280.175,Shake
-1.323,1.998,-1.986,-286.685,-286.685,-272.545,Shake
-1.244,1.998,-1.998,-50.890,-76.247,-162.059,Shake
-0.880,1.921,-1.998,286.685,286.685,-2.922,Shake
-1.695,1.978,-1.988,286.685,286.685,38.010,Shake
-1.999,1.998,1.999,286.685,286.685,-59.028,Shake
0.136,0.998,1.999,286.685,286.685,-35.044,Shake
0.548,0.642,1.999,-286.685,-286.685,173.390,Shake
-0.605,1.026,1.703,-286.685,-286.685,81.016,Shake
1.250,1.597,0.490,-286.685,-286.685,38.062,Shake
0.406,1.486,-1.968,-286.685,-286.685,102.594,Shake
0.345,0.493,-1.998,-204.304,-282.231,231.928,Shake
0.799,1.387,-1.998,286.685,-33.670,286.685,Shake
1.442,1.998,-1.572,286.685,-203.490,286.685,Shake
-0.672,1.998,0.338,286.685,82.504,286.685,Shake
-1.999,1.998,0.874,286.685,82.495,286.685,Shake
-1.999,1.998,1.946,255.027,-280.866,-221.016,Shake
0.384,1.662,1.999,280.910,-124.688,-286.685,Shake
1.999,-1.889,1.999,228.104,99.059,-286.685,Shake
1.999,-1.999,1.942,-180.827,-145.416,-286.685,Shake
1.999,-1.999,0.562,-286.685,-246.479,-36.890,Shake
1.999,-1.620,-0.510,-246.076,-126.621,286.519,Shake
1.487,0.645,-0.113,-122.290,-38.666,286.685,Shake
0.643,1.998,0.841,-33.250,-71.724,286.685,Shake
-1.999,1.998,0.913,-115.710,-208.932,286.685,Shake
-1.999,1.998,-1.169,-10.745,31.211,-286.081,Shake
-0.579,1.998,0.554,257.320,-63.787,-286.685,Shake
1.999,1.998,1.999,276.264,79.546,-286.685,Shake
1.999,-1.861,0.843,7.219,-170.258,-286.685,Shake
1.999,-1.999,-0.701,-276.115,-286.685,26.801,Shake
1.999,-1.374,-1.175,-286.554,-286.685,204.846,Shake
1.999,-0.173,-1.086,200.821,-97.974,286.685,Shake
1.999,1.577,-0.771,286.685,286.685,286.685,Shake
-1.100,1.998,0.380,238.788,238.018,286.685,Shake
-1.999,1.998,1.421,-134.969,-267.610,223.781,Shake
-1.999,1.998,0.132,-105.761,-49.184,-285.145,Shake
0.542,1.998,1.798,177.765,105.114,-286.685,Shake
1.999,0.891,1.854,-54.976,246.881,-286.685,Shake
1.999,-1.999,-1.884,-158.489,-76.738,-285.880,Shake
1.999,-1.999,-1.759,144.620,-39.498,188.405,Shake
1.999,-0.820,-0.076,206.098,134.295,286.685,Shake
1.678,1.263,0.258,180.381,286.545,286.685,Shake
-0.670,1.998,1.169,-56.551,-69.921,286.685,Shake
-1.999,1.998,1.992,-232.759,-254.231,275.888,Shake
-1.999,1.998,0.140,-35.376,102.944,-241.185,Shake
-0.600,1.831,0.618,157.439,47.075,-286.685,Shake
0.297,0.674,1.555,151.489,60.935,-286.685,Shake
1.999,0.371,1.985,8.208,137.988,-286.685,Shake
1.999,-1.958,-0.419,-73.876,-75.338,-286.685,Shake
1.999,-1.792,0.115,-142.520,-286.685,113.356,Shake
1.999,-1.184,0.056,-88.174,-130.848,285.372,Shake
1.999,0.008,0.134,-19.539,38.850,286.685,Shake
1.824,1.899,0.333,5.171,91.359,286.685,Shake
0.082,1.998,1.260,-5.617,-32.760,286.685,Shake
-1.999,1.998,1.794,-199.745,-168.149,286.562,Shake
-1.999,1.998,0.051,25.506,175.193,-282.520,Shake
0.018,1.894,1.088,205.826,95.401,-286.685,Shake
1.978,-0.094,1.995,194.617,163.643,-286.685,Shake
1.999,-1.999,1.443,155.969,256.742,-286.685,Shake
1.999,-1.999,0.568,-110.215,-30.214,-280.971,Shake
1.999,-1.999,-1.087,-282.511,-286.685,-10.614,Shake
1.999,-1.439,-0.215,-76.842,-248.885,286.685,Shake
1.999,-0.145,0.084,46.261,-3.509,286.685,Shake
1.638,1.696,-0.249,52.421,11.270,286.685,Shake
0.605,1.998,0.694,234.859,46.874,286.685,Shake
-1.999,1.998,0.804,-210.053,-286.318,276.141,Shake
-1.593,1.998,-0.080,-115.027,-11.568,-286.685,Shake
1.998,1.998,1.135,41.869,123.261,-286.685,Shake
1.999,-1.502,1.993,177.363,52.167,-286.685,Shake
1.999,-1.999,0.975,-49.525,-100.100,-286.685,Shake
1.999,-1.999,-0.515,-285.959,-146.956,121.625,Shake
1.999,-1.026,-1.089,-167.352,-113.374,286.685,Shake
1.959,0.493,0.175,105.551,-73.027,286.685,Shake
0.526,1.998,0.660,160.230,-12.408,286.685,Shake
-1.999,1.998,1.999,10.255,-130.769,286.685,Shake
-1.999,1.998,-0.087,-206.202,188.335,-21.079,Shake
-1.028,1.998,-0.219,159.836,214.602,-286.685,Shake
1.734,1.998,1.666,286.685,134.137,-286.685,Shake
1.999,-0.483,1.999,236.775,23.616,-286.685,Shake
1.999,-1.999,0.449,-187.583,-88.366,-286.685,Shake
1.999,-1.999,-1.791,-193.497,-63.455,113.680,Shake
1.999,-1.338,-0.599,-43.479,-139.816,286.685,Shake
1.999,0.822,0.458,86.511,-80.098,286.685,Shake
1.826,1.987,0.796,131.294,-16.940,286.685,Shake
-1.270,1.998,1.998,32.419,-225.102,286.685,Shake
-1.999,1.998,1.589,-260.365,-78.050,281.155,Shake
-1.999,1.998,-0.787,108.649,286.685,-283.159,Shake
-0.514,1.998,-0.020,277.681,195.930,-286.685,Shake
1.722,0.374,1.311,286.685,26.163,-286.685,Shake
1.999,-1.999,1.464,261.196,49.840,-286.685,Shake
1.999,-1.999,0.550,140.866,57.627,-34.694,Shake
1.351,-1.841,-0.015,47.801,13.615,286.633,Shake
-0.049,-0.478,0.465,-36.216,2.914,286.685,Shake
-1.629,0.956,0.989,-24.911,-98.350,286.685,Shake
-1.988,0.734,1.249,-4.331,-15.409,134.391,Shake
-1.193,0.058,0.778,5.346,97.808,-67.988,Shake
-0.067,-1.552,0.660,-214.926,-102.786,-256.568,Shake
-0.077,-1.452,0.153,-169.811,-116.996,-24.167,Shake
-0.396,-1.144,-0.671,-199.089,-170.712,-6.711,Shake
-0.563,-0.595,-0.284,7.070,-101.395,-114.739,Shake
0.153,-1.038,1.037,222.259,105.717,-108.684,Shake
0.174,-0.747,0.340,227.518,266.508,30.327,Shake
-0.061,-1.499,0.742,173.486,41.799,5.250,Shake
-1.116,-0.030,0.906,-49.446,60.349,206.456,Shake
-0.327,-1.103,-0.481,-177.196,-97.003,83.808,Shake
-0.993,-0.422,0.214,-36.260,-75.075,-17.202,Shake
-0.543,-0.665,0.559,-62.965,-47.119,-30.371,Shake
-1.284,-0.171,0.107,-243.014,158.121,77.175,Shake
-1.999,0.316,-1.173,-179.848,250.031,-0.691,Shake
-1.999,0.367,-1.424,27.335,262.421,-286.090,Shake
-1.579,0.694,-1.104,241.421,35.420,-286.685,Shake
1.575,1.973,0.780,286.685,-284.156,-286.685,Shake
1.999,0.870,1.999,286.685,-130.357,-286.685,Shake
1.999,-1.324,1.999,-61.941,-44.984,100.021,Shake
1.999,0.224,1.683,-134.242,-25.944,286.685,Shake
1.060,1.424,1.906,-171.727,-221.279,286.685,Shake
-1.999,1.998,1.999,-194.644,-264.661,286.685,Shake
-1.999,1.924,-0.922,-276.342,278.723,286.685,Shake
-1.999,1.642,-1.998,-169.855,286.685,80.159,Shake
-1.999,1.791,-1.998,-31.448,231.166,-199.990,Shake
-1.999,1.998,-0.862,254.424,129.867,-286.685,Shake
0.625,1.998,1.004,286.685,-35.954,-286.685,Shake
1.999,1.883,1.999,286.685,30.844,-286.685,Shake
1.999,-0.889,1.999,-16.266,104.335,-153.256,Shake
1.999,0.094,1.999,-157.080,-43.391,283.307,Shake
1.962,1.998,1.999,-224.893,-201.197,286.685,Shake
-1.865,1.998,1.999,-286.554,-286.685,286.685,Shake
-1.999,1.998,-1.193,-286.685,180.285,286.685,Shake
-1.999,1.998,-1.998,-234.929,286.685,265.554,Shake
-1.999,1.998,-1.998,117.618,76.650,20.291,Shake
-1.999,1.730,-1.221,286.685,-114.301,-283.973,Shake
-1.237,1.998,1.395,286.685,-125.475,-286.685,Shake
1.790,1.998,1.999,286.685,-26.276,-286.685,Shake
1.999,1.580,1.999,189.525,278.793,-286.685,Shake
1.999,-1.096,1.999,-258.081,161.044,-255.762,Shake
1.999,0.636,1.999,-286.685,55.055,286.676,Shake
0.821,1.824,1.999,-286.685,-264.731,286.685,Shake
-1.946,1.998,0.859,-286.685,-273.595,286.685,Shake
-1.999,1.998,-1.274,-286.685,277.086,286.685,Shake
-1.999,1.998,-1.998,-279.886,286.685,281.155,Shake
-1.999,1.998,-1.998,192.535,283.325,-43.347,Shake
-1.447,1.980,-1.549,286.685,-274.514,-284.401,Shake
1.952,1.910,1.773,286.685,-286.676,-286.685,Shake
1.999,-1.125,1.999,283.938,-42.595,-276.141,Shake
1.999,-0.936,1.999,-101.535,35.875,150.430,Shake
1.879,0.926,1.999,-286.685,285.679,286.440,Shake
-0.170,1.972,0.329,-286.685,286.685,286.685,Shake
0.098,1.998,-1.998,-286.685,286.685,286.685,Shake
0.729,1.998,-1.998,-286.685,286.685,167.143,Shake
1.477,1.998,-1.998,-8.225,51.520,-2.774,Shake
0.261,1.434,-1.998,286.685,-258.606,-45.701,Shake
-0.781,0.455,-1.693,286.685,-193.602,-67.918,Shake
0.051,0.392,1.132,286.685,-286.685,-134.181,Shake
-1.619,1.074,1.999,286.685,-286.685,15.076,Shake
1.777,0.140,1.999,-130.795,-250.110,-286.685,Shake
1.999,1.693,1.999,-286.685,286.685,218.829,Shake
0.736,1.998,0.381,-286.685,286.685,260.164,Shake
0.743,1.998,-1.998,-286.685,164.911,156.712,Shake
0.744,1.998,-1.998,-238.420,-124.416,129.001,Shake
0.717,1.998,-1.998,130.086,-103.215,147.866,Shake
-1.676,1.406,-1.998,286.685,-286.659,76.265,Shake
-1.999,1.775,-1.035,286.685,-286.685,-277.725,Shake
0.438,1.998,1.999,286.685,-286.685,-286.685,Shake
1.999,0.056,1.999,33.136,-285.084,-286.685,Shake
1.999,1.847,1.999,-286.064,284.830,193.454,Shake
1.979,1.998,1.986,-286.685,105.035,286.685,Shake
0.174,1.998,0.279,-286.685,-124.582,286.685,Shake
-1.999,1.998,-1.998,-286.685,206.098,286.685,Shake
-1.269,1.998,-1.998,-233.730,286.685,211.846,Shake
-0.888,1.998,-1.998,273.481,10.561,84.805,Shake
-1.999,1.998,-1.996,286.685,-286.685,-244.492,Shake
0.547,1.998,0.322,286.685,-286.685,-286.685,Shake
1.999,0.480,1.999,286.650,-285.163,-286.685,Shake
1.999,0.552,1.999,-177.126,254.861,120.706,Shake
1.999,1.996,1.999,-286.685,284.261,286.685,Shake
0.269,1.998,0.966,-286.685,-86.126,286.685,Shake
-1.999,1.998,-1.936,-286.659,-240.712,266.149,Shake
-1.999,1.858,-1.998,-191.240,-167.195,150.062,Shake
-1.999,1.998,-1.998,81.463,286.353,-12.915,Shake
-1.999,1.998,-1.998,286.685,-83.125,-286.685,Shake
1.968,1.998,1.970,286.685,-272.055,-286.685,Shake
1.999,0.472,1.999,238.849,159.836,-286.685,Shake
1.999,0.444,1.999,51.826,11.620,-120.890,Shake
1.999,0.803,1.999,-223.510,-57.706,263.489,Shake
0.735,1.998,1.667,-286.685,132.029,286.685,Shake
-1.999,1.998,-0.659,-286.685,40.609,286.685,Shake
-1.999,1.998,-1.998,-286.685,74.918,263.331,Shake
-1.999,1.998,-1.998,-196.236,286.685,81.331,Shake
-0.887,1.998,-1.998,286.379,247.721,-227.509,Shake
0.159,1.998,-1.998,286.685,-271.372,-286.685,Shake
1.999,1.998,1.545,286.685,-286.685,-286.685,Shake
1.999,1.731,1.999,286.685,-275.774,-285.828,Shake
1.999,1.301,1.999,57.986,-127.636,230.178,Shake
1.999,1.998,1.999,-286.685,286.685,286.685,Shake
-1.091,1.998,1.231,-286.685,284.786,286.685,Shake
-1.999,1.998,-1.997,-286.685,124.311,286.685,Shake
-1.999,1.998,-1.998,-285.714,286.685,279.703,Shake
-1.313,1.998,-1.998,102.681,217.420,-134.050,Shake
-1.313,1.998,-1.996,286.685,-286.685,-286.685,Shake
-0.225,1.998,-0.170,286.685,-154.402,-286.685,Shake
1.999,1.998,1.999,286.685,-231.402,-286.685,Shake
1.999,1.697,1.999,286.615,-286.685,-277.987,Shake
1.999,1.659,1.999,-135.371,30.669,283.054,Shake
0.909,1.998,1.648,-286.685,132.589,286.685,Shake
-1.999,1.998,-0.250,-286.685,-274.199,286.685,Shake
-1.999,1.998,-1.967,-265.029,-14.446,286.685,Shake
-1.999,1.998,-1.998,-179.891,286.685,214.926,Shake
-1.999,1.998,-1.998,207.909,270.497,-276.045,Shake
-0.981,1.998,1.432,286.685,-136.658,-286.685,Shake
1.999,1.998,1.999,133.936,72.651,-286.685,Shake
1.999,1.021,1.912,-101.885,191.879,-278.574,Shake
1.999,1.998,0.968,-72.056,134.855,286.685,Shake
1.999,1.998,1.659,-0.656,-283.237,286.685,Shake
1.324,1.998,1.999,116.690,-286.685,286.685,Shake
-1.999,1.998,1.999,210.726,-286.186,286.685,Shake
-1.999,1.998,1.168,-39.156,231.420,286.685,Shake
-1.999,1.998,-1.998,-122.544,286.685,165.113,Shake
-1.999,1.998,-0.468,253.452,231.053,-286.685,Shake
0.132,1.998,1.532,244.387,-152.994,-286.685,Shake
1.999,1.998,1.999,146.589,16.004,-286.685,Shake
1.999,0.751,1.999,-196.954,286.685,-286.685,Shake
1.999,0.480,-0.458,-241.570,179.541,91.464,Shake
1.999,1.292,1.591,35.814,-286.073,286.685,Shake
1.999,1.989,1.999,40.171,-286.685,286.685,Shake
-1.424,1.998,1.999,87.736,-286.685,286.685,Shake
-1.999,1.998,1.999,15.295,-103.819,286.685,Shake
-1.999,1.998,-0.683,-81.646,286.685,262.246,Shake
-1.999,1.998,-1.485,-0.700,284.961,-170.747,Shake
-1.999,1.998,1.406,69.738,31.631,-286.685,Shake
1.927,1.998,1.109,-97.816,-153.825,-286.685,Shake
1.999,1.749,1.997,-120.496,286.685,-286.685,Shake
1.999,0.414,-0.076,-195.326,286.685,-120.942,Shake
1.999,1.406,0.658,11.655,-69.825,286.685,Shake
1.999,1.998,1.999,54.749,-286.685,286.685,Shake
-0.786,1.998,1.999,77.079,-286.685,286.685,Shake
-1.999,1.998,1.999,-31.728,-4.655,286.685,Shake
-1.999,1.998,-1.688,-202.860,285.101,284.987,Shake
-1.999,1.998,-1.997,183.076,253.452,-235.489,Shake
-1.999,1.998,1.999,282.065,40.705,-286.685,Shake
1.999,1.998,1.999,-79.179,253.951,-286.685,Shake
1.999,1.998,1.940,-286.685,284.786,-286.685,Shake
1.999,1.067,-1.880,-137.113,283.281,-13.939,Shake
1.999,1.998,1.184,44.161,-253.575,286.685,Shake
1.930,1.998,1.999,176.059,-286.685,286.685,Shake
-1.485,1.998,1.999,245.455,-174.003,286.685,Shake
-1.999,1.998,1.998,-3.622,33.810,286.685,Shake
-1.999,1.998,-0.943,-160.020,-69.991,132.913,Shake
-1.999,1.839,0.531,85.706,281.671,-286.212,Shake
-1.950,1.998,1.999,49.350,196.262,-286.685,Shake
0.948,1.998,1.999,-75.162,152.049,-286.685,Shake
1.999,1.998,1.999,-201.084,281.260,-286.685,Shake
1.999,1.997,-1.168,-286.221,286.685,-284.314,Shake
1.999,1.998,-1.130,170.467,-72.301,280.236,Shake
1.999,1.998,1.433,284.191,-286.685,286.685,Shake
-0.125,1.998,1.999,286.685,-286.685,286.685,Shake
-1.999,1.998,1.999,243.075,-250.189,286.685,Shake
-1.999,1.801,1.824,-185.307,-87.946,286.676,Shake
-1.999,1.677,0.778,-103.504,286.685,11.113,Shake
-1.999,1.378,-0.316,-10.727,286.685,-281.872,Shake
-1.553,1.739,1.517,208.495,184.879,-286.685,Shake
1.481,1.846,1.999,52.579,216.720,-286.685,Shake
1.999,1.998,1.999,-145.994,286.685,-286.685,Shake
1.999,1.998,0.424,-230.387,286.685,-286.685,Shake
1.999,1.612,-1.845,117.425,-34.458,103.696,Shake
1.999,1.998,0.859,275.853,-282.328,286.685,Shake
0.747,1.998,1.999,286.685,-286.685,286.685,Shake
-1.999,1.998,1.999,286.685,-286.379,286.685,Shake
-1.999,1.181,1.999,-32.042,-5.731,286.685,Shake
-1.999,1.059,0.169,-285.486,243.950,175.429,Shake
-1.999,1.252,-0.121,-51.572,286.685,-211.575,Shake
-1.999,1.514,0.835,82.478,286.519,-286.685,Shake
0.483,1.946,1.810,54.626,269.483,-286.685,Shake
1.999,1.998,1.786,36.514,286.685,-286.685,Shake
1.999,1.153,0.064,1.890,260.444,-284.585,Shake
1.999,1.535,-0.303,117.250,-125.816,285.967,Shake
1.999,1.998,1.689,173.941,-225.785,286.685,Shake
-0.582,1.998,1.999,199.815,-286.685,286.685,Shake
-1.999,1.998,1.999,161.394,-286.685,286.685,Shake
-1.999,1.529,1.999,33.679,-253.076,44.039,Shake
-1.999,-0.082,1.157,-126.402,-125.011,-190.829,Shake
-1.999,0.462,0.524,-32.812,286.606,-95.515,Shake
-1.999,0.955,1.343,76.440,286.685,-279.108,Shake
-0.607,1.796,1.995,-4.200,279.064,-286.685,Shake
1.709,1.998,1.585,-74.821,285.381,-286.685,Shake
1.999,1.580,0.969,37.415,286.685,-286.685,Shake
1.999,0.875,0.292,-9.730,28.157,80.071,Shake
1.999,1.998,1.081,3.325,-286.633,286.685,Shake
1.248,1.998,1.998,57.750,-286.685,286.685,Shake
-1.999,1.998,1.999,202.178,-286.685,286.685,Shake
-1.999,1.188,1.999,25.209,-286.685,285.241,Shake
-1.999,0.256,1.488,-186.725,-82.959,-165.305,Shake
-1.999,0.231,1.045,-139.423,233.835,-286.685,Shake
-1.917,0.542,1.398,-79.905,286.685,-286.685,Shake
-0.600,1.308,1.665,-100.397,286.685,-286.685,Shake
1.420,1.998,1.270,-148.715,286.685,-286.685,Shake
1.999,1.983,0.308,-8.470,286.685,-286.685,Shake
1.999,0.653,-0.370,73.299,263.874,-179.288,Shake
1.999,1.436,0.368,23.809,-226.984,286.676,Shake
0.283,1.998,0.694,94.561,-286.685,286.685,Shake
-1.999,1.481,1.988,286.291,-286.685,286.685,Shake
-1.999,0.474,1.999,286.685,-258.440,257.862,Shake
-1.999,-1.577,1.999,87.570,-286.685,-286.668,Shake
-1.218,-1.999,1.999,-63.306,-41.554,-257.198,Shake
-1.752,-0.513,1.999,-285.434,286.685,-57.164,Shake
-0.878,0.707,1.445,-286.685,286.685,-223.685,Shake
0.705,1.558,1.165,-286.685,286.685,-286.685,Shake
1.836,1.998,0.653,-286.685,286.685,-286.685,Shake
1.999,1.613,-1.968,-210.656,19.110,-283.771,Shake
1.999,1.953,-0.296,212.485,-286.685,221.419,Shake
1.999,1.998,1.976,223.510,-286.685,286.685,Shake
0.638,1.998,1.999,264.723,-286.685,286.685,Shake
-1.999,1.998,1.999,218.330,-51.266,286.685,Shake
-1.999,1.998,1.613,-276.019,-69.230,286.414,Shake
-1.999,1.781,-1.998,-253.628,219.450,-128.223,Shake
-1.999,1.741,-1.801,87.141,120.321,-286.685,Shake
-1.559,1.964,0.275,239.277,128.704,-286.685,Shake
0.788,1.998,1.471,286.685,243.031,-286.685,Shake
1.999,1.998,1.999,286.685,286.685,-286.685,Shake
1.999,0.864,1.999,161.866,182.219,-271.075,Shake
1.999,0.378,1.715,97.904,-267.251,259.936,Shake
-0.639,1.842,1.999,145.530,-286.685,286.685,Shake
-1.999,0.293,1.999,45.955,-212.905,286.685,Shake
-1.999,-0.534,1.162,-132.536,-130.130,-5.206,Shake
-1.999,-0.978,-0.449,-113.129,-165.708,-274.680,Shake
-0.306,-1.076,0.309,-30.564,-33.495,-99.899,Shake
0.440,-0.563,0.526,-47.022,154.875,91.893,Shake
-0.982,-0.629,-0.527,-134.006,-110.119,102.970,Shake
-0.389,-0.553,0.334,-2.809,-74.130,-96.355,Shake
-0.183,-0.745,0.492,-2.765,-0.665,-96.967,Shake
-0.082,-0.946,0.469,-40.976,88.891,-11.471,Shake
-0.177,-1.237,-0.228,-67.567,109.690,-16.004,Shake
-0.584,-0.786,-0.085,0.726,18.454,-174.842,Shake
-0.091,-1.851,1.097,-30.835,-68.512,-202.878,Shake
1.021,-1.999,-0.908,-286.685,-286.554,41.571,Shake
1.624,-1.999,0.281,-151.891,-143.281,236.381,Shake
-0.038,1.358,1.471,227.474,136.378,286.685,Shake
-1.999,1.998,0.213,184.774,216.878,277.533,Shake
-1.999,1.998,-0.784,278.609,144.874,-268.397,Shake
1.667,1.779,1.414,204.006,66.622,-286.685,Shake
1.999,-1.999,0.179,-118.974,-38.868,-286.685,Shake
1.999,-1.999,-1.998,-119.332,45.868,-286.685,Shake
1.999,-1.999,-1.693,24.640,-165.489,152.303,Shake
1.998,-0.722,0.691,160.492,-286.685,286.685,Shake
-0.216,1.998,1.999,265.545,-286.335,286.685,Shake
-1.999,1.998,1.914,12.320,114.581,286.685,Shake
-1.846,1.998,1.297,196.114,209.300,-274.986,Shake
1.966,-1.039,1.262,-9.222,192.833,-286.685,Shake
1.999,-1.999,-0.952,-115.902,174.676,-286.685,Shake
1.999,-1.999,-1.819,152.163,70.332,-139.615,Shake
1.999,-1.999,-0.522,43.881,-181.694,286.685,Shake
1.231,0.498,1.999,-66.544,-228.051,286.685,Shake
-1.216,1.998,1.999,-275.931,-112.236,286.685,Shake
-1.999,1.998,0.491,128.695,73.106,259.656,Shake
-1.063,1.998,1.972,281.426,147.341,-286.685,Shake
1.999,-1.856,1.612,131.040,110.618,-286.685,Shake
1.999,-1.999,-0.628,-7.394,88.393,-286.685,Shake
1.999,-1.999,-1.287,33.792,-9.065,-157.369,Shake
1.999,-1.999,-0.112,-142.091,-222.084,284.690,Shake
0.605,0.746,1.999,-140.691,-172.865,286.685,Shake
-1.999,1.998,-0.339,67.996,267.619,286.685,Shake
-1.999,1.998,-1.213,254.100,147.061,-246.566,Shake
0.498,1.984,1.800,282.152,20.300,-286.685,Shake
1.999,-1.999,1.546,137.034,32.261,-286.685,Shake
1.999,-1.999,-1.080,-56.166,-57.409,-281.155,Shake
1.999,-1.999,-0.590,-100.590,-181.606,208.206,Shake
1.999,-1.999,1.999,-16.161,-177.984,286.685,Shake
0.944,1.979,1.999,-214.830,-96.259,286.685,Shake
-1.999,1.998,-1.012,-153.790,201.477,286.685,Shake
-1.771,1.998,0.132,283.133,95.550,-227.054,Shake
1.572,-0.299,1.836,214.988,-6.230,-286.685,Shake
1.999,-1.999,0.737,-82.670,-6.414,-286.685,Shake
1.999,-1.999,-1.998,-286.562,-53.909,-286.685,Shake
1.999,-1.999,-1.998,-171.622,-212.004,17.500,Shake
1.999,-0.960,1.579,160.221,-286.685,286.685,Shake
-1.921,1.998,1.999,-8.663,-177.083,286.685,Shake
-1.999,1.998,1.234,-192.220,243.408,285.434,Shake
-1.922,1.998,-0.355,280.962,210.122,-267.505,Shake
1.501,-0.929,1.999,217.227,114.284,-286.685,Shake
1.999,-1.999,-0.532,-184.494,192.666,-286.685,Shake
1.999,-1.999,-1.998,-129.281,20.641,-124.845,Shake
1.999,-1.999,-1.957,64.251,-234.999,286.685,Shake
1.999,0.907,1.957,285.136,-202.878,286.685,Shake
-1.700,1.998,1.785,-117.154,30.196,286.685,Shake
-1.999,1.998,-1.988,-92.986,-78.522,-66.500,Shake
-0.927,1.998,1.055,264.915,-114.494,-286.685,Shake
1.962,-1.358,1.999,283.552,11.454,-286.685,Shake
1.999,-1.999,0.056,-76.003,82.521,-286.685,Shake
1.999,-1.999,-1.736,43.838,-54.224,36.452,Shake
1.999,-1.638,0.755,132.309,-213.640,286.685,Shake
1.724,1.918,1.999,165.655,-139.247,286.685,Shake
-1.999,1.998,0.242,-151.970,-256.611,286.685,Shake
-1.999,1.998,1.838,228.830,-28.656,-158.331,Shake
0.441,1.998,1.999,262.526,125.151,-286.685,Shake
1.999,0.571,1.999,48.440,150.946,-286.685,Shake
1.999,-1.999,0.652,-175.857,286.685,-286.685,Shake
1.999,-1.999,-1.944,27.423,183.304,-69.799,Shake
1.999,-1.409,-1.310,136.430,-86.118,286.685,Shake
0.485,0.923,1.069,275.223,-192.360,286.685,Shake
-1.999,1.998,1.503,76.405,-225.339,284.830,Shake
-1.914,1.066,1.085,49.009,-44.905,-125.956,Shake
-0.427,-0.312,0.880,33.801,-85.610,-184.607,Shake
-0.139,-0.899,1.592,16.275,-77.079,-167.554,Shake
0.222,-0.815,1.091,52.553,60.384,-175.893,Shake
1.261,-1.606,0.556,-24.351,48.528,-126.683,Shake
-0.017,-0.586,1.625,29.050,-37.362,83.379,Shake
-0.776,-0.038,1.599,53.874,54.565,-62.186,Shake
-0.595,-0.131,0.735,-5.661,92.715,-169.741,Shake
0.216,-0.661,0.392,-126.280,-238.420,-88.515,Shake
1.024,-1.337,0.597,-213.080,-124.539,-84.429,Shake
0.090,-0.851,0.685,-135.774,-38.789,53.445,Shake
-0.364,-1.492,0.593,20.799,-81.874,174.107,Shake
-1.179,-1.995,-1.254,93.345,-276.675,158.375,Shake
-1.999,-1.999,-1.951,286.685,-67.384,-175.805,Shake
-1.999,-1.940,-0.627,286.685,105.814,-286.685,Shake
-1.540,1.475,0.665,286.571,133.945,-286.685,Shake
-0.591,1.998,1.999,-48.720,233.432,-286.685,Shake
0.747,1.998,1.999,-68.031,44.520,-164.255,Shake
-1.124,1.998,1.003,-34.055,-93.826,286.685,Shake
-1.999,0.437,1.088,-128.406,-151.909,286.685,Shake
-1.999,-1.999,-1.147,149.896,-166.023,286.685,Shake
-1.999,-1.999,0.658,286.685,76.475,230.956,Shake
-1.999,-1.999,1.473,277.008,103.688,-193.594,Shake
-1.949,-1.009,1.086,245.481,50.391,-286.685,Shake
-0.987,1.998,-0.328,146.125,-8.855,-286.685,Shake
0.844,1.998,-0.531,-20.536,40.268,-39.375,Shake
-0.185,1.998,-1.061,19.460,89.854,286.685,Shake
-1.999,1.640,1.171,-230.440,55.011,286.685,Shake
-1.999,-1.999,0.848,-286.685,-81.996,286.685,Shake
-1.999,-1.999,-0.085,-57.260,-10.903,275.476,Shake
-1.999,-1.999,0.730,269.587,3.430,-275.170,Shake
-1.999,-0.902,0.245,286.685,-25.681,-286.685,Shake
-0.766,1.998,0.675,161.901,35.814,-286.685,Shake
0.791,1.998,0.394,-114.170,-27.913,-92.050,Shake
-0.509,1.998,0.413,-18.077,-27.116,286.685,Shake
-1.936,1.698,1.878,-285.399,-140.376,286.685,Shake
-1.999,-1.999,-0.723,-286.685,-272.545,286.685,Shake
-1.999,-1.999,-1.034,39.480,26.583,226.406,Shake
-1.999,-1.999,-0.259,249.191,106.995,-286.685,Shake
-1.999,0.833,0.658,273.630,126.691,-286.685,Shake
-1.435,1.998,1.999,-50.076,71.015,-286.685,Shake
0.286,1.998,1.729,-83.414,-139.738,-173.434,Shake
-1.470,1.998,0.675,-69.204,-140.333,286.685,Shake
-1.999,-0.578,0.229,-286.685,-259.647,286.685,Shake
-1.999,-1.999,-1.998,-219.984,-253.120,286.685,Shake
-1.999,-1.999,-1.149,127.732,201.810,194.285,Shake
-1.999,-1.999,0.650,30.048,283.378,-286.685,Shake
-1.999,-1.042,1.999,-108.001,241.281,-286.685,Shake
-1.079,1.935,1.999,202.247,56.569,-286.685,Shake
-0.448,1.998,0.433,-168.149,-279.930,-286.685,Shake
0.688,1.998,-1.482,-254.774,-114.424,-178.981,Shake
0.670,1.998,-0.612,-286.685,34.729,286.475,Shake
-1.986,1.908,0.409,-282.896,-8.846,286.685,Shake
-1.999,-1.999,-0.259,-281.172,-239.890,286.685,Shake
-1.999,-1.999,-1.416,-265.886,-3.789,286.685,Shake
-1.999,-1.999,-1.998,-214.095,-25.016,-142.511,Shake
-1.999,-1.999,-0.328,21.210,165.620,-286.685,Shake
-1.999,-0.389,0.993,39.987,222.477,-286.685,Shake
-0.822,1.998,1.505,57.190,132.352,-286.685,Shake
1.503,1.998,-0.698,12.145,-97.177,-245.446,Shake
-0.850,1.998,0.103,166.329,91.823,286.685,Shake
-1.999,0.487,1.620,-69.423,-38.719,286.685,Shake
-1.999,-1.999,0.821,-178.509,-127.925,286.685,Shake
-1.999,-1.999,-1.641,-250.057,-132.230,178.211,Shake
-1.999,-1.999,-0.593,203.367,149.476,-276.920,Shake
-1.999,-1.680,0.658,148.619,97.064,-286.685,Shake
-1.892,1.077,1.279,-117.836,137.751,-286.685,Shake
-0.568,1.998,1.203,-281.339,117.618,-286.685,Shake
0.738,1.998,1.050,-282.686,27.650,-286.685,Shake
0.564,1.998,-0.251,196.402,-113.173,125.317,Shake
-1.956,1.791,1.530,270.401,6.571,286.685,Shake
-1.999,-1.924,0.687,16.091,-192.019,286.685,Shake
-1.999,-1.999,0.217,138.049,-81.900,286.685,Shake
-1.850,-1.999,-0.384,127.986,-70.569,224.271,Shake
-1.680,-1.999,0.249,194.451,7.648,-264.101,Shake
-1.692,-1.354,0.262,-90.300,-61.941,-286.685,Shake
-1.535,0.382,0.409,5.521,155.724,-286.685,Shake
-0.120,1.998,0.834,-33.626,122.369,-286.685,Shake
1.199,1.998,-0.648,-7.105,-97.361,-124.871,Shake
-0.988,1.998,0.835,222.154,84.621,286.685,Shake
-1.978,0.556,1.926,38.631,-26.749,286.685,Shake
-1.999,-1.999,1.403,-47.653,-88.497,286.685,Shake
-1.999,-1.999,-0.568,-171.351,-98.525,286.685,Shake
-1.999,-1.999,-0.523,91.236,93.441,-153.545,Shake
-1.999,-1.911,0.053,16.756,-56.149,-286.685,Shake
-1.999,0.048,0.095,-224.446,48.554,-286.685,Shake
-0.894,1.998,1.999,-250.381,261.975,-286.685,Shake
1.509,1.998,0.835,18.952,-66.124,-194.197,Shake
-0.070,1.998,0.744,261.004,7.122,286.685,Shake
-1.614,1.438,1.477,207.121,-81.751,286.685,Shake
-1.999,-1.999,1.206,5.066,-151.497,286.685,Shake
-1.999,-1.999,-0.984,-145.451,-85.732,286.685,Shake
-1.999,-1.999,-0.543,149.669,114.012,-41.344,Shake
-1.999,-1.999,0.460,122.465,-29.444,-286.685,Shake
-1.824,0.139,0.585,-226.774,46.366,-286.685,Shake
-1.328,1.481,1.551,-243.084,203.630,-286.685,Shake
0.031,1.991,1.951,-95.882,155.776,-286.685,Shake
1.047,1.998,0.161,48.466,-203.236,-89.460,Shake
-0.841,1.997,0.342,141.960,-8.837,286.685,Shake
-1.804,0.802,1.801,190.286,-17.911,286.685,Shake
-1.999,-1.999,1.223,-41.370,-181.423,286.685,Shake
-1.999,-1.999,-1.341,-148.461,-120.899,286.685,Shake
-1.753,-1.999,-0.866,84.271,61.373,1.855,Shake
-1.439,-1.999,-0.146,-6.396,37.021,-286.685,Shake
-1.255,-1.423,0.107,-133.087,53.708,-286.685,Shake
-0.869,0.070,0.828,56.149,255.762,-286.685,Shake
-0.023,1.998,1.384,-44.074,188.895,-286.685,Shake
1.226,1.998,1.301,-127.085,-49.936,-254.441,Shake
0.670,1.998,-0.077,116.069,-100.756,277.349,Shake
-0.754,1.356,0.807,263.139,-19.250,286.685,Shake
-1.572,-0.569,1.671,228.165,-42.254,286.685,Shake
-1.999,-1.999,0.193,-268.616,-180.898,286.685,Shake
-1.867,-1.999,-0.869,-7.919,12.311,267.050,Shake
-1.560,-1.999,-0.488,68.022,53.882,-206.089,Shake
-1.359,-1.962,0.138,114.441,79.494,-286.685,Shake
-0.901,-0.495,0.511,58.599,132.081,-286.685,Shake
-0.594,1.924,1.073,24.124,218.715,-286.685,Shake
0.644,1.998,1.504,-126.368,83.589,-286.685,Shake
1.105,1.998,-0.241,-22.698,-185.413,-57.444,Shake
-0.290,1.998,-0.124,221.008,16.853,286.685,Shake
-1.491,-0.053,1.657,98.656,100.905,286.685,Shake
-1.316,-1.999,1.411,-134.829,-36.619,286.685,Shake
-1.585,-1.999,-0.784,-249.016,-135.503,286.685,Shake
-1.231,-1.999,-0.709,72.380,76.309,30.170,Shake
-1.081,-1.999,0.104,195.265,64.531,-282.082,Shake
-0.834,-0.877,0.525,58.765,38.728,-286.685,Shake
-0.635,0.771,0.860,-35.245,108.832,-286.685,Shake
0.544,1.998,1.463,-139.431,117.906,-286.685,Shake
1.060,1.998,0.512,-60.847,-122.115,-93.537,Shake
-0.053,1.926,0.165,256.261,-28.542,286.562,Shake
-0.879,0.638,1.358,250.495,50.050,286.685,Shake
-1.481,-1.667,1.960,7.122,-94.684,286.685,Shake
-1.200,-1.999,-0.054,-220.920,-220.378,286.685,Shake
-1.151,-1.999,-0.895,-112.481,-3.491,38.911,Shake
-1.036,-1.999,-0.178,88.760,96.110,-272.283,Shake
-0.674,-1.507,0.178,63.534,71.181,-286.685,Shake
-0.177,0.421,0.960,-74.410,146.869,-286.685,Shake
0.314,1.505,1.456,-277.392,132.974,-286.685,Shake
0.652,1.590,1.355,-174.370,81.839,-182.420,Shake
1.048,1.871,1.051,-14.333,-46.891,19.285,Shake
-0.147,0.807,0.619,229.556,-193.533,286.685,Shake
-0.532,-1.999,0.377,159.311,-191.109,286.685,Shake
-0.893,-1.999,-0.772,108.911,76.143,218.794,Shake
-0.614,-1.999,-0.056,118.090,101.045,-143.509,Shake
-0.436,-1.748,0.039,103.618,26.425,-285.906,Shake
-0.261,-0.128,0.535,-82.810,95.874,-286.685,Shake
-0.051,1.421,1.285,-283.911,116.156,-286.685,Shake
0.701,1.998,1.469,-244.283,0.481,-253.724,Shake
0.793,1.998,0.900,11.323,-96.495,-47.224,Shake
0.181,1.455,0.996,286.335,-33.556,276.194,Shake
-0.526,-0.820,1.635,144.751,-125.606,286.685,Shake
-0.497,-1.999,0.336,-133.324,-245.438,286.685,Shake
-0.401,-1.999,-0.349,-150.456,-84.893,242.454,Shake
-0.302,-1.999,-0.133,-89.381,-59.124,47.101,Shake
-0.303,-1.999,-0.232,-75.311,-101.588,4.611,Shake
-0.355,-1.999,-0.509,-70.893,12.241,-58.984,Shake
-0.416,-1.910,-0.065,-70.910,83.834,-152.390,Shake
-0.466,-1.688,-0.070,-86.511,62.545,-256.821,Shake
-0.523,-1.474,-0.054,-97.571,108.342,-286.685,Shake
-0.711,-0.088,0.326,-142.616,198.179,-286.685,Shake
0.022,1.998,1.689,-66.710,285.845,-286.685,Shake
0.776,1.998,1.085,146.440,-106.085,-93.021,Shake
-0.758,1.899,0.191,175.385,-50.444,286.685,Shake
-1.240,0.083,1.273,158.288,23.039,286.685,Shake
-1.087,-1.999,0.559,31.745,-216.720,286.685,Shake
-0.708,-1.999,-1.063,96.460,-84.805,284.987,Shake
-0.394,-1.999,-0.215,198.048,152.652,5.740,Shake
-0.411,-1.999,0.238,123.130,115.421,-168.656,Shake
-0.384,-1.374,0.791,-21.131,110.652,-286.685,Shake
-0.111,0.398,1.167,-104.702,130.839,-286.685,Shake
0.469,1.921,1.435,-140.569,109.611,-286.685,Shake
0.751,1.998,1.089,-74.060,-112.481,-93.590,Shake
0.254,1.923,0.513,109.043,-175.131,269.859,Shake
-0.948,0.499,1.149,138.434,-159.128,286.685,Shake
-1.552,-1.999,0.630,-71.662,-286.685,286.685,Shake
-1.732,-1.999,-1.869,-128.345,-230.667,283.745,Shake
-1.572,-1.999,-1.018,92.890,83.624,-78.251,Shake
-1.353,-1.999,-0.604,61.250,91.857,-285.189,Shake
-1.030,-1.607,-0.185,-31.124,111.519,-286.685,Shake
-0.706,-0.611,0.298,-18.778,221.935,-286.685,Shake
-0.848,0.614,0.848,-54.731,286.685,-286.685,Shake
-0.310,1.996,1.982,-64.592,286.204,-286.685,Shake
1.294,1.998,1.786,-67.427,78.978,-286.353,Shake
0.736,1.998,0.284,120.995,-206.325,212.205,Shake
-0.823,0.388,1.083,114.118,-37.879,286.685,Shake
-0.693,-1.999,1.216,24.841,-240.319,286.685,Shake
-0.621,-1.999,-0.549,-7.910,-194.696,286.685,Shake
-0.593,-1.999,-0.586,131.836,76.878,-13.422,Shake
-0.459,-1.999,-0.017,160.501,19.827,-193.655,Shake
-0.428,-1.492,0.095,-16.966,-30.205,-286.685,Shake
-0.215,-0.541,0.408,-109.253,51.240,-286.685,Shake
0.048,0.287,0.559,-124.556,124.049,-286.685,Shake
0.175,0.755,0.756,-82.661,160.965,-286.685,Shake
0.491,1.548,1.112,-83.790,94.159,-286.685,Shake
0.950,1.998,0.708,-27.309,-88.664,-189.193,Shake
0.547,1.696,0.308,48.764,-90.982,236.381,Shake
-0.113,0.956,0.592,60.708,-21.394,286.685,Shake
-0.965,-0.599,1.044,35.341,-93.835,286.685,Shake
-1.236,-1.881,0.816,6.352,-286.624,286.685,Shake
-0.912,-1.999,-0.984,58.380,-175.901,286.685,Shake
-0.948,-1.999,-0.877,166.399,102.909,10.185,Shake
-0.714,-1.999,0.026,100.257,81.305,-150.535,Shake
-0.396,-1.619,-0.181,-88.016,25.480,-285.066,Shake
-0.103,-0.628,0.470,-48.055,218.199,-286.685,Shake
0.247,0.741,1.463,-89.609,283.150,-286.685,Shake
0.902,1.612,1.998,-134.426,47.119,-192.447,Shake
0.712,1.535,1.423,-21.805,-168.122,71.794,Shake
-0.136,0.776,0.972,153.982,-204.908,286.685,Shake
-1.146,-0.919,1.097,33.722,-268.625,286.685,Shake
-1.331,-1.995,0.545,-62.746,-286.685,286.685,Shake
-1.270,-1.999,-1.413,14.971,-213.579,274.575,Shake
-1.357,-1.999,-0.748,172.428,87.194,-114.896,Shake
-1.108,-1.808,-0.001,100.030,90.283,-286.685,Shake
-0.676,-1.028,0.041,52.841,112.543,-286.685,Shake
-0.560,0.119,0.453,-2.914,239.076,-286.685,Shake
-0.532,1.248,1.040,-29.496,283.526,-286.685,Shake
0.554,1.998,1.827,-136.290,182.210,-286.685,Shake
1.292,1.998,1.053,43.916,-161.857,-44.144,Shake
0.098,1.947,0.778,255.202,-146.816,286.685,Shake
-1.542,1.038,1.573,263.174,-109.226,286.685,Shake
-1.124,-1.999,1.659,161.385,-191.161,286.685,Shake
-1.538,-1.999,-0.692,71.374,70.000,285.897,Shake
-1.356,-1.999,0.951,194.906,30.511,-214.804,Shake
-1.236,-1.506,0.197,15.575,-196.350,-286.685,Shake
-0.830,-0.373,0.250,-110.285,-127.584,-286.685,Shake
-0.296,1.184,0.901,-277.419,50.557,-286.685,Shake
0.560,1.998,1.417,-78.794,275.415,-284.401,Shake
1.288,1.998,1.642,6.912,-169.645,-123.147,Shake
0.220,1.998,0.383,218.680,-181.624,279.668,Shake
-1.717,1.711,1.489,212.984,-9.030,286.685,Shake
-1.170,-1.999,1.288,-70.219,-164.421,286.685,Shake
-1.185,-1.999,-0.914,-119.018,-114.319,283.098,Shake
-0.438,-1.999,0.220,246.846,48.318,-232.855,Shake
-0.165,-1.210,0.237,141.391,-4.139,-237.318,Shake
0.262,-0.669,0.476,-19.066,63.193,-122.255,Shake
0.836,1.172,1.230,-58.319,50.129,83.659,Shake
0.693,-0.423,0.508,-85.514,-36.304,94.666,Shake
0.533,-0.379,0.577,34.493,-20.562,-17.159,Shake
0.396,-1.104,0.919,-51.240,-105.823,-55.851,Shake
0.122,-0.644,0.555,-79.861,-80.771,-4.253,Shake
0.286,-0.882,0.368,-66.736,-45.325,20.589,Shake
0.287,-0.844,0.437,48.064,21.814,21.849,Shake
0.237,-0.643,0.474,91.324,35.849,17.903,Shake
0.274,-0.614,0.562,143.938,68.582,24.159,Shake
0.416,-0.905,0.653,36.750,-11.708,50.391,Shake
0.335,-0.545,0.496,-50.627,-4.918,46.436,Shake
0.351,-0.482,0.916,-30.511,5.206,104.510,Shake
0.316,-0.733,0.688,-16.923,-7.901,149.161,Shake
-0.343,-1.999,-0.280,55.204,52.150,27.169,Shake
0.261,-1.353,0.974,1.776,53.270,27.632,Shake
0.166,-0.797,0.641,-81.935,68.154,-15.925,Shake
1.507,-1.037,0.463,-147.542,-62.037,-61.014,Shake
1.999,-1.999,-0.106,-141.785,-193.349,15.330,Shake
1.999,-1.927,0.041,14.840,-185.587,234.413,Shake
1.972,-1.034,0.315,134.908,-87.754,286.685,Shake
-1.127,1.897,1.123,269.369,109.970,286.685,Shake
-1.999,1.998,1.776,102.603,216.090,235.708,Shake
-1.586,1.998,0.152,152.504,286.685,-286.685,Shake
0.412,1.277,0.988,258.816,280.709,-286.685,Shake
1.999,-0.835,1.008,-17.728,-48.764,-286.685,Shake
1.999,-1.999,1.316,-14.350,31.141,-286.685,Shake
1.999,-1.999,-0.062,-68.268,-37.118,-99.461,Shake
1.999,-1.999,0.366,-82.302,-167.309,227.518,Shake
1.999,-0.378,0.816,-37.415,-245.910,286.685,Shake
-1.424,1.998,1.999,109.944,-183.881,286.685,Shake
-1.999,1.998,-0.620,120.969,286.685,197.584,Shake
-1.999,1.998,-1.066,190.208,237.947,-279.099,Shake
-0.091,1.120,1.566,199.833,-113.724,-286.685,Shake
1.999,-1.858,1.999,-153.414,-155.400,-286.685,Shake
1.999,-1.999,0.622,-282.870,140.359,-286.685,Shake
1.999,-1.999,-1.699,-286.685,-83.738,24.325,Shake
1.999,-1.166,0.180,-52.553,-286.685,286.685,Shake
1.951,0.123,1.095,75.889,-284.069,286.685,Shake
-1.002,1.998,1.192,-13.860,-183.137,286.685,Shake
-1.999,1.998,1.278,-140.639,6.799,246.155,Shake
-1.999,1.998,0.009,-13.466,83.081,-286.685,Shake
-0.753,1.798,1.555,167.773,115.124,-286.685,Shake
1.984,-0.476,1.999,-88.506,127.050,-286.685,Shake
1.999,-1.999,-0.741,-249.926,286.685,-286.685,Shake
1.999,-1.999,-1.614,-38.553,73.754,-2.783,Shake
1.999,-1.981,-0.455,-22.619,-146.449,286.685,Shake
1.999,-0.219,0.287,2.301,-123.261,286.685,Shake
1.907,1.784,0.296,7.490,-18.891,286.685,Shake
-1.758,1.998,-0.654,-80.605,-77.525,286.685,Shake
-1.999,1.998,-0.915,17.552,-40.373,49.551,Shake
-1.694,1.998,-0.678,124.145,-54.504,-286.685,Shake
0.749,1.312,1.721,286.177,-147.298,-286.685,Shake
1.991,-1.866,1.999,58.520,-45.876,-286.685,Shake
1.999,-1.999,1.012,-75.950,189.665,-286.685,Shake
1.999,-1.999,-1.365,-90.982,-75.976,-198.791,Shake
1.999,-1.999,0.127,-5.119,-263.629,144.541,Shake
1.999,-0.635,0.940,-32.305,-109.113,286.685,Shake
0.953,1.908,0.664,-2.957,-36.794,286.685,Shake
-1.878,1.998,1.286,-197.732,-278.355,286.685,Shake
-1.999,1.998,0.674,-236.303,-47.653,41.519,Shake
-1.678,1.998,0.377,-30.931,196.193,-286.685,Shake
0.636,1.599,0.827,111.598,175.429,-286.685,Shake
1.982,-0.856,1.907,143.622,155.181,-286.685,Shake
1.999,-1.990,1.999,12.941,173.819,-286.685,Shake
1.999,-1.999,-1.479,-178.946,242.524,-286.685,Shake
1.999,-1.999,-1.758,103.915,31.089,39.025,Shake
1.999,-1.553,0.610,101.106,-214.489,286.685,Shake
1.917,0.023,0.565,-54.443,-215.390,286.685,Shake
1.588,1.141,0.610,-16.949,-207.812,286.685,Shake
-0.073,1.998,1.002,-88.664,-286.685,286.685,Shake
-1.999,1.998,1.937,8.916,-225.724,261.660,Shake
-1.692,1.998,1.601,170.398,267.776,-286.685,Shake
0.456,1.963,1.729,229.941,286.685,-286.685,Shake
1.917,-0.601,1.999,100.695,146.720,-286.685,Shake
1.999,-1.999,0.904,-234.885,137.550,-286.685,Shake
1.999,-1.999,-1.998,-122.876,200.366,-279.405,Shake
1.999,-1.999,-1.267,38.412,-197.549,53.979,Shake
1.999,-1.770,0.454,39.147,-286.685,276.535,Shake
1.866,0.132,0.708,-32.804,-281.348,286.685,Shake
0.502,1.998,1.255,-21.962,-286.685,286.685,Shake
-1.999,1.998,1.999,-26.355,-234.202,279.256,Shake
-1.999,1.998,1.834,-96.915,108.482,-192.229,Shake
-0.488,1.933,0.464,-55.720,285.224,-286.685,Shake
1.028,0.783,1.390,158.034,286.685,-286.685,Shake
1.999,-0.850,1.863,4.392,282.188,-286.685,Shake
1.999,-1.946,-1.032,-156.599,286.685,-286.685,Shake
1.999,-1.999,-1.618,63.368,80.824,-184.581,Shake
1.999,-1.735,-0.996,21.385,-272.422,280.586,Shake
1.999,-0.286,0.369,171.360,-286.668,286.685,Shake
1.935,0.980,0.643,183.277,-256.323,286.685,Shake
1.065,1.998,1.245,156.065,-286.685,286.685,Shake
-1.999,1.998,1.999,18.655,-283.832,284.594,Shake
-1.985,1.998,1.936,-89.757,286.685,-285.451,Shake
0.072,1.998,1.597,-179.253,286.685,-286.685,Shake
1.999,0.906,1.732,-278.390,286.685,-286.685,Shake
1.999,-1.079,-1.998,46.970,286.685,-286.685,Shake
1.999,-1.687,0.806,286.685,286.685,-281.864,Shake
1.999,-1.999,0.856,286.685,286.685,-45.369,Shake
1.999,-1.999,-0.336,285.819,286.685,281.969,Shake
1.999,-0.468,-0.649,286.685,286.685,286.685,Shake
1.392,1.070,-1.660,286.685,286.685,286.685,Shake
0.603,1.995,-1.500,197.986,285.696,286.685,Shake
-1.852,1.998,1.526,-286.536,-286.685,286.685,Shake
-1.999,1.998,1.999,-286.685,-248.640,32.279,Shake
-0.862,1.998,0.606,-286.685,-116.244,-286.685,Shake
1.297,1.581,0.309,-286.685,-94.211,-286.685,Shake
1.860,1.461,0.879,-130.331,199.798,-286.685,Shake
1.999,-0.736,0.893,8.566,286.685,-286.685,Shake
1.999,-1.999,-0.635,199.798,242.366,-285.128,Shake
1.999,-1.139,0.487,23.354,102.051,286.624,Shake
1.999,1.526,1.179,-23.573,-256.139,286.685,Shake
-1.067,1.998,1.999,-5.346,-275.467,286.685,Shake
-1.999,1.998,1.999,-77.192,86.188,276.631,Shake
-1.999,1.998,1.221,72.214,286.536,-279.781,Shake
-1.698,1.612,0.185,-57.601,135.327,-286.685,Shake
-0.448,1.568,0.455,9.380,142.529,-286.685,Shake
1.974,0.590,0.967,111.230,182.367,-286.685,Shake
1.998,-1.990,0.252,188.904,-0.481,-286.685,Shake
1.999,-1.999,1.581,161.438,-95.191,161.508,Shake
1.999,-0.634,1.969,-10.325,-207.848,286.685,Shake
1.999,1.991,1.999,-103.600,-131.967,286.685,Shake
0.609,1.998,1.999,-156.424,-51.511,286.685,Shake
-1.863,1.998,1.582,-112.761,284.139,286.685,Shake
-1.999,1.998,0.561,-42.429,286.685,276.369,Shake
-1.999,1.998,0.066,-106.277,212.765,-237.379,Shake
-1.163,1.998,0.231,-38.798,126.429,-286.685,Shake
-0.550,1.998,0.832,207.253,242.716,-286.685,Shake
1.048,1.998,1.401,257.976,240.984,-286.685,Shake
1.998,1.920,0.439,-17.981,6.746,-286.685,Shake
1.999,-1.036,-0.860,236.688,120.986,-286.685,Shake
1.998,-1.208,-1.038,286.685,-81.629,-276.176,Shake
1.999,0.187,-0.038,286.685,-286.685,191.800,Shake
1.999,0.966,1.999,286.685,-286.685,286.685,Shake
1.999,-0.604,1.999,122.255,-286.685,286.685,Shake
1.999,1.313,1.999,-15.382,-165.708,286.685,Shake
1.521,1.998,0.640,-238.061,79.704,286.685,Shake
-0.551,1.998,-0.102,-260.794,-209.143,286.685,Shake
-1.347,1.296,1.166,-157.920,-286.685,286.685,Shake
-1.665,1.607,1.999,-67.629,-67.086,286.685,Shake
-1.999,1.998,1.999,-285.084,153.326,222.215,Shake
-1.580,1.998,0.848,-144.296,286.685,-284.454,Shake
1.208,1.998,0.885,-143.001,286.685,-286.685,Shake
1.999,1.422,-1.105,-281.400,286.685,-286.685,Shake
1.999,-0.546,-1.998,-236.171,28.910,-286.685,Shake
1.999,-0.681,-1.998,224.341,240.835,42.980,Shake
1.999,-0.957,-1.998,267.312,-131.084,74.331,Shake
1.999,-1.399,-1.368,286.685,-199.798,195.536,Shake
1.999,-0.849,-0.735,286.685,-229.460,286.685,Shake
1.999,1.006,0.429,286.685,-273.341,286.685,Shake
0.408,1.998,1.999,282.117,-286.685,286.685,Shake
-1.999,1.998,1.999,-265.519,80.115,245.289,Shake
-1.612,1.998,1.986,-286.685,286.685,-284.165,Shake
1.932,1.991,0.939,-286.685,286.685,-286.685,Shake
1.999,1.998,-1.259,-286.685,286.685,-182.770,Shake
1.784,1.998,-1.998,-286.676,285.784,35.254,Shake
1.110,1.998,-1.998,270.576,-77.018,57.356,Shake
1.045,1.527,-1.998,286.685,-286.685,-126.446,Shake
1.481,0.284,-1.998,286.685,-286.685,-162.452,Shake
1.999,-0.643,-1.891,286.685,-286.685,-120.076,Shake
1.999,1.518,0.660,286.685,-282.677,277.480,Shake
-1.098,1.998,1.892,286.685,-141.654,286.685,Shake
-1.999,1.998,1.558,286.685,-161.604,234.561,Shake
-1.783,1.998,1.554,286.685,-60.585,-130.174,Shake
-1.044,1.950,0.497,286.685,256.839,-162.304,Shake
-0.566,1.998,-0.504,286.685,286.685,-101.692,Shake
-1.024,1.998,0.432,286.685,257.521,13.475,Shake
-1.671,1.998,0.628,286.685,-203.359,-186.515,Shake
-0.686,1.998,-0.224,174.230,-286.685,-286.685,Shake
1.954,1.998,0.456,-21.026,-286.685,-286.685,Shake
1.998,1.373,-1.998,-27.702,-286.685,-286.685,Shake
1.999,0.218,1.328,286.685,-286.685,-286.685,Shake
1.998,-0.604,0.950,16.424,-286.685,-286.685,Shake
1.998,-1.893,1.716,123.393,-286.685,-166.766,Shake
1.998,-0.770,-0.624,-124.399,-263.909,286.685,Shake
1.999,1.175,-0.142,-7.403,-286.685,286.685,Shake
1.999,1.483,1.997,98.254,-286.685,286.685,Shake
1.999,1.931,0.041,286.685,22.794,286.685,Shake
0.945,1.998,-1.965,286.685,286.685,286.685,Shake
-0.753,1.998,-1.998,286.685,286.685,286.685,Shake
-0.612,1.998,-1.726,286.685,286.685,286.685,Shake
-0.913,1.998,-1.998,286.685,286.685,281.610,Shake
-1.241,1.998,-1.998,286.685,276.027,-103.731,Shake
1.646,1.468,-1.998,286.685,-286.685,-286.685,Shake
1.998,1.114,-1.010,286.685,-286.685,-286.685,Shake
1.999,1.998,1.110,286.685,-286.685,-286.685,Shake
1.998,1.973,1.265,286.685,-286.685,-286.685,Shake
1.999,-0.063,1.379,170.896,-286.685,-286.685,Shake
1.998,-1.999,0.651,-13.667,-286.685,-118.221,Shake
1.999,-0.014,0.171,121.135,26.740,286.685,Shake
1.998,1.863,-1.436,118.808,-159.364,286.685,Shake
1.999,0.648,1.350,128.669,-286.685,286.685,Shake
1.998,1.089,0.848,283.631,-112.332,286.685,Shake
0.462,1.998,-0.470,286.685,286.685,286.685,Shake
-1.338,1.998,-1.970,286.685,286.685,286.685,Shake
-0.593,1.921,-1.998,286.685,286.685,286.685,Shake
-0.746,1.382,-1.205,286.685,286.685,286.685,Shake
-1.290,0.931,-1.993,286.685,227.325,61.801,Shake
-1.180,1.997,-1.226,286.685,-19.906,-273.691,Shake
1.395,0.584,-1.243,283.509,-286.685,-286.685,Shake
1.998,0.692,-0.211,286.685,-286.685,-286.685,Shake
1.998,1.571,1.482,286.685,-286.685,-286.685,Shake
1.998,1.402,1.972,286.685,-286.685,-286.685,Shake
1.998,-1.480,1.999,127.969,-286.685,-286.685,Shake
1.998,-1.998,1.999,187.915,-278.364,198.686,Shake
1.999,1.857,1.881,-113.207,170.581,286.685,Shake
1.998,1.998,0.025,-267.348,252.753,286.685,Shake
1.998,1.998,-0.894,-6.799,157.920,286.685,Shake
0.457,1.998,0.289,-46.165,-206.421,286.685,Shake
-1.174,1.998,0.765,-69.134,-286.685,286.685,Shake
-1.999,1.998,1.165,223.956,-244.440,238.989,Shake
-1.999,1.998,-0.233,286.685,267.085,-55.221,Shake
-1.940,1.998,0.304,286.685,154.018,-286.685,Shake
0.814,1.998,0.826,286.685,154.621,-286.685,Shake
1.998,1.998,1.560,286.685,99.033,-286.685,Shake
1.998,0.298,-0.146,254.625,-29.479,-286.685,Shake
1.998,1.100,1.999,286.685,22.015,-286.685,Shake
1.998,-0.048,1.165,274.733,-5.206,-286.685,Shake
1.998,-1.188,0.762,286.624,3.439,-286.685,Shake
1.998,-0.555,0.447,187.311,-260.767,156.879,Shake
1.998,0.381,1.348,88.226,-286.685,286.685,Shake
1.998,0.659,1.291,-5.206,-286.685,286.685,Shake
1.998,0.829,1.926,87.124,-286.685,286.685,Shake
1.998,0.785,1.999,42.595,-286.685,286.685,Shake
1.741,1.797,1.975,262.631,-229.215,286.685,Shake
-1.536,1.998,1.999,120.671,-127.164,286.685,Shake
-1.999,1.998,1.999,-112.543,-14.998,283.955,Shake
-1.599,1.421,1.880,-234.133,265.860,-37.949,Shake
-0.093,1.072,1.240,-206.273,286.685,-169.505,Shake
1.284,1.910,1.652,-57.103,286.685,-281.531,Shake
1.998,1.998,1.992,22.444,286.685,-286.685,Shake
1.998,1.255,-0.779,170.091,286.685,-286.685,Shake
1.998,0.478,-0.491,286.685,286.685,-262.045,Shake
1.998,0.736,-0.659,286.685,286.685,-142.301,Shake
1.998,0.016,-0.759,128.284,-162.741,-286.011,Shake
1.998,-0.630,-0.897,285.163,-286.685,-56.822,Shake
1.998,-0.363,1.848,286.685,-286.685,282.047,Shake
1.998,-0.487,1.912,284.812,-286.685,286.685,Shake
1.998,-0.044,1.385,180.434,-286.685,286.685,Shake
1.998,1.791,1.999,123.515,-286.685,286.685,Shake
1.274,1.998,1.843,79.625,-264.031,286.685,Shake
-0.658,1.998,0.123,275.564,153.536,286.685,Shake
-1.469,1.998,-0.535,286.685,286.685,286.685,Shake
-1.862,1.998,-0.327,286.685,286.685,280.096,Shake
-1.309,1.998,0.710,286.685,286.685,103.582,Shake
-0.617,1.759,1.481,286.685,286.685,-243.057,Shake
1.766,0.776,-0.570,286.685,80.439,-286.685,Shake
1.998,0.619,1.712,286.685,-203.070,-286.685,Shake
1.998,-0.764,0.749,258.160,-272.142,-286.685,Shake
1.998,-1.558,-0.026,286.685,-286.685,-286.685,Shake
1.998,-1.043,0.767,284.541,-286.685,-213.491,Shake
1.998,-1.383,1.739,171.255,-286.685,-18.708,Shake
1.998,-1.999,1.773,70.096,-286.685,248.727,Shake
1.998,-1.303,1.850,100.887,-286.685,286.685,Shake
1.998,1.719,1.454,284.944,-70.691,286.685,Shake
0.025,1.998,-0.679,286.685,286.685,286.685,Shake
-0.706,1.998,-0.379,286.685,286.685,286.685,Shake
-1.121,1.998,-0.389,286.685,286.685,286.685,Shake
-1.302,1.998,-1.998,286.685,275.870,204.173,Shake
-1.233,1.998,-0.976,286.685,-127.059,-246.908,Shake
0.295,1.998,0.059,286.685,-271.189,-286.685,Shake
1.990,1.087,-1.061,40.469,-286.685,-286.685,Shake
1.998,-0.170,-0.600,218.094,-286.685,-286.685,Shake
1.998,-0.471,1.999,283.806,-286.685,-286.685,Shake
1.998,-1.999,0.196,9.756,-177.774,-286.685,Shake
1.998,-1.999,-0.212,167.606,-83.107,19.915,Shake
1.998,-1.823,0.032,152.985,-221.979,286.685,Shake
1.998,0.412,1.080,178.605,-285.758,286.685,Shake
1.998,1.998,1.307,151.664,-239.251,286.685,Shake
-1.965,1.998,0.547,286.685,265.799,286.685,Shake
-1.999,1.998,1.024,277.777,142.012,72.161,Shake
-1.997,1.998,1.557,53.200,-2.082,-281.540,Shake
-0.876,1.459,1.296,5.670,54.871,-286.685,Shake
0.888,1.998,1.354,-57.768,208.758,-286.685,Shake
1.998,1.668,1.648,-201.574,102.357,-286.685,Shake
1.998,-0.054,-0.047,-272.230,241.684,-286.685,Shake
1.998,-1.132,0.481,9.914,286.685,-286.685,Shake
1.998,-1.683,-0.871,-109.393,176.041,-130.445,Shake
1.998,-0.807,-0.806,-33.206,-74.130,280.612,Shake
1.998,0.233,-0.288,-22.041,-286.685,286.685,Shake
1.998,1.448,1.260,78.470,-286.685,286.685,Shake
1.988,1.998,1.644,128.214,-286.685,286.685,Shake
-1.999,1.998,1.999,263.340,-235.174,286.685,Shake
-1.999,1.998,1.999,-191.538,-223.440,81.821,Shake
-1.999,1.998,1.999,-286.685,144.139,-286.589,Shake
0.609,1.562,1.669,-286.685,275.397,-286.685,Shake
1.998,1.317,-0.065,-286.685,74.725,-286.685,Shake
1.827,1.998,-1.998,-286.685,-286.685,-286.685,Shake
1.998,0.451,-1.998,-171.736,-101.001,-284.568,Shake
1.998,-0.431,-1.998,211.470,247.231,125.055,Shake
1.241,1.199,-1.998,282.432,7.577,286.685,Shake
1.065,0.463,-0.784,286.685,-153.519,286.685,Shake
1.549,0.652,0.280,286.685,-28.551,286.685,Shake
0.561,1.998,0.730,286.685,123.629,286.685,Shake
-1.999,1.998,1.999,286.685,-43.610,286.466,Shake
-1.970,1.995,1.984,96.652,246.724,-283.185,Shake
0.201,0.771,1.217,-51.931,148.321,-286.685,Shake
1.451,-0.062,1.313,-171.369,41.029,-286.685,Shake
1.998,-1.487,-0.863,-286.685,-61.451,-286.685,Shake
1.998,-1.999,-1.155,130.961,266.394,-236.303,Shake
1.998,-1.996,-0.334,29.540,62.694,108.115,Shake
1.998,-0.857,-0.187,16.651,-39.874,286.685,Shake
1.549,0.356,0.004,40.705,14.805,286.685,Shake
-0.252,1.998,-0.104,42.114,-55.869,286.685,Shake
-1.999,1.998,1.636,-38.500,-286.685,286.685,Shake
-1.999,1.998,1.574,54.469,-2.170,-262.185,Shake
-1.082,1.998,1.084,53.638,90.842,-286.685,Shake
1.242,1.004,1.412,77.849,93.082,-286.685,Shake
1.998,-1.294,0.933,-23.590,15.584,-286.685,Shake
1.998,-1.957,0.493,-58.931,49.822,-286.685,Shake
1.998,-1.999,0.320,-0.289,124.136,-267.453,Shake
1.998,-1.895,-0.357,-61.057,-6.484,162.575,Shake
1.998,-0.339,0.294,-35.079,-82.618,286.685,Shake
1.570,1.084,0.075,-27.431,15.698,286.685,Shake
0.273,1.998,-0.188,3.141,22.916,286.685,Shake
-1.999,1.998,1.083,-149.249,-286.685,286.011,Shake
-1.999,1.998,1.252,-67.716,-114.669,-286.685,Shake
1.103,1.998,1.597,3.203,-2.161,-286.685,Shake
1.998,0.110,1.691,-89.250,21.394,-286.685,Shake
1.998,-0.897,0.318,-192.885,-22.111,-286.685,Shake
1.998,-1.999,-0.856,-277.436,-51.599,-286.685,Shake
1.998,-1.868,-1.068,-64.802,-77.420,40.644,Shake
1.998,-0.894,-0.141,34.248,-175.131,286.685,Shake
1.948,-0.113,0.215,-0.446,-223.781,286.685,Shake
1.470,0.214,0.303,34.536,-227.404,286.685,Shake
-0.118,1.329,1.022,115.754,-176.102,286.685,Shake
-1.999,1.998,1.917,175.604,-52.894,286.685,Shake
-1.999,1.621,1.467,244.003,281.111,148.715,Shake
-1.790,1.141,0.825,220.990,286.685,-85.531,Shake
-0.336,0.076,0.777,123.253,168.105,-286.685,Shake
0.047,-0.177,0.669,-143.964,-131.040,-286.685,Shake
-0.151,0.599,0.228,-286.685,-227.622,-286.685,Shake
0.060,0.511,0.266,-145.749,74.357,-286.685,Shake
0.668,0.562,0.701,-45.290,214.926,-286.685,Shake
1.806,0.686,0.596,-73.544,262.264,-286.685,Shake
1.998,-0.398,-0.410,-144.795,261.765,-286.685,Shake
1.998,-1.732,-1.903,-5.653,120.496,-267.636,Shake
1.998,-1.374,-1.816,76.116,-106.286,50.330,Shake
1.998,0.015,-0.452,159.644,-286.685,286.685,Shake
1.998,0.377,0.346,170.380,-286.685,286.685,Shake
1.998,-0.479,1.235,116.821,-286.685,252.893,Shake
1.998,-0.933,1.709,233.949,-286.685,235.524,Shake
1.571,0.514,1.999,286.685,-286.685,286.685,Shake
-1.999,1.998,1.999,251.055,186.497,286.685,Shake
-1.998,1.998,1.999,-170.538,286.685,-21.166,Shake
-0.997,1.998,1.999,-222.548,286.685,-280.805,Shake
1.776,1.998,1.999,-109.121,286.685,-286.685,Shake
1.998,1.998,1.966,-138.215,286.685,-286.685,Shake
1.998,0.368,-1.978,127.295,286.685,-286.685,Shake
1.998,0.756,-0.035,286.685,286.685,-112.577,Shake
1.998,-0.116,-1.352,286.685,253.706,-175.499,Shake
1.998,-0.112,-1.997,273.236,-285.171,-10.587,Shake
1.998,0.968,1.011,286.685,-286.685,87.868,Shake
1.998,0.277,1.999,286.685,-286.685,53.174,Shake
1.998,-1.377,1.999,286.685,-286.029,225.610,Shake
1.998,-0.562,1.692,286.685,-174.449,286.685,Shake
1.998,1.985,1.702,286.685,18.095,286.685,Shake
-0.435,1.998,-0.000,286.685,286.580,286.685,Shake
-1.762,1.998,-1.280,286.685,286.685,286.685,Shake
-1.271,1.998,-1.271,286.685,286.685,286.685,Shake
-0.595,1.883,-0.166,286.685,286.685,106.960,Shake
0.121,0.962,-0.640,254.555,159.285,-280.770,Shake
1.275,1.656,-0.831,286.685,-173.626,-286.685,Shake
1.874,1.736,0.523,286.685,-286.685,-286.685,Shake
1.998,0.313,-0.226,256.217,-286.685,-286.685,Shake
1.998,-0.511,1.117,286.195,-286.685,-286.685,Shake
1.998,-1.999,1.229,193.655,-286.256,-282.966,Shake
1.998,-1.883,0.636,189.814,-10.841,278.434,Shake
1.998,-0.491,0.329,149.958,144.393,286.685,Shake
1.998,1.783,0.293,149.651,192.482,286.685,Shake
1.688,1.998,0.172,-20.694,111.177,286.685,Shake
0.373,1.998,1.928,-61.381,-129.369,286.685,Shake
-0.859,1.998,0.832,-153.352,54.268,286.685,Shake
-1.999,1.998,-0.382,-194.863,-188.527,266.464,Shake
-1.999,1.998,0.387,133.473,-188.527,-154.744,Shake
-1.984,1.998,1.842,141.242,-27.562,-286.685,Shake
1.542,1.998,1.999,-194.556,105.534,-286.685,Shake
1.998,1.794,-1.207,-286.125,286.685,-286.685,Shake
1.998,-0.380,-0.038,84.849,286.685,-286.685,Shake
1.998,1.600,1.753,-5.670,286.685,-286.685,Shake
1.998,-0.361,-1.241,-140.761,282.538,-286.685,Shake
1.998,-1.065,-1.773,32.121,-67.900,-129.482,Shake
1.998,-1.396,0.260,279.151,-285.337,247.266,Shake
1.998,-1.092,1.350,286.484,-286.685,286.685,Shake
1.998,-0.193,1.999,124.495,-286.685,286.685,Shake
1.998,1.998,1.999,-52.509,-283.307,286.685,Shake
-0.027,1.998,1.577,82.040,-72.249,286.685,Shake
-1.683,1.998,1.215,-4.559,-82.311,286.685,Shake
-1.999,1.998,0.828,-74.025,-58.765,286.685,Shake
-1.999,1.998,0.127,-11.454,-46.594,183.943,Shake
-1.999,1.998,0.733,198.432,68.372,-253.383,Shake
-1.942,1.998,1.261,273.245,177.100,-286.685,Shake
1.500,1.998,1.999,252.087,281.024,-286.685,Shake
1.998,1.971,1.514,-15.347,286.685,-286.685,Shake
1.998,1.644,1.578,151.384,180.057,-286.685,Shake
1.998,1.998,1.824,-6.676,203.455,-286.685,Shake
1.998,0.879,0.384,-164.789,175.613,-286.685,Shake
1.998,-0.727,-1.557,-57.627,82.128,-286.685,Shake
1.998,-0.657,-1.998,190.566,-220.071,-19.513,Shake
1.998,0.442,-0.946,286.685,-286.685,286.186,Shake
1.998,0.846,0.387,286.685,-286.685,286.650,Shake
1.998,-0.333,1.217,286.685,-286.685,227.727,Shake
1.998,-0.849,1.999,281.129,-286.685,286.685,Shake
1.998,0.650,1.999,231.376,-282.284,286.685,Shake
1.712,1.998,-0.094,286.685,1.592,286.685,Shake
-1.685,1.998,-0.916,286.685,-36.138,286.685,Shake
-1.999,1.998,0.926,286.685,72.835,286.685,Shake
-1.999,1.495,1.442,286.685,286.685,219.555,Shake
-1.004,0.813,1.456,286.685,286.685,91.490,Shake
-0.849,1.542,-0.288,286.685,286.685,-77.997,Shake
-0.742,1.998,1.050,286.685,286.685,-286.414,Shake
0.122,1.690,1.309,250.723,64.689,-286.685,Shake
1.998,0.109,-1.873,286.685,-90.431,-286.685,Shake
1.998,1.551,0.220,286.685,-286.685,-286.685,Shake
1.998,1.186,0.214,286.685,-286.685,-286.685,Shake
1.998,0.062,0.834,215.784,-286.685,-286.685,Shake
1.998,-1.999,1.455,86.765,-286.685,-278.057,Shake
1.998,-1.181,0.379,-0.298,-286.685,215.031,Shake
1.998,0.680,-0.245,107.354,-286.685,286.685,Shake
1.844,0.761,0.996,286.685,-14.472,286.685,Shake
1.149,0.839,0.164,286.685,244.799,286.685,Shake
-0.720,1.822,0.670,286.685,286.685,286.685,Shake
-1.005,1.998,-0.671,190.383,286.685,284.270,Shake
-0.706,1.998,-1.998,225.803,286.685,-84.796,Shake
0.239,1.777,-1.321,286.685,279.195,-262.448,Shake
0.639,1.153,0.255,286.685,108.482,-286.685,Shake
1.998,-0.147,-0.955,286.685,-60.139,-286.685,Shake
1.998,-0.041,0.718,286.685,-276.045,-286.685,Shake
1.998,-0.690,0.617,263.830,-286.685,-286.685,Shake
1.998,-1.201,0.730,286.449,-286.685,-220.876,Shake
1.998,-1.999,1.999,240.660,-286.685,147.271,Shake
1.998,-0.489,1.714,204.601,-273.639,286.685,Shake
1.998,1.962,1.643,286.685,-0.744,286.685,Shake
0.535,1.998,1.999,-3.894,162.820,286.685,Shake
-1.097,1.998,1.250,83.186,262.938,286.685,Shake
-1.158,1.998,-0.728,286.685,286.685,286.685,Shake
-1.163,1.998,-1.401,286.685,286.685,181.484,Shake
-1.461,1.998,-0.655,286.685,248.745,-271.171,Shake
1.217,1.345,-1.363,280.823,-127.820,-286.685,Shake
1.998,0.499,-0.352,286.685,-286.685,-286.685,Shake
1.998,0.269,0.017,286.685,-286.685,-286.685,Shake
1.998,0.283,-0.091,286.685,-286.685,-286.685,Shake
1.998,0.097,0.609,266.210,-286.685,-286.685,Shake
1.998,-1.164,0.620,175.324,-286.685,-260.969,Shake
1.998,-1.921,1.171,213.658,-286.685,150.684,Shake
1.998,0.343,1.038,286.685,-32.489,286.685,Shake
1.998,1.955,-0.187,286.685,284.786,286.685,Shake
0.285,1.998,-1.057,284.384,285.434,286.685,Shake
-1.842,1.998,0.670,-31.439,-128.747,286.685,Shake
-1.999,1.998,1.999,-286.685,-286.685,263.524,Shake
-1.999,1.998,1.869,-229.075,228.909,-182.893,Shake
0.038,1.998,1.311,-192.386,286.685,-286.685,Shake
1.964,1.998,1.852,-151.795,286.685,-286.685,Shake
1.998,1.142,1.999,-20.195,286.685,-286.685,Shake
1.998,-0.787,-1.998,-239.750,286.685,-286.685,Shake
1.998,-0.708,-0.876,66.955,286.160,-224.770,Shake
1.998,-1.171,-1.998,-88.113,-78.916,-138.512,Shake
1.998,-0.235,-1.546,-8.024,-286.685,134.750,Shake
1.998,0.351,0.010,-101.010,-286.685,56.717,Shake
1.998,-0.875,0.862,-97.641,-286.685,-44.669,Shake
1.998,-0.783,-0.795,143.325,-286.685,187.521,Shake
1.998,0.009,0.516,286.685,-286.685,286.685,Shake
1.998,1.851,1.865,286.685,-286.685,286.685,Shake
-0.873,1.998,1.999,286.685,-286.685,286.685,Shake
-1.999,1.998,1.977,286.685,-144.690,149.879,Shake
-1.697,1.625,1.999,278.985,-77.709,-215.679,Shake
-1.321,0.541,1.786,224.954,18.725,-286.685,Shake
-1.164,0.501,1.464,189.962,195.773,-286.685,Shake
0.832,-0.078,1.999,87.999,256.288,-286.685,Shake
1.998,-1.907,1.257,-286.545,142.406,-286.685,Shake
1.998,1.031,-0.080,-286.685,-286.265,-286.562,Shake
1.998,1.998,-1.998,-286.685,154.455,-128.529,Shake
1.998,0.834,-1.998,36.706,-249.428,58.888,Shake
1.879,-0.319,-1.761,9.686,-286.685,182.822,Shake
1.256,-0.221,-1.998,285.758,-240.354,200.769,Shake
1.998,-1.027,-0.304,286.685,-286.685,251.134,Shake
1.998,0.496,0.613,286.685,-286.676,286.685,Shake
1.627,1.998,1.213,286.685,-243.364,286.685,Shake
-0.508,1.998,0.898,286.685,-46.471,286.685,Shake
-1.154,1.998,0.291,286.685,111.309,286.554,Shake
-1.556,1.998,-1.288,141.706,-42.018,-57.339,Shake
-0.923,1.165,-1.998,237.003,-143.631,-254.100,Shake
-0.019,0.636,-1.702,286.685,-227.579,-125.309,Shake
-0.025,1.998,1.999,286.685,-286.685,176.514,Shake
-1.999,1.998,1.999,72.756,-286.685,-197.759,Shake
-1.932,1.998,1.942,-286.685,-212.949,-286.685,Shake
1.405,1.764,-1.998,-286.685,-286.685,-286.685,Shake
1.998,-0.466,-0.390,-149.564,-281.242,-286.685,Shake
1.998,-1.447,0.695,-271.670,-283.990,-286.685,Shake
1.981,-0.677,-0.260,-286.685,-286.685,-249.436,Shake
1.998,-1.418,-0.485,-280.578,-286.685,-129.211,Shake
1.998,-0.964,0.331,-109.445,-286.685,279.930,Shake
1.867,-0.174,0.260,1.347,-286.685,286.685,Shake
0.956,1.266,0.362,141.234,-286.685,286.685,Shake
-0.228,1.914,1.257,135.021,-286.685,286.685,Shake
-1.999,1.998,0.280,164.115,-228.340,286.685,Shake
-1.999,1.998,-0.987,286.195,-16.634,126.210,Shake
-1.484,1.998,-1.164,286.685,-192.273,-222.810,Shake
0.333,0.296,-0.131,286.685,-286.501,-286.685,Shake
0.534,0.203,1.573,286.685,-280.691,-95.830,Shake
-0.676,0.101,1.999,286.685,-286.685,-28.779,Shake
-1.600,0.555,1.999,284.270,-131.792,-136.570,Shake
-0.885,1.371,1.999,-274.575,145.477,-276.841,Shake
0.539,0.634,1.999,-286.685,50.417,-286.685,Shake
0.966,0.633,1.724,-286.685,162.732,-268.783,Shake
1.374,1.418,1.600,-286.685,275.328,-50.846,Shake
1.606,1.998,0.345,-286.685,286.685,-36.269,Shake
0.991,1.998,-1.998,-286.685,286.606,-34.466,Shake
0.545,1.706,-1.958,-286.685,-130.944,-204.776,Shake
1.164,0.344,-1.134,-198.896,-261.555,-148.146,Shake
0.311,0.755,-1.924,135.520,-187.731,106.076,Shake
0.045,1.242,-1.998,286.633,-260.776,159.880,Shake
0.597,1.783,-1.871,286.685,-286.685,216.519,Shake
0.888,1.605,0.974,286.685,-286.685,155.759,Shake
-0.485,0.754,1.999,286.685,-286.685,131.731,Shake
-1.993,1.437,1.999,286.685,-192.019,248.220,Shake
-1.938,1.511,1.999,171.115,7.674,-140.402,Shake
0.218,0.352,1.999,-286.685,153.169,-286.440,Shake
0.534,1.653,1.999,-286.685,286.685,-193.629,Shake
0.885,1.998,1.927,-286.685,286.685,-239.356,Shake
1.791,1.998,0.709,-286.685,286.685,-284.392,Shake
1.998,1.998,-0.613,-286.685,286.685,-286.685,Shake
1.998,1.998,-1.319,-76.851,286.685,-286.685,Shake
1.998,1.224,-0.486,197.129,286.685,-286.685,Shake
1.998,-0.431,-1.556,174.195,286.685,-286.685,Shake
1.998,-1.179,-1.998,282.362,100.677,-90.361,Shake
1.996,-0.852,-1.666,286.685,-144.016,203.919,Shake
1.866,-0.929,-0.869,286.685,-286.685,286.641,Shake
1.981,-0.891,0.582,286.685,-283.797,286.685,Shake
1.471,-0.163,-0.279,286.685,-243.626,286.685,Shake
0.461,0.471,1.386,286.685,-271.198,286.685,Shake
0.013,-0.007,1.999,286.685,-286.475,286.685,Shake
-0.138,1.097,1.999,-16.599,-30.896,286.685,Shake
-0.275,1.912,1.999,-286.545,193.996,283.194,Shake
-0.953,1.998,1.896,-286.685,286.685,82.819,Shake
-0.207,1.998,0.426,-139.869,286.685,-251.072,Shake
0.100,1.998,-0.061,27.886,286.685,-286.685,Shake
1.998,1.995,0.865,130.602,286.685,-286.685,Shake
1.998,0.826,-0.104,173.539,286.685,-286.685,Shake
1.998,-0.651,0.469,286.685,286.685,-286.685,Shake
1.998,-1.974,-1.390,176.724,257.749,-286.685,Shake
1.998,-1.924,-1.998,145.372,-257.372,-201.495,Shake
1.998,-0.987,-0.073,54.460,-286.685,199.973,Shake
1.998,-0.278,1.155,86.161,-286.685,286.676,Shake
1.998,-0.602,1.999,-66.658,-286.685,203.490,Shake
1.998,-1.434,1.142,-7.446,-284.970,279.204,Shake
1.998,0.330,-0.561,285.443,-14.114,286.685,Shake
1.399,1.835,-0.675,286.685,8.601,286.685,Shake
-0.839,1.998,0.249,286.685,-63.963,286.685,Shake
-1.999,1.998,0.785,286.685,65.879,286.685,Shake
-1.334,1.205,0.061,286.685,85.995,83.624,Shake
-0.662,0.637,-0.376,286.685,112.245,1.085,Shake
-0.778,0.713,-0.551,286.685,60.104,68.757,Shake
-1.096,1.140,0.071,286.685,28.639,42.831,Shake
-1.516,1.312,1.995,286.685,-147.114,-150.106,Shake
-1.049,0.525,1.999,275.371,-286.668,-286.685,Shake
-0.009,-0.504,0.670,-277.944,-282.494,-286.685,Shake
0.285,-0.124,-0.116,-212.861,-286.685,-286.685,Shake
1.588,-0.887,-0.009,-75.119,-286.685,-286.685,Shake
1.998,-1.436,0.215,-253.120,-286.685,-286.685,Shake
1.892,-1.312,0.286,-286.685,-286.685,-286.685,Shake
1.998,-1.999,0.297,-283.955,-282.581,-178.509,Shake
1.998,-1.997,-0.227,-63.472,48.615,286.116,Shake
1.998,1.158,-0.601,285.906,184.634,286.685,Shake
1.075,1.998,-0.227,286.685,286.685,286.685,Shake
-0.063,1.998,-0.630,217.586,286.685,286.685,Shake
-1.974,1.998,-1.998,195.466,229.617,286.685,Shake
-1.999,1.998,-0.811,284.821,-230.878,-57.619,Shake
0.986,1.998,1.581,149.380,-282.091,-286.685,Shake
1.998,-0.158,1.303,69.379,-71.575,-286.685,Shake
1.998,-1.424,1.378,241.859,85.094,-286.685,Shake
1.998,-1.999,1.999,61.967,58.441,-286.685,Shake
1.998,-1.999,0.210,-263.288,41.178,-264.862,Shake
1.998,-1.999,0.033,-62.947,-109.655,159.057,Shake
1.940,-1.332,1.063,-14.639,-256.410,286.685,Shake
1.502,-0.796,1.435,-103.845,-286.685,286.685,Shake
1.138,-0.061,1.138,-185.754,-286.685,286.685,Shake
0.734,1.625,1.102,-147.980,-286.685,286.685,Shake
-0.010,1.998,1.212,-162.846,-286.685,286.685,Shake
-1.091,1.727,0.924,-78.662,-282.511,285.513,Shake
-1.972,1.451,0.044,-45.456,-136.990,143.281,Shake
-1.999,1.265,-0.579,121.809,51.065,-214.865,Shake
-0.388,1.330,0.330,286.457,106.995,-286.685,Shake
1.901,0.805,1.999,286.685,77.709,-286.685,Shake
1.998,-0.887,1.999,286.361,73.999,-286.685,Shake
1.998,-1.997,1.824,-33.827,88.384,-286.685,Shake
1.561,-1.517,1.326,-160.431,25.244,-198.100,Shake
1.998,-1.996,0.142,-266.971,8.601,-285.434,Shake
1.998,-1.999,-0.424,-226.695,-127.479,-10.964,Shake
1.998,-1.743,0.452,-95.611,-270.777,226.196,Shake
1.998,-0.950,1.355,-70.840,-283.640,286.685,Shake
1.998,0.530,1.501,-60.419,-174.869,286.685,Shake
1.491,1.827,0.639,-46.979,-33.373,286.685,Shake
0.653,1.998,0.420,29.558,-10.999,286.685,Shake
-1.138,1.998,0.161,-41.029,-103.644,286.685,Shake
-1.999,1.998,-0.799,-105.936,-190.741,-16.240,Shake
-0.976,1.653,-0.779,186.200,20.921,-286.685,Shake
0.555,1.362,0.132,286.685,95.646,-286.685,Shake
1.501,0.457,1.999,286.685,-0.621,-286.685,Shake
1.998,-1.585,1.999,109.113,-171.631,-286.685,Shake
1.995,-1.944,1.987,-160.580,-6.108,-286.685,Shake
1.994,-1.999,1.715,-271.425,69.615,-204.741,Shake
1.998,-1.999,0.787,-286.685,51.292,-188.947,Shake
1.998,-1.869,0.434,-286.685,13.746,93.476,Shake
1.998,-1.093,0.005,-214.935,-4.664,286.685,Shake
1.998,-0.167,-0.463,-187.731,-112.647,286.685,Shake
1.830,0.511,-0.295,-196.140,-263.786,286.685,Shake
1.461,1.097,0.368,-212.765,-286.685,286.685,Shake
1.146,1.648,0.558,-142.459,-286.685,286.685,Shake
-0.376,1.998,0.904,184.240,-286.685,286.685,Shake
-1.968,1.998,0.817,61.932,-286.685,218.803,Shake
-1.999,1.998,1.303,254.398,-249.051,-88.900,Shake
-0.829,1.998,1.999,286.685,-65.223,-286.685,Shake
1.952,1.889,1.999,97.781,-26.521,-286.685,Shake
1.998,-0.630,1.987,-283.517,286.685,-286.685,Shake
1.998,-1.770,0.260,-246.085,286.598,-286.685,Shake
1.998,-1.999,0.928,-269.832,-61.994,-286.685,Shake
1.998,-1.872,-0.008,-286.685,-286.685,-11.935,Shake
1.998,-0.629,-1.830,-171.430,-169.794,286.685,Shake
1.969,1.535,0.270,44.275,-283.745,286.685,Shake
1.105,1.998,0.821,-87.658,-286.685,286.685,Shake
1.011,1.998,1.376,-106.864,-286.685,286.685,Shake
-0.858,1.998,1.999,-118.842,-286.685,286.685,Shake
-1.999,1.998,1.999,-134.260,-246.715,219.494,Shake
-1.426,1.998,1.031,-41.178,283.929,-286.685,Shake
0.985,1.777,1.651,188.178,243.758,-286.685,Shake
1.998,0.514,1.999,277.200,218.041,-286.685,Shake
1.998,-0.945,1.999,2.319,286.685,-286.685,Shake
1.998,-1.563,1.173,-242.462,230.720,-286.685,Shake
1.998,-1.999,0.619,-183.523,204.452,-286.685,Shake
1.998,-1.999,0.509,-216.370,193.288,143.929,Shake
1.998,-1.450,0.007,-214.366,192.124,286.685,Shake
1.998,-0.316,-0.780,-106.794,232.890,286.685,Shake
1.998,0.565,-0.840,-32.200,116.559,286.685,Shake
1.386,1.015,-0.364,-132.396,-159.635,286.685,Shake
1.027,1.138,0.304,-284.961,-286.685,286.685,Shake
1.072,0.916,0.654,-286.685,-286.685,286.685,Shake
1.264,1.860,0.840,13.711,-286.685,286.685,Shake
-1.909,1.998,1.999,278.434,-286.685,286.685,Shake
-1.999,1.998,1.999,124.434,-67.349,-218.943,Shake
-0.547,1.998,1.999,9.634,-81.769,-286.685,Shake
1.898,1.251,1.999,-254.039,38.421,-286.685,Shake
1.998,-1.191,1.787,-286.685,192.885,-286.685,Shake
1.737,-1.933,1.350,-286.685,7.324,-286.685,Shake
1.984,-0.821,1.766,-286.685,-151.777,-286.685,Shake
1.437,1.224,-1.998,-286.685,-68.058,-105.919,Shake
1.998,-0.642,-1.998,-230.641,-205.625,78.601,Shake
1.998,-0.085,-0.992,-3.894,-286.685,286.685,Shake
1.303,0.817,-1.072,15.286,-286.685,286.685,Shake
1.221,1.124,-0.792,245.980,-286.685,286.685,Shake
1.191,1.995,-0.211,286.685,-286.685,286.685,Shake
-1.689,1.998,1.986,286.685,-286.685,286.545,Shake
-1.999,1.998,1.999,-41.519,-238.604,-240.809,Shake
1.865,1.824,1.999,-286.685,286.685,-286.685,Shake
1.998,1.360,1.952,-286.685,286.685,-286.685,Shake
1.998,1.998,-0.201,-286.685,286.685,-286.685,Shake
1.998,1.359,-1.998,-286.624,286.685,-286.685,Shake
1.998,-0.054,-1.998,198.485,66.973,-72.931,Shake
1.998,0.961,-1.998,286.685,-156.992,286.108,Shake
1.998,0.877,-1.998,286.685,-285.504,286.685,Shake
1.998,0.015,-0.380,286.685,-286.685,286.685,Shake
1.998,0.691,1.386,286.685,-286.685,286.685,Shake
-0.132,0.944,1.999,259.962,-286.685,286.685,Shake
-0.951,0.104,1.999,-94.789,-286.685,286.685,Shake
-0.282,0.503,1.999,-286.685,250.136,263.191,Shake
1.068,1.771,1.999,-286.685,286.685,161.814,Shake
1.998,1.998,0.264,-286.685,286.685,83.904,Shake
1.998,1.998,-0.975,-286.685,286.685,28.009,Shake
1.998,1.702,-1.192,-284.865,286.685,156.529,Shake
1.373,1.998,-1.316,-86.783,286.685,286.685,Shake
0.789,1.998,-1.998,-30.774,219.109,90.702,Shake
1.290,1.998,-1.998,247.555,80.098,-92.505,Shake
1.802,0.863,-1.998,286.685,-124.206,-147.385,Shake
1.951,-0.782,-1.750,286.685,-285.731,-90.169,Shake
1.998,-1.999,0.700,286.685,-286.685,-41.799,Shake
1.998,-1.999,1.999,286.685,-286.685,101.885,Shake
1.344,-1.887,1.999,136.386,-286.685,276.150,Shake
-0.425,0.363,1.999,-199.010,-4.497,286.685,Shake
-0.666,1.147,1.756,-286.685,206.465,286.685,Shake
-0.140,1.503,0.611,-286.685,281.592,243.775,Shake
0.374,1.838,-0.014,-286.685,263.672,149.660,Shake
0.659,1.998,-0.327,-286.685,199.054,127.549,Shake
-0.619,1.998,-1.260,-159.504,283.089,153.186,Shake
-0.322,1.998,-1.222,138.766,246.181,-100.713,Shake
0.651,1.844,-0.725,244.667,237.930,-285.521,Shake
1.608,0.342,-1.562,220.246,210.849,-283.867,Shake
1.060,-0.029,-1.998,285.443,74.060,-129.430,Shake
1.672,-1.583,-1.998,286.685,-114.765,-193.497,Shake
1.998,-1.999,0.105,286.685,-286.685,-191.292,Shake
1.998,-1.989,0.790,286.685,-286.685,286.527,Shake
1.039,0.997,1.999,286.685,-286.685,286.685,Shake
-1.999,1.998,1.999,270.672,-67.095,286.685,Shake
-0.952,1.466,1.999,-109.594,255.798,96.320,Shake
0.113,1.468,1.999,-286.685,286.685,-125.493,Shake
1.912,1.920,1.999,-286.685,286.685,-212.774,Shake
1.998,1.998,1.563,-286.685,286.685,-265.230,Shake
1.998,1.998,-1.998,-286.685,286.685,-286.685,Shake
1.998,1.821,-1.998,41.072,275.651,-173.740,Shake
1.998,1.817,-1.998,286.685,42.324,154.306,Shake
0.921,1.956,-1.998,286.685,-206.815,108.885,Shake
1.998,-0.371,-1.998,286.685,-286.685,-91.507,Shake
1.998,-1.231,-0.533,286.685,-286.685,100.459,Shake
1.998,1.357,1.669,286.685,-285.154,286.685,Shake
1.229,1.998,1.999,286.685,-264.976,286.685,Shake
-1.999,1.998,1.999,212.879,-286.379,286.685,Shake
-1.133,1.998,1.999,-261.126,97.143,222.268,Shake
-0.785,1.998,1.649,-262.019,286.685,90.125,Shake
-0.701,1.992,1.065,-202.484,286.685,-14.368,Shake
-0.562,1.636,0.843,-179.576,286.685,-209.352,Shake
0.522,1.406,1.199,-223.659,286.685,-286.685,Shake
1.998,1.998,0.790,-286.685,286.685,-286.685,Shake
1.998,1.998,-1.717,-286.685,286.685,-286.685,Shake
1.998,0.986,-1.998,-87.728,286.685,-282.546,Shake
1.275,1.067,-1.843,286.685,266.385,26.565,Shake
1.169,0.356,-1.337,286.685,138.443,-70.052,Shake
1.998,-0.809,-1.011,286.685,-85.033,-68.548,Shake
1.998,-1.135,0.060,286.685,-116.743,98.543,Shake
1.998,-1.944,1.999,286.685,-285.906,175.779,Shake
1.998,-1.999,1.999,-12.819,-286.685,245.604,Shake
1.880,-1.413,1.823,-94.902,-173.469,286.685,Shake
1.240,-0.474,1.492,-95.480,-201.206,286.685,Shake
0.364,0.469,1.435,-107.686,-218.120,286.685,Shake
0.017,1.245,1.462,-187.163,-183.085,286.685,Shake
-0.370,1.996,1.122,-286.685,-153.650,286.685,Shake
-1.775,1.998,0.367,-267.225,-32.130,286.685,Shake
-1.999,1.998,-0.666,-15.024,190.899,-137.804,Shake
-0.696,1.913,-0.583,270.104,139.729,-286.685,Shake
1.631,0.159,1.999,286.685,88.200,-286.685,Shake
1.757,-1.999,1.999,286.685,180.346,-286.685,Shake
1.318,-1.999,1.999,-12.355,286.685,-286.685,Shake
1.998,-1.999,1.999,-243.670,286.685,-286.527,Shake
1.998,-1.556,-0.324,-286.685,286.685,-118.370,Shake
1.998,-1.404,-1.998,-286.519,229.469,37.853,Shake
1.998,-0.807,-1.998,-148.846,-59.281,271.171,Shake
1.998,-0.128,-1.920,-23.870,-119.534,286.685,Shake
1.998,0.756,-0.977,37.135,-210.018,286.685,Shake
1.256,1.957,-0.207,20.099,-286.685,286.685,Shake
-0.500,1.998,0.635,69.151,-286.685,286.685,Shake
-1.999,1.998,1.965,139.283,-286.685,89.784,Shake
-1.999,1.998,1.999,121.152,-286.685,-280.936,Shake
1.044,1.979,1.999,-141.435,-58.371,-286.685,Shake
1.998,-1.736,1.999,-286.685,250.303,-286.685,Shake
1.998,-1.999,0.276,-286.685,160.842,-286.685,Shake
1.998,-1.662,-0.085,-286.685,95.926,-234.631,Shake
1.998,-1.228,-1.998,-272.659,163.765,227.421,Shake
1.998,0.120,-1.777,-58.144,-19.198,286.685,Shake
1.912,1.232,-0.781,-139.212,-159.268,286.685,Shake
1.474,1.998,-1.103,-187.434,-282.747,286.685,Shake
-0.637,1.998,-0.404,-71.628,-286.685,286.685,Shake
-1.999,1.998,0.085,127.033,-286.685,-31.465,Shake
-1.878,1.998,0.996,251.947,-286.685,-286.685,Shake
0.727,0.726,1.999,286.685,-286.685,-286.685,Shake
1.998,-1.999,1.999,-145.906,-91.394,-286.685,Shake
1.998,-1.999,1.994,-286.685,286.685,-260.908,Shake
1.951,-1.152,0.927,-286.685,177.809,-199.587,Shake
1.998,-0.713,-1.745,-286.685,-17.351,-6.239,Shake
1.998,-0.443,-1.998,-286.685,-84.656,198.607,Shake
1.998,1.591,-1.919,-221.926,-285.478,286.685,Shake
1.164,1.998,-1.359,-51.354,-286.685,286.685,Shake
0.393,1.998,-0.682,99.339,-286.685,286.685,Shake
0.191,1.998,0.545,235.620,-286.685,286.685,Shake
-1.088,1.998,1.411,286.668,-286.685,270.883,Shake
-1.999,1.998,1.999,286.685,-286.685,-64.732,Shake
-1.001,1.998,1.999,283.658,-167.038,-286.685,Shake
0.789,0.292,1.999,-102.314,71.330,-286.685,Shake
1.033,-0.218,1.999,-226.643,286.685,-286.685,Shake
1.819,-0.898,1.999,-225.741,286.685,-286.685,Shake
1.998,-0.595,0.923,-286.685,284.874,-286.685,Shake
1.998,0.066,-1.978,-286.685,109.305,-283.938,Shake
1.998,-0.100,-1.998,-286.685,-185.106,-130.734,Shake
1.998,0.070,-1.998,-218.348,-286.685,31.036,Shake
1.938,0.341,-1.514,7.298,-286.685,212.660,Shake
1.506,0.763,-0.399,49.709,-286.685,286.571,Shake
1.111,1.353,0.436,129.211,-286.685,286.685,Shake
-0.238,1.998,1.438,278.224,-286.685,286.685,Shake
-1.940,1.998,1.999,210.289,-237.886,211.654,Shake
-1.999,1.998,1.084,153.335,19.346,-203.210,Shake
0.439,1.738,1.071,265.230,39.900,-286.685,Shake
1.998,-1.747,1.999,286.685,-43.243,-286.685,Shake
1.998,-1.999,1.999,286.571,-48.029,-286.142,Shake
1.762,-1.999,1.999,150.001,-252.333,-57.768,Shake
0.995,-1.999,1.975,-168.997,-22.120,67.086,Shake
1.273,-1.999,0.743,-220.964,-46.926,209.641,Shake
0.875,-1.557,1.351,-164.167,-180.723,286.685,Shake
0.707,-0.157,1.656,-163.914,-182.604,286.685,Shake
0.151,1.563,1.993,-166.084,-148.663,286.685,Shake
-0.623,1.998,1.999,-255.640,-72.082,286.685,Shake
-1.743,1.998,1.275,-286.326,267.094,191.844,Shake
-1.420,1.998,0.540,-286.685,286.685,-220.360,Shake
0.048,1.998,-0.493,-286.685,286.685,-286.685,Shake
1.092,1.323,-1.570,-113.732,286.685,-286.685,Shake
1.998,-1.146,-1.998,136.439,276.622,-286.685,Shake
1.998,-1.999,-1.998,20.948,1.776,-286.685,Shake
1.998,-1.999,-1.957,-81.996,-84.201,-124.128,Shake
1.998,-1.999,-1.626,16.380,-194.232,81.751,Shake
1.667,-1.693,-0.678,73.841,-235.086,183.269,Shake
1.187,-0.956,0.277,111.825,-259.079,283.885,Shake
0.721,0.047,1.891,144.296,-286.685,286.685,Shake
-0.119,0.719,1.999,77.192,-286.685,286.685,Shake
-1.207,1.977,1.999,-3.054,-27.860,282.266,Shake
-0.730,1.998,1.995,-266.858,286.685,17.500,Shake
1.592,1.998,0.337,-286.685,286.685,-268.100,Shake
1.998,1.998,-1.998,-286.685,286.685,-286.685,Shake
1.998,1.100,-1.998,-230.072,286.685,-251.178,Shake
1.996,0.898,-1.998,286.606,110.618,82.198,Shake
1.998,-0.491,-1.998,280.595,-182.341,-158.235,Shake
1.998,-1.898,-1.887,286.685,-286.685,-168.866,Shake
1.998,-1.772,-0.062,286.685,-286.685,224.096,Shake
1.614,0.444,1.999,286.685,-286.685,286.685,Shake
-0.495,1.263,1.999,286.186,-261.030,286.685,Shake
-1.697,1.862,1.999,-133.394,165.139,269.098,Shake
-0.674,1.998,1.873,-280.044,286.685,39.891,Shake
0.564,1.809,0.866,-275.380,286.685,-91.971,Shake
1.366,1.998,0.253,-286.685,286.685,-201.766,Shake
1.998,1.998,-1.998,-286.685,286.685,-282.826,Shake
1.998,1.998,-1.998,137.786,232.426,110.644,Shake
1.257,1.868,-1.998,286.685,-168.508,65.669,Shake
1.121,0.697,-1.998,286.685,-227.973,-138.766,Shake
1.998,-1.040,-1.553,286.685,-286.685,-180.268,Shake
1.998,-1.904,0.516,286.685,-286.685,89.259,Shake
1.557,0.230,1.999,286.685,-286.685,286.685,Shake
-1.718,1.744,1.999,286.685,-165.366,286.685,Shake
-1.999,1.855,1.999,210.105,215.731,190.794,Shake
-0.612,0.842,1.999,-4.602,286.685,-183.417,Shake
0.658,-0.063,1.037,-17.316,286.685,-263.533,Shake
1.793,-0.151,-0.309,-100.931,286.685,-286.685,Shake
1.998,-0.450,-1.998,-229.364,286.685,-286.685,Shake
1.998,-1.964,-1.998,25.209,241.631,-186.926,Shake
1.998,-1.175,-1.998,169.059,-119.429,264.031,Shake
1.998,-0.630,-1.727,283.763,-273.087,286.685,Shake
1.998,-0.556,0.601,286.685,-286.685,286.685,Shake
0.216,1.988,1.999,286.685,-281.339,286.685,Shake
-1.999,1.998,1.999,233.712,-97.449,286.685,Shake
-1.999,1.998,1.763,-71.584,286.685,26.731,Shake
-0.877,1.998,0.300,136.395,279.151,-286.685,Shake
1.728,-0.299,1.348,205.048,190.680,-286.685,Shake
1.998,-1.992,0.440,21.691,175.402,-286.685,Shake
1.998,-1.999,-1.998,-137.419,73.780,-286.492,Shake
1.998,-1.999,-1.998,62.283,-90.711,-37.485,Shake
1.998,-1.999,-0.494,259.508,-204.908,284.130,Shake
1.335,-0.568,1.590,241.570,-189.087,286.685,Shake
0.280,1.050,1.999,70.122,-282.774,286.685,Shake
-1.986,1.998,1.999,-189.350,-276.229,286.685,Shake
-1.999,1.998,1.432,-213.281,276.946,212.398,Shake
-1.939,1.998,0.038,48.221,212.503,-269.570,Shake
-0.633,1.997,0.904,193.760,181.624,-286.685,Shake
0.741,0.564,1.332,238.788,232.024,-286.685,Shake
1.998,-1.886,1.031,108.360,222.434,-286.685,Shake
1.998,-1.999,-1.404,-159.241,31.771,-286.685,Shake
1.998,-1.999,-0.634,25.594,-79.669,-10.920,Shake
1.998,-1.999,-0.839,-68.075,-176.461,147.131,Shake
1.171,-1.317,-0.046,-42.096,-286.396,163.030,Shake
0.338,-0.461,0.576,-92.452,-286.685,156.564,Shake
-1.340,0.764,1.925,-70.105,-286.685,209.221,Shake
-1.999,1.442,1.999,1.024,-279.370,-7.210,Shake
-1.951,0.724,1.999,-91.945,-23.651,-280.420,Shake
0.794,-0.854,1.999,-286.685,277.848,-286.685,Shake
1.657,-0.463,1.397,-286.615,286.685,-199.071,Shake
1.998,-0.432,-1.204,-277.253,286.685,-227.693,Shake
1.998,-0.906,-1.998,-267.636,260.628,-113.190,Shake
1.998,-0.791,-1.998,-65.730,129.622,214.086,Shake
1.998,-0.011,-1.998,72.415,-35.735,286.685,Shake
1.998,0.667,-0.931,194.057,-260.978,286.685,Shake
1.998,1.924,-0.004,273.814,-225.251,286.685,Shake
1.217,1.998,0.038,280.096,-235.769,286.685,Shake
-1.669,1.998,0.455,253.391,-286.685,286.685,Shake
-1.999,1.998,1.821,286.685,-286.685,119.385,Shake
-0.840,1.998,1.999,286.685,-262.369,-283.561,Shake
-0.768,0.563,1.999,51.161,-286.685,-286.685,Shake
-0.731,-0.290,1.999,-70.114,-241.684,-286.685,Shake
0.833,-1.757,1.999,-208.337,106.321,-286.685,Shake
1.688,-1.979,1.331,-286.685,157.806,-286.685,Shake
1.922,-1.463,0.407,-286.685,51.441,-146.143,Shake
1.998,-0.870,-0.244,-286.685,110.040,107.161,Shake
1.998,-0.152,-1.484,-286.685,48.615,286.685,Shake
1.997,1.004,-1.971,-251.773,-57.592,286.685,Shake
1.065,1.998,-1.998,-102.366,-210.954,286.685,Shake
-0.884,1.998,-1.171,169.566,-286.685,286.685,Shake
-1.574,1.998,1.916,286.606,-286.685,-51.135,Shake
-1.970,1.993,1.999,198.188,-286.571,-286.685,Shake
-0.485,-0.869,1.999,-135.188,-92.864,-286.685,Shake
1.790,-1.999,1.999,-265.939,204.732,-286.685,Shake
1.998,-1.999,0.845,-286.685,228.200,-227.553,Shake
1.998,-1.773,-0.056,-286.685,154.534,77.507,Shake
1.998,-0.300,-1.995,-286.335,93.074,286.668,Shake
1.998,0.253,-1.998,-87.649,75.022,286.685,Shake
1.524,1.814,-1.493,41.895,-224.560,286.685,Shake
-0.198,1.998,-0.213,54.731,-286.685,286.685,Shake
-1.999,1.998,1.999,265.230,-286.685,248.211,Shake
-1.937,1.998,1.999,286.685,-242.734,-243.688,Shake
0.058,1.030,1.999,-163.258,-176.995,-286.685,Shake
1.998,-1.966,1.774,-286.685,-6.773,-286.685,Shake
1.998,-1.999,-0.796,-286.685,115.955,-286.685,Shake
1.998,-1.446,-1.998,-286.685,-211.260,-221.970,Shake
1.998,-1.829,-1.786,-81.655,-276.552,163.669,Shake
1.998,-0.453,-0.910,85.881,-275.354,286.685,Shake
1.296,0.855,-0.369,203.508,-275.765,286.685,Shake
0.515,1.979,0.733,173.548,-286.685,286.685,Shake
-1.999,1.998,1.999,107.397,-286.685,286.685,Shake
-1.999,1.998,1.999,89.740,8.908,-202.545,Shake
-0.883,1.998,1.999,-50.995,283.894,-286.685,Shake
1.998,1.049,1.999,-158.279,286.685,-286.685,Shake
1.998,-1.986,-0.874,-243.784,286.685,-286.685,Shake
1.998,-1.999,-1.998,-46.865,181.195,-241.062,Shake
1.998,-1.999,-1.998,-69.177,-7.709,221.742,Shake
1.998,-1.516,-1.420,100.345,-194.486,286.685,Shake
1.998,-0.087,0.418,241.001,-218.120,286.685,Shake
-0.335,1.998,1.999,203.280,-246.951,286.685,Shake
-1.999,1.998,1.999,-30.739,-89.941,279.353,Shake
-1.999,1.998,1.999,17.833,147.158,-145.364,Shake
0.016,1.998,1.678,84.052,273.578,-286.685,Shake
1.998,-0.847,1.012,7.088,219.992,-286.685,Shake
1.998,-1.999,-1.004,-130.515,87.272,-286.685,Shake
1.998,-1.999,-1.891,-98.989,24.824,-251.414,Shake
1.998,-1.999,-1.621,-12.661,-173.600,127.811,Shake
1.998,-1.559,0.274,147.044,-248.990,286.685,Shake
1.418,0.582,1.930,216.720,-262.491,286.685,Shake
-0.334,1.980,1.999,-118.632,-286.685,286.685,Shake
-1.999,1.998,1.999,-286.685,-273.621,286.685,Shake
-1.999,1.998,1.995,-286.685,184.643,-156.599,Shake
-0.743,1.998,0.627,-286.685,286.685,-286.685,Shake
1.488,1.998,-1.140,-286.685,286.685,-286.685,Shake
1.998,1.198,-1.998,-176.768,286.685,-286.685,Shake
1.998,-0.360,-1.998,89.994,283.763,-252.700,Shake
1.998,-0.272,-1.998,138.154,120.575,-37.459,Shake
1.998,-0.850,-1.647,225.925,-249.261,47.932,Shake
1.998,-1.642,0.472,276.701,-286.685,161.394,Shake
1.998,-1.828,1.790,286.685,-286.615,286.685,Shake
1.998,-0.691,1.999,286.685,-226.800,286.685,Shake
-0.409,1.140,1.999,207.060,-96.626,286.685,Shake
-1.798,1.806,1.999,-112.131,248.246,286.685,Shake
-0.751,1.998,0.733,-273.131,286.685,78.496,Shake
0.241,1.998,-1.068,-286.685,286.685,-192.482,Shake
1.901,1.998,-1.998,-158.524,286.685,-286.685,Shake
1.998,0.748,-1.998,225.943,159.696,-224.315,Shake
1.998,-0.470,-1.998,286.685,-118.493,-46.366,Shake
1.998,-1.975,-0.943,286.685,-285.110,-24.395,Shake
1.998,-1.999,1.876,286.685,-286.685,-13.134,Shake
1.998,-1.999,1.999,286.685,-286.685,252.534,Shake
-0.315,0.037,1.999,286.685,-200.428,286.685,Shake
-1.077,0.587,1.999,9.581,234.684,286.685,Shake
-0.530,0.605,1.600,-180.626,286.676,191.126,Shake
-0.252,0.817,1.340,-212.940,283.509,154.376,Shake
-0.397,1.575,0.800,-278.504,286.685,123.620,Shake
-0.533,1.998,0.277,-286.685,286.685,-84.122,Shake
0.677,1.998,-1.903,-286.685,286.685,-286.685,Shake
1.758,1.998,-1.998,158.051,286.685,-286.685,Shake
1.998,-0.020,-1.817,286.685,285.731,-286.685,Shake
1.998,-1.474,-1.998,199.911,-24.369,-238.429,Shake
1.998,-1.999,-1.750,286.685,-149.826,-155.829,Shake
1.998,-1.999,-0.239,286.685,-286.685,-4.681,Shake
1.998,-1.418,0.904,286.685,-285.233,286.685,Shake
1.481,0.202,1.946,286.685,-245.884,286.685,Shake
-0.356,0.806,1.999,221.769,-286.685,286.685,Shake
-0.784,0.857,1.999,-113.916,-156.170,286.685,Shake
-0.508,1.100,1.787,-190.697,197.943,268.144,Shake
-0.278,1.364,1.358,-223.895,286.151,210.385,Shake
-0.312,1.998,0.892,-286.685,286.685,149.135,Shake
-0.126,1.998,0.500,-286.685,286.685,-67.156,Shake
1.273,1.998,-0.680,-286.685,286.685,-286.685,Shake
1.998,1.998,-1.998,-179.462,286.685,-286.685,Shake
1.998,0.592,-1.998,156.818,284.016,-279.974,Shake
1.998,0.095,-1.998,286.685,-5.924,49.245,Shake
1.494,-0.541,-1.998,286.685,-129.071,75.933,Shake
1.998,-1.999,-0.888,286.685,-286.685,-86.214,Shake
1.998,-1.827,0.807,286.685,-286.685,270.690,Shake
0.921,1.932,1.999,286.685,-286.685,286.685,Shake
-1.999,1.998,1.999,286.038,-31.981,286.457,Shake
-0.713,1.930,1.999,-215.854,267.242,28.052,Shake
-0.163,1.990,1.999,-286.685,286.685,-80.526,Shake
0.401,1.998,1.729,-286.685,286.685,-163.625,Shake
1.967,1.998,1.468,-286.685,286.685,-286.685,Shake
1.998,1.998,-1.998,-286.685,286.685,-286.685,Shake
1.998,0.459,-1.998,285.285,166.311,-65.327,Shake
1.998,-0.610,-1.998,286.685,-112.875,202.055,Shake
1.998,-1.233,-1.186,286.685,-286.685,286.685,Shake
1.624,1.421,1.999,286.685,-286.685,286.685,Shake
-1.999,1.998,1.999,-56.403,-239.732,286.685,Shake
-1.276,1.998,1.999,-286.685,286.685,-10.124,Shake
0.570,1.998,-0.365,-285.337,286.685,-182.796,Shake
1.998,1.626,-1.998,-195.379,286.685,-286.685,Shake
1.998,-0.316,-1.998,156.651,81.235,-253.663,Shake
1.998,-1.999,-1.998,286.685,-248.701,108.159,Shake
1.998,-1.216,1.999,286.685,-286.685,286.685,Shake
-1.258,1.383,1.999,275.581,-268.774,286.685,Shake
-1.847,1.998,1.999,-286.685,286.685,286.685,Shake
-1.693,1.998,-1.998,76.764,286.685,210.140,Shake
-0.024,1.998,-1.495,286.685,189.219,-156.879,Shake
1.955,-1.461,-0.788,245.446,-68.959,-286.685,Shake
1.998,-1.999,-0.749,73.448,-236.197,-286.685,Shake
1.998,-1.999,0.785,26.233,-286.685,-65.747,Shake
1.160,-1.999,1.999,4.778,-211.155,284.515,Shake
-0.990,1.581,1.999,-283.220,-77.473,286.685,Shake
-1.951,1.998,1.999,-286.685,-61.565,286.685,Shake
-1.999,1.998,1.056,-286.073,189.236,265.274,Shake
-1.813,1.998,-0.126,-54.801,286.685,-272.904,Shake
1.447,1.998,-0.024,72.205,286.685,-286.685,Shake
1.998,-0.662,-1.433,119.490,286.685,-286.685,Shake
1.998,-1.999,-1.998,126.849,-22.067,-198.406,Shake
1.998,-1.999,-1.838,285.119,-54.565,259.420,Shake
1.981,-1.823,1.756,286.685,-65.301,286.685,Shake
-0.356,1.801,1.999,85.522,35.464,286.685,Shake
-1.999,1.998,1.372,-286.685,139.046,286.685,Shake
-1.999,1.998,-1.998,-280.394,286.492,154.726,Shake
0.589,1.998,-0.878,285.688,-44.039,-286.685,Shake
1.998,-1.233,1.999,267.015,-101.211,-286.685,Shake
1.998,-1.999,-0.129,-25.200,-54.530,-286.685,Shake
1.998,-1.999,0.281,278.810,189.227,-57.286,Shake
1.611,-1.980,0.171,183.557,77.088,142.765,Shake
0.410,-1.007,0.254,64.942,-91.438,208.670,Shake
-0.946,-0.165,0.626,-77.088,-134.365,118.134,Shake
-0.844,-0.173,0.438,34.326,-22.750,-58.949,Shake
-0.460,-0.600,0.539,55.702,-17.141,-99.356,Shake
-0.258,-0.740,0.653,18.042,12.084,-136.202,Shake
-0.045,-0.947,0.607,-37.091,35.263,-180.556,Shake
0.456,-1.259,-0.022,-66.229,53.112,-109.034,Shake
1.230,-1.872,-0.247,-8.269,5.250,19.906,Shake
0.442,-0.756,0.106,59.745,-49.998,60.830,Shake
0.009,-0.819,0.318,12.040,-22.199,-19.513,Shake
0.280,-1.686,0.439,8.575,34.685,10.054,Shake
-0.343,-1.773,1.629,5.338,16.021,63.219,Shake
-1.476,-1.999,-1.748,-127.601,-2.564,-241.587,Shake
-1.090,-1.938,-0.020,109.874,60.471,-286.685,Shake
-0.905,-0.658,0.215,75.548,6.466,-286.685,Shake
0.527,1.998,1.118,-4.918,140.367,-286.685,Shake
1.998,1.998,1.233,-19.836,-8.426,-90.134,Shake
1.186,1.998,1.649,102.655,-67.060,286.685,Shake
-1.746,0.023,1.999,95.856,-218.846,286.685,Shake
-1.999,-1.999,-1.328,-127.776,-234.404,286.685,Shake
-1.999,-1.999,-1.998,150.754,-9.949,-3.789,Shake
-1.999,-1.999,-0.085,171.167,167.904,-286.685,Shake
-1.393,0.502,1.953,-13.877,231.385,-286.685,Shake
1.131,1.998,1.999,-285.766,137.095,-286.685,Shake
1.891,1.998,1.999,156.275,-60.209,101.535,Shake
-1.450,1.360,1.902,194.128,-227.386,286.685,Shake
-1.999,-1.999,0.635,47.101,-272.326,286.685,Shake
-1.999,-1.999,-1.998,91.971,-107.284,245.359,Shake
-1.999,-1.999,-0.945,149.083,158.454,-203.333,Shake
-1.331,-0.049,1.999,-14.227,242.471,-286.685,Shake
0.850,1.998,1.999,-286.685,148.277,-286.685,Shake
1.750,1.998,1.999,177.852,-50.934,-139.221,Shake
0.587,1.998,1.999,286.685,-239.523,249.489,Shake
-1.999,-1.992,0.907,185.535,-286.685,286.685,Shake
-1.999,-1.999,-1.777,149.100,-141.750,283.360,Shake
-1.999,-1.999,-1.874,-40.346,136.553,-143.133,Shake
-1.999,-1.220,1.889,-62.230,286.379,-286.685,Shake
-1.504,1.998,1.999,-280.105,247.756,-286.685,Shake
0.481,1.998,1.999,-286.685,246.706,-286.685,Shake
1.011,1.998,1.999,206.185,24.806,20.808,Shake
-1.192,1.998,1.993,226.791,-188.904,286.685,Shake
-1.999,-1.998,0.944,93.826,-286.685,286.685,Shake
-1.999,-1.999,-1.665,-48.615,-265.598,286.685,Shake
-1.999,-1.999,-1.998,106.050,47.241,23.240,Shake
-1.808,-1.999,-0.051,254.695,173.197,-286.685,Shake
-1.075,0.300,1.430,-218.837,245.884,-286.685,Shake
-0.458,1.998,1.967,-286.685,286.685,-286.685,Shake
0.172,1.998,1.999,183.251,197.575,-270.069,Shake
0.827,1.998,1.999,285.889,6.484,171.981,Shake
-1.988,1.700,1.999,-82.416,-177.660,286.685,Shake
-1.999,-1.999,-0.011,-67.401,-286.090,286.685,Shake
-1.999,-1.999,-1.998,65.293,-40.066,284.681,Shake
-1.999,-1.999,-1.337,199.780,141.820,-91.779,Shake
-1.999,-1.617,0.700,-100.870,130.646,-286.685,Shake
-1.886,1.998,1.999,-233.887,286.685,-286.685,Shake
1.507,1.998,1.735,286.405,-52.010,-251.090,Shake
-1.733,1.998,0.280,161.000,-45.544,286.633,Shake
-1.999,1.460,1.371,-120.978,-46.112,286.685,Shake
-1.999,-1.999,-0.287,-65.704,-204.872,286.685,Shake
-1.435,-1.999,-0.757,117.976,155.365,230.536,Shake
-1.999,-1.999,0.909,165.533,118.160,-286.003,Shake
-1.999,1.995,1.999,-141.321,-20.274,-286.685,Shake
0.545,1.998,0.202,-89.757,-93.817,-274.855,Shake
0.244,1.998,0.095,108.815,-9.345,284.436,Shake
-1.999,1.899,1.119,-84.052,17.544,286.685,Shake
-1.999,-1.999,1.264,-104.659,-248.176,286.685,Shake
-1.660,-1.999,-1.409,-78.942,-45.369,286.685,Shake
-1.999,-1.999,-0.433,-28.140,126.595,-241.290,Shake
-1.999,-1.757,1.906,12.320,160.729,-286.685,Shake
-1.529,1.998,1.999,-130.611,119.543,-286.685,Shake
0.742,1.998,0.757,-11.104,-14.980,-61.635,Shake
-1.635,1.908,1.173,61.854,-50.960,286.685,Shake
-1.999,-1.999,0.715,13.939,-97.107,286.685,Shake
-1.548,-1.999,-0.709,69.702,-76.423,286.685,Shake
-1.679,-1.999,-0.065,33.180,80.710,-145.092,Shake
-1.999,-1.999,1.493,-20.055,64.960,-286.685,Shake
-1.999,1.688,1.999,-286.169,41.685,-286.685,Shake
-1.187,1.998,1.834,-259.525,64.374,-286.685,Shake
0.373,1.998,1.111,149.931,-38.841,-36.671,Shake
-1.999,1.998,0.696,26.390,-126.070,286.685,Shake
-1.999,-1.975,1.083,76.186,-149.599,286.685,Shake
-1.999,-1.999,-0.225,36.645,-212.100,286.685,Shake
-1.550,-1.999,-1.225,145.889,62.737,206.325,Shake
-1.999,-1.999,0.219,81.585,108.614,-284.944,Shake
-1.999,0.001,1.208,-125.965,102.681,-286.685,Shake
-1.090,1.998,1.893,-256.865,144.839,-286.685,Shake
0.753,1.998,1.220,139.982,-43.208,-16.319,Shake
-1.291,1.998,1.218,54.495,-60.191,286.685,Shake
-1.999,-1.476,0.890,-105.787,-198.870,286.685,Shake
-1.999,-1.999,-0.549,-57.969,-195.055,286.685,Shake
-1.999,-1.999,-1.944,237.204,106.890,116.839,Shake
-1.999,-1.999,0.099,117.766,107.109,-286.685,Shake
-1.999,-1.323,0.942,-11.436,98.700,-286.685,Shake
-1.845,1.998,1.995,-176.260,133.262,-286.685,Shake
0.958,1.998,1.196,83.387,-80.430,-169.514,Shake
-1.610,1.998,0.789,-97.300,-99.986,286.685,Shake
-1.999,-1.807,0.532,-105.753,-149.056,286.685,Shake
-1.999,-1.999,-0.774,-77.490,-229.390,286.685,Shake
-1.845,-1.999,-1.996,162.663,-4.646,93.231,Shake
-1.999,-1.999,-0.161,192.902,101.806,-286.685,Shake
-1.999,0.735,0.871,-111.230,109.454,-286.685,Shake
-0.320,1.998,1.667,-88.393,88.611,-286.685,Shake
0.975,1.998,0.961,81.979,-51.415,198.188,Shake
-1.603,1.998,0.864,-52.754,-58.362,286.685,Shake
-1.999,-1.817,0.661,-99.662,-161.542,286.685,Shake
-1.999,-1.999,-1.388,-25.812,-209.965,286.685,Shake
-1.999,-1.999,-1.079,282.590,118.527,-160.020,Shake
-1.999,-1.998,0.222,108.080,49.429,-286.685,Shake
-1.999,0.426,1.011,-77.455,131.031,-286.685,Shake
-1.166,1.998,1.956,-251.265,191.021,-286.685,Shake
0.802,1.998,1.424,-105.665,-78.636,9.257,Shake
-1.942,1.733,1.135,-82.810,-181.764,286.685,Shake
-1.999,-1.535,0.402,-145.408,-271.381,286.685,Shake
-1.999,-1.999,-1.994,-114.467,-273.438,286.685,Shake
-1.992,-1.999,-1.998,222.189,69.020,-81.664,Shake
-1.999,-1.999,-0.163,286.685,124.696,-286.685,Shake
-1.998,0.581,1.039,-13.904,98.158,-286.685,Shake
-0.876,1.998,1.999,-157.806,114.459,-286.685,Shake
0.922,1.998,1.668,68.478,-76.475,-210.796,Shake
-1.084,1.998,1.244,79.223,-145.495,286.685,Shake
-1.999,-1.999,-0.500,-154.210,-236.014,286.685,Shake
-1.999,-1.999,-1.995,-45.509,-155.523,280.026,Shake
-1.999,-1.999,-1.018,286.221,83.256,-279.527,Shake
-1.999,-1.999,0.187,230.694,48.974,-286.685,Shake
-1.999,1.341,1.000,-29.645,71.269,-286.685,Shake
0.512,1.998,1.967,-178.421,-12.504,-286.685,Shake
-0.063,1.998,0.342,68.372,-164.413,258.633,Shake
-1.999,1.985,0.759,-140.525,-172.401,286.685,Shake
-1.999,-1.987,-0.192,-145.574,-200.786,286.685,Shake
-1.999,-1.999,-1.977,-85.470,-151.393,286.685,Shake
-1.939,-1.999,-1.789,156.905,83.449,-137.611,Shake
-1.999,-1.999,0.371,114.844,124.565,-286.685,Shake
-1.999,1.508,1.716,-195.361,130.454,-286.685,Shake
-1.964,1.998,1.999,-273.770,132.405,-286.685,Shake
-0.573,1.998,1.682,226.572,-4.673,-238.429,Shake
-1.640,1.998,1.999,286.685,-104.466,269.990,Shake
-1.999,-1.784,1.646,145.661,-226.441,286.685,Shake
-1.991,-1.999,-0.527,107.231,-286.685,286.685,Shake
-0.331,-1.999,-1.984,137.988,-91.131,17.649,Shake
-0.406,-1.999,-1.376,280.788,277.524,-177.914,Shake
-1.999,-1.238,0.869,279.396,225.566,-286.685,Shake
-0.955,1.998,1.689,45.614,161.122,-286.685,Shake
0.268,1.998,1.087,-2.747,91.061,-41.493,Shake
-0.712,1.761,1.506,158.830,-32.051,286.685,Shake
-1.300,-1.108,0.779,84.262,-3.019,286.685,Shake
-1.389,-1.999,0.905,66.946,-5.311,286.685,Shake
-0.817,-1.999,-1.012,50.680,0.928,-1.304,Shake
-1.382,-1.977,-0.198,285.224,170.292,-286.685,Shake
-1.117,1.303,0.801,286.685,189.875,-286.685,Shake
-0.568,1.998,0.360,172.979,83.116,-286.685,Shake
-0.776,1.998,-0.111,99.286,46.603,-286.685,Shake
-0.174,1.998,1.257,-54.757,167.991,-132.169,Shake
-1.771,1.687,1.631,-113.575,31.587,286.685,Shake
-1.261,-1.836,0.979,-193.148,-53.751,286.685,Shake
-0.368,-1.999,0.264,-92.033,22.724,286.685,Shake
-0.343,-1.999,0.566,169.304,79.747,-110.530,Shake
-1.220,-1.636,0.578,286.431,27.204,-286.685,Shake
-1.613,1.586,1.305,235.410,-138.959,-286.685,Shake
-0.659,1.998,0.463,25.769,-138.530,-284.944,Shake
-0.662,1.998,0.268,-15.881,-22.522,130.165,Shake
-1.453,1.998,0.467,-84.945,75.049,286.685,Shake
-1.745,-1.543,1.289,-193.795,40.871,286.685,Shake
-0.740,-1.999,0.697,-278.057,-29.129,286.685,Shake
-0.326,-1.999,0.362,-109.060,66.054,-29.479,Shake
-0.790,-1.999,0.558,110.723,32.042,-286.571,Shake
-1.596,0.352,1.427,201.583,57.750,-286.685,Shake
-1.435,1.998,1.976,74.725,-94.981,-286.685,Shake
-0.699,1.998,0.954,-39.331,-152.670,-229.092,Shake
-1.308,1.998,0.766,-71.426,-55.248,284.497,Shake
-1.999,1.627,0.598,-215.477,-19.959,286.685,Shake
-1.999,-1.999,0.361,-284.235,-191.678,286.685,Shake
-1.999,-1.999,-0.471,-239.479,-122.938,286.685,Shake
-1.660,-1.999,-0.915,-155.435,165.559,286.466,Shake
-1.445,-1.999,0.454,-210.551,286.685,-76.895,Shake
-1.554,-1.289,1.994,-62.186,224.954,-286.685,Shake
-0.018,1.998,1.910,144.602,-94.789,-286.685,Shake
0.687,1.998,0.027,-52.360,-108.894,54.486,Shake
-0.723,1.998,-0.366,-240.030,-46.419,286.685,Shake
-1.999,1.459,-0.195,-192.264,-54.994,286.685,Shake
-1.999,-1.999,-0.761,-186.848,-169.803,286.685,Shake
-1.999,-1.999,-0.195,44.004,63.875,286.685,Shake
-1.999,-1.999,-1.133,-124.688,259.184,286.431,Shake
-1.999,-1.999,0.156,-155.155,286.685,-88.620,Shake
-1.999,-1.672,1.999,0.472,286.685,-286.685,Shake
-1.196,1.998,1.999,-59.833,167.580,-286.685,Shake
-0.348,1.939,1.896,-28.446,-221.952,-245.044,Shake
-1.046,1.998,0.601,283.920,-286.685,16.083,Shake
-1.997,1.360,-0.736,286.685,-286.685,277.366,Shake
-1.999,-1.491,-0.531,286.527,-286.685,286.685,Shake
-1.999,-1.999,-1.995,48.239,-235.673,221.830,Shake
-1.895,-1.999,-1.733,-152.180,282.406,-279.799,Shake
-1.999,-1.578,1.999,176.111,286.685,-286.685,Shake
-0.369,0.950,1.999,-180.189,91.910,-286.685,Shake
-0.052,1.998,1.999,32.174,-278.198,-286.571,Shake
-1.080,1.998,0.540,135.494,-286.685,-122.859,Shake
-1.999,1.240,-0.396,286.685,-286.685,277.559,Shake
-1.999,-1.679,-0.165,218.312,-286.685,286.685,Shake
-1.999,-1.999,-1.998,-216.554,-241.518,281.505,Shake
-1.999,-1.999,-1.304,162.155,286.624,-94.325,Shake
-1.999,-1.620,1.999,185.955,286.685,-286.685,Shake
-1.358,1.117,1.999,31.211,165.480,-286.685,Shake
0.499,1.998,1.999,-5.390,-114.853,-286.685,Shake
0.316,1.998,0.776,255.640,-286.685,-219.625,Shake
-1.998,1.291,0.623,283.369,-286.685,286.186,Shake
-1.999,-1.779,0.120,-38.675,-286.685,286.685,Shake
-1.999,-1.999,-1.184,-235.690,-286.685,286.685,Shake
-1.999,-1.999,-1.998,-286.685,-201.337,263.681,Shake
-1.999,-1.999,-1.024,-59.500,286.685,-273.490,Shake
-1.560,0.480,1.999,184.249,286.685,-286.685,Shake
1.710,1.998,1.999,-201.294,170.669,-286.685,Shake
1.838,1.998,1.999,-252.534,-111.099,-279.886,Shake
0.709,1.998,1.999,266.087,-180.775,-57.592,Shake
-1.999,0.919,1.829,286.685,-286.685,286.685,Shake
-1.999,-1.999,-0.216,104.221,-286.685,286.685,Shake
-1.999,-1.999,-1.998,-134.321,-273.140,286.685,Shake
-1.999,-1.999,-1.998,-50.208,166.932,71.382,Shake
-1.999,-1.999,-0.448,186.935,286.685,-273.700,Shake
-1.999,-0.096,0.770,-42.586,286.685,-286.685,Shake
-1.774,1.998,1.740,-6.037,286.685,-286.685,Shake
0.250,1.998,1.999,-146.116,286.685,-206.964,Shake
0.516,1.998,1.999,-54.303,144.602,286.685,Shake
-0.887,0.299,1.999,85.321,-115.159,286.685,Shake
-1.999,-1.999,1.999,17.587,-286.685,286.685,Shake
-1.971,-1.999,-0.868,-115.456,-286.685,106.706,Shake
-1.999,-1.999,-1.998,-72.853,-286.160,-286.685,Shake
-1.999,-1.999,-1.915,-6.606,22.916,-286.685,Shake
-1.999,0.419,-1.449,47.425,256.725,-286.685,Shake
-1.990,1.998,0.356,-164.902,286.685,-286.685,Shake
-0.534,1.998,1.994,-107.056,286.685,-164.159,Shake
-0.023,1.998,1.999,-61.162,231.227,278.250,Shake
0.055,0.966,1.999,6.974,-17.622,286.685,Shake
-0.966,-1.865,1.999,-183.277,-225.260,286.685,Shake
-1.556,-1.999,-0.141,-286.685,-286.685,286.685,Shake
-1.999,-1.999,-1.998,-268.415,-284.244,-40.092,Shake
-1.999,-1.950,-1.611,52.614,49.639,-286.685,Shake
-1.999,0.656,-0.732,39.156,269.237,-286.685,Shake
-1.999,1.998,0.558,-246.277,286.685,-286.685,Shake
-0.791,1.998,1.877,-286.685,286.685,-259.219,Shake
-0.376,1.998,1.999,-34.737,240.117,198.931,Shake
-1.088,0.950,1.999,130.952,60.778,286.685,Shake
-1.454,-1.978,1.999,99.435,-255.973,286.685,Shake
-0.979,-1.999,1.424,15.444,-286.685,286.685,Shake
-0.277,-1.999,-1.526,-199.780,-276.938,171.850,Shake
-0.778,-1.999,-1.333,-159.976,-120.549,-141.120,Shake
-1.539,-1.954,-1.032,-171.456,7.236,-286.685,Shake
-1.999,0.433,0.718,-187.337,285.320,-286.685,Shake
-1.999,1.989,1.978,-264.600,286.685,-286.685,Shake
-1.287,1.998,1.966,-62.107,204.715,-286.685,Shake
-0.936,1.998,1.779,55.912,61.801,161.122,Shake
-1.239,0.395,1.959,18.856,-40.084,286.685,Shake
-0.781,-1.999,1.627,29.208,-216.738,286.685,Shake
-0.415,-1.999,-0.141,-100.231,-286.685,286.685,Shake
-0.073,-1.999,-1.777,-149.852,-187.854,192.474,Shake
-0.380,-1.999,-0.920,-62.370,7.718,-212.258,Shake
-1.171,-1.903,0.061,-2.257,89.609,-286.685,Shake
-1.443,0.219,1.036,-61.618,197.129,-286.685,Shake
-1.227,1.972,1.734,-190.488,211.348,-286.685,Shake
-0.427,1.998,1.646,-88.856,35.420,-191.021,Shake
-1.342,1.998,1.474,219.266,-109.786,284.970,Shake
-1.996,-0.708,1.362,123.681,-157.176,286.685,Shake
-1.999,-1.999,0.260,-121.975,-214.314,286.685,Shake
-1.926,-1.999,-0.415,-166.871,-257.530,286.685,Shake
-1.619,-1.999,-1.588,-32.095,-26.539,184.844,Shake
-1.795,-1.999,-0.101,-121.074,233.266,-285.565,Shake
-1.553,-0.564,1.318,-240.958,286.685,-286.685,Shake
-0.386,1.998,1.999,-242.944,286.685,-286.685,Shake
0.658,1.998,1.999,-286.685,150.141,-286.685,Shake
0.529,1.998,1.998,158.594,-286.466,187.941,Shake
-1.469,0.633,1.331,286.685,-286.685,286.685,Shake
-1.999,-1.823,0.190,286.685,-286.685,286.685,Shake
-1.999,-1.999,-1.801,-4.804,-286.685,286.685,Shake
-1.999,-1.999,-1.998,5.530,-64.225,208.819,Shake
-1.645,-1.999,-1.595,232.461,286.388,-286.003,Shake
-1.999,-1.845,0.201,231.376,258.204,-286.685,Shake
-1.778,0.969,0.765,131.390,267.522,-286.685,Shake
-0.352,1.998,1.999,-164.631,283.001,-286.685,Shake
0.511,1.998,1.994,28.814,-83.379,-198.004,Shake
-0.310,1.998,1.146,286.676,-203.928,284.568,Shake
-1.999,0.124,1.383,206.929,-243.346,286.685,Shake
-1.999,-1.999,-0.684,-93.590,-286.685,286.685,Shake
-1.999,-1.999,-0.642,252.122,-121.144,286.685,Shake
-1.415,-1.999,-1.357,116.769,-106.461,92.164,Shake
-1.265,-1.999,-0.865,14.271,286.379,-181.326,Shake
-1.412,-1.963,0.507,-196.438,286.685,-286.685,Shake
-0.897,-0.381,1.999,-214.891,286.685,-286.685,Shake
0.498,0.658,1.999,-279.711,282.170,-286.685,Shake
1.128,0.719,1.999,-112.131,-40.399,-286.685,Shake
0.198,1.472,1.999,91.831,-225.601,-230.265,Shake
-0.592,1.461,1.825,169.951,-286.685,-26.329,Shake
-1.999,0.956,0.655,286.685,-286.685,261.310,Shake
-1.999,-1.552,0.330,286.685,-286.685,286.685,Shake
-1.999,-1.999,-0.978,275.564,-286.685,286.685,Shake
-1.999,-1.999,-0.628,283.824,-134.024,242.340,Shake
-1.939,-1.999,-1.100,46.576,53.506,86.179,Shake
-1.280,-1.999,-0.964,-75.206,273.219,-156.109,Shake
-0.716,-1.999,-0.155,-226.861,286.685,-244.956,Shake
-0.773,-1.121,1.999,169.225,286.685,-286.685,Shake
0.382,-0.019,1.999,45.176,224.840,-286.685,Shake
0.251,1.072,1.991,61.084,-103.600,-286.685,Shake
0.185,1.998,1.924,116.707,-173.976,-286.685,Shake
-0.015,1.998,1.036,256.130,-285.705,-120.531,Shake
-1.352,0.699,0.773,286.685,-286.685,286.685,Shake
-1.987,-1.917,0.178,228.253,-286.685,286.685,Shake
-1.999,-1.999,-0.685,188.186,-244.571,286.685,Shake
-1.584,-1.999,-0.658,167.641,-79.993,284.043,Shake
-1.309,-1.999,-1.998,-169.864,12.722,172.550,Shake
-1.160,-1.999,-0.104,142.695,286.685,-219.275,Shake
-0.792,-1.263,1.397,0.201,286.685,-286.685,Shake
0.008,0.337,1.606,89.320,286.204,-286.685,Shake
-0.131,1.998,1.999,22.566,178.439,-286.685,Shake
0.659,1.998,1.956,-99.531,-6.843,-285.180,Shake
-0.175,1.998,0.748,-126.997,-206.334,275.310,Shake
-1.639,-0.195,0.625,-120.260,-285.897,286.685,Shake
-1.999,-1.999,-1.398,-52.841,-286.685,286.685,Shake
-1.972,-1.999,-1.998,124.084,-138.723,162.566,Shake
-1.916,-1.999,-1.863,179.261,279.799,-240.179,Shake
-1.786,-1.636,-0.007,147.709,286.685,-286.685,Shake
-1.391,1.573,1.497,119.796,286.685,-286.685,Shake
0.214,1.998,1.999,-260.724,286.685,-231.096,Shake
0.238,1.817,1.999,-286.668,86.415,285.443,Shake
-0.327,0.362,1.999,-133.849,-155.540,286.685,Shake
-1.649,-1.882,1.999,-45.482,-286.685,286.685,Shake
-1.863,-1.999,0.109,4.077,-286.685,284.541,Shake
-1.816,-1.999,-1.657,21.403,-286.668,-135.923,Shake
-1.716,-1.999,-0.746,-39.104,-121.161,-286.685,Shake
-1.553,-1.433,-0.936,-189.936,-77.140,-286.685,Shake
-1.604,-0.967,-1.029,-129.080,136.946,-286.685,Shake
-1.948,0.571,-0.603,-144.095,280.263,-286.685,Shake
-1.029,1.998,1.653,-285.556,286.685,-286.685,Shake
0.388,1.998,1.999,-286.685,241.220,70.420,Shake
-0.049,0.424,1.999,-149.214,-58.389,286.685,Shake
-0.507,-1.456,1.999,125.151,-226.905,286.685,Shake
-1.161,-1.999,1.558,115.868,-286.685,286.685,Shake
-1.572,-1.999,-1.130,97.895,-286.685,261.826,Shake
-1.529,-1.999,-1.794,80.964,-238.989,-196.989,Shake
-1.784,-1.999,-0.782,-8.050,-19.311,-286.685,Shake
-1.976,-0.923,-0.761,-225.041,45.771,-286.685,Shake
-1.999,1.131,0.098,-167.729,285.250,-286.685,Shake
-1.017,1.998,1.692,-277.830,286.685,-286.685,Shake
-0.141,1.998,1.999,-160.134,116.349,-138.731,Shake
-0.260,1.998,1.999,-6.746,-12.443,215.661,Shake
-0.569,0.445,1.999,20.624,-61.539,286.685,Shake
-0.800,-1.756,1.965,77.621,-275.721,286.685,Shake
-1.067,-1.999,-0.267,54.766,-286.685,286.685,Shake
-0.522,-1.999,-1.492,37.048,-150.762,135.398,Shake
-0.866,-1.999,-0.975,90.283,-34.842,-79.756,Shake
-1.072,-1.999,-0.902,-50.339,-76.003,-286.256,Shake
-1.165,-0.925,-0.541,-154.490,50.347,-286.685,Shake
-1.065,0.622,0.704,-168.586,274.785,-286.685,Shake
-0.582,1.998,1.942,-156.712,286.685,-286.685,Shake
0.474,1.998,1.999,94.141,-18.708,-84.018,Shake
-0.791,1.998,1.898,102.314,-209.466,267.269,Shake
-1.773,0.267,1.236,58.074,-274.654,286.685,Shake
-1.720,-1.999,-0.551,102.734,-286.685,286.685,Shake
-1.463,-1.999,-1.957,44.590,-63.884,286.685,Shake
-1.019,-1.999,-1.310,158.812,58.415,208.136,Shake
-0.884,-1.999,-0.421,103.040,166.609,-159.626,Shake
-0.882,-1.576,1.195,-238.193,259.761,-286.685,Shake
-0.569,0.248,1.999,-212.564,286.685,-286.685,Shake
0.162,1.998,1.999,-41.099,199.579,-286.685,Shake
0.161,1.998,1.447,104.125,-285.696,-119.254,Shake
-0.438,1.998,0.781,174.842,-286.685,198.415,Shake
-1.976,0.407,0.631,168.901,-286.685,286.685,Shake
-1.999,-1.999,-0.545,169.960,-286.685,286.685,Shake
-1.999,-1.999,-1.998,188.283,-158.104,286.676,Shake
-1.959,-1.999,-1.797,55.283,195.562,93.747,Shake
-1.546,-1.999,-0.367,123.209,286.685,-107.301,Shake
-1.230,-1.845,1.497,-65.319,286.685,-286.685,Shake
-0.398,-0.458,1.999,-115.658,286.685,-286.685,Shake
0.137,1.890,1.999,-57.120,286.685,-286.685,Shake
0.639,1.998,1.999,-40.408,-207.060,-205.783,Shake
0.116,1.945,1.313,88.952,-286.685,41.230,Shake
-1.031,0.917,0.894,193.008,-286.685,278.836,Shake
-1.999,-1.103,0.292,220.815,-286.685,286.685,Shake
-1.999,-1.999,-1.801,217.656,-286.256,286.685,Shake
-1.939,-1.999,-1.998,36.549,-51.240,129.622,Shake
-1.634,-1.999,-1.402,222.014,245.166,-11.533,Shake
-1.375,-1.999,0.341,32.725,286.685,-276.220,Shake
-0.758,-1.313,1.391,-253.383,286.685,-286.685,Shake
-0.499,-0.241,1.999,-256.147,286.685,-286.685,Shake
0.070,1.768,1.999,-233.327,211.837,-286.685,Shake
0.318,1.998,1.999,-33.171,-161.464,-266.341,Shake
-0.380,1.646,1.154,66.456,-286.685,46.445,Shake
-1.364,0.738,0.630,229.224,-286.685,285.775,Shake
-1.999,-1.999,-1.201,262.946,-286.685,286.685,Shake
-1.999,-1.999,-1.998,286.527,-139.746,278.600,Shake
-1.763,-1.999,-1.998,240.459,61.416,6.256,Shake
-1.385,-1.999,-1.114,165.077,268.389,-145.005,Shake
-0.929,-1.561,0.639,26.407,285.617,-286.685,Shake
-0.491,-0.546,1.454,-60.296,286.685,-286.685,Shake
-0.135,0.756,1.914,18.629,286.685,-286.685,Shake
0.179,1.733,1.973,46.690,226.450,-286.685,Shake
0.532,1.998,1.490,-31.001,-12.705,-223.851,Shake
0.070,1.910,0.859,-30.677,-152.294,221.935,Shake
-0.881,0.532,1.003,129.815,-159.758,286.685,Shake
-1.140,-0.880,1.469,233.240,-200.883,286.685,Shake
-1.118,-1.999,0.202,190.269,-285.486,286.685,Shake
-0.807,-1.999,-0.548,131.652,-134.356,234.098,Shake
-0.899,-1.999,-0.572,0.333,-7.341,-55.274,Shake
-0.866,-1.999,0.040,-109.524,98.621,-285.302,Shake
-0.508,-0.875,0.584,-189.962,159.128,-286.685,Shake
-0.144,-0.432,0.880,-138.600,250.583,-286.685,Shake
0.110,0.781,1.285,-141.986,232.846,-286.685,Shake
0.682,1.113,1.205,-286.335,79.940,-179.655,Shake
0.776,0.651,1.030,-243.259,-24.106,70.963,Shake
0.661,-0.182,0.737,-152.460,-139.344,187.766,Shake
0.552,-0.852,0.390,-143.456,-185.307,187.740,Shake
0.330,-1.789,-0.589,-155.776,-175.534,156.791,Shake
0.308,-1.999,-0.961,-45.754,-10.211,9.826,Shake
0.428,-1.715,-0.399,71.435,70.989,-121.511,Shake
0.669,-1.041,-0.166,68.101,40.792,-224.560,Shake
0.739,-0.491,-0.127,76.265,46.970,-271.171,Shake
0.588,0.388,0.231,122.596,93.625,-286.685,Shake
0.451,1.313,0.726,85.286,72.310,-273.831,Shake
0.273,1.998,1.202,72.310,-8.846,-105.289,Shake
-0.164,1.998,0.976,190.899,-143.614,252.219,Shake
-1.478,1.246,0.844,286.685,-142.398,286.685,Shake
-1.999,-1.191,1.999,286.685,-121.573,286.685,Shake
-1.999,-1.999,-0.130,-39.480,-286.204,286.685,Shake
-1.518,-1.999,-0.620,168.367,44.809,286.685,Shake
-1.134,-1.999,-0.615,-9.791,89.915,126.236,Shake
-1.927,-1.999,0.035,-166.600,223.038,-286.685,Shake
-1.777,-0.167,0.927,69.177,286.685,-286.685,Shake
-1.962,1.972,1.980,-51.397,286.685,-286.685,Shake
-1.971,1.998,1.999,-258.457,251.099,-286.685,Shake
0.107,1.998,1.263,67.541,-225.383,-141.697,Shake
-0.904,1.966,0.513,284.699,-285.915,285.066,Shake
-1.999,-1.999,1.875,218.085,-256.288,286.685,Shake
-1.999,-1.999,-1.998,-117.364,-284.060,286.685,Shake
-1.096,-1.999,-1.998,109.585,247.494,-51.013,Shake
-0.658,-1.999,-1.483,225.383,286.685,-120.540,Shake
-0.904,-1.851,0.655,286.449,283.133,-286.274,Shake
-0.457,0.489,1.535,99.243,179.235,-286.685,Shake
0.201,1.991,1.999,-175.236,201.635,-286.685,Shake
0.473,1.998,1.999,-252.131,-19.285,-187.845,Shake
0.142,1.998,1.805,-53.664,-261.476,209.423,Shake
-0.983,1.301,1.150,170.336,-286.685,286.685,Shake
-1.999,-1.338,0.853,153.256,-286.685,286.685,Shake
-1.999,-1.999,-0.959,109.909,-286.685,286.685,Shake
-0.780,-1.999,-0.817,163.564,-110.145,137.742,Shake
-0.917,-1.999,-1.102,-5.119,42.761,-144.253,Shake
-0.833,-1.999,-0.425,-34.405,152.031,-279.335,Shake
-0.775,-1.084,0.456,-93.109,224.648,-286.685,Shake
-0.361,0.085,0.964,-143.631,282.170,-286.685,Shake
-0.454,1.148,1.979,-237.799,286.685,-286.685,Shake
0.131,1.997,1.999,-241.885,171.010,-286.685,Shake
0.232,1.998,1.913,-6.387,-259.236,45.062,Shake
-0.502,1.294,0.907,-13.606,-286.685,286.589,Shake
-1.934,-1.352,0.545,-34.667,-286.685,286.685,Shake
-1.997,-1.999,-1.910,-32.121,-286.685,286.685,Shake
-1.267,-1.999,-1.998,44.310,-26.241,151.839,Shake
-1.002,-1.999,-1.778,131.110,142.555,-155.120,Shake
-0.969,-1.620,-0.598,196.893,156.048,-282.144,Shake
-1.067,-0.523,-0.583,-12.294,88.988,-286.685,Shake
-0.574,0.255,0.412,-109.454,286.685,-286.685,Shake
-0.199,1.548,1.794,-186.883,286.685,-71.155,Shake
0.056,1.848,1.999,-269.465,270.043,257.731,Shake
-0.530,0.662,1.999,-198.634,-7.945,286.685,Shake
-0.749,-1.994,1.999,108.159,-281.978,286.685,Shake
-1.054,-1.999,0.457,218.242,-286.685,271.696,Shake
-1.170,-1.999,-0.525,227.386,-286.685,-0.298,Shake
-1.148,-1.999,-0.878,113.339,-266.297,-241.754,Shake
-1.286,-1.854,-1.137,-27.860,-85.059,-286.685,Shake
-1.298,-0.940,-0.911,-106.768,125.204,-286.685,Shake
-1.054,0.406,-0.215,-280.892,286.685,-286.685,Shake
-0.509,1.352,1.087,-286.685,286.685,-206.036,Shake
-0.271,1.331,1.928,-286.685,227.220,166.985,Shake
-0.703,-0.130,1.999,-36.662,-35.674,286.685,Shake
-0.878,-1.807,1.832,172.489,-286.685,286.685,Shake
-1.422,-1.999,0.919,246.601,-286.685,284.156,Shake
-1.457,-1.999,-0.005,186.777,-286.685,27.099,Shake
-1.435,-1.999,-0.856,99.584,-286.685,-246.654,Shake
-1.400,-1.872,-1.249,36.085,-148.960,-286.685,Shake
-1.688,0.238,-0.857,-256.629,179.296,-286.685,Shake
-0.986,0.814,0.289,-286.685,286.685,-286.300,Shake
-0.758,1.819,1.836,-286.685,286.685,2.818,Shake
-0.679,1.544,1.703,-286.685,224.639,284.585,Shake
-0.580,-1.657,1.999,-156.065,27.326,286.685,Shake
-1.054,-1.999,1.809,187.766,-286.685,284.568,Shake
-1.228,-1.999,0.407,284.392,-286.685,66.071,Shake
-1.406,-1.999,-0.068,275.651,-286.685,-23.380,Shake
-1.308,-1.999,-0.857,161.630,-286.685,-221.786,Shake
-1.362,-1.926,-1.314,25.218,-224.788,-286.685,Shake
-1.261,-0.565,-0.721,-138.539,72.161,-286.685,Shake
-1.246,0.290,-0.908,-286.685,221.629,-286.230,Shake
-0.785,0.818,0.861,-286.685,286.685,-136.447,Shake
-0.290,1.411,1.947,-286.685,282.336,202.414,Shake
-0.425,0.346,1.999,-110.591,115.202,286.685,Shake
-0.852,-1.610,1.999,191.266,-218.986,286.685,Shake
-0.655,-1.999,1.659,111.668,-286.685,286.685,Shake
-1.220,-1.999,0.460,132.335,-286.685,155.811,Shake
-1.255,-1.999,-0.206,74.419,-286.685,-205.590,Shake
-1.141,-1.999,-0.621,56.018,-285.801,-286.685,Shake
-1.103,-1.852,-0.918,87.815,-153.151,-286.685,Shake
